time       n_sent     n_recv     avgRecv    avgByzRecv pByzRecv   avgByzN    pushByzN   pullByzN   sampByzN   n_isolated avgByzSamp min        max        n_fullbyz  n_fbi      cluscoeff  MPL        id_min     id_d1      id_q1      id_med     id_q3      id_d9      id_max    
0          10000      0          0.00       0.00       NaN        32.03      0.00       0.00       0.00       0          32.08      38         38         0          0          0.0503     2.4258     51         70         75         81         87         92         119       
1          46000      10000      0.00       0.00       NaN        32.03      0.00       0.00       0.00       0          32.08      38         38         0          0          0.0503     2.4238     51         70         75         81         87         92         119       
2          54000      46000      2.80       2.00       0.7141     32.03      0.00       0.00       0.00       0          32.08      38         38         0          0          0.0503     2.4196     51         70         75         81         87         92         119       
3          54000      54000      162.79     59.30      0.3643     36.75      0.13       0.21       0.12       0          45.07      38         38         0          0          0.1158     2.4113     48         69         75         82         89         96         123       
4          54000      54000      162.78     61.00      0.3747     45.29      0.29       0.35       0.25       0          52.10      29         29         0          0          0.1448     2.3707     53         74         80         88         96         104        139       
5          54000      54000      162.70     70.02      0.4304     54.04      0.37       0.40       0.31       0          55.80      63         63         0          0          0.1574     2.3354     47         75         82         89         98         106        141       
6          54000      54000      162.66     82.96      0.5100     60.72      0.43       0.45       0.34       0          60.22      63         63         0          0          0.1770     2.3618     42         73         80         88         97         105        138       
7          54000      54000      162.62     94.40      0.5805     67.01      0.48       0.52       0.36       0          65.16      66         66         0          0          0.2010     2.3860     38         70         78         86         94         102        145       
8          54000      54000      162.58     101.77     0.6260     73.64      0.55       0.58       0.40       0          69.47      84         84         0          0          0.2230     2.3917     37         68         75         83         91         99         138       
9          54000      54000      162.55     110.06     0.6771     79.35      0.61       0.63       0.42       0          73.41      94         94         0          0          0.2444     2.4654     36         65         72         80         89         96         131       
10         54000      54000      162.52     116.81     0.7188     84.52      0.65       0.67       0.45       0          77.10      103        103        0          0          0.2652     2.4569     35         62         69         77         85         93         132       
11         54000      54000      162.46     122.23     0.7524     89.09      0.69       0.71       0.47       0          80.34      103        103        0          0          0.2840     2.4678     37         60         67         75         82         90         123       
12         54000      54000      162.44     127.37     0.7841     93.24      0.73       0.75       0.50       0          83.32      103        103        0          0          0.3019     2.5184     34         58         64         72         80         88         121       
13         54000      54000      162.43     131.59     0.8102     96.68      0.76       0.77       0.51       0          85.88      101        101        0          0          0.3179     2.5512     34         56         62         70         78         85         120       
14         54000      54000      162.39     135.32     0.8333     100.00     0.79       0.80       0.53       0          88.26      104        104        0          0          0.3332     2.5679     34         54         60         68         76         83         119       
15         54000      54000      162.37     137.88     0.8492     102.66     0.81       0.82       0.55       0          90.33      104        104        0          0          0.3468     2.5576     32         52         59         66         74         82         116       
16         54000      54000      162.35     140.10     0.8629     104.88     0.83       0.83       0.56       0          92.17      107        107        0          0          0.3592     2.6116     28         51         57         65         72         80         117       
17         54000      54000      162.34     141.96     0.8744     106.93     0.84       0.85       0.57       0          93.76      107        107        0          0          0.3701     2.5956     26         49         56         63         71         78         116       
18         54000      54000      162.32     143.20     0.8822     108.50     0.85       0.85       0.58       0          95.12      108        108        0          0          0.3796     2.6252     26         49         54         62         70         77         115       
19         54000      54000      162.31     144.41     0.8898     109.70     0.86       0.86       0.59       0          96.31      108        108        0          0          0.3880     2.6451     26         48         53         61         69         76         114       
20         54000      54000      162.30     145.14     0.8943     110.88     0.87       0.87       0.60       0          97.36      109        109        0          0          0.3955     2.6271     27         47         53         60         68         75         115       
21         54000      54000      162.31     146.36     0.9017     111.93     0.87       0.87       0.61       0          98.24      110        110        0          0          0.4019     2.6391     25         46         52         59         67         74         113       
22         54000      54000      162.30     147.35     0.9079     112.78     0.87       0.88       0.61       0          99.09      110        110        0          0          0.4082     2.6445     25         45         51         58         66         73         113       
23         54000      54000      162.30     147.81     0.9108     113.50     0.88       0.88       0.62       0          99.82      110        110        0          0          0.4135     2.6437     25         45         51         58         65         72         116       
24         54000      54000      162.28     148.07     0.9124     114.16     0.89       0.88       0.62       0          100.41     110        110        0          0          0.4179     2.6484     24         44         50         57         65         72         115       
25         54000      54000      162.28     148.41     0.9145     114.66     0.89       0.88       0.63       0          100.94     108        108        0          0          0.4218     2.6376     25         44         50         57         64         71         115       
26         54000      54000      162.27     149.33     0.9203     115.20     0.89       0.89       0.63       0          101.40     108        108        0          0          0.4252     2.6581     25         43         49         56         64         71         113       
27         54000      54000      162.27     149.51     0.9214     115.50     0.89       0.89       0.63       0          101.79     108        108        0          0          0.4282     2.6709     26         43         49         56         63         71         113       
28         54000      54000      162.28     149.63     0.9220     115.81     0.90       0.89       0.64       0          102.12     109        109        0          0          0.4306     2.6835     26         43         49         56         63         70         114       
29         54000      54000      162.28     149.51     0.9213     116.03     0.89       0.89       0.64       0          102.36     109        109        0          0          0.4324     2.6687     25         42         48         55         63         70         116       
30         54000      54000      162.28     149.91     0.9238     116.17     0.89       0.89       0.64       0          102.57     109        109        0          0          0.4340     2.6641     24         42         48         55         63         70         112       
31         54000      54000      162.28     149.77     0.9229     116.19     0.89       0.89       0.64       0          102.73     109        109        0          0          0.4352     2.6738     22         42         48         55         63         70         113       
32         54000      54000      162.28     149.89     0.9236     116.23     0.89       0.88       0.64       0          102.86     110        110        0          0          0.4361     2.6742     22         42         48         55         62         70         112       
33         54000      54000      162.29     149.66     0.9222     116.18     0.89       0.88       0.64       0          102.94     111        111        0          0          0.4367     2.6587     22         42         48         55         62         70         111       
34         54000      54000      162.27     150.02     0.9245     116.17     0.88       0.88       0.64       0          102.98     111        111        0          0          0.4370     2.6628     22         42         48         55         62         70         111       
35         54000      54000      162.28     150.19     0.9255     116.22     0.88       0.88       0.64       0          103.00     111        111        0          0          0.4371     2.6725     23         42         48         55         63         70         112       
36         54000      54000      162.26     150.09     0.9250     116.17     0.88       0.88       0.64       0          103.01     111        111        0          0          0.4371     2.6711     22         42         48         55         63         70         113       
37         54000      54000      162.27     150.13     0.9252     116.10     0.88       0.88       0.64       0          103.01     111        111        0          0          0.4370     2.6606     22         42         48         55         63         70         112       
38         54000      54000      162.28     150.08     0.9249     115.95     0.88       0.88       0.64       0          102.97     111        111        0          0          0.4367     2.6776     22         42         48         55         63         70         111       
39         54000      54000      162.27     149.88     0.9236     115.81     0.88       0.87       0.64       0          102.92     111        111        0          0          0.4362     2.6806     22         42         48         55         63         70         111       
40         54000      54000      162.29     150.11     0.9249     115.70     0.88       0.87       0.64       1          102.85     111        111        0          0          0.4356     2.6612     22         42         48         55         63         70         110       
41         54000      54000      162.29     149.61     0.9219     115.60     0.88       0.87       0.64       0          102.73     111        111        0          0          0.4346     2.6638     22         42         48         55         63         71         108       
42         54000      54000      162.28     149.39     0.9206     115.33     0.88       0.87       0.64       0          102.60     111        111        0          0          0.4336     2.6584     22         42         48         55         63         71         108       
43         54000      54000      162.27     149.94     0.9240     115.03     0.87       0.86       0.64       0          102.46     111        111        0          0          0.4325     2.6721     21         42         48         55         63         71         110       
44         54000      54000      162.30     149.53     0.9213     114.82     0.87       0.86       0.64       0          102.31     111        111        0          0          0.4312     2.6460     22         42         48         56         64         71         110       
45         54000      54000      162.29     149.48     0.9211     114.65     0.86       0.86       0.64       0          102.16     111        111        0          0          0.4300     2.6434     22         42         49         56         64         71         110       
46         54000      54000      162.28     149.18     0.9193     114.40     0.86       0.86       0.64       0          101.98     111        111        0          0          0.4286     2.6610     21         42         49         56         64         72         109       
47         54000      54000      162.28     149.27     0.9198     114.16     0.86       0.85       0.64       0          101.81     111        111        0          0          0.4272     2.6564     22         42         49         56         64         72         109       
48         54000      54000      162.28     148.88     0.9174     113.87     0.85       0.85       0.64       0          101.62     111        111        0          0          0.4257     2.6493     22         42         49         56         64         72         109       
49         54000      54000      162.29     148.94     0.9177     113.50     0.85       0.85       0.63       0          101.42     110        110        0          0          0.4240     2.6491     22         43         49         57         65         72         110       
50         54000      54000      162.29     148.63     0.9159     113.28     0.85       0.85       0.63       0          101.19     110        110        0          0          0.4223     2.6576     22         43         49         57         65         73         110       
51         54000      54000      162.30     148.64     0.9159     112.91     0.85       0.84       0.63       0          100.96     110        110        0          0          0.4204     2.6636     22         43         50         57         65         73         111       
52         54000      54000      162.31     148.16     0.9129     112.50     0.84       0.84       0.63       0          100.72     110        110        0          0          0.4185     2.6573     22         43         50         57         65         73         112       
53         54000      54000      162.29     148.20     0.9132     112.17     0.84       0.83       0.63       0          100.47     110        110        0          0          0.4165     2.6390     22         43         50         57         66         74         113       
54         54000      54000      162.30     148.09     0.9124     111.89     0.84       0.83       0.63       0          100.22     110        110        0          0          0.4146     2.6582     22         43         50         58         66         74         117       
55         54000      54000      162.29     147.71     0.9102     111.58     0.84       0.83       0.63       0          99.98      110        110        0          0          0.4127     2.6427     22         44         50         58         66         75         119       
56         54000      54000      162.31     147.60     0.9094     111.29     0.83       0.82       0.63       0          99.72      110        110        0          0          0.4107     2.6435     22         44         50         58         67         75         117       
57         54000      54000      162.32     147.67     0.9098     110.87     0.82       0.82       0.62       0          99.45      110        110        0          0          0.4086     2.6501     23         44         51         58         67         75         118       
58         54000      54000      162.31     146.49     0.9025     110.48     0.83       0.82       0.62       0          99.16      110        110        0          0          0.4063     2.6397     23         44         51         59         67         75         119       
59         54000      54000      162.31     146.73     0.9041     109.90     0.82       0.81       0.62       0          98.86      110        110        0          0          0.4040     2.6206     23         44         51         59         68         76         120       
60         54000      54000      162.31     146.69     0.9037     109.40     0.81       0.81       0.62       0          98.56      110        110        0          0          0.4016     2.6277     23         45         51         59         68         76         120       
61         54000      54000      162.31     145.97     0.8994     108.97     0.81       0.80       0.62       0          98.25      110        110        0          0          0.3993     2.6279     23         45         52         60         68         77         121       
62         54000      54000      162.31     145.85     0.8986     108.51     0.80       0.80       0.61       0          97.96      110        110        0          0          0.3970     2.6176     23         45         52         60         69         77         121       
63         54000      54000      162.32     145.64     0.8973     108.13     0.80       0.79       0.61       0          97.64      109        109        0          0          0.3946     2.6379     23         45         52         60         69         78         120       
64         54000      54000      162.32     144.93     0.8928     107.74     0.80       0.79       0.61       0          97.31      109        109        0          0          0.3920     2.6279     23         45         52         61         70         78         121       
65         54000      54000      162.35     144.93     0.8927     107.18     0.79       0.78       0.61       0          96.96      108        108        0          0          0.3893     2.6198     23         46         53         61         70         79         124       
66         54000      54000      162.32     145.16     0.8943     106.70     0.78       0.78       0.61       0          96.63      108        108        0          0          0.3868     2.5903     23         46         53         61         70         79         122       
67         54000      54000      162.33     144.46     0.8899     106.35     0.79       0.77       0.61       0          96.29      108        108        0          0          0.3843     2.6374     23         46         53         62         71         79         122       
68         54000      54000      162.33     144.47     0.8900     105.91     0.78       0.77       0.60       0          95.96      108        108        0          0          0.3818     2.6144     23         46         54         62         71         80         123       
69         54000      54000      162.34     144.51     0.8901     105.37     0.78       0.77       0.60       0          95.61      108        108        0          0          0.3793     2.6055     22         47         54         62         71         80         124       
70         54000      54000      162.34     143.51     0.8840     104.93     0.77       0.76       0.60       0          95.27      108        108        0          0          0.3766     2.6004     23         47         54         62         72         81         125       
71         54000      54000      162.35     142.74     0.8792     104.37     0.77       0.76       0.60       0          94.90      108        108        0          0          0.3739     2.6118     23         47         54         63         72         81         126       
72         54000      54000      162.36     143.51     0.8839     103.79     0.76       0.75       0.59       0          94.54      108        108        0          0          0.3712     2.5974     22         47         55         63         73         82         127       
73         54000      54000      162.35     142.34     0.8767     103.36     0.76       0.75       0.59       0          94.18      107        107        0          0          0.3686     2.6000     23         48         55         64         73         82         127       
74         54000      54000      162.36     141.92     0.8741     102.82     0.75       0.74       0.59       0          93.81      105        105        0          0          0.3658     2.5747     23         48         55         64         74         83         130       
75         54000      54000      162.36     142.12     0.8754     102.15     0.75       0.73       0.59       0          93.42      105        105        0          0          0.3630     2.5973     23         48         56         64         74         83         131       
76         54000      54000      162.35     141.44     0.8712     101.63     0.74       0.73       0.58       0          93.05      104        104        0          0          0.3603     2.5698     23         48         56         65         75         84         133       
77         54000      54000      162.36     141.20     0.8697     101.20     0.73       0.72       0.58       0          92.68      104        104        0          0          0.3575     2.5904     23         49         56         65         75         84         134       
78         54000      54000      162.37     140.69     0.8664     100.63     0.73       0.72       0.58       0          92.28      104        104        0          0          0.3546     2.5616     23         49         56         65         76         85         133       
79         54000      54000      162.37     140.52     0.8654     100.09     0.72       0.71       0.58       0          91.90      104        104        0          0          0.3518     2.5654     23         49         57         66         76         85         134       
80         54000      54000      162.39     140.01     0.8622     99.49      0.71       0.71       0.57       0          91.50      103        103        0          0          0.3490     2.5500     23         50         57         66         76         86         135       
81         54000      54000      162.38     139.01     0.8561     98.98      0.71       0.70       0.57       0          91.09      103        103        0          0          0.3460     2.5625     22         50         57         67         77         86         135       
82         54000      54000      162.37     138.67     0.8540     98.38      0.71       0.70       0.57       0          90.69      103        103        0          0          0.3431     2.5575     23         50         58         67         77         87         137       
83         54000      54000      162.39     138.42     0.8524     97.61      0.70       0.69       0.57       0          90.27      103        103        0          0          0.3401     2.5829     24         50         58         67         78         87         138       
84         54000      54000      162.40     138.29     0.8516     97.04      0.70       0.68       0.56       0          89.86      103        103        0          0          0.3373     2.5352     22         51         58         68         78         88         138       
85         54000      54000      162.39     137.26     0.8452     96.50      0.70       0.68       0.56       0          89.45      103        103        0          0          0.3344     2.5509     21         51         59         68         79         89         138       
86         54000      54000      162.40     136.91     0.8431     95.87      0.68       0.67       0.56       0          89.02      103        103        0          0          0.3313     2.5700     21         51         59         69         79         89         137       
87         54000      54000      162.40     136.43     0.8401     95.15      0.67       0.66       0.56       0          88.61      101        101        0          0          0.3284     2.5458     22         51         59         69         80         89         135       
88         54000      54000      162.39     136.29     0.8393     94.56      0.67       0.66       0.55       0          88.18      101        101        0          0          0.3255     2.5417     22         52         60         69         80         90         135       
89         54000      54000      162.39     135.20     0.8326     93.91      0.66       0.65       0.55       0          87.76      101        101        0          0          0.3225     2.5373     23         52         60         70         81         91         133       
90         54000      54000      162.41     135.68     0.8354     93.35      0.66       0.65       0.55       0          87.33      101        101        0          0          0.3195     2.5137     23         52         60         70         81         91         135       
91         54000      54000      162.41     134.76     0.8298     92.87      0.66       0.64       0.55       0          86.89      101        101        0          0          0.3165     2.5085     24         52         61         71         82         92         136       
92         54000      54000      162.43     134.20     0.8262     92.16      0.64       0.64       0.54       0          86.47      99         99         0          0          0.3136     2.4998     24         53         61         71         82         92         139       
93         54000      54000      162.41     134.14     0.8260     91.66      0.65       0.63       0.54       0          86.04      99         99         0          0          0.3107     2.5210     24         53         62         72         82         93         139       
94         54000      54000      162.43     133.98     0.8249     91.15      0.64       0.63       0.54       0          85.61      99         99         0          0          0.3078     2.5146     24         53         62         72         83         93         140       
95         54000      54000      162.43     133.31     0.8208     90.68      0.63       0.62       0.54       0          85.18      98         98         0          0          0.3048     2.4937     24         54         62         73         83         94         138       
96         54000      54000      162.43     132.22     0.8140     90.06      0.63       0.62       0.53       0          84.73      96         96         0          0          0.3018     2.4808     25         54         63         73         84         94         141       
97         54000      54000      162.45     131.85     0.8117     89.39      0.62       0.61       0.53       0          84.28      96         96         0          0          0.2988     2.4863     25         54         63         74         85         95         144       
98         54000      54000      162.46     130.94     0.8060     88.67      0.62       0.60       0.53       0          83.82      96         96         0          0          0.2957     2.4915     25         55         64         74         85         96         144       
99         54000      54000      162.44     130.82     0.8053     87.95      0.61       0.60       0.52       0          83.36      93         93         0          0          0.2926     2.4866     25         55         64         75         86         96         145       
100        54000      54000      162.46     130.00     0.8002     87.27      0.60       0.59       0.52       0          82.91      93         93         0          0          0.2896     2.4971     27         55         64         75         86         97         146       
101        54000      54000      162.46     129.53     0.7973     86.74      0.60       0.58       0.52       0          82.47      93         93         0          0          0.2867     2.4758     27         56         65         75         87         98         146       
102        54000      54000      162.46     129.31     0.7960     86.05      0.59       0.58       0.52       0          82.02      93         93         0          0          0.2837     2.4586     27         56         65         76         87         98         143       
103        54000      54000      162.46     128.82     0.7929     85.43      0.59       0.57       0.51       0          81.57      93         93         0          0          0.2808     2.4623     28         57         65         76         88         99         145       
104        54000      54000      162.46     127.45     0.7845     84.96      0.59       0.57       0.51       0          81.12      92         92         0          0          0.2779     2.4841     27         57         66         77         88         99         144       
105        54000      54000      162.48     126.60     0.7792     84.14      0.58       0.56       0.51       0          80.66      92         92         0          0          0.2749     2.4593     27         57         66         77         89         100        145       
106        54000      54000      162.48     127.23     0.7830     83.49      0.57       0.55       0.50       0          80.20      87         87         0          0          0.2720     2.4659     27         57         67         78         89         101        147       
107        54000      54000      162.48     125.89     0.7748     82.97      0.56       0.55       0.50       0          79.76      86         86         0          0          0.2691     2.4581     27         58         67         78         90         101        146       
108        54000      54000      162.49     125.34     0.7714     82.19      0.55       0.54       0.50       0          79.30      86         86         0          0          0.2662     2.4467     27         58         67         78         90         102        145       
109        54000      54000      162.49     124.84     0.7683     81.60      0.55       0.53       0.50       0          78.84      82         82         0          0          0.2633     2.4728     27         58         68         79         91         102        145       
110        54000      54000      162.48     124.05     0.7635     80.88      0.54       0.53       0.49       0          78.36      82         82         0          0          0.2603     2.4510     27         59         68         79         91         103        147       
111        54000      54000      162.49     123.15     0.7579     80.22      0.54       0.52       0.49       0          77.88      80         80         0          0          0.2572     2.4405     26         59         68         80         92         104        146       
112        54000      54000      162.49     122.30     0.7527     79.61      0.53       0.51       0.49       0          77.41      77         77         0          0          0.2543     2.4482     27         59         69         80         92         104        148       
113        54000      54000      162.52     121.89     0.7500     78.89      0.53       0.51       0.48       0          76.93      75         75         0          0          0.2513     2.4144     27         60         69         81         93         105        150       
114        54000      54000      162.50     121.61     0.7483     78.31      0.51       0.50       0.48       0          76.47      74         74         0          0          0.2485     2.4265     27         60         70         81         94         105        153       
115        54000      54000      162.51     120.80     0.7433     77.59      0.51       0.50       0.48       0          76.00      74         74         0          0          0.2456     2.4212     27         60         70         82         94         106        156       
116        54000      54000      162.52     120.42     0.7410     77.06      0.50       0.49       0.48       0          75.53      74         74         0          0          0.2427     2.4154     27         61         70         82         95         106        158       
117        54000      54000      162.52     119.17     0.7333     76.55      0.50       0.49       0.47       0          75.06      73         73         0          0          0.2399     2.4164     29         61         71         83         95         107        162       
118        54000      54000      162.53     119.35     0.7344     75.90      0.50       0.48       0.47       0          74.59      73         73         0          0          0.2371     2.4047     31         61         71         83         96         107        161       
119        54000      54000      162.53     117.72     0.7243     75.19      0.49       0.47       0.47       0          74.13      73         73         0          0          0.2343     2.4096     31         62         72         83         96         108        162       
120        54000      54000      162.53     117.56     0.7233     74.59      0.49       0.47       0.46       0          73.66      73         73         0          0          0.2315     2.3827     31         62         72         84         97         108        164       
121        54000      54000      162.53     116.64     0.7176     74.08      0.48       0.46       0.46       0          73.20      73         73         0          0          0.2288     2.3911     32         62         73         85         97         109        163       
122        54000      54000      162.53     116.11     0.7144     73.56      0.47       0.46       0.46       0          72.75      73         73         0          0          0.2261     2.3803     32         63         73         85         98         110        163       
123        54000      54000      162.55     114.80     0.7063     72.75      0.47       0.45       0.46       0          72.28      70         70         0          0          0.2233     2.3867     32         63         73         86         98         110        164       
124        54000      54000      162.55     114.71     0.7057     72.11      0.46       0.45       0.45       0          71.82      70         70         0          0          0.2207     2.3883     32         63         74         86         99         111        166       
125        54000      54000      162.54     115.31     0.7094     71.60      0.46       0.44       0.45       0          71.35      70         70         0          0          0.2180     2.3860     32         64         74         86         99         111        165       
126        54000      54000      162.56     113.47     0.6980     71.08      0.45       0.44       0.45       0          70.91      69         69         0          0          0.2155     2.3785     32         64         75         87         100        112        166       
127        54000      54000      162.57     112.94     0.6947     70.64      0.45       0.43       0.44       0          70.45      68         68         0          0          0.2129     2.3788     31         64         75         88         100        112        163       
128        54000      54000      162.56     113.27     0.6968     69.98      0.44       0.43       0.44       0          70.01      68         68         0          0          0.2104     2.3599     31         65         75         88         101        113        166       
129        54000      54000      162.56     111.93     0.6886     69.46      0.44       0.42       0.44       0          69.57      68         68         0          0          0.2079     2.3651     32         65         76         88         101        113        168       
130        54000      54000      162.56     110.94     0.6825     68.89      0.44       0.42       0.44       0          69.13      67         67         0          0          0.2055     2.3655     33         65         76         89         102        114        166       
131        54000      54000      162.56     111.03     0.6830     68.40      0.43       0.42       0.43       0          68.67      67         67         0          0          0.2029     2.3516     32         66         76         89         102        114        168       
132        54000      54000      162.57     109.61     0.6742     67.93      0.43       0.41       0.43       0          68.24      67         67         0          0          0.2005     2.3562     32         66         77         89         103        115        169       
133        54000      54000      162.58     109.89     0.6759     67.32      0.42       0.41       0.43       0          67.80      67         67         0          0          0.1981     2.3532     31         66         77         90         103        116        168       
134        54000      54000      162.57     108.79     0.6692     66.87      0.42       0.40       0.42       0          67.38      67         67         0          0          0.1958     2.3437     31         67         78         90         104        116        168       
135        54000      54000      162.58     108.08     0.6648     66.25      0.42       0.40       0.42       0          66.93      67         67         0          0          0.1933     2.3533     31         67         78         91         104        117        169       
136        54000      54000      162.59     107.01     0.6582     65.60      0.41       0.39       0.42       0          66.50      67         67         0          0          0.1910     2.3498     30         67         79         91         105        117        171       
137        54000      54000      162.60     107.29     0.6599     65.05      0.40       0.39       0.42       0          66.06      67         67         0          0          0.1886     2.3329     31         68         79         92         105        118        172       
138        54000      54000      162.59     105.15     0.6467     64.56      0.40       0.38       0.41       0          65.64      67         67         0          0          0.1864     2.3190     31         68         79         92         106        118        172       
139        54000      54000      162.59     105.26     0.6474     64.03      0.39       0.38       0.41       0          65.20      66         66         0          0          0.1841     2.3293     31         68         80         93         106        119        171       
140        54000      54000      162.61     104.81     0.6446     63.59      0.39       0.37       0.41       0          64.79      66         66         0          0          0.1819     2.3304     31         69         80         93         107        119        170       
141        54000      54000      162.59     103.80     0.6384     62.84      0.39       0.37       0.41       0          64.37      66         66         0          0          0.1797     2.3150     31         69         80         94         107        120        171       
142        54000      54000      162.61     104.33     0.6416     62.34      0.39       0.36       0.40       0          63.97      66         66         0          0          0.1776     2.3174     31         70         81         94         108        120        173       
143        54000      54000      162.62     101.99     0.6272     61.93      0.38       0.36       0.40       0          63.56      66         66         0          0          0.1755     2.3090     31         70         81         94         108        121        173       
144        54000      54000      162.61     102.06     0.6276     61.53      0.38       0.36       0.40       0          63.15      65         65         0          0          0.1734     2.3193     31         70         82         95         108        121        174       
145        54000      54000      162.61     101.01     0.6212     60.93      0.37       0.35       0.40       0          62.74      63         63         0          0          0.1713     2.3088     31         71         82         95         109        122        176       
146        54000      54000      162.63     101.59     0.6247     60.38      0.37       0.35       0.39       0          62.35      63         63         0          0          0.1693     2.3059     32         71         82         96         109        122        179       
147        54000      54000      162.62     101.01     0.6212     60.08      0.37       0.35       0.39       0          61.97      63         63         0          0          0.1674     2.2930     33         71         83         96         110        123        179       
148        54000      54000      162.63     99.87      0.6141     59.80      0.36       0.35       0.39       0          61.58      62         62         0          0          0.1655     2.3059     33         72         83         96         110        123        179       
149        54000      54000      162.64     99.36      0.6109     59.38      0.36       0.34       0.39       0          61.19      60         60         0          0          0.1635     2.3087     33         72         83         97         111        124        183       
150        54000      54000      162.63     99.73      0.6132     58.85      0.35       0.34       0.38       0          60.82      60         60         0          0          0.1617     2.2932     33         72         84         97         111        124        183       
151        54000      54000      162.63     97.70      0.6007     58.38      0.35       0.33       0.38       0          60.43      60         60         0          0          0.1598     2.2990     34         73         84         98         111        125        186       
152        54000      54000      162.62     97.02      0.5966     57.76      0.35       0.33       0.38       0          60.05      60         60         0          0          0.1580     2.2793     33         73         84         98         112        125        187       
153        54000      54000      162.63     97.69      0.6007     57.24      0.35       0.32       0.38       0          59.68      58         58         0          0          0.1561     2.2871     34         73         85         98         112        125        188       
154        54000      54000      162.65     96.78      0.5950     56.92      0.33       0.32       0.37       0          59.31      57         57         0          0          0.1543     2.2802     34         73         85         99         112        126        185       
155        54000      54000      162.65     96.28      0.5919     56.65      0.34       0.32       0.37       0          58.96      56         56         0          0          0.1527     2.2791     34         74         85         99         113        126        184       
156        54000      54000      162.65     94.89      0.5834     56.22      0.33       0.32       0.37       0          58.60      55         55         0          0          0.1510     2.2760     34         74         86         100        113        126        186       
157        54000      54000      162.64     95.65      0.5881     55.81      0.33       0.31       0.37       0          58.24      55         55         0          0          0.1492     2.2761     34         74         86         100        114        127        184       
158        54000      54000      162.66     94.74      0.5825     55.54      0.33       0.31       0.36       0          57.90      55         55         0          0          0.1476     2.2611     34         75         86         100        114        127        184       
159        54000      54000      162.63     93.72      0.5763     55.16      0.33       0.31       0.36       0          57.55      55         55         0          0          0.1460     2.2780     34         75         87         101        114        128        182       
160        54000      54000      162.66     93.36      0.5739     54.65      0.32       0.31       0.36       0          57.22      53         53         0          0          0.1444     2.2705     34         75         87         101        115        128        185       
161        54000      54000      162.66     93.12      0.5725     54.37      0.32       0.30       0.36       0          56.88      53         53         0          0          0.1429     2.2753     34         76         88         101        115        128        184       
162        54000      54000      162.68     91.45      0.5622     53.90      0.32       0.30       0.36       0          56.54      53         53         0          0          0.1413     2.2681     33         76         88         102        115        128        186       
163        54000      54000      162.66     92.57      0.5691     53.45      0.32       0.30       0.35       0          56.20      53         53         0          0          0.1398     2.2481     34         76         88         102        116        129        188       
164        54000      54000      162.67     91.48      0.5624     53.22      0.31       0.30       0.35       0          55.88      53         53         0          0          0.1383     2.2490     34         77         89         102        116        129        190       
165        54000      54000      162.67     90.93      0.5590     52.83      0.30       0.29       0.35       0          55.55      53         53         0          0          0.1368     2.2527     34         77         89         103        116        129        190       
166        54000      54000      162.67     90.72      0.5577     52.47      0.31       0.29       0.35       0          55.23      52         52         0          0          0.1354     2.2575     34         77         89         103        117        130        189       
167        54000      54000      162.65     90.79      0.5582     52.18      0.31       0.29       0.35       0          54.92      50         50         0          0          0.1340     2.2594     35         77         90         103        117        130        190       
168        54000      54000      162.68     90.79      0.5581     51.97      0.30       0.29       0.34       0          54.63      50         50         0          0          0.1327     2.2564     35         78         90         104        117        130        191       
169        54000      54000      162.68     88.84      0.5461     51.72      0.30       0.29       0.34       0          54.32      50         50         0          0          0.1314     2.2499     34         78         90         104        118        131        193       
170        54000      54000      162.68     89.18      0.5482     51.26      0.30       0.28       0.34       0          54.03      50         50         0          0          0.1301     2.2482     34         78         90         104        118        131        193       
171        54000      54000      162.68     89.27      0.5488     50.99      0.30       0.28       0.34       0          53.73      49         49         0          0          0.1288     2.2393     34         78         91         105        119        131        194       
172        54000      54000      162.67     88.72      0.5454     50.70      0.29       0.28       0.34       0          53.43      49         49         0          0          0.1275     2.2335     34         79         91         105        119        131        197       
173        54000      54000      162.67     87.39      0.5372     50.38      0.29       0.28       0.33       0          53.15      49         49         0          0          0.1263     2.2403     33         79         91         105        119        132        197       
174        54000      54000      162.70     87.35      0.5368     50.04      0.29       0.27       0.33       0          52.86      49         49         0          0          0.1251     2.2436     33         79         92         106        119        132        195       
175        54000      54000      162.69     86.26      0.5302     49.64      0.29       0.27       0.33       0          52.58      48         48         0          0          0.1239     2.2275     33         80         92         106        120        132        200       
176        54000      54000      162.69     85.86      0.5277     49.24      0.28       0.27       0.33       0          52.31      48         48         0          0          0.1227     2.2332     33         80         92         106        120        132        203       
177        54000      54000      162.70     85.28      0.5241     48.89      0.28       0.26       0.33       0          52.05      48         48         0          0          0.1216     2.2385     33         80         93         107        120        133        203       
178        54000      54000      162.69     85.35      0.5246     48.60      0.27       0.26       0.33       0          51.77      48         48         0          0          0.1205     2.2377     33         81         93         107        120        133        203       
179        54000      54000      162.70     84.61      0.5200     48.38      0.28       0.26       0.32       0          51.50      48         48         0          0          0.1193     2.2354     34         81         93         107        121        133        202       
180        54000      54000      162.69     84.14      0.5172     48.08      0.27       0.26       0.32       0          51.23      48         48         0          0          0.1182     2.2223     34         81         93         107        121        133        201       
181        54000      54000      162.70     84.60      0.5199     47.84      0.28       0.26       0.32       0          50.97      48         48         0          0          0.1171     2.2252     32         81         94         108        121        134        203       
182        54000      54000      162.71     83.95      0.5160     47.60      0.28       0.26       0.32       0          50.71      48         48         0          0          0.1161     2.2205     33         81         94         108        122        134        203       
183        54000      54000      162.72     84.17      0.5173     47.45      0.27       0.26       0.32       0          50.47      48         48         0          0          0.1151     2.2294     35         82         94         108        122        134        203       
184        54000      54000      162.70     83.37      0.5124     47.24      0.27       0.26       0.32       0          50.22      48         48         0          0          0.1141     2.2066     35         82         95         109        122        134        201       
185        54000      54000      162.72     82.30      0.5058     46.94      0.27       0.25       0.31       0          49.98      48         48         0          0          0.1131     2.2202     35         82         95         109        122        134        202       
186        54000      54000      162.72     83.59      0.5137     46.74      0.27       0.25       0.31       0          49.74      47         47         0          0          0.1121     2.2180     34         83         95         109        123        135        201       
187        54000      54000      162.69     81.83      0.5030     46.52      0.27       0.25       0.31       0          49.51      47         47         0          0          0.1112     2.2230     35         83         95         109        123        135        199       
188        54000      54000      162.70     81.64      0.5018     46.23      0.27       0.25       0.31       0          49.27      47         47         0          0          0.1102     2.2156     34         83         96         110        123        135        196       
189        54000      54000      162.71     80.92      0.4973     45.93      0.26       0.25       0.31       0          49.04      47         47         0          0          0.1094     2.2105     33         83         96         110        123        135        196       
190        54000      54000      162.72     80.27      0.4933     45.70      0.26       0.25       0.31       0          48.82      47         47         0          0          0.1085     2.2036     34         84         96         110        123        135        196       
191        54000      54000      162.71     80.65      0.4957     45.40      0.25       0.24       0.31       0          48.59      47         47         0          0          0.1076     2.2153     34         84         96         110        124        136        195       
192        54000      54000      162.71     79.45      0.4883     45.17      0.25       0.24       0.30       0          48.37      46         46         0          0          0.1067     2.2076     34         84         97         110        124        136        197       
193        54000      54000      162.73     79.86      0.4908     44.90      0.26       0.24       0.30       0          48.15      46         46         0          0          0.1059     2.2171     34         85         97         111        124        136        196       
194        54000      54000      162.73     79.11      0.4861     44.68      0.25       0.24       0.30       0          47.93      46         46         0          0          0.1050     2.2086     33         85         97         111        124        136        198       
195        54000      54000      162.72     78.61      0.4831     44.38      0.25       0.23       0.30       0          47.73      45         45         0          0          0.1043     2.2030     35         85         97         111        125        136        196       
196        54000      54000      162.73     77.53      0.4764     44.13      0.24       0.23       0.30       0          47.51      45         45         0          0          0.1034     2.2037     34         85         98         111        125        137        196       
197        54000      54000      162.74     78.55      0.4827     43.92      0.25       0.23       0.30       0          47.30      45         45         0          0          0.1026     2.1978     34         85         98         112        125        137        194       
198        54000      54000      162.73     79.25      0.4870     43.82      0.25       0.23       0.30       0          47.09      45         45         0          0          0.1018     2.2009     34         86         98         112        125        137        196       
199        54000      54000      162.74     77.13      0.4740     43.75      0.25       0.23       0.29       0          46.88      45         45         0          0          0.1010     2.2014     34         86         98         112        125        137        196       
200        54000      54000      162.72     78.94      0.4851     43.53      0.25       0.23       0.29       0          46.69      45         45         0          0          0.1003     2.1896     35         86         98         112        126        138        197       
201        54000      54000      162.74     77.28      0.4749     43.29      0.24       0.23       0.29       0          46.50      45         45         0          0          0.0996     2.1978     35         86         99         112        126        138        196       
202        54000      54000      162.72     77.49      0.4762     43.29      0.24       0.23       0.29       0          46.31      45         45         0          0          0.0989     2.1942     34         87         99         113        126        138        196       
203        54000      54000      162.72     77.86      0.4785     43.07      0.25       0.23       0.29       0          46.13      45         45         0          0          0.0982     2.1911     35         87         99         113        126        138        195       
204        54000      54000      162.73     78.11      0.4800     43.01      0.24       0.23       0.29       0          45.94      45         45         0          0          0.0975     2.1923     35         87         99         113        126        138        194       
205        54000      54000      162.75     75.96      0.4667     42.91      0.24       0.23       0.29       0          45.76      45         45         0          0          0.0969     2.1959     36         87         100        113        126        138        192       
206        54000      54000      162.73     76.42      0.4696     42.54      0.24       0.23       0.29       0          45.58      45         45         0          0          0.0962     2.1875     36         87         100        113        126        138        193       
207        54000      54000      162.74     76.57      0.4705     42.29      0.24       0.22       0.29       0          45.40      45         45         0          0          0.0955     2.1880     35         88         100        114        127        138        194       
208        54000      54000      162.74     75.90      0.4664     42.19      0.24       0.22       0.28       0          45.23      45         45         0          0          0.0949     2.1818     35         88         100        114        127        138        194       
209        54000      54000      162.74     76.63      0.4709     41.98      0.23       0.22       0.28       0          45.06      45         45         0          0          0.0943     2.1834     36         88         101        114        127        139        194       
210        54000      54000      162.74     74.79      0.4596     41.77      0.23       0.22       0.28       0          44.89      45         45         0          0          0.0937     2.1884     36         89         101        114        127        139        194       
211        54000      54000      162.75     74.17      0.4558     41.55      0.23       0.22       0.28       0          44.72      45         45         0          0          0.0931     2.1788     35         89         101        114        127        139        194       
212        54000      54000      162.74     75.15      0.4618     41.30      0.24       0.22       0.28       0          44.56      45         45         0          0          0.0925     2.1942     35         89         101        114        127        139        194       
213        54000      54000      162.75     74.83      0.4598     41.31      0.23       0.22       0.28       0          44.39      43         43         0          0          0.0919     2.1873     34         89         101        115        128        139        194       
214        54000      54000      162.74     73.55      0.4520     41.17      0.23       0.22       0.28       0          44.23      43         43         0          0          0.0914     2.1803     34         90         102        115        128        139        194       
215        54000      54000      162.76     72.99      0.4485     40.83      0.23       0.21       0.28       0          44.07      43         43         0          0          0.0908     2.1785     34         90         102        115        128        139        195       
216        54000      54000      162.75     73.60      0.4522     40.70      0.23       0.21       0.28       0          43.92      43         43         0          0          0.0903     2.1725     33         90         102        115        128        139        195       
217        54000      54000      162.74     73.11      0.4493     40.57      0.23       0.21       0.27       0          43.77      43         43         0          0          0.0897     2.1769     33         90         102        115        128        140        195       
218        54000      54000      162.75     73.03      0.4488     40.37      0.22       0.21       0.27       0          43.61      43         43         0          0          0.0892     2.1839     34         90         102        115        128        140        195       
219        54000      54000      162.75     73.05      0.4488     40.32      0.22       0.21       0.27       0          43.47      43         43         0          0          0.0887     2.1783     34         91         102        115        129        140        194       
220        54000      54000      162.75     72.97      0.4484     40.15      0.22       0.21       0.27       0          43.32      43         43         0          0          0.0882     2.1722     34         91         103        116        129        140        194       
221        54000      54000      162.75     72.95      0.4483     40.02      0.22       0.21       0.27       0          43.17      42         42         0          0          0.0877     2.1801     34         91         103        116        129        140        193       
222        54000      54000      162.75     73.05      0.4488     40.00      0.22       0.21       0.27       0          43.02      42         42         0          0          0.0871     2.1711     34         91         103        116        129        140        193       
223        54000      54000      162.75     72.47      0.4453     39.91      0.23       0.21       0.27       0          42.88      42         42         0          0          0.0867     2.1740     35         91         103        116        129        140        193       
224        54000      54000      162.75     71.41      0.4388     39.68      0.22       0.21       0.27       0          42.74      42         42         0          0          0.0862     2.1753     35         91         103        116        129        141        193       
225        54000      54000      162.76     70.91      0.4357     39.42      0.22       0.21       0.27       0          42.61      40         40         0          0          0.0857     2.1667     34         92         104        116        129        141        194       
226        54000      54000      162.76     71.35      0.4384     39.24      0.22       0.20       0.27       0          42.47      40         40         0          0          0.0853     2.1666     33         92         104        116        129        141        194       
227        54000      54000      162.76     71.76      0.4409     39.20      0.21       0.21       0.27       0          42.33      40         40         0          0          0.0848     2.1719     33         92         104        117        129        141        193       
228        54000      54000      162.76     71.57      0.4397     39.12      0.21       0.21       0.27       0          42.21      40         40         0          0          0.0844     2.1652     34         92         104        117        129        141        192       
229        54000      54000      162.74     70.77      0.4348     38.97      0.22       0.21       0.26       0          42.08      40         40         0          0          0.0839     2.1607     34         93         104        117        130        141        193       
230        54000      54000      162.76     70.46      0.4329     38.91      0.22       0.20       0.26       0          41.95      40         40         0          0          0.0835     2.1711     34         93         104        117        130        141        193       
231        54000      54000      162.75     70.18      0.4312     38.72      0.22       0.20       0.26       0          41.83      40         40         0          0          0.0831     2.1725     34         93         105        117        130        141        194       
232        54000      54000      162.75     70.25      0.4317     38.58      0.22       0.20       0.26       0          41.69      40         40         0          0          0.0827     2.1617     34         93         105        117        130        141        193       
233        54000      54000      162.77     69.23      0.4254     38.45      0.22       0.20       0.26       0          41.56      40         40         0          0          0.0822     2.1673     34         93         105        117        130        141        192       
234        54000      54000      162.74     69.14      0.4248     38.19      0.21       0.20       0.26       0          41.44      40         40         0          0          0.0818     2.1644     36         93         105        118        130        141        192       
235        54000      54000      162.75     70.21      0.4314     38.13      0.21       0.20       0.26       0          41.32      40         40         0          0          0.0814     2.1650     36         93         105        118        130        141        193       
236        54000      54000      162.75     68.65      0.4218     37.98      0.21       0.20       0.26       0          41.20      40         40         0          0          0.0810     2.1628     37         94         106        118        130        141        194       
237        54000      54000      162.76     69.02      0.4240     37.90      0.21       0.20       0.26       0          41.09      40         40         0          0          0.0806     2.1642     38         94         106        118        130        141        194       
238        54000      54000      162.75     67.68      0.4159     37.77      0.21       0.20       0.26       0          40.97      40         40         0          0          0.0803     2.1644     38         94         106        118        130        142        194       
239        54000      54000      162.76     70.20      0.4313     37.72      0.21       0.20       0.26       0          40.86      40         40         0          0          0.0799     2.1629     39         94         106        118        131        142        194       
240        54000      54000      162.77     68.90      0.4233     37.60      0.21       0.20       0.26       0          40.75      40         40         0          0          0.0795     2.1621     39         94         106        118        131        142        191       
241        54000      54000      162.77     68.21      0.4190     37.56      0.21       0.20       0.25       0          40.64      39         39         0          0          0.0792     2.1581     41         94         106        119        131        142        192       
242        54000      54000      162.76     69.58      0.4275     37.37      0.21       0.19       0.25       0          40.53      39         39         0          0          0.0788     2.1560     42         94         106        119        131        142        192       
243        54000      54000      162.77     68.40      0.4202     37.36      0.21       0.20       0.25       0          40.43      38         38         0          0          0.0785     2.1548     42         95         106        119        131        142        192       
244        54000      54000      162.77     68.65      0.4217     37.30      0.21       0.20       0.25       0          40.33      38         38         0          0          0.0782     2.1541     41         95         106        119        131        142        192       
245        54000      54000      162.77     68.83      0.4229     37.26      0.21       0.20       0.25       0          40.23      38         38         0          0          0.0779     2.1562     41         95         107        119        131        142        192       
246        54000      54000      162.77     68.03      0.4180     37.17      0.21       0.20       0.25       0          40.13      38         38         0          0          0.0775     2.1594     41         95         107        119        131        142        193       
247        54000      54000      162.77     67.17      0.4127     36.94      0.21       0.19       0.25       0          40.03      38         38         0          0          0.0772     2.1586     40         95         107        119        131        142        193       
248        54000      54000      162.77     67.58      0.4152     36.88      0.21       0.19       0.25       0          39.92      38         38         0          0          0.0769     2.1572     40         95         107        119        131        142        191       
249        54000      54000      162.77     68.06      0.4181     36.71      0.20       0.19       0.25       0          39.82      38         38         0          0          0.0766     2.1555     39         96         107        119        131        142        191       
250        54000      54000      162.77     67.16      0.4126     36.67      0.20       0.19       0.25       0          39.72      38         38         0          0          0.0762     2.1515     38         96         107        120        131        142        189       
251        54000      54000      162.78     65.72      0.4037     36.59      0.21       0.19       0.25       0          39.62      38         38         0          0          0.0759     2.1561     40         96         107        120        131        142        189       
252        54000      54000      162.78     67.26      0.4132     36.47      0.20       0.19       0.25       0          39.53      38         38         0          0          0.0756     2.1522     40         96         108        120        132        142        188       
253        54000      54000      162.76     67.05      0.4120     36.38      0.20       0.19       0.25       0          39.44      38         38         0          0          0.0753     2.1509     40         96         108        120        132        142        186       
254        54000      54000      162.77     66.19      0.4067     36.34      0.20       0.19       0.25       0          39.34      38         38         0          0          0.0750     2.1534     40         97         108        120        132        142        186       
255        54000      54000      162.77     67.07      0.4120     36.11      0.20       0.19       0.25       0          39.25      38         38         0          0          0.0748     2.1501     40         97         108        120        132        142        187       
256        54000      54000      162.77     66.28      0.4072     36.09      0.20       0.19       0.24       0          39.16      38         38         0          0          0.0745     2.1559     41         97         108        120        132        142        186       
257        54000      54000      162.78     66.52      0.4086     36.08      0.20       0.19       0.25       0          39.08      38         38         0          0          0.0742     2.1539     41         97         108        120        132        142        186       
258        54000      54000      162.77     66.85      0.4107     36.03      0.20       0.19       0.24       0          38.99      38         38         0          0          0.0739     2.1457     41         97         108        120        132        142        186       
259        54000      54000      162.76     65.97      0.4053     35.95      0.20       0.19       0.24       0          38.91      38         38         0          0          0.0737     2.1540     40         97         108        120        132        142        186       
260        54000      54000      162.77     65.93      0.4051     35.92      0.20       0.19       0.24       0          38.82      38         38         0          0          0.0734     2.1507     40         98         109        120        132        142        186       
261        54000      54000      162.77     65.64      0.4033     35.72      0.20       0.19       0.24       0          38.73      38         38         0          0          0.0731     2.1476     40         98         109        121        132        142        186       
262        54000      54000      162.78     64.95      0.3990     35.60      0.20       0.19       0.24       0          38.65      38         38         0          0          0.0729     2.1503     40         98         109        121        132        142        185       
263        54000      54000      162.78     65.57      0.4028     35.54      0.20       0.18       0.24       0          38.56      38         38         0          0          0.0726     2.1489     40         98         109        121        132        142        184       
264        54000      54000      162.78     64.94      0.3989     35.39      0.19       0.18       0.24       0          38.48      38         38         0          0          0.0724     2.1486     40         98         109        121        132        142        182       
265        54000      54000      162.79     64.80      0.3981     35.31      0.20       0.18       0.24       0          38.39      38         38         0          0          0.0721     2.1494     40         98         109        121        132        142        182       
266        54000      54000      162.79     65.65      0.4033     35.31      0.20       0.18       0.24       0          38.32      38         38         0          0          0.0719     2.1432     40         98         109        121        132        142        182       
267        54000      54000      162.78     64.39      0.3956     35.20      0.20       0.18       0.24       0          38.24      38         38         0          0          0.0716     2.1492     40         99         109        121        132        142        182       
268        54000      54000      162.76     64.85      0.3984     35.04      0.19       0.18       0.24       0          38.16      38         38         0          0          0.0714     2.1514     40         99         109        121        133        142        182       
269        54000      54000      162.79     64.95      0.3990     34.93      0.19       0.18       0.24       0          38.09      38         38         0          0          0.0712     2.1455     41         99         110        121        133        142        182       
270        54000      54000      162.79     63.79      0.3919     34.93      0.19       0.18       0.24       0          38.02      38         38         0          0          0.0709     2.1481     41         99         110        121        133        142        182       
271        54000      54000      162.78     63.92      0.3927     34.82      0.19       0.18       0.24       0          37.94      38         38         0          0          0.0707     2.1460     41         99         110        121        133        142        181       
272        54000      54000      162.77     63.91      0.3927     34.71      0.19       0.18       0.24       0          37.88      38         38         0          0          0.0705     2.1448     43         99         110        121        133        143        179       
273        54000      54000      162.78     64.99      0.3993     34.68      0.19       0.18       0.24       0          37.81      38         38         0          0          0.0703     2.1469     43         99         110        121        133        143        178       
274        54000      54000      162.77     62.66      0.3849     34.61      0.19       0.18       0.24       0          37.74      38         38         0          0          0.0701     2.1446     44         100        110        121        133        142        178       
275        54000      54000      162.78     65.25      0.4009     34.57      0.20       0.18       0.24       0          37.67      38         38         0          0          0.0699     2.1449     44         100        110        121        133        143        177       
276        54000      54000      162.79     63.00      0.3870     34.61      0.19       0.18       0.24       0          37.60      38         38         0          0          0.0697     2.1451     44         100        110        121        133        143        178       
277        54000      54000      162.79     64.17      0.3942     34.52      0.19       0.18       0.24       0          37.54      38         38         0          0          0.0695     2.1425     45         100        111        122        133        143        178       
278        54000      54000      162.77     63.32      0.3890     34.50      0.19       0.18       0.24       0          37.47      38         38         0          0          0.0693     2.1460     45         100        111        122        133        142        178       
279        54000      54000      162.79     63.18      0.3881     34.50      0.19       0.18       0.23       0          37.41      38         38         0          0          0.0691     2.1456     45         100        111        122        133        143        178       
280        54000      54000      162.78     63.04      0.3873     34.27      0.19       0.18       0.23       0          37.35      38         38         0          0          0.0689     2.1401     45         100        111        122        133        143        178       
281        54000      54000      162.77     63.12      0.3878     34.22      0.19       0.18       0.23       0          37.28      38         38         0          0          0.0688     2.1435     45         100        111        122        133        143        178       
282        54000      54000      162.78     63.61      0.3908     34.30      0.19       0.18       0.23       0          37.21      38         38         0          0          0.0685     2.1438     45         100        111        122        133        143        178       
283        54000      54000      162.77     63.71      0.3914     34.26      0.19       0.18       0.23       0          37.15      38         38         0          0          0.0684     2.1388     46         100        111        122        133        143        177       
284        54000      54000      162.80     63.28      0.3887     34.08      0.19       0.18       0.23       0          37.09      38         38         0          0          0.0682     2.1369     45         100        111        122        133        143        176       
285        54000      54000      162.78     63.00      0.3870     34.04      0.19       0.18       0.23       0          37.03      38         38         0          0          0.0680     2.1425     43         101        111        122        133        143        176       
286        54000      54000      162.80     62.60      0.3846     33.99      0.19       0.18       0.23       0          36.97      37         37         0          0          0.0678     2.1337     43         101        111        122        133        143        175       
287        54000      54000      162.80     62.79      0.3857     33.97      0.18       0.18       0.23       0          36.90      37         37         0          0          0.0677     2.1393     44         101        112        122        133        143        175       
288        54000      54000      162.79     63.08      0.3875     33.94      0.19       0.18       0.23       0          36.85      37         37         0          0          0.0675     2.1398     45         101        112        122        133        143        175       
289        54000      54000      162.80     62.36      0.3831     33.89      0.19       0.18       0.23       0          36.78      37         37         0          0          0.0673     2.1358     44         101        112        122        133        143        175       
290        54000      54000      162.79     62.28      0.3826     33.70      0.19       0.17       0.23       0          36.73      37         37         0          0          0.0671     2.1404     44         101        112        122        133        143        175       
291        54000      54000      162.79     63.31      0.3889     33.71      0.18       0.18       0.23       0          36.67      37         37         0          0          0.0670     2.1340     44         101        112        122        133        143        175       
292        54000      54000      162.79     61.64      0.3787     33.71      0.18       0.17       0.23       0          36.61      37         37         0          0          0.0668     2.1372     44         102        112        122        133        143        175       
293        54000      54000      162.78     62.51      0.3840     33.58      0.18       0.17       0.23       0          36.56      37         37         0          0          0.0666     2.1358     44         102        112        122        133        143        174       
294        54000      54000      162.79     62.90      0.3864     33.66      0.19       0.17       0.23       0          36.51      37         37         0          0          0.0665     2.1326     44         102        112        123        133        143        175       
295        54000      54000      162.80     62.80      0.3858     33.60      0.19       0.18       0.23       0          36.46      37         37         0          0          0.0663     2.1351     43         102        112        123        133        143        174       
296        54000      54000      162.79     61.81      0.3797     33.61      0.19       0.18       0.23       0          36.40      37         37         0          0          0.0662     2.1393     43         102        112        123        133        143        174       
297        54000      54000      162.79     61.99      0.3808     33.45      0.19       0.17       0.23       0          36.36      37         37         0          0          0.0661     2.1335     43         102        113        123        133        143        174       
298        54000      54000      162.79     61.34      0.3768     33.37      0.19       0.17       0.23       0          36.31      37         37         0          0          0.0659     2.1370     44         102        113        123        133        143        174       
299        54000      54000      162.79     62.03      0.3810     33.31      0.18       0.17       0.23       0          36.26      37         37         0          0          0.0658     2.1343     44         102        113        123        133        143        174       
300        54000      54000      162.78     61.95      0.3806     33.34      0.18       0.17       0.23       0          36.21      36         36         0          0          0.0656     2.1349     44         102        113        123        133        143        174       
301        54000      54000      162.79     61.53      0.3779     33.28      0.18       0.17       0.23       0          36.16      36         36         0          0          0.0655     2.1324     44         102        113        123        133        143        174       
302        54000      54000      162.79     61.30      0.3766     33.19      0.18       0.17       0.23       0          36.11      36         36         0          0          0.0654     2.1307     44         102        113        123        133        143        174       
303        54000      54000      162.80     61.95      0.3806     33.17      0.18       0.17       0.23       0          36.06      36         36         0          0          0.0652     2.1323     44         103        113        123        134        143        174       
304        54000      54000      162.79     60.36      0.3708     33.13      0.19       0.17       0.23       0          36.01      36         36         0          0          0.0651     2.1323     44         103        113        123        134        143        174       
305        54000      54000      162.80     61.98      0.3807     33.04      0.19       0.17       0.22       0          35.97      36         36         0          0          0.0650     2.1358     44         103        113        123        134        143        174       
306        54000      54000      162.78     61.62      0.3785     32.98      0.18       0.17       0.22       0          35.93      36         36         0          0          0.0648     2.1369     46         103        113        123        134        143        174       
307        54000      54000      162.80     61.30      0.3765     32.99      0.18       0.17       0.22       0          35.88      36         36         0          0          0.0647     2.1281     46         103        113        123        134        143        174       
308        54000      54000      162.80     61.20      0.3760     32.81      0.18       0.17       0.22       0          35.84      36         36         0          0          0.0646     2.1340     47         103        113        123        134        143        174       
309        54000      54000      162.80     61.74      0.3793     32.92      0.18       0.17       0.22       0          35.80      36         36         0          0          0.0645     2.1329     47         103        113        123        134        143        174       
310        54000      54000      162.80     61.62      0.3785     32.98      0.18       0.17       0.22       0          35.76      36         36         0          0          0.0643     2.1362     47         103        113        123        134        143        174       
311        54000      54000      162.79     62.10      0.3815     32.95      0.18       0.17       0.22       0          35.72      36         36         0          0          0.0642     2.1364     47         103        113        123        134        143        174       
312        54000      54000      162.80     61.82      0.3797     32.98      0.18       0.17       0.22       0          35.67      36         36         0          0          0.0641     2.1334     46         103        113        123        134        143        175       
313        54000      54000      162.79     60.78      0.3733     32.91      0.18       0.17       0.22       0          35.63      36         36         0          0          0.0640     2.1314     47         103        113        123        134        143        176       
314        54000      54000      162.79     60.67      0.3727     32.85      0.19       0.17       0.22       0          35.59      36         36         0          0          0.0639     2.1364     47         103        113        123        134        143        176       
315        54000      54000      162.81     61.38      0.3770     32.83      0.18       0.17       0.22       0          35.55      36         36         0          0          0.0637     2.1318     48         104        114        123        134        143        176       
316        54000      54000      162.80     60.39      0.3709     32.66      0.18       0.17       0.22       0          35.51      36         36         0          0          0.0636     2.1322     48         104        114        123        134        143        175       
317        54000      54000      162.80     61.41      0.3772     32.66      0.18       0.17       0.22       0          35.47      36         36         0          0          0.0635     2.1271     48         104        114        124        134        143        175       
318        54000      54000      162.80     60.47      0.3714     32.71      0.18       0.17       0.22       0          35.43      36         36         0          0          0.0634     2.1336     49         104        114        124        134        143        175       
319        54000      54000      162.81     60.30      0.3704     32.61      0.17       0.17       0.22       0          35.39      36         36         0          0          0.0633     2.1329     50         104        114        124        134        143        175       
320        54000      54000      162.80     60.75      0.3732     32.55      0.18       0.17       0.22       0          35.35      36         36         0          0          0.0632     2.1297     50         104        114        124        134        143        175       
321        54000      54000      162.80     61.12      0.3754     32.48      0.18       0.17       0.22       0          35.31      36         36         0          0          0.0631     2.1313     50         104        114        124        134        143        175       
322        54000      54000      162.79     60.81      0.3735     32.41      0.18       0.17       0.22       0          35.28      36         36         0          0          0.0630     2.1370     51         104        114        124        134        143        175       
323        54000      54000      162.79     60.44      0.3713     32.38      0.18       0.17       0.22       0          35.24      36         36         0          0          0.0629     2.1340     51         104        114        124        134        143        175       
324        54000      54000      162.79     60.35      0.3707     32.32      0.18       0.17       0.22       0          35.20      36         36         0          0          0.0628     2.1312     52         104        114        124        134        143        175       
325        54000      54000      162.79     59.97      0.3684     32.30      0.18       0.17       0.22       0          35.16      36         36         0          0          0.0627     2.1308     52         104        114        124        134        143        175       
326        54000      54000      162.80     61.28      0.3764     32.30      0.18       0.17       0.22       0          35.13      36         36         0          0          0.0626     2.1321     52         105        114        124        134        143        175       
327        54000      54000      162.81     60.57      0.3720     32.31      0.18       0.17       0.22       0          35.10      36         36         0          0          0.0625     2.1321     53         105        114        124        134        143        175       
328        54000      54000      162.79     59.96      0.3683     32.25      0.18       0.17       0.22       0          35.06      36         36         0          0          0.0624     2.1318     53         105        114        124        134        143        175       
329        54000      54000      162.79     60.11      0.3692     32.11      0.17       0.17       0.22       0          35.03      36         36         0          0          0.0623     2.1265     53         105        114        124        134        143        174       
330        54000      54000      162.79     61.04      0.3749     32.19      0.18       0.17       0.22       0          35.00      36         36         0          0          0.0622     2.1325     52         105        114        124        134        143        174       
331        54000      54000      162.81     59.81      0.3674     32.18      0.18       0.17       0.22       0          34.96      36         36         0          0          0.0621     2.1277     52         105        114        124        134        143        174       
332        54000      54000      162.81     60.88      0.3739     32.24      0.18       0.17       0.22       0          34.93      36         36         0          0          0.0620     2.1310     54         105        114        124        134        143        174       
333        54000      54000      162.80     59.69      0.3667     32.25      0.18       0.17       0.22       0          34.89      35         35         0          0          0.0619     2.1275     54         105        114        124        134        143        174       
334        54000      54000      162.81     60.42      0.3711     32.11      0.18       0.17       0.22       0          34.86      35         35         0          0          0.0618     2.1279     54         105        115        124        134        143        175       
335        54000      54000      162.79     60.26      0.3701     31.97      0.18       0.17       0.22       0          34.83      35         35         0          0          0.0617     2.1303     54         105        115        124        134        143        175       
336        54000      54000      162.80     59.81      0.3674     32.04      0.17       0.17       0.22       0          34.80      35         35         0          0          0.0616     2.1249     55         105        115        124        134        143        175       
337        54000      54000      162.80     59.20      0.3637     32.00      0.18       0.17       0.22       0          34.77      35         35         0          0          0.0616     2.1261     55         106        115        124        134        143        176       
338        54000      54000      162.79     60.29      0.3704     31.93      0.17       0.17       0.22       0          34.74      35         35         0          0          0.0615     2.1314     55         106        115        124        134        143        176       
339        54000      54000      162.81     59.64      0.3663     31.91      0.17       0.17       0.22       0          34.71      35         35         0          0          0.0614     2.1283     55         106        115        124        134        143        176       
340        54000      54000      162.80     59.65      0.3664     31.77      0.17       0.16       0.22       0          34.68      35         35         0          0          0.0613     2.1279     55         106        115        124        134        143        175       
341        54000      54000      162.81     59.65      0.3664     31.89      0.18       0.17       0.22       0          34.65      35         35         0          0          0.0612     2.1275     54         106        115        124        134        143        175       
342        54000      54000      162.80     59.50      0.3655     31.76      0.17       0.16       0.22       0          34.62      35         35         0          0          0.0612     2.1279     54         106        115        124        134        143        175       
343        54000      54000      162.79     60.71      0.3729     31.88      0.18       0.17       0.22       0          34.60      35         35         0          0          0.0611     2.1256     54         106        115        124        134        143        175       
344        54000      54000      162.79     58.41      0.3588     31.84      0.18       0.17       0.22       0          34.57      35         35         0          0          0.0610     2.1263     54         106        115        124        134        143        175       
345        54000      54000      162.80     59.51      0.3655     31.81      0.18       0.17       0.22       0          34.54      35         35         0          0          0.0609     2.1283     54         106        115        124        134        143        175       
346        54000      54000      162.81     60.25      0.3701     31.79      0.18       0.17       0.22       0          34.52      35         35         0          0          0.0609     2.1297     54         106        115        124        134        143        175       
347        54000      54000      162.81     58.32      0.3582     31.78      0.17       0.17       0.22       0          34.49      35         35         0          0          0.0608     2.1293     54         106        115        124        134        143        175       
348        54000      54000      162.79     57.35      0.3523     31.57      0.17       0.16       0.22       0          34.46      35         35         0          0          0.0607     2.1252     55         106        115        125        134        143        176       
349        54000      54000      162.81     58.84      0.3614     31.39      0.17       0.16       0.21       0          34.43      35         35         0          0          0.0606     2.1282     56         106        115        125        134        143        176       
350        54000      54000      162.80     59.10      0.3630     31.52      0.17       0.16       0.22       0          34.40      35         35         0          0          0.0606     2.1292     56         106        115        125        134        143        176       
351        54000      54000      162.80     58.25      0.3578     31.48      0.17       0.16       0.22       0          34.38      35         35         0          0          0.0605     2.1339     56         106        115        125        134        143        175       
352        54000      54000      162.81     58.88      0.3617     31.45      0.17       0.16       0.22       0          34.35      35         35         0          0          0.0604     2.1261     57         107        115        125        134        143        175       
353        54000      54000      162.81     59.34      0.3644     31.45      0.18       0.16       0.21       0          34.33      35         35         0          0          0.0604     2.1258     57         107        115        125        134        143        175       
354        54000      54000      162.80     58.10      0.3569     31.50      0.18       0.16       0.21       0          34.30      35         35         0          0          0.0603     2.1284     57         107        115        125        134        143        175       
355        54000      54000      162.81     58.52      0.3594     31.45      0.17       0.16       0.21       0          34.28      35         35         0          0          0.0602     2.1269     57         107        115        125        134        143        175       
356        54000      54000      162.81     57.82      0.3551     31.36      0.17       0.16       0.21       0          34.25      35         35         0          0          0.0601     2.1255     57         107        115        125        134        143        175       
357        54000      54000      162.81     59.40      0.3649     31.35      0.17       0.16       0.21       0          34.23      35         35         0          0          0.0601     2.1252     57         107        116        125        134        143        175       
358        54000      54000      162.81     58.81      0.3612     31.45      0.17       0.16       0.21       0          34.21      35         35         0          0          0.0600     2.1236     57         107        116        125        134        143        175       
359        54000      54000      162.80     59.17      0.3634     31.39      0.18       0.16       0.21       0          34.18      35         35         0          0          0.0600     2.1293     57         107        116        125        134        143        176       
360        54000      54000      162.79     58.33      0.3583     31.47      0.18       0.16       0.21       0          34.16      35         35         0          0          0.0599     2.1256     57         107        116        125        134        143        176       
361        54000      54000      162.81     58.82      0.3613     31.34      0.17       0.16       0.21       0          34.14      35         35         0          0          0.0598     2.1281     57         107        116        125        134        143        176       
362        54000      54000      162.80     59.71      0.3668     31.40      0.17       0.16       0.21       0          34.11      35         35         0          0          0.0598     2.1274     57         107        116        125        134        143        176       
363        54000      54000      162.79     58.66      0.3603     31.43      0.17       0.17       0.21       0          34.09      35         35         0          0          0.0597     2.1232     57         107        116        125        134        143        176       
364        54000      54000      162.81     58.14      0.3571     31.40      0.17       0.16       0.21       0          34.07      35         35         0          0          0.0596     2.1245     57         107        116        125        134        143        176       
365        54000      54000      162.81     58.82      0.3613     31.33      0.17       0.16       0.21       0          34.05      35         35         0          0          0.0596     2.1227     57         107        116        125        134        143        175       
366        54000      54000      162.79     58.95      0.3621     31.40      0.17       0.16       0.21       0          34.02      35         35         0          0          0.0595     2.1222     57         107        116        125        134        143        174       
367        54000      54000      162.82     58.84      0.3614     31.35      0.17       0.16       0.21       0          34.00      35         35         0          0          0.0595     2.1266     57         107        116        125        134        143        174       
368        54000      54000      162.80     58.76      0.3609     31.34      0.18       0.16       0.21       0          33.98      35         35         0          0          0.0594     2.1216     57         107        116        125        134        143        174       
369        54000      54000      162.80     57.88      0.3555     31.27      0.17       0.16       0.21       0          33.97      35         35         0          0          0.0594     2.1220     58         107        116        125        134        143        174       
370        54000      54000      162.81     58.38      0.3586     31.20      0.17       0.16       0.21       0          33.94      35         35         0          0          0.0593     2.1268     58         107        116        125        134        143        174       
371        54000      54000      162.82     57.15      0.3510     31.22      0.17       0.16       0.21       0          33.92      35         35         0          0          0.0592     2.1278     58         107        116        125        134        143        174       
372        54000      54000      162.81     58.54      0.3596     31.03      0.17       0.16       0.21       0          33.90      35         35         0          0          0.0592     2.1219     58         107        116        125        134        143        174       
373        54000      54000      162.80     58.31      0.3582     31.08      0.17       0.16       0.21       0          33.88      35         35         0          0          0.0591     2.1247     59         107        116        125        134        143        174       
374        54000      54000      162.81     57.65      0.3541     31.04      0.17       0.16       0.21       0          33.86      35         35         0          0          0.0591     2.1229     59         107        116        125        134        143        174       
375        54000      54000      162.80     57.92      0.3558     31.02      0.17       0.16       0.21       0          33.84      35         35         0          0          0.0590     2.1220     59         107        116        125        134        143        173       
376        54000      54000      162.83     57.48      0.3530     30.95      0.17       0.16       0.21       0          33.82      35         35         0          0          0.0590     2.1244     60         108        116        125        134        143        173       
377        54000      54000      162.80     58.03      0.3564     31.04      0.17       0.16       0.21       0          33.81      35         35         0          0          0.0589     2.1229     61         108        116        125        134        143        173       
378        54000      54000      162.81     57.79      0.3550     30.85      0.16       0.16       0.21       0          33.79      35         35         0          0          0.0589     2.1280     60         108        116        125        134        143        173       
379        54000      54000      162.81     58.71      0.3606     31.00      0.17       0.16       0.21       0          33.77      35         35         0          0          0.0588     2.1221     60         108        116        125        134        143        173       
380        54000      54000      162.81     57.67      0.3542     31.17      0.17       0.16       0.21       0          33.75      35         35         0          0          0.0588     2.1250     61         108        116        125        134        143        173       
381        54000      54000      162.81     58.80      0.3611     31.02      0.17       0.16       0.21       0          33.74      35         35         0          0          0.0587     2.1202     61         108        116        125        134        143        173       
382        54000      54000      162.81     58.67      0.3604     31.05      0.17       0.16       0.21       0          33.72      35         35         0          0          0.0587     2.1248     61         108        116        125        134        143        172       
383        54000      54000      162.82     58.04      0.3565     31.03      0.17       0.16       0.21       0          33.70      35         35         0          0          0.0586     2.1232     61         108        117        125        134        143        172       
384        54000      54000      162.80     57.72      0.3545     31.10      0.17       0.16       0.21       0          33.68      35         35         0          0          0.0586     2.1187     61         108        116        125        134        143        172       
385        54000      54000      162.81     57.56      0.3536     31.02      0.17       0.16       0.21       0          33.66      35         35         0          0          0.0585     2.1223     61         108        116        125        134        143        172       
386        54000      54000      162.81     59.21      0.3636     30.94      0.17       0.16       0.21       0          33.65      35         35         0          0          0.0585     2.1226     61         108        117        125        134        143        172       
387        54000      54000      162.82     56.94      0.3497     30.93      0.17       0.16       0.21       0          33.63      35         35         0          0          0.0584     2.1193     62         108        117        125        134        143        171       
388        54000      54000      162.81     57.78      0.3549     30.85      0.17       0.16       0.21       0          33.61      35         35         0          0          0.0584     2.1206     62         108        117        126        134        143        171       
389        54000      54000      162.81     57.22      0.3514     30.84      0.17       0.16       0.21       0          33.60      35         35         0          0          0.0584     2.1215     62         108        117        126        134        143        171       
390        54000      54000      162.82     58.08      0.3567     30.78      0.17       0.16       0.21       0          33.58      35         35         0          0          0.0583     2.1220     62         108        117        126        134        143        171       
391        54000      54000      162.81     57.53      0.3534     30.85      0.17       0.16       0.21       0          33.57      35         35         0          0          0.0583     2.1195     63         108        117        125        134        143        171       
392        54000      54000      162.82     57.33      0.3521     30.78      0.16       0.16       0.21       0          33.55      35         35         0          0          0.0582     2.1249     63         108        117        126        134        143        171       
393        54000      54000      162.81     58.32      0.3582     30.77      0.17       0.16       0.21       0          33.54      35         35         0          0          0.0582     2.1240     63         108        117        126        134        143        171       
394        54000      54000      162.82     57.17      0.3512     30.77      0.17       0.16       0.21       0          33.52      35         35         0          0          0.0582     2.1219     63         108        117        126        134        143        171       
395        54000      54000      162.81     58.08      0.3567     30.78      0.17       0.16       0.21       0          33.50      35         35         0          0          0.0581     2.1226     63         108        117        126        134        143        171       
396        54000      54000      162.81     56.77      0.3487     30.82      0.17       0.16       0.21       0          33.49      35         35         0          0          0.0581     2.1194     63         108        117        126        134        143        170       
397        54000      54000      162.81     58.55      0.3596     30.78      0.17       0.16       0.21       0          33.48      35         35         0          0          0.0580     2.1219     63         108        117        126        134        143        170       
398        54000      54000      162.81     57.67      0.3542     30.74      0.17       0.16       0.21       0          33.46      35         35         0          0          0.0580     2.1181     63         108        117        126        134        143        170       
399        54000      54000      162.81     57.29      0.3519     30.77      0.17       0.16       0.21       0          33.44      35         35         0          0          0.0579     2.1218     63         108        117        126        134        143        170       
400        54000      54000      162.80     57.48      0.3530     30.75      0.17       0.16       0.21       0          33.43      35         35         0          0          0.0579     2.1227     63         108        117        126        134        143        170       
401        54000      54000      162.82     57.25      0.3516     30.67      0.17       0.16       0.21       0          33.42      35         35         0          0          0.0579     2.1244     63         108        117        126        134        143        169       
402        54000      54000      162.81     57.67      0.3542     30.58      0.17       0.16       0.21       0          33.40      35         35         0          0          0.0578     2.1193     63         109        117        126        134        143        169       
403        54000      54000      162.81     57.71      0.3544     30.55      0.17       0.16       0.21       0          33.39      35         35         0          0          0.0578     2.1196     63         109        117        126        134        143        169       
404        54000      54000      162.81     55.92      0.3435     30.65      0.17       0.16       0.21       0          33.37      35         35         0          0          0.0578     2.1206     64         109        117        126        134        143        169       
405        54000      54000      162.80     57.14      0.3510     30.58      0.17       0.16       0.21       0          33.36      35         35         0          0          0.0577     2.1187     64         109        117        126        134        143        169       
406        54000      54000      162.80     56.75      0.3486     30.53      0.17       0.16       0.21       0          33.34      35         35         0          0          0.0577     2.1180     64         109        117        126        134        143        169       
407        54000      54000      162.81     56.98      0.3500     30.45      0.16       0.16       0.21       0          33.33      35         35         0          0          0.0576     2.1210     64         109        117        126        134        143        169       
408        54000      54000      162.83     57.72      0.3545     30.52      0.17       0.16       0.21       0          33.32      35         35         0          0          0.0576     2.1209     64         109        117        126        134        143        169       
409        54000      54000      162.79     57.88      0.3556     30.59      0.17       0.16       0.21       0          33.30      35         35         0          0          0.0576     2.1214     64         109        117        126        134        143        169       
410        54000      54000      162.81     57.97      0.3561     30.58      0.17       0.16       0.21       0          33.29      35         35         0          0          0.0575     2.1177     64         109        117        126        134        143        169       
411        54000      54000      162.81     57.26      0.3517     30.53      0.17       0.16       0.21       0          33.28      35         35         0          0          0.0575     2.1211     64         109        117        126        134        143        169       
412        54000      54000      162.80     57.79      0.3549     30.67      0.17       0.16       0.21       0          33.27      35         35         0          0          0.0575     2.1218     65         109        117        126        134        143        169       
413        54000      54000      162.80     59.07      0.3628     30.67      0.17       0.16       0.21       0          33.25      35         35         0          0          0.0574     2.1186     65         109        117        126        134        143        169       
414        54000      54000      162.82     57.82      0.3551     30.72      0.17       0.16       0.21       0          33.24      35         35         0          0          0.0574     2.1190     65         109        117        126        134        143        169       
415        54000      54000      162.81     57.08      0.3506     30.67      0.17       0.16       0.21       0          33.23      35         35         0          0          0.0574     2.1189     65         109        117        126        134        143        169       
416        54000      54000      162.82     57.92      0.3557     30.60      0.17       0.16       0.21       0          33.21      35         35         0          0          0.0573     2.1169     65         109        117        126        134        143        170       
417        54000      54000      162.81     56.80      0.3489     30.61      0.17       0.16       0.21       0          33.20      35         35         0          0          0.0573     2.1197     64         109        117        126        134        143        170       
418        54000      54000      162.82     57.97      0.3561     30.44      0.17       0.16       0.21       0          33.19      35         35         0          0          0.0573     2.1157     64         109        117        126        134        143        170       
419        54000      54000      162.81     58.43      0.3589     30.53      0.17       0.16       0.21       0          33.18      35         35         0          0          0.0572     2.1144     64         109        117        126        134        143        170       
420        54000      54000      162.79     56.74      0.3485     30.55      0.17       0.16       0.21       0          33.16      35         35         0          0          0.0572     2.1181     64         109        117        126        134        143        170       
421        54000      54000      162.80     57.02      0.3503     30.47      0.17       0.16       0.21       0          33.15      35         35         0          0          0.0572     2.1234     65         109        117        126        134        143        170       
422        54000      54000      162.81     56.86      0.3493     30.43      0.17       0.16       0.21       0          33.14      35         35         0          0          0.0571     2.1190     65         109        117        126        134        143        170       
423        54000      54000      162.80     57.69      0.3543     30.35      0.17       0.16       0.21       0          33.13      35         35         0          0          0.0571     2.1233     66         109        117        126        134        143        170       
424        54000      54000      162.81     56.13      0.3448     30.40      0.17       0.16       0.21       0          33.12      34         34         0          0          0.0571     2.1195     66         109        117        126        134        143        170       
425        54000      54000      162.82     56.00      0.3439     30.36      0.17       0.16       0.21       0          33.11      34         34         0          0          0.0570     2.1172     65         109        117        126        134        143        169       
426        54000      54000      162.80     57.34      0.3522     30.27      0.17       0.16       0.21       0          33.10      34         34         0          0          0.0570     2.1206     65         109        118        126        134        143        169       
427        54000      54000      162.82     56.68      0.3481     30.36      0.17       0.16       0.21       0          33.09      34         34         0          0          0.0570     2.1186     65         109        118        126        134        143        169       
428        54000      54000      162.80     56.33      0.3460     30.31      0.17       0.16       0.21       0          33.08      34         34         0          0          0.0570     2.1148     65         109        118        126        134        143        169       
429        54000      54000      162.84     57.24      0.3515     30.27      0.17       0.16       0.21       0          33.07      34         34         0          0          0.0569     2.1170     65         109        118        126        134        143        169       
430        54000      54000      162.81     57.01      0.3502     30.30      0.16       0.16       0.21       0          33.06      34         34         0          0          0.0569     2.1183     65         109        118        126        134        143        169       
431        54000      54000      162.82     57.04      0.3503     30.33      0.17       0.16       0.21       0          33.05      34         34         0          0          0.0569     2.1167     65         110        118        126        134        143        169       
432        54000      54000      162.81     57.19      0.3512     30.42      0.17       0.16       0.21       0          33.04      34         34         0          0          0.0569     2.1185     65         110        118        126        134        143        169       
433        54000      54000      162.82     56.25      0.3455     30.34      0.17       0.16       0.21       0          33.03      34         34         0          0          0.0568     2.1234     64         110        118        126        134        143        169       
434        54000      54000      162.81     57.04      0.3503     30.42      0.17       0.16       0.21       0          33.02      34         34         0          0          0.0568     2.1190     64         110        118        126        134        143        169       
435        54000      54000      162.82     56.65      0.3479     30.28      0.17       0.16       0.21       0          33.01      34         34         0          0          0.0568     2.1209     64         110        118        126        134        143        169       
436        54000      54000      162.81     56.02      0.3441     30.16      0.17       0.15       0.21       0          33.00      34         34         0          0          0.0567     2.1172     64         110        118        126        134        143        169       
437        54000      54000      162.82     56.52      0.3471     30.18      0.16       0.16       0.21       0          32.99      34         34         0          0          0.0567     2.1218     64         110        118        126        134        143        169       
438        54000      54000      162.80     56.41      0.3465     30.21      0.16       0.16       0.21       0          32.98      34         34         0          0          0.0567     2.1191     64         110        118        126        134        143        168       
439        54000      54000      162.80     57.76      0.3548     30.23      0.16       0.16       0.21       0          32.96      34         34         0          0          0.0567     2.1174     64         110        118        126        134        143        168       
440        54000      54000      162.81     56.78      0.3488     30.36      0.16       0.16       0.21       0          32.95      34         34         0          0          0.0566     2.1156     64         110        118        126        134        143        168       
441        54000      54000      162.79     56.93      0.3497     30.36      0.17       0.16       0.21       0          32.94      34         34         0          0          0.0566     2.1212     64         110        118        126        134        143        168       
442        54000      54000      162.82     57.34      0.3522     30.29      0.17       0.16       0.21       0          32.94      34         34         0          0          0.0566     2.1184     64         110        118        126        134        143        168       
443        54000      54000      162.81     57.27      0.3517     30.28      0.16       0.16       0.21       0          32.93      34         34         0          0          0.0566     2.1194     65         110        118        126        134        143        168       
444        54000      54000      162.81     56.61      0.3477     30.28      0.17       0.16       0.21       0          32.92      34         34         0          0          0.0565     2.1210     65         110        118        126        134        143        168       
445        54000      54000      162.81     56.56      0.3474     30.28      0.17       0.16       0.21       0          32.91      34         34         0          0          0.0565     2.1198     65         110        118        126        134        143        168       
446        54000      54000      162.81     57.50      0.3532     30.27      0.17       0.16       0.21       0          32.90      34         34         0          0          0.0565     2.1143     65         110        118        126        134        142        168       
447        54000      54000      162.80     56.65      0.3479     30.18      0.17       0.16       0.21       0          32.89      34         34         0          0          0.0565     2.1218     65         110        118        126        134        142        168       
448        54000      54000      162.81     56.30      0.3458     30.19      0.16       0.16       0.21       0          32.88      34         34         0          0          0.0564     2.1172     66         110        118        126        134        142        168       
449        54000      54000      162.82     56.88      0.3494     30.23      0.16       0.16       0.21       0          32.87      34         34         0          0          0.0564     2.1210     67         110        118        126        135        142        168       
450        54000      54000      162.80     56.44      0.3467     30.16      0.17       0.16       0.21       0          32.86      34         34         0          0          0.0564     2.1201     67         110        118        126        134        142        168       
451        54000      54000      162.81     56.09      0.3445     30.16      0.17       0.16       0.21       0          32.86      34         34         0          0          0.0564     2.1143     68         110        118        126        134        142        168       
452        54000      54000      162.82     56.95      0.3498     30.11      0.17       0.16       0.21       0          32.85      34         34         0          0          0.0564     2.1205     68         110        118        126        135        142        168       
453        54000      54000      162.81     55.93      0.3435     30.14      0.16       0.16       0.21       0          32.84      34         34         0          0          0.0563     2.1158     68         110        118        126        135        142        168       
454        54000      54000      162.80     56.82      0.3490     30.06      0.16       0.16       0.21       0          32.83      34         34         0          0          0.0563     2.1216     68         110        118        126        134        142        168       
455        54000      54000      162.83     56.41      0.3464     30.07      0.16       0.16       0.20       0          32.82      34         34         0          0          0.0563     2.1194     68         110        118        126        134        142        168       
456        54000      54000      162.80     56.39      0.3464     30.10      0.17       0.16       0.20       0          32.81      34         34         0          0          0.0563     2.1192     68         110        118        126        134        142        168       
457        54000      54000      162.81     55.88      0.3432     30.00      0.17       0.15       0.21       0          32.81      34         34         0          0          0.0562     2.1169     68         110        118        126        134        142        168       
458        54000      54000      162.81     56.45      0.3467     30.05      0.17       0.16       0.20       0          32.80      34         34         0          0          0.0562     2.1185     68         110        118        126        134        142        168       
459        54000      54000      162.82     56.77      0.3486     30.07      0.17       0.16       0.20       0          32.79      34         34         0          0          0.0562     2.1147     69         110        118        126        134        142        168       
460        54000      54000      162.81     56.46      0.3468     30.06      0.16       0.16       0.20       0          32.78      34         34         0          0          0.0562     2.1178     69         110        118        126        134        142        168       
461        54000      54000      162.81     56.17      0.3450     30.09      0.16       0.16       0.20       0          32.78      34         34         0          0          0.0562     2.1156     69         110        118        126        134        142        169       
462        54000      54000      162.81     56.40      0.3464     30.11      0.17       0.16       0.20       0          32.77      34         34         0          0          0.0561     2.1171     70         110        118        126        134        142        169       
463        54000      54000      162.82     56.38      0.3462     29.99      0.16       0.16       0.20       0          32.76      34         34         0          0          0.0561     2.1149     70         110        118        126        134        142        169       
464        54000      54000      162.82     56.74      0.3485     29.98      0.16       0.16       0.20       0          32.76      34         34         0          0          0.0561     2.1140     70         110        118        126        135        142        169       
465        54000      54000      162.80     57.42      0.3527     30.03      0.16       0.16       0.20       0          32.75      34         34         0          0          0.0561     2.1180     70         110        118        126        134        142        169       
466        54000      54000      162.81     55.91      0.3434     30.10      0.17       0.16       0.20       0          32.74      34         34         0          0          0.0561     2.1209     70         110        118        126        134        142        169       
467        54000      54000      162.81     55.40      0.3403     30.08      0.16       0.16       0.20       0          32.74      34         34         0          0          0.0561     2.1179     71         110        118        126        135        142        169       
468        54000      54000      162.81     57.32      0.3521     29.96      0.16       0.16       0.20       0          32.73      34         34         0          0          0.0560     2.1177     71         110        118        126        135        142        169       
469        54000      54000      162.80     56.10      0.3446     30.02      0.17       0.16       0.20       0          32.72      34         34         0          0          0.0560     2.1163     71         110        118        126        134        142        169       
470        54000      54000      162.82     55.80      0.3427     30.01      0.17       0.16       0.20       0          32.72      34         34         0          0          0.0560     2.1180     71         110        118        126        134        142        169       
471        54000      54000      162.83     56.38      0.3462     29.97      0.17       0.15       0.20       0          32.71      34         34         0          0          0.0560     2.1214     71         110        118        126        134        142        169       
472        54000      54000      162.81     55.64      0.3417     29.96      0.17       0.15       0.20       0          32.70      34         34         0          0          0.0560     2.1156     71         110        118        126        135        142        169       
473        54000      54000      162.80     56.07      0.3444     29.88      0.16       0.15       0.20       0          32.70      34         34         0          0          0.0560     2.1173     71         111        118        126        135        142        169       
474        54000      54000      162.81     56.76      0.3486     29.90      0.16       0.15       0.20       0          32.69      34         34         0          0          0.0559     2.1174     71         111        118        126        135        142        169       
475        54000      54000      162.82     56.59      0.3476     29.98      0.17       0.16       0.20       0          32.69      34         34         0          0          0.0559     2.1154     71         111        118        126        135        142        169       
476        54000      54000      162.80     56.68      0.3482     30.07      0.16       0.16       0.20       0          32.68      33         33         0          0          0.0559     2.1183     72         111        118        126        135        142        169       
477        54000      54000      162.81     55.91      0.3434     30.04      0.17       0.16       0.20       0          32.67      33         33         0          0          0.0559     2.1157     72         111        118        126        135        142        169       
478        54000      54000      162.81     57.18      0.3512     30.04      0.16       0.16       0.20       0          32.67      33         33         0          0          0.0559     2.1142     72         111        118        126        135        142        169       
479        54000      54000      162.83     57.44      0.3528     30.12      0.16       0.16       0.20       0          32.66      33         33         0          0          0.0558     2.1177     72         111        118        126        134        142        169       
480        54000      54000      162.83     57.38      0.3524     30.20      0.16       0.16       0.20       0          32.65      33         33         0          0          0.0558     2.1162     72         111        118        126        135        142        169       
481        54000      54000      162.82     56.30      0.3458     30.20      0.17       0.16       0.20       0          32.65      33         33         0          0          0.0558     2.1186     72         111        118        126        134        142        169       
482        54000      54000      162.79     56.61      0.3478     30.08      0.17       0.16       0.20       0          32.64      33         33         0          0          0.0558     2.1165     72         111        118        126        135        142        169       
483        54000      54000      162.80     57.28      0.3519     30.17      0.16       0.16       0.20       0          32.63      33         33         0          0          0.0558     2.1159     72         111        118        126        135        142        169       
484        54000      54000      162.83     56.80      0.3488     30.12      0.16       0.16       0.20       0          32.63      33         33         0          0          0.0558     2.1206     73         111        118        126        135        142        169       
485        54000      54000      162.81     56.10      0.3446     30.12      0.17       0.16       0.20       0          32.62      33         33         0          0          0.0557     2.1153     73         111        118        126        135        142        169       
486        54000      54000      162.82     57.33      0.3521     30.05      0.17       0.16       0.20       0          32.62      33         33         0          0          0.0557     2.1179     73         111        118        126        135        142        169       
487        54000      54000      162.82     56.49      0.3470     30.04      0.17       0.16       0.20       0          32.61      33         33         0          0          0.0557     2.1128     73         111        118        126        135        142        169       
488        54000      54000      162.81     56.36      0.3462     30.05      0.17       0.16       0.20       0          32.61      33         33         0          0          0.0557     2.1160     73         111        118        126        135        142        169       
489        54000      54000      162.82     56.64      0.3479     29.89      0.17       0.15       0.20       0          32.60      33         33         0          0          0.0557     2.1160     73         111        118        126        134        142        169       
490        54000      54000      162.82     56.79      0.3488     30.02      0.16       0.16       0.20       0          32.60      33         33         0          0          0.0557     2.1139     73         111        118        126        134        142        168       
491        54000      54000      162.82     55.66      0.3419     30.01      0.16       0.16       0.20       0          32.59      33         33         0          0          0.0557     2.1152     73         111        118        126        134        142        168       
492        54000      54000      162.83     57.05      0.3504     30.03      0.16       0.16       0.20       0          32.59      33         33         0          0          0.0556     2.1162     74         111        118        126        134        142        168       
493        54000      54000      162.81     55.67      0.3420     29.92      0.16       0.16       0.20       0          32.58      33         33         0          0          0.0556     2.1138     73         111        118        126        135        142        168       
494        54000      54000      162.82     56.91      0.3495     29.89      0.16       0.16       0.20       0          32.57      33         33         0          0          0.0556     2.1171     73         111        118        126        134        142        168       
495        54000      54000      162.82     56.14      0.3448     29.87      0.16       0.16       0.20       0          32.57      33         33         0          0          0.0556     2.1191     74         111        118        126        135        142        168       
496        54000      54000      162.82     55.43      0.3405     29.89      0.16       0.15       0.20       0          32.56      33         33         0          0          0.0556     2.1192     75         111        118        126        135        142        168       
497        54000      54000      162.82     56.35      0.3461     29.81      0.16       0.15       0.20       0          32.56      33         33         0          0          0.0556     2.1127     75         111        118        126        134        142        168       
498        54000      54000      162.81     56.49      0.3470     29.83      0.16       0.15       0.20       0          32.55      33         33         0          0          0.0556     2.1173     75         111        118        126        134        142        167       
499        54000      54000      162.82     56.60      0.3476     29.84      0.17       0.15       0.20       0          32.55      33         33         0          0          0.0555     2.1179     75         111        118        126        134        142        167       
500        54000      54000      162.81     56.48      0.3469     29.82      0.16       0.15       0.20       0          32.54      33         33         0          0          0.0555     2.1155     75         111        118        126        134        142        167       
501        54000      54000      162.82     56.15      0.3448     29.92      0.16       0.16       0.20       0          32.54      33         33         0          0          0.0555     2.1184     75         111        118        126        134        142        167       
502        54000      54000      162.81     55.37      0.3401     29.86      0.16       0.16       0.20       0          32.53      33         33         0          0          0.0555     2.1141     75         111        118        126        134        142        167       
503        54000      54000      162.82     55.76      0.3425     29.80      0.17       0.15       0.20       0          32.53      33         33         0          0          0.0555     2.1189     76         111        118        126        134        142        167       
504        54000      54000      162.82     55.79      0.3427     29.74      0.16       0.15       0.20       0          32.53      33         33         0          0          0.0555     2.1173     76         111        118        126        134        142        167       
505        54000      54000      162.82     55.17      0.3388     29.76      0.16       0.15       0.20       0          32.52      33         33         0          0          0.0555     2.1130     76         111        119        126        134        142        167       
506        54000      54000      162.82     55.88      0.3432     29.75      0.16       0.15       0.20       0          32.52      33         33         0          0          0.0555     2.1109     76         111        119        126        134        142        167       
507        54000      54000      162.81     56.97      0.3499     29.67      0.16       0.15       0.20       0          32.51      33         33         0          0          0.0554     2.1160     76         111        118        126        134        142        167       
508        54000      54000      162.81     55.27      0.3395     29.77      0.16       0.15       0.20       0          32.51      33         33         0          0          0.0554     2.1194     76         111        119        126        134        142        167       
509        54000      54000      162.81     55.31      0.3397     29.82      0.16       0.15       0.20       0          32.50      33         33         0          0          0.0554     2.1198     76         111        119        126        134        142        167       
510        54000      54000      162.81     55.62      0.3417     29.88      0.16       0.16       0.20       0          32.50      33         33         0          0          0.0554     2.1165     77         111        119        126        135        142        167       
511        54000      54000      162.82     56.14      0.3448     29.74      0.16       0.15       0.20       0          32.49      33         33         0          0          0.0554     2.1140     76         111        119        126        134        142        167       
512        54000      54000      162.82     55.47      0.3407     29.70      0.16       0.15       0.20       0          32.49      33         33         0          0          0.0554     2.1152     76         111        119        126        134        142        167       
513        54000      54000      162.81     56.83      0.3491     29.79      0.16       0.15       0.20       0          32.48      33         33         0          0          0.0554     2.1159     77         111        119        126        134        142        167       
514        54000      54000      162.81     55.93      0.3435     29.78      0.16       0.15       0.20       0          32.48      33         33         0          0          0.0554     2.1132     77         111        119        126        134        142        167       
515        54000      54000      162.81     55.68      0.3420     29.78      0.17       0.15       0.20       0          32.47      33         33         0          0          0.0553     2.1154     77         111        119        126        134        142        167       
516        54000      54000      162.81     55.87      0.3431     29.74      0.16       0.15       0.20       0          32.47      33         33         0          0          0.0553     2.1191     77         111        119        126        134        142        167       
517        54000      54000      162.82     56.15      0.3449     29.76      0.16       0.15       0.20       0          32.46      33         33         0          0          0.0553     2.1165     77         111        119        126        134        142        167       
518        54000      54000      162.82     54.75      0.3362     29.76      0.16       0.15       0.20       0          32.46      33         33         0          0          0.0553     2.1191     77         111        119        126        134        142        167       
519        54000      54000      162.81     56.71      0.3483     29.68      0.16       0.15       0.20       0          32.46      33         33         0          0          0.0553     2.1166     77         111        119        126        134        142        167       
520        54000      54000      162.83     55.38      0.3401     29.67      0.16       0.15       0.20       0          32.45      33         33         0          0          0.0553     2.1149     77         111        119        126        134        142        167       
521        54000      54000      162.81     55.94      0.3436     29.77      0.16       0.15       0.20       0          32.45      33         33         0          0          0.0553     2.1163     77         112        119        126        134        142        167       
522        54000      54000      162.81     56.59      0.3476     29.74      0.17       0.15       0.20       0          32.45      33         33         0          0          0.0553     2.1158     77         112        119        126        134        142        167       
523        54000      54000      162.83     56.11      0.3446     29.77      0.16       0.15       0.20       0          32.44      33         33         0          0          0.0553     2.1141     77         112        119        126        134        142        167       
524        54000      54000      162.81     56.21      0.3452     29.81      0.16       0.16       0.20       0          32.44      33         33         0          0          0.0552     2.1156     78         112        119        126        134        142        167       
525        54000      54000      162.81     56.22      0.3453     29.82      0.16       0.16       0.20       0          32.43      33         33         0          0          0.0552     2.1171     78         112        119        126        134        142        167       
526        54000      54000      162.82     56.70      0.3482     29.83      0.16       0.16       0.20       0          32.43      33         33         0          0          0.0552     2.1153     78         112        119        126        134        142        167       
527        54000      54000      162.82     55.84      0.3430     29.79      0.16       0.16       0.20       0          32.43      33         33         0          0          0.0552     2.1182     79         112        119        126        134        142        167       
528        54000      54000      162.81     56.03      0.3441     29.76      0.16       0.15       0.20       0          32.42      33         33         0          0          0.0552     2.1176     80         112        119        126        134        142        167       
529        54000      54000      162.80     56.51      0.3471     29.83      0.16       0.16       0.20       0          32.42      33         33         0          0          0.0552     2.1146     80         112        119        126        134        142        167       
530        54000      54000      162.81     56.77      0.3487     29.77      0.16       0.16       0.20       0          32.42      33         33         0          0          0.0552     2.1110     80         112        119        126        134        142        167       
531        54000      54000      162.82     56.71      0.3483     29.78      0.16       0.16       0.20       0          32.41      33         33         0          0          0.0552     2.1145     80         112        119        126        134        142        167       
532        54000      54000      162.81     55.40      0.3403     29.87      0.17       0.16       0.20       0          32.41      33         33         0          0          0.0552     2.1197     80         112        119        126        134        142        167       
533        54000      54000      162.81     55.89      0.3433     29.77      0.16       0.15       0.20       0          32.40      33         33         0          0          0.0552     2.1165     80         112        119        126        134        142        167       
534        54000      54000      162.81     56.11      0.3446     29.70      0.16       0.15       0.20       0          32.40      33         33         0          0          0.0551     2.1143     80         112        119        126        134        142        167       
535        54000      54000      162.80     56.24      0.3455     29.76      0.16       0.15       0.20       0          32.40      33         33         0          0          0.0551     2.1167     80         112        119        126        134        142        167       
536        54000      54000      162.81     55.28      0.3395     29.76      0.17       0.16       0.20       0          32.39      33         33         0          0          0.0551     2.1179     80         112        119        126        134        142        167       
537        54000      54000      162.81     56.82      0.3490     29.78      0.16       0.16       0.20       0          32.39      33         33         0          0          0.0551     2.1163     80         112        119        126        134        142        167       
538        54000      54000      162.80     57.26      0.3518     29.80      0.16       0.16       0.20       0          32.39      33         33         0          0          0.0551     2.1163     80         112        119        126        134        142        167       
539        54000      54000      162.81     56.30      0.3458     29.80      0.16       0.16       0.20       0          32.38      33         33         0          0          0.0551     2.1181     80         112        119        126        134        142        167       
540        54000      54000      162.82     55.56      0.3413     29.86      0.16       0.16       0.20       0          32.38      33         33         0          0          0.0551     2.1160     80         112        119        126        134        142        167       
541        54000      54000      162.80     55.06      0.3382     29.78      0.16       0.16       0.20       0          32.38      33         33         0          0          0.0551     2.1185     80         112        119        126        134        142        167       
542        54000      54000      162.80     55.00      0.3379     29.65      0.17       0.15       0.20       0          32.37      33         33         0          0          0.0551     2.1150     81         112        119        126        134        142        167       
543        54000      54000      162.81     56.96      0.3498     29.66      0.16       0.15       0.20       0          32.37      33         33         0          0          0.0551     2.1166     81         112        119        126        134        142        167       
544        54000      54000      162.82     55.97      0.3437     29.70      0.16       0.15       0.20       0          32.37      33         33         0          0          0.0551     2.1193     81         112        119        126        134        142        167       
545        54000      54000      162.81     55.72      0.3422     29.69      0.16       0.15       0.20       0          32.36      33         33         0          0          0.0550     2.1130     81         112        119        126        134        142        167       
546        54000      54000      162.83     56.31      0.3458     29.70      0.16       0.16       0.20       0          32.36      33         33         0          0          0.0550     2.1139     81         112        119        126        134        142        167       
547        54000      54000      162.82     55.82      0.3429     29.71      0.16       0.15       0.20       0          32.36      33         33         0          0          0.0550     2.1183     81         112        119        126        134        142        167       
548        54000      54000      162.82     55.81      0.3428     29.65      0.16       0.15       0.20       0          32.36      33         33         0          0          0.0550     2.1150     81         112        119        126        134        142        167       
549        54000      54000      162.80     55.80      0.3428     29.61      0.16       0.15       0.20       0          32.35      33         33         0          0          0.0550     2.1121     81         112        119        126        134        142        167       
550        54000      54000      162.83     56.72      0.3483     29.69      0.16       0.15       0.20       0          32.35      33         33         0          0          0.0550     2.1171     82         112        119        126        134        142        167       
551        54000      54000      162.82     57.12      0.3508     29.70      0.16       0.15       0.20       0          32.35      33         33         0          0          0.0550     2.1126     82         112        119        126        134        142        167       
552        54000      54000      162.82     55.94      0.3436     29.85      0.17       0.16       0.20       0          32.35      33         33         0          0          0.0550     2.1156     82         112        119        126        134        142        167       
553        54000      54000      162.81     55.64      0.3417     29.76      0.16       0.16       0.20       0          32.34      33         33         0          0          0.0550     2.1141     82         112        119        126        134        142        167       
554        54000      54000      162.81     55.86      0.3431     29.73      0.16       0.16       0.20       0          32.34      33         33         0          0          0.0550     2.1110     82         112        119        126        134        142        167       
555        54000      54000      162.80     55.86      0.3431     29.70      0.16       0.15       0.20       0          32.34      33         33         0          0          0.0550     2.1149     82         112        119        126        134        142        167       
556        54000      54000      162.81     54.59      0.3353     29.58      0.16       0.15       0.20       0          32.34      33         33         0          0          0.0550     2.1166     82         112        119        126        134        142        166       
557        54000      54000      162.82     56.00      0.3439     29.59      0.16       0.15       0.20       0          32.33      33         33         0          0          0.0550     2.1153     83         112        119        126        134        142        166       
558        54000      54000      162.81     55.34      0.3399     29.55      0.16       0.15       0.20       0          32.33      33         33         0          0          0.0550     2.1146     83         112        119        127        134        142        166       
559        54000      54000      162.80     54.88      0.3371     29.57      0.16       0.15       0.20       0          32.33      33         33         0          0          0.0549     2.1151     83         112        119        126        134        142        166       
560        54000      54000      162.81     55.30      0.3396     29.50      0.16       0.15       0.20       0          32.32      33         33         0          0          0.0549     2.1163     83         112        119        127        134        142        166       
561        54000      54000      162.82     55.34      0.3399     29.51      0.16       0.15       0.20       0          32.32      33         33         0          0          0.0549     2.1165     84         112        119        127        134        142        166       
562        54000      54000      162.83     55.48      0.3407     29.60      0.16       0.15       0.20       0          32.32      33         33         0          0          0.0549     2.1163     84         112        119        127        134        142        166       
563        54000      54000      162.83     55.81      0.3428     29.58      0.16       0.15       0.20       0          32.32      33         33         0          0          0.0549     2.1161     84         112        119        127        134        142        166       
564        54000      54000      162.82     55.74      0.3424     29.62      0.16       0.15       0.20       0          32.31      33         33         0          0          0.0549     2.1125     84         112        119        127        134        142        166       
565        54000      54000      162.82     55.84      0.3429     29.64      0.16       0.15       0.20       0          32.31      33         33         0          0          0.0549     2.1136     84         112        119        127        134        142        166       
566        54000      54000      162.81     56.03      0.3442     29.69      0.16       0.15       0.20       0          32.31      33         33         0          0          0.0549     2.1109     85         112        119        127        134        142        166       
567        54000      54000      162.80     55.68      0.3420     29.66      0.16       0.15       0.20       0          32.31      33         33         0          0          0.0549     2.1155     85         112        119        127        134        142        166       
568        54000      54000      162.81     56.18      0.3450     29.65      0.16       0.15       0.20       0          32.31      33         33         0          0          0.0549     2.1126     85         112        119        127        134        142        166       
569        54000      54000      162.81     55.49      0.3408     29.63      0.16       0.15       0.20       0          32.30      33         33         0          0          0.0549     2.1153     85         112        119        127        134        142        166       
570        54000      54000      162.80     55.17      0.3389     29.68      0.16       0.15       0.20       0          32.30      33         33         0          0          0.0549     2.1125     85         112        119        127        134        142        166       
571        54000      54000      162.82     54.76      0.3363     29.62      0.16       0.15       0.20       0          32.30      33         33         0          0          0.0549     2.1156     85         112        119        127        134        142        166       
572        54000      54000      162.83     56.05      0.3442     29.56      0.16       0.15       0.20       0          32.30      33         33         0          0          0.0549     2.1141     85         112        119        127        134        142        166       
573        54000      54000      162.83     56.50      0.3470     29.60      0.16       0.15       0.20       0          32.29      33         33         0          0          0.0549     2.1166     85         112        119        127        134        142        166       
574        54000      54000      162.83     55.88      0.3432     29.65      0.16       0.15       0.20       0          32.29      33         33         0          0          0.0548     2.1145     85         112        119        127        134        142        166       
575        54000      54000      162.82     55.49      0.3408     29.63      0.16       0.15       0.20       0          32.29      33         33         0          0          0.0548     2.1185     85         112        119        127        134        142        166       
576        54000      54000      162.82     54.59      0.3353     29.66      0.17       0.15       0.20       0          32.29      33         33         0          0          0.0548     2.1147     85         112        119        127        134        142        166       
577        54000      54000      162.81     56.06      0.3443     29.58      0.16       0.15       0.20       0          32.28      33         33         0          0          0.0548     2.1166     85         112        119        127        134        142        166       
578        54000      54000      162.81     55.93      0.3435     29.61      0.16       0.15       0.20       0          32.28      33         33         0          0          0.0548     2.1131     85         112        119        127        134        142        166       
579        54000      54000      162.82     55.61      0.3416     29.62      0.16       0.15       0.20       0          32.28      33         33         0          0          0.0548     2.1132     85         112        119        127        134        142        166       
580        54000      54000      162.81     55.84      0.3430     29.52      0.16       0.15       0.20       0          32.28      33         33         0          0          0.0548     2.1126     85         112        119        127        134        142        166       
581        54000      54000      162.82     55.90      0.3433     29.56      0.16       0.15       0.20       0          32.28      33         33         0          0          0.0548     2.1134     85         112        119        127        134        142        166       
582        54000      54000      162.83     55.49      0.3408     29.58      0.16       0.15       0.20       0          32.27      33         33         0          0          0.0548     2.1135     85         112        119        127        134        142        166       
583        54000      54000      162.82     55.07      0.3383     29.61      0.16       0.15       0.20       0          32.27      33         33         0          0          0.0548     2.1165     85         112        119        127        134        142        166       
584        54000      54000      162.81     55.49      0.3409     29.55      0.16       0.15       0.20       0          32.27      33         33         0          0          0.0548     2.1142     85         112        119        127        134        142        166       
585        54000      54000      162.82     55.92      0.3434     29.56      0.16       0.15       0.20       0          32.27      33         33         0          0          0.0548     2.1174     85         112        119        127        134        142        166       
586        54000      54000      162.81     55.45      0.3406     29.52      0.16       0.15       0.20       0          32.26      33         33         0          0          0.0548     2.1178     85         112        119        127        134        142        166       
587        54000      54000      162.82     55.51      0.3409     29.62      0.17       0.15       0.20       0          32.26      33         33         0          0          0.0548     2.1151     85         112        119        127        134        142        166       
588        54000      54000      162.82     56.31      0.3459     29.69      0.16       0.15       0.20       0          32.26      33         33         0          0          0.0548     2.1166     85         112        119        127        134        142        166       
589        54000      54000      162.82     56.49      0.3470     29.70      0.16       0.16       0.20       0          32.26      33         33         0          0          0.0548     2.1162     85         112        119        127        134        142        166       
590        54000      54000      162.82     55.78      0.3426     29.69      0.16       0.16       0.20       0          32.26      33         33         0          0          0.0547     2.1160     85         112        119        127        134        142        166       
591        54000      54000      162.81     55.61      0.3416     29.67      0.16       0.16       0.20       0          32.25      33         33         0          0          0.0547     2.1184     85         112        119        127        134        142        166       
592        54000      54000      162.82     56.33      0.3459     29.69      0.16       0.15       0.20       0          32.25      33         33         0          0          0.0547     2.1126     86         112        119        127        134        142        166       
593        54000      54000      162.83     55.08      0.3383     29.55      0.16       0.15       0.20       0          32.25      33         33         0          0          0.0547     2.1148     86         112        119        127        134        142        166       
594        54000      54000      162.81     55.30      0.3396     29.55      0.16       0.15       0.20       0          32.25      33         33         0          0          0.0547     2.1154     86         112        119        127        134        142        166       
595        54000      54000      162.81     55.45      0.3406     29.52      0.16       0.15       0.20       0          32.24      33         33         0          0          0.0547     2.1162     86         112        119        127        134        142        166       
596        54000      54000      162.81     55.71      0.3422     29.58      0.16       0.15       0.20       0          32.24      33         33         0          0          0.0547     2.1138     86         112        119        127        134        142        166       
597        54000      54000      162.82     56.22      0.3453     29.57      0.16       0.15       0.20       0          32.24      33         33         0          0          0.0547     2.1154     86         112        119        127        134        142        166       
598        54000      54000      162.81     55.47      0.3407     29.64      0.16       0.15       0.20       0          32.24      33         33         0          0          0.0547     2.1166     86         112        119        127        134        142        166       
599        54000      54000      162.82     55.89      0.3433     29.65      0.16       0.15       0.20       0          32.24      33         33         0          0          0.0547     2.1137     86         112        119        127        134        142        166       
600        54000      54000      162.81     55.19      0.3390     29.54      0.16       0.15       0.20       0          32.23      33         33         0          0          0.0547     2.1150     86         112        119        127        134        142        166       
601        54000      54000      162.82     55.43      0.3404     29.58      0.16       0.15       0.20       0          32.23      33         33         0          0          0.0547     2.1155     86         112        119        127        134        142        166       
602        54000      54000      162.82     55.09      0.3383     29.49      0.16       0.15       0.20       0          32.23      33         33         0          0          0.0547     2.1160     86         112        119        127        134        142        166       
603        54000      54000      162.82     55.91      0.3434     29.53      0.16       0.15       0.20       0          32.23      33         33         0          0          0.0547     2.1152     86         112        119        127        134        142        166       
604        54000      54000      162.81     55.10      0.3384     29.46      0.16       0.15       0.20       0          32.23      33         33         0          0          0.0547     2.1154     86         112        119        127        134        142        166       
605        54000      54000      162.83     55.10      0.3384     29.47      0.16       0.15       0.20       0          32.23      33         33         0          0          0.0547     2.1152     86         112        119        127        134        142        166       
606        54000      54000      162.82     54.92      0.3373     29.42      0.16       0.15       0.20       0          32.22      33         33         0          0          0.0547     2.1170     86         112        119        127        134        142        166       
607        54000      54000      162.80     55.67      0.3420     29.48      0.16       0.15       0.20       0          32.22      33         33         0          0          0.0547     2.1107     86         112        119        127        134        142        166       
608        54000      54000      162.82     55.42      0.3404     29.46      0.16       0.15       0.20       0          32.22      33         33         0          0          0.0547     2.1108     86         112        119        127        134        142        166       
609        54000      54000      162.82     56.11      0.3446     29.52      0.16       0.15       0.20       0          32.22      33         33         0          0          0.0547     2.1165     86         112        119        127        134        142        166       
610        54000      54000      162.83     55.70      0.3421     29.55      0.16       0.15       0.20       0          32.22      33         33         0          0          0.0546     2.1159     87         112        119        127        134        142        166       
611        54000      54000      162.81     55.35      0.3400     29.55      0.16       0.15       0.20       0          32.22      33         33         0          0          0.0546     2.1145     87         112        119        127        134        142        166       
612        54000      54000      162.82     56.43      0.3466     29.54      0.16       0.15       0.20       0          32.22      33         33         0          0          0.0546     2.1126     87         112        119        127        134        142        166       
613        54000      54000      162.81     55.58      0.3414     29.67      0.16       0.16       0.20       0          32.21      33         33         0          0          0.0546     2.1140     87         112        119        127        134        142        166       
614        54000      54000      162.80     56.15      0.3449     29.67      0.16       0.16       0.20       0          32.21      33         33         0          0          0.0546     2.1139     87         112        119        127        134        142        166       
615        54000      54000      162.83     56.96      0.3498     29.70      0.16       0.16       0.20       0          32.21      33         33         0          0          0.0546     2.1120     87         112        119        127        134        142        166       
616        54000      54000      162.81     56.36      0.3462     29.77      0.17       0.16       0.20       0          32.21      33         33         0          0          0.0546     2.1110     87         112        119        127        134        142        166       
617        54000      54000      162.81     55.71      0.3422     29.72      0.17       0.16       0.20       0          32.21      33         33         0          0          0.0546     2.1127     87         112        119        127        134        142        166       
618        54000      54000      162.82     55.72      0.3422     29.71      0.17       0.16       0.20       0          32.21      33         33         0          0          0.0546     2.1152     87         112        119        127        134        142        166       
619        54000      54000      162.81     56.39      0.3464     29.68      0.16       0.16       0.20       0          32.21      33         33         0          0          0.0546     2.1135     87         112        119        127        134        142        166       
620        54000      54000      162.82     56.11      0.3446     29.64      0.16       0.15       0.20       0          32.21      33         33         0          0          0.0546     2.1121     87         112        119        127        134        142        166       
621        54000      54000      162.83     56.05      0.3442     29.64      0.16       0.15       0.20       0          32.20      33         33         0          0          0.0546     2.1134     87         112        119        127        134        142        166       
622        54000      54000      162.82     55.84      0.3430     29.64      0.16       0.15       0.20       0          32.20      33         33         0          0          0.0546     2.1130     87         112        119        127        134        142        166       
623        54000      54000      162.80     54.87      0.3370     29.53      0.16       0.15       0.20       0          32.20      33         33         0          0          0.0546     2.1114     87         112        119        127        134        142        166       
624        54000      54000      162.81     56.52      0.3472     29.49      0.16       0.15       0.20       0          32.20      33         33         0          0          0.0546     2.1129     87         112        119        127        134        142        166       
625        54000      54000      162.82     55.91      0.3434     29.61      0.16       0.15       0.20       0          32.20      33         33         0          0          0.0546     2.1097     87         112        119        127        134        142        166       
626        54000      54000      162.83     55.71      0.3421     29.58      0.16       0.15       0.20       0          32.20      33         33         0          0          0.0546     2.1147     87         112        119        127        134        142        166       
627        54000      54000      162.82     56.45      0.3467     29.62      0.17       0.15       0.20       0          32.19      33         33         0          0          0.0546     2.1110     87         112        119        127        134        142        166       
628        54000      54000      162.82     55.37      0.3400     29.56      0.16       0.15       0.20       0          32.19      33         33         0          0          0.0546     2.1155     87         112        119        127        134        142        166       
629        54000      54000      162.81     56.34      0.3460     29.57      0.16       0.15       0.20       0          32.19      33         33         0          0          0.0546     2.1148     87         112        119        127        134        142        166       
630        54000      54000      162.83     55.38      0.3401     29.56      0.16       0.15       0.20       0          32.19      33         33         0          0          0.0546     2.1186     87         112        119        127        134        142        166       
631        54000      54000      162.81     55.83      0.3429     29.61      0.16       0.15       0.20       0          32.19      33         33         0          0          0.0546     2.1090     87         112        119        127        134        142        166       
632        54000      54000      162.81     55.80      0.3427     29.58      0.16       0.15       0.20       0          32.19      33         33         0          0          0.0546     2.1123     87         112        119        127        134        142        166       
633        54000      54000      162.80     56.67      0.3481     29.60      0.16       0.16       0.20       0          32.19      33         33         0          0          0.0546     2.1145     87         112        119        127        134        142        166       
634        54000      54000      162.82     55.92      0.3434     29.57      0.16       0.15       0.20       0          32.18      33         33         0          0          0.0546     2.1166     87         112        119        127        134        142        166       
635        54000      54000      162.83     56.74      0.3484     29.63      0.16       0.15       0.20       0          32.18      33         33         0          0          0.0546     2.1120     87         112        119        127        134        142        165       
636        54000      54000      162.81     56.51      0.3471     29.72      0.16       0.16       0.20       0          32.18      33         33         0          0          0.0546     2.1153     87         112        119        127        134        142        165       
637        54000      54000      162.81     55.09      0.3384     29.72      0.16       0.16       0.20       0          32.18      33         33         0          0          0.0545     2.1189     87         112        119        127        134        142        165       
638        54000      54000      162.81     56.58      0.3475     29.77      0.17       0.16       0.20       0          32.18      33         33         0          0          0.0545     2.1141     87         112        119        127        134        142        165       
639        54000      54000      162.82     55.74      0.3423     29.58      0.16       0.15       0.20       0          32.18      33         33         0          0          0.0545     2.1147     87         112        119        127        134        142        165       
640        54000      54000      162.81     55.53      0.3411     29.53      0.16       0.15       0.20       0          32.18      33         33         0          0          0.0545     2.1128     88         112        119        127        134        142        165       
641        54000      54000      162.81     56.12      0.3447     29.57      0.16       0.15       0.20       0          32.17      33         33         0          0          0.0545     2.1165     88         112        119        127        134        142        165       
642        54000      54000      162.81     55.37      0.3401     29.69      0.16       0.16       0.20       0          32.17      33         33         0          0          0.0545     2.1145     88         112        119        127        134        142        165       
643        54000      54000      162.81     56.18      0.3451     29.68      0.16       0.16       0.20       0          32.17      33         33         0          0          0.0545     2.1144     88         112        119        127        134        142        165       
644        54000      54000      162.83     54.99      0.3377     29.54      0.16       0.15       0.20       0          32.17      33         33         0          0          0.0545     2.1117     88         112        119        127        134        142        165       
645        54000      54000      162.81     55.19      0.3390     29.56      0.17       0.15       0.20       0          32.17      33         33         0          0          0.0545     2.1124     88         112        119        127        134        142        165       
646        54000      54000      162.83     55.23      0.3392     29.48      0.16       0.15       0.20       0          32.17      33         33         0          0          0.0545     2.1167     88         112        119        127        134        142        165       
647        54000      54000      162.82     55.73      0.3423     29.50      0.16       0.15       0.20       0          32.17      33         33         0          0          0.0545     2.1105     88         112        119        127        134        142        165       
648        54000      54000      162.83     56.12      0.3447     29.46      0.16       0.15       0.20       0          32.17      33         33         0          0          0.0545     2.1151     88         112        119        127        134        142        165       
649        54000      54000      162.81     55.52      0.3410     29.51      0.16       0.15       0.20       0          32.17      33         33         0          0          0.0545     2.1174     88         112        119        127        134        142        165       
650        54000      54000      162.81     55.63      0.3417     29.54      0.16       0.15       0.20       0          32.17      33         33         0          0          0.0545     2.1129     88         112        119        127        134        142        165       
651        54000      54000      162.83     54.72      0.3360     29.50      0.16       0.15       0.20       0          32.16      33         33         0          0          0.0545     2.1138     88         112        119        127        134        142        165       
652        54000      54000      162.81     55.54      0.3411     29.47      0.16       0.15       0.20       0          32.16      33         33         0          0          0.0545     2.1161     88         112        119        127        134        142        165       
653        54000      54000      162.82     55.42      0.3404     29.46      0.16       0.15       0.20       0          32.16      33         33         0          0          0.0545     2.1161     88         112        119        127        134        142        165       
654        54000      54000      162.81     54.77      0.3364     29.49      0.16       0.15       0.20       0          32.16      33         33         0          0          0.0545     2.1217     88         112        119        127        134        142        165       
655        54000      54000      162.82     55.68      0.3420     29.46      0.16       0.15       0.20       0          32.16      33         33         0          0          0.0545     2.1141     88         112        119        127        134        142        165       
656        54000      54000      162.82     55.89      0.3433     29.49      0.16       0.15       0.20       0          32.16      33         33         0          0          0.0545     2.1157     88         112        119        127        134        142        165       
657        54000      54000      162.82     57.16      0.3510     29.56      0.16       0.15       0.20       0          32.16      33         33         0          0          0.0545     2.1133     88         112        119        127        134        142        165       
658        54000      54000      162.81     55.60      0.3415     29.61      0.16       0.16       0.20       0          32.15      33         33         0          0          0.0545     2.1131     88         113        119        127        134        142        165       
659        54000      54000      162.82     56.15      0.3448     29.60      0.16       0.16       0.20       0          32.15      33         33         0          0          0.0545     2.1145     88         112        119        127        134        142        165       
660        54000      54000      162.83     55.62      0.3416     29.53      0.16       0.15       0.20       0          32.15      33         33         0          0          0.0545     2.1190     88         113        119        127        134        142        165       
661        54000      54000      162.82     55.30      0.3397     29.53      0.16       0.15       0.20       0          32.15      33         33         0          0          0.0545     2.1130     88         113        119        127        134        142        165       
662        54000      54000      162.82     55.13      0.3386     29.49      0.16       0.15       0.20       0          32.15      33         33         0          0          0.0545     2.1170     88         113        119        127        134        142        165       
663        54000      54000      162.83     55.85      0.3430     29.49      0.16       0.15       0.20       0          32.15      33         33         0          0          0.0545     2.1157     88         113        119        127        134        142        165       
664        54000      54000      162.81     55.00      0.3378     29.46      0.16       0.15       0.20       0          32.15      33         33         0          0          0.0545     2.1157     88         113        119        127        134        142        165       
665        54000      54000      162.82     55.65      0.3418     29.53      0.16       0.15       0.20       0          32.15      33         33         0          0          0.0545     2.1118     88         113        119        127        134        142        165       
666        54000      54000      162.81     55.97      0.3438     29.46      0.16       0.15       0.20       0          32.15      33         33         0          0          0.0545     2.1164     88         113        119        127        134        142        165       
667        54000      54000      162.83     54.79      0.3365     29.46      0.16       0.15       0.20       0          32.15      33         33         0          0          0.0545     2.1170     88         113        119        127        134        142        165       
668        54000      54000      162.82     55.72      0.3422     29.37      0.16       0.15       0.20       0          32.15      33         33         0          0          0.0545     2.1127     88         113        119        127        134        142        165       
669        54000      54000      162.82     55.91      0.3434     29.47      0.16       0.15       0.20       0          32.14      33         33         0          0          0.0545     2.1122     87         113        119        127        134        142        164       
670        54000      54000      162.79     54.71      0.3361     29.47      0.16       0.15       0.20       0          32.14      33         33         0          0          0.0544     2.1159     87         113        119        127        134        142        164       
671        54000      54000      162.81     55.99      0.3439     29.51      0.15       0.15       0.20       0          32.14      33         33         0          0          0.0544     2.1131     87         113        119        127        134        142        164       
672        54000      54000      162.83     55.48      0.3407     29.45      0.16       0.15       0.20       0          32.14      33         33         0          0          0.0544     2.1176     87         113        119        127        134        142        164       
673        54000      54000      162.82     55.46      0.3406     29.53      0.16       0.15       0.20       0          32.14      33         33         0          0          0.0544     2.1132     87         113        119        127        134        142        164       
674        54000      54000      162.81     55.45      0.3406     29.53      0.16       0.15       0.20       0          32.14      33         33         0          0          0.0544     2.1141     87         113        119        127        134        142        164       
675        54000      54000      162.82     55.22      0.3391     29.43      0.16       0.15       0.20       0          32.14      33         33         0          0          0.0544     2.1148     87         113        119        127        134        142        164       
676        54000      54000      162.80     55.28      0.3396     29.39      0.16       0.15       0.20       0          32.14      33         33         0          0          0.0544     2.1155     87         113        119        127        134        142        164       
677        54000      54000      162.81     55.91      0.3434     29.42      0.16       0.15       0.20       0          32.14      33         33         0          0          0.0544     2.1124     87         113        119        127        134        142        164       
678        54000      54000      162.82     56.35      0.3461     29.50      0.16       0.15       0.20       0          32.14      33         33         0          0          0.0544     2.1142     87         113        119        127        134        142        164       
679        54000      54000      162.81     55.85      0.3431     29.60      0.16       0.15       0.20       0          32.14      33         33         0          0          0.0544     2.1146     87         113        119        127        134        142        164       
680        54000      54000      162.82     55.91      0.3434     29.57      0.16       0.15       0.20       0          32.13      33         33         0          0          0.0544     2.1144     87         113        119        127        134        142        164       
681        54000      54000      162.82     55.50      0.3409     29.56      0.16       0.15       0.20       0          32.13      33         33         0          0          0.0544     2.1092     87         113        119        127        134        142        164       
682        54000      54000      162.82     54.68      0.3358     29.48      0.16       0.15       0.20       0          32.13      33         33         0          0          0.0544     2.1176     87         113        119        127        134        142        164       
683        54000      54000      162.82     55.11      0.3385     29.55      0.16       0.15       0.20       0          32.13      33         33         0          0          0.0544     2.1154     87         113        119        127        134        142        164       
684        54000      54000      162.80     55.90      0.3433     29.53      0.16       0.15       0.20       0          32.13      33         33         0          0          0.0544     2.1133     87         113        119        127        134        142        164       
685        54000      54000      162.83     56.27      0.3456     29.56      0.16       0.15       0.20       0          32.13      33         33         0          0          0.0544     2.1069     87         113        119        127        134        142        164       
686        54000      54000      162.81     55.52      0.3410     29.45      0.16       0.15       0.20       0          32.13      33         33         0          0          0.0544     2.1159     87         113        119        127        134        142        164       
687        54000      54000      162.82     56.17      0.3450     29.45      0.16       0.15       0.20       0          32.13      33         33         0          0          0.0544     2.1125     87         113        119        127        134        142        164       
688        54000      54000      162.81     54.90      0.3372     29.53      0.16       0.15       0.20       0          32.13      33         33         0          0          0.0544     2.1140     87         113        119        127        134        142        164       
689        54000      54000      162.82     55.95      0.3436     29.54      0.16       0.15       0.20       0          32.13      33         33         0          0          0.0544     2.1151     87         113        119        127        134        142        164       
690        54000      54000      162.83     56.13      0.3447     29.41      0.16       0.15       0.20       0          32.13      33         33         0          0          0.0544     2.1136     87         113        119        127        134        142        164       
691        54000      54000      162.82     55.67      0.3419     29.53      0.16       0.15       0.20       0          32.13      33         33         0          0          0.0544     2.1149     87         113        119        127        134        142        164       
692        54000      54000      162.81     55.19      0.3390     29.55      0.16       0.15       0.20       0          32.12      33         33         0          0          0.0544     2.1174     87         113        119        127        134        142        164       
693        54000      54000      162.83     55.22      0.3391     29.48      0.16       0.15       0.20       0          32.12      33         33         0          0          0.0544     2.1128     87         113        119        127        134        142        164       
694        54000      54000      162.80     55.82      0.3429     29.46      0.16       0.15       0.20       0          32.12      33         33         0          0          0.0544     2.1146     87         113        119        127        134        142        164       
695        54000      54000      162.81     55.92      0.3435     29.56      0.17       0.15       0.20       0          32.12      33         33         0          0          0.0544     2.1142     87         113        119        127        134        142        164       
696        54000      54000      162.82     56.00      0.3439     29.53      0.16       0.15       0.20       0          32.12      33         33         0          0          0.0544     2.1096     87         113        119        127        134        142        164       
697        54000      54000      162.81     55.00      0.3378     29.47      0.16       0.15       0.20       0          32.12      33         33         0          0          0.0544     2.1133     87         113        119        127        134        142        164       
698        54000      54000      162.81     55.56      0.3412     29.52      0.16       0.15       0.20       0          32.12      33         33         0          0          0.0544     2.1133     87         113        119        127        134        142        164       
699        54000      54000      162.81     55.19      0.3390     29.42      0.16       0.15       0.20       0          32.12      33         33         0          0          0.0544     2.1114     87         113        119        127        134        142        164       
700        54000      54000      162.81     55.04      0.3381     29.36      0.16       0.15       0.20       0          32.12      33         33         0          0          0.0544     2.1143     87         113        119        127        134        142        164       
701        54000      54000      162.82     55.98      0.3438     29.43      0.16       0.15       0.20       0          32.12      33         33         0          0          0.0544     2.1122     87         113        119        127        134        142        164       
702        54000      54000      162.81     55.13      0.3386     29.42      0.16       0.15       0.20       0          32.12      33         33         0          0          0.0544     2.1142     87         113        119        127        134        142        164       
703        54000      54000      162.83     54.79      0.3365     29.37      0.16       0.15       0.20       0          32.12      33         33         0          0          0.0544     2.1120     87         113        119        127        134        142        164       
704        54000      54000      162.80     55.49      0.3408     29.36      0.16       0.15       0.20       0          32.12      33         33         0          0          0.0544     2.1141     87         113        119        127        134        142        164       
705        54000      54000      162.80     55.27      0.3395     29.40      0.16       0.15       0.20       0          32.12      33         33         0          0          0.0544     2.1159     87         113        119        127        134        142        164       
706        54000      54000      162.82     55.35      0.3399     29.34      0.16       0.15       0.20       0          32.11      33         33         0          0          0.0544     2.1141     87         113        119        127        134        142        164       
707        54000      54000      162.80     55.70      0.3422     29.45      0.16       0.15       0.20       0          32.11      33         33         0          0          0.0544     2.1134     87         113        119        127        134        142        164       
708        54000      54000      162.81     56.19      0.3451     29.44      0.16       0.15       0.20       0          32.11      33         33         0          0          0.0544     2.1143     87         113        119        127        134        142        164       
709        54000      54000      162.81     55.29      0.3396     29.41      0.16       0.15       0.20       0          32.11      33         33         0          0          0.0544     2.1131     87         113        119        127        134        142        164       
710        54000      54000      162.81     55.43      0.3404     29.48      0.16       0.15       0.20       0          32.11      33         33         0          0          0.0544     2.1113     87         113        119        127        134        142        164       
711        54000      54000      162.81     56.19      0.3451     29.47      0.16       0.15       0.20       0          32.11      33         33         0          0          0.0544     2.1143     87         113        119        127        134        142        164       
712        54000      54000      162.82     55.24      0.3393     29.53      0.16       0.15       0.20       0          32.11      33         33         0          0          0.0544     2.1144     87         113        119        127        134        142        164       
713        54000      54000      162.81     54.77      0.3364     29.45      0.16       0.15       0.20       0          32.11      33         33         0          0          0.0544     2.1174     87         113        119        127        134        142        164       
714        54000      54000      162.82     55.15      0.3387     29.39      0.16       0.15       0.20       0          32.11      33         33         0          0          0.0544     2.1112     87         113        119        127        134        142        164       
715        54000      54000      162.82     55.43      0.3404     29.43      0.16       0.15       0.20       0          32.11      33         33         0          0          0.0544     2.1131     87         113        119        127        134        142        164       
716        54000      54000      162.82     55.07      0.3383     29.39      0.16       0.15       0.20       0          32.11      33         33         0          0          0.0543     2.1143     87         113        119        127        134        142        164       
717        54000      54000      162.82     54.57      0.3352     29.36      0.16       0.15       0.20       0          32.11      33         33         0          0          0.0543     2.1106     87         113        119        127        134        142        164       
718        54000      54000      162.82     54.99      0.3377     29.36      0.15       0.15       0.20       0          32.11      33         33         0          0          0.0543     2.1121     87         113        119        127        134        142        164       
719        54000      54000      162.83     55.91      0.3434     29.32      0.16       0.15       0.20       0          32.10      33         33         0          0          0.0543     2.1148     87         113        119        127        134        142        164       
720        54000      54000      162.82     54.83      0.3368     29.30      0.16       0.15       0.20       0          32.10      33         33         0          0          0.0543     2.1121     87         113        119        127        134        142        164       
721        54000      54000      162.81     54.94      0.3374     29.34      0.16       0.15       0.20       0          32.10      33         33         0          0          0.0543     2.1127     87         113        119        127        134        142        164       
722        54000      54000      162.82     55.74      0.3423     29.37      0.16       0.15       0.20       0          32.10      33         33         0          0          0.0543     2.1107     87         113        119        127        134        142        164       
723        54000      54000      162.82     55.67      0.3419     29.46      0.16       0.15       0.20       0          32.10      33         33         0          0          0.0543     2.1113     87         113        119        127        134        142        164       
724        54000      54000      162.81     54.87      0.3370     29.46      0.16       0.15       0.20       0          32.10      33         33         0          0          0.0543     2.1114     87         113        119        127        134        142        164       
725        54000      54000      162.81     56.48      0.3469     29.48      0.16       0.15       0.20       0          32.10      33         33         0          0          0.0543     2.1134     87         113        119        127        134        142        164       
726        54000      54000      162.81     54.90      0.3372     29.48      0.16       0.15       0.20       0          32.10      33         33         0          0          0.0543     2.1135     88         113        119        127        134        142        164       
727        54000      54000      162.82     56.22      0.3453     29.41      0.16       0.15       0.20       0          32.10      33         33         0          0          0.0543     2.1184     88         113        119        127        134        142        164       
728        54000      54000      162.82     56.03      0.3441     29.43      0.16       0.15       0.20       0          32.10      33         33         0          0          0.0543     2.1082     88         113        119        127        134        142        164       
729        54000      54000      162.82     55.11      0.3385     29.50      0.16       0.15       0.20       0          32.10      33         33         0          0          0.0543     2.1141     88         113        119        127        134        142        164       
730        54000      54000      162.83     55.88      0.3432     29.38      0.16       0.15       0.20       0          32.10      33         33         0          0          0.0543     2.1144     88         113        119        127        134        142        164       
731        54000      54000      162.82     55.16      0.3388     29.41      0.16       0.15       0.20       0          32.10      33         33         0          0          0.0543     2.1149     88         113        119        127        134        142        164       
732        54000      54000      162.81     56.17      0.3450     29.54      0.16       0.15       0.20       0          32.10      33         33         0          0          0.0543     2.1138     89         113        119        127        134        142        164       
733        54000      54000      162.81     54.92      0.3373     29.44      0.16       0.15       0.20       0          32.10      33         33         0          0          0.0543     2.1117     89         113        119        127        134        142        164       
734        54000      54000      162.83     55.48      0.3407     29.46      0.16       0.15       0.20       0          32.10      33         33         0          0          0.0543     2.1144     89         113        119        127        134        142        164       
735        54000      54000      162.82     56.03      0.3441     29.46      0.16       0.15       0.20       0          32.10      33         33         0          0          0.0543     2.1106     89         113        119        127        134        142        164       
736        54000      54000      162.81     56.11      0.3447     29.46      0.16       0.15       0.20       0          32.10      33         33         0          0          0.0543     2.1122     89         113        119        127        134        142        164       
737        54000      54000      162.83     54.69      0.3359     29.46      0.16       0.15       0.20       0          32.10      33         33         0          0          0.0543     2.1156     89         113        119        127        134        142        164       
738        54000      54000      162.79     55.22      0.3392     29.43      0.17       0.15       0.20       0          32.09      33         33         0          0          0.0543     2.1129     89         113        119        127        134        142        164       
739        54000      54000      162.82     55.47      0.3407     29.42      0.16       0.15       0.20       0          32.09      33         33         0          0          0.0543     2.1159     89         113        119        127        134        142        164       
740        54000      54000      162.81     56.03      0.3441     29.36      0.16       0.15       0.20       0          32.09      33         33         0          0          0.0543     2.1144     89         113        119        127        134        142        164       
741        54000      54000      162.81     56.30      0.3458     29.40      0.16       0.15       0.20       0          32.09      33         33         0          0          0.0543     2.1161     89         113        119        127        134        142        164       
742        54000      54000      162.82     55.38      0.3401     29.49      0.16       0.15       0.20       0          32.09      33         33         0          0          0.0543     2.1126     89         113        119        127        134        142        164       
743        54000      54000      162.80     55.98      0.3438     29.53      0.16       0.15       0.20       0          32.09      33         33         0          0          0.0543     2.1125     89         113        119        127        134        142        164       
744        54000      54000      162.82     54.44      0.3344     29.48      0.16       0.15       0.20       0          32.09      33         33         0          0          0.0543     2.1098     89         113        119        127        134        142        164       
745        54000      54000      162.80     57.17      0.3512     29.46      0.16       0.15       0.20       0          32.09      33         33         0          0          0.0543     2.1142     89         113        119        127        134        142        164       
746        54000      54000      162.83     55.09      0.3383     29.41      0.16       0.15       0.20       0          32.09      33         33         0          0          0.0543     2.1145     89         113        119        127        134        142        164       
747        54000      54000      162.82     56.57      0.3474     29.43      0.16       0.15       0.20       0          32.09      33         33         0          0          0.0543     2.1129     89         113        119        127        134        142        164       
748        54000      54000      162.82     55.34      0.3399     29.43      0.16       0.15       0.20       0          32.09      33         33         0          0          0.0543     2.1159     89         113        119        127        134        142        164       
749        54000      54000      162.80     56.15      0.3449     29.49      0.16       0.15       0.20       0          32.09      33         33         0          0          0.0543     2.1151     89         113        119        127        134        142        164       
750        54000      54000      162.82     55.12      0.3385     29.40      0.16       0.15       0.20       0          32.09      33         33         0          0          0.0543     2.1107     89         113        119        127        134        142        164       
751        54000      54000      162.81     56.28      0.3457     29.44      0.16       0.15       0.20       0          32.09      33         33         0          0          0.0543     2.1127     89         113        119        127        134        142        164       
752        54000      54000      162.83     55.95      0.3436     29.48      0.16       0.15       0.20       0          32.09      33         33         0          0          0.0543     2.1126     89         113        119        127        134        142        164       
753        54000      54000      162.80     55.15      0.3387     29.48      0.16       0.15       0.20       0          32.09      33         33         0          0          0.0543     2.1140     89         113        119        127        134        142        164       
754        54000      54000      162.81     55.38      0.3402     29.44      0.16       0.15       0.20       0          32.09      33         33         0          0          0.0543     2.1151     89         113        119        127        134        142        164       
755        54000      54000      162.82     55.19      0.3390     29.37      0.15       0.15       0.20       0          32.08      33         33         0          0          0.0543     2.1180     89         113        119        127        134        142        164       
756        54000      54000      162.82     55.97      0.3438     29.41      0.15       0.15       0.20       0          32.08      33         33         0          0          0.0543     2.1161     89         113        119        127        134        142        164       
757        54000      54000      162.82     55.70      0.3421     29.41      0.16       0.15       0.20       0          32.08      33         33         0          0          0.0543     2.1142     89         113        119        127        134        142        164       
758        54000      54000      162.80     55.97      0.3438     29.52      0.16       0.15       0.20       0          32.08      33         33         0          0          0.0543     2.1109     89         113        119        127        134        142        164       
759        54000      54000      162.82     54.80      0.3366     29.47      0.16       0.15       0.20       0          32.08      33         33         0          0          0.0543     2.1111     89         113        119        127        134        142        164       
760        54000      54000      162.81     54.81      0.3367     29.32      0.16       0.15       0.20       0          32.08      33         33         0          0          0.0543     2.1148     89         113        119        127        134        142        164       
761        54000      54000      162.81     55.89      0.3433     29.40      0.16       0.15       0.20       0          32.08      33         33         0          0          0.0543     2.1120     89         113        119        127        134        142        164       
762        54000      54000      162.82     54.86      0.3369     29.39      0.16       0.15       0.20       0          32.08      33         33         0          0          0.0543     2.1120     89         113        119        127        134        142        164       
763        54000      54000      162.81     55.59      0.3414     29.38      0.16       0.15       0.20       0          32.08      33         33         0          0          0.0543     2.1135     89         113        119        127        134        142        164       
764        54000      54000      162.82     55.08      0.3383     29.38      0.16       0.15       0.20       0          32.08      33         33         0          0          0.0543     2.1112     89         113        119        127        134        142        164       
765        54000      54000      162.81     55.62      0.3416     29.41      0.16       0.15       0.20       0          32.08      33         33         0          0          0.0543     2.1117     89         113        119        127        134        142        164       
766        54000      54000      162.83     55.79      0.3426     29.36      0.15       0.15       0.20       0          32.08      33         33         0          0          0.0543     2.1148     89         113        119        127        134        142        164       
767        54000      54000      162.81     55.47      0.3407     29.38      0.16       0.15       0.20       0          32.08      33         33         0          0          0.0543     2.1175     89         113        119        127        134        142        164       
768        54000      54000      162.82     55.63      0.3416     29.42      0.16       0.15       0.20       0          32.08      33         33         0          0          0.0543     2.1151     89         113        119        127        134        142        164       
769        54000      54000      162.82     55.10      0.3384     29.38      0.16       0.15       0.20       0          32.08      33         33         0          0          0.0543     2.1171     89         113        119        127        134        142        164       
770        54000      54000      162.81     54.93      0.3374     29.41      0.15       0.15       0.20       0          32.08      33         33         0          0          0.0543     2.1165     90         113        119        127        134        142        164       
771        54000      54000      162.82     54.21      0.3329     29.38      0.15       0.15       0.20       0          32.08      33         33         0          0          0.0543     2.1101     90         113        119        127        134        142        164       
772        54000      54000      162.82     55.19      0.3390     29.32      0.16       0.15       0.20       0          32.08      33         33         0          0          0.0543     2.1120     90         113        119        127        134        142        164       
773        54000      54000      162.83     54.85      0.3369     29.20      0.16       0.15       0.20       0          32.08      33         33         0          0          0.0543     2.1123     90         113        119        127        134        142        164       
774        54000      54000      162.82     55.54      0.3411     29.26      0.16       0.15       0.20       0          32.08      33         33         0          0          0.0543     2.1128     90         113        119        127        134        142        164       
775        54000      54000      162.82     54.89      0.3371     29.30      0.16       0.15       0.20       0          32.08      33         33         0          0          0.0543     2.1149     90         113        119        127        134        142        164       
776        54000      54000      162.82     54.82      0.3367     29.32      0.16       0.15       0.20       0          32.08      33         33         0          0          0.0543     2.1158     90         113        119        127        134        142        164       
777        54000      54000      162.82     55.44      0.3405     29.33      0.16       0.15       0.20       0          32.08      33         33         0          0          0.0543     2.1152     90         113        119        127        134        142        164       
778        54000      54000      162.81     54.70      0.3359     29.35      0.16       0.15       0.20       0          32.08      33         33         0          0          0.0543     2.1143     90         113        119        127        134        142        164       
779        54000      54000      162.83     54.54      0.3349     29.28      0.16       0.15       0.20       0          32.07      33         33         0          0          0.0543     2.1171     90         113        119        127        134        142        164       
780        54000      54000      162.81     55.79      0.3427     29.31      0.16       0.15       0.20       0          32.07      33         33         0          0          0.0543     2.1175     90         113        119        127        134        142        164       
781        54000      54000      162.81     55.49      0.3408     29.26      0.15       0.15       0.20       0          32.07      33         33         0          0          0.0543     2.1122     90         113        119        127        134        142        164       
782        54000      54000      162.83     54.82      0.3367     29.34      0.16       0.15       0.20       0          32.07      33         33         0          0          0.0543     2.1161     90         113        119        127        134        142        164       
783        54000      54000      162.81     54.99      0.3378     29.33      0.16       0.15       0.20       0          32.07      33         33         0          0          0.0543     2.1152     90         113        119        127        134        142        164       
784        54000      54000      162.83     55.46      0.3406     29.31      0.16       0.15       0.20       0          32.07      33         33         0          0          0.0543     2.1159     90         113        119        127        134        142        164       
785        54000      54000      162.80     54.74      0.3362     29.38      0.16       0.15       0.20       0          32.07      33         33         0          0          0.0543     2.1169     90         113        119        127        134        142        164       
786        54000      54000      162.81     55.39      0.3402     29.37      0.16       0.15       0.20       0          32.07      33         33         0          0          0.0543     2.1134     90         113        119        127        134        142        164       
787        54000      54000      162.81     55.59      0.3415     29.32      0.15       0.15       0.20       0          32.07      33         33         0          0          0.0543     2.1102     90         113        119        127        134        142        164       
788        54000      54000      162.81     55.03      0.3380     29.32      0.15       0.15       0.20       0          32.07      33         33         0          0          0.0543     2.1143     90         113        119        127        134        142        164       
789        54000      54000      162.82     54.61      0.3354     29.31      0.16       0.15       0.20       0          32.07      33         33         0          0          0.0542     2.1117     90         113        119        127        134        142        164       
790        54000      54000      162.82     54.33      0.3337     29.29      0.16       0.15       0.20       0          32.07      33         33         0          0          0.0542     2.1148     90         113        119        127        134        142        164       
791        54000      54000      162.81     55.83      0.3429     29.28      0.16       0.15       0.20       0          32.07      33         33         0          0          0.0542     2.1165     90         113        119        127        134        142        164       
792        54000      54000      162.83     55.51      0.3409     29.32      0.16       0.15       0.20       0          32.07      33         33         0          0          0.0542     2.1136     90         113        119        127        134        142        164       
793        54000      54000      162.82     55.20      0.3390     29.38      0.16       0.15       0.20       0          32.07      33         33         0          0          0.0542     2.1151     90         113        119        127        134        142        164       
794        54000      54000      162.83     55.80      0.3427     29.37      0.15       0.15       0.20       0          32.07      33         33         0          0          0.0542     2.1145     90         113        119        127        134        142        164       
795        54000      54000      162.82     55.45      0.3406     29.39      0.16       0.15       0.20       0          32.07      33         33         0          0          0.0542     2.1164     90         113        119        127        134        142        164       
796        54000      54000      162.82     55.87      0.3431     29.35      0.16       0.15       0.20       0          32.07      33         33         0          0          0.0542     2.1148     89         113        119        127        134        142        164       
797        54000      54000      162.83     55.30      0.3396     29.40      0.16       0.15       0.20       0          32.07      33         33         0          0          0.0542     2.1132     89         113        119        127        134        142        164       
798        54000      54000      162.80     54.94      0.3375     29.44      0.16       0.15       0.20       0          32.07      33         33         0          0          0.0542     2.1147     89         113        119        127        134        142        164       
799        54000      54000      162.82     55.61      0.3416     29.44      0.16       0.15       0.20       0          32.07      33         33         0          0          0.0542     2.1130     89         113        119        127        134        142        164       
800        54000      54000      162.81     55.09      0.3383     29.35      0.16       0.15       0.20       0          32.07      33         33         0          0          0.0542     2.1125     89         113        119        127        134        142        164       
801        54000      54000      162.83     55.52      0.3409     29.39      0.16       0.15       0.20       0          32.07      33         33         0          0          0.0542     2.1162     89         113        119        127        134        142        164       
802        54000      54000      162.82     55.32      0.3398     29.41      0.16       0.15       0.20       0          32.07      33         33         0          0          0.0542     2.1157     89         113        119        127        134        142        164       
803        54000      54000      162.81     55.00      0.3378     29.32      0.16       0.15       0.20       0          32.07      33         33         0          0          0.0542     2.1128     89         113        119        127        134        142        164       
804        54000      54000      162.82     55.86      0.3431     29.32      0.16       0.15       0.20       0          32.07      33         33         0          0          0.0542     2.1153     89         113        119        127        134        142        164       
805        54000      54000      162.81     55.02      0.3379     29.37      0.16       0.15       0.20       0          32.07      33         33         0          0          0.0542     2.1097     89         113        119        127        134        142        164       
806        54000      54000      162.81     55.56      0.3412     29.39      0.16       0.15       0.20       0          32.07      33         33         0          0          0.0542     2.1128     89         113        119        127        134        142        164       
807        54000      54000      162.83     55.46      0.3406     29.34      0.15       0.15       0.20       0          32.06      33         33         0          0          0.0542     2.1134     89         113        119        127        134        142        164       
808        54000      54000      162.82     54.26      0.3333     29.27      0.16       0.15       0.20       0          32.06      33         33         0          0          0.0542     2.1170     89         113        119        127        134        142        164       
809        54000      54000      162.82     55.01      0.3379     29.25      0.16       0.15       0.20       0          32.06      33         33         0          0          0.0542     2.1106     89         113        119        127        134        142        163       
810        54000      54000      162.82     56.80      0.3489     29.30      0.15       0.15       0.20       0          32.06      33         33         0          0          0.0542     2.1137     89         113        119        127        134        142        163       
811        54000      54000      162.81     55.41      0.3404     29.39      0.16       0.15       0.20       0          32.06      33         33         0          0          0.0542     2.1125     89         113        119        127        134        142        163       
812        54000      54000      162.81     54.91      0.3372     29.40      0.16       0.15       0.20       0          32.06      33         33         0          0          0.0542     2.1160     89         113        119        127        134        142        163       
813        54000      54000      162.81     55.43      0.3405     29.27      0.16       0.15       0.20       0          32.06      33         33         0          0          0.0542     2.1128     89         113        119        127        134        142        163       
814        54000      54000      162.83     55.03      0.3379     29.34      0.16       0.15       0.20       0          32.06      33         33         0          0          0.0542     2.1097     89         113        119        127        134        142        163       
815        54000      54000      162.82     54.80      0.3365     29.30      0.16       0.15       0.20       0          32.06      33         33         0          0          0.0542     2.1126     89         113        119        127        134        142        163       
816        54000      54000      162.81     55.13      0.3386     29.32      0.16       0.15       0.20       0          32.06      33         33         0          0          0.0542     2.1122     89         113        119        127        134        142        163       
817        54000      54000      162.82     54.81      0.3366     29.26      0.16       0.15       0.20       0          32.06      33         33         0          0          0.0542     2.1153     89         113        119        127        134        142        163       
818        54000      54000      162.82     54.47      0.3346     29.22      0.15       0.15       0.20       0          32.06      33         33         0          0          0.0542     2.1132     89         113        119        127        134        142        163       
819        54000      54000      162.82     54.83      0.3367     29.16      0.15       0.15       0.20       0          32.06      33         33         0          0          0.0542     2.1121     89         113        119        127        134        142        163       
820        54000      54000      162.81     55.48      0.3408     29.16      0.15       0.15       0.20       0          32.06      33         33         0          0          0.0542     2.1119     89         113        119        127        134        142        163       
821        54000      54000      162.82     54.90      0.3372     29.24      0.15       0.15       0.20       0          32.06      33         33         0          0          0.0542     2.1132     89         113        119        127        134        142        163       
822        54000      54000      162.80     55.91      0.3434     29.25      0.16       0.15       0.20       0          32.06      33         33         0          0          0.0542     2.1116     89         113        119        127        134        142        163       
823        54000      54000      162.82     54.21      0.3329     29.25      0.16       0.15       0.20       0          32.06      33         33         0          0          0.0542     2.1111     89         113        119        127        134        142        163       
824        54000      54000      162.82     55.28      0.3395     29.20      0.15       0.15       0.20       0          32.06      33         33         0          0          0.0542     2.1146     89         113        119        127        134        142        163       
825        54000      54000      162.83     55.93      0.3435     29.19      0.15       0.15       0.20       0          32.06      33         33         0          0          0.0542     2.1151     89         113        119        127        134        142        163       
826        54000      54000      162.81     54.39      0.3341     29.25      0.15       0.15       0.20       0          32.06      33         33         0          0          0.0542     2.1129     89         113        119        127        134        142        163       
827        54000      54000      162.81     56.08      0.3444     29.31      0.16       0.15       0.20       0          32.06      33         33         0          0          0.0542     2.1137     89         113        119        127        134        142        163       
828        54000      54000      162.84     55.49      0.3408     29.45      0.16       0.15       0.20       0          32.06      33         33         0          0          0.0542     2.1158     89         113        119        127        134        142        163       
829        54000      54000      162.82     55.45      0.3406     29.34      0.16       0.15       0.20       0          32.06      33         33         0          0          0.0542     2.1134     89         113        119        127        134        142        163       
830        54000      54000      162.82     54.47      0.3345     29.21      0.15       0.15       0.20       0          32.06      33         33         0          0          0.0542     2.1113     89         113        119        127        134        142        163       
831        54000      54000      162.83     53.85      0.3307     29.27      0.15       0.15       0.20       0          32.06      33         33         0          0          0.0542     2.1125     89         113        119        127        134        142        163       
832        54000      54000      162.81     56.15      0.3449     29.20      0.15       0.15       0.20       0          32.06      33         33         0          0          0.0542     2.1133     89         113        119        127        134        142        163       
833        54000      54000      162.81     55.49      0.3408     29.30      0.15       0.15       0.20       0          32.06      33         33         0          0          0.0542     2.1125     89         113        119        127        134        142        163       
834        54000      54000      162.82     54.92      0.3373     29.29      0.15       0.15       0.20       0          32.06      33         33         0          0          0.0542     2.1139     89         113        119        127        134        142        163       
835        54000      54000      162.82     54.17      0.3327     29.17      0.16       0.15       0.20       0          32.06      33         33         0          0          0.0542     2.1171     89         113        119        127        134        142        163       
836        54000      54000      162.83     54.77      0.3363     29.22      0.15       0.15       0.20       0          32.06      33         33         0          0          0.0542     2.1133     89         113        119        127        134        142        163       
837        54000      54000      162.81     55.54      0.3411     29.17      0.15       0.15       0.20       0          32.06      33         33         0          0          0.0542     2.1163     89         113        119        127        134        142        163       
838        54000      54000      162.83     54.81      0.3366     29.20      0.15       0.15       0.20       0          32.06      33         33         0          0          0.0542     2.1145     89         113        119        127        134        142        163       
839        54000      54000      162.83     54.67      0.3357     29.22      0.15       0.15       0.20       0          32.06      33         33         0          0          0.0542     2.1144     89         113        119        127        134        142        163       
840        54000      54000      162.82     54.78      0.3364     29.20      0.16       0.15       0.20       0          32.06      33         33         0          0          0.0542     2.1159     89         113        119        127        134        142        163       
841        54000      54000      162.82     56.30      0.3458     29.15      0.15       0.15       0.20       0          32.06      33         33         0          0          0.0542     2.1105     89         113        119        127        134        142        163       
842        54000      54000      162.83     54.77      0.3363     29.21      0.15       0.15       0.20       0          32.06      33         33         0          0          0.0542     2.1140     89         113        119        127        134        142        163       
843        54000      54000      162.83     55.48      0.3407     29.28      0.16       0.15       0.20       0          32.06      33         33         0          0          0.0542     2.1154     89         113        119        127        134        142        163       
844        54000      54000      162.82     55.44      0.3405     29.29      0.16       0.15       0.20       0          32.06      33         33         0          0          0.0542     2.1147     89         113        119        127        134        142        163       
845        54000      54000      162.82     56.17      0.3450     29.34      0.16       0.15       0.20       0          32.06      33         33         0          0          0.0542     2.1142     89         113        119        127        134        142        163       
846        54000      54000      162.82     55.21      0.3391     29.33      0.15       0.15       0.20       0          32.06      33         33         0          0          0.0542     2.1146     89         113        119        127        134        142        163       
847        54000      54000      162.81     55.30      0.3397     29.42      0.16       0.15       0.20       0          32.06      33         33         0          0          0.0542     2.1135     89         113        119        127        134        142        163       
848        54000      54000      162.81     55.46      0.3406     29.36      0.16       0.15       0.20       0          32.05      33         33         0          0          0.0542     2.1130     89         113        119        127        134        142        163       
849        54000      54000      162.81     54.99      0.3378     29.45      0.16       0.15       0.20       0          32.05      33         33         0          0          0.0542     2.1112     89         113        119        127        134        142        163       
850        54000      54000      162.82     56.25      0.3455     29.41      0.16       0.15       0.20       0          32.05      33         33         0          0          0.0542     2.1172     89         113        119        127        134        142        163       
851        54000      54000      162.81     55.52      0.3410     29.32      0.15       0.15       0.20       0          32.05      33         33         0          0          0.0542     2.1160     89         113        119        127        134        142        163       
852        54000      54000      162.82     56.02      0.3441     29.29      0.15       0.15       0.20       0          32.05      33         33         0          0          0.0542     2.1140     89         113        119        127        134        142        163       
853        54000      54000      162.82     55.93      0.3435     29.45      0.16       0.15       0.20       0          32.05      33         33         0          0          0.0542     2.1174     89         113        119        127        134        142        163       
854        54000      54000      162.80     54.94      0.3375     29.37      0.16       0.15       0.20       0          32.05      33         33         0          0          0.0542     2.1122     89         113        119        127        134        142        163       
855        54000      54000      162.81     55.75      0.3424     29.40      0.16       0.15       0.20       0          32.05      33         33         0          0          0.0542     2.1174     89         113        119        127        134        142        163       
856        54000      54000      162.82     55.30      0.3396     29.36      0.15       0.15       0.20       0          32.05      33         33         0          0          0.0542     2.1132     89         113        119        127        134        142        163       
857        54000      54000      162.81     55.12      0.3386     29.32      0.15       0.15       0.20       0          32.05      33         33         0          0          0.0542     2.1150     89         113        119        127        134        142        163       
858        54000      54000      162.82     54.30      0.3335     29.24      0.16       0.15       0.20       0          32.05      33         33         0          0          0.0542     2.1128     89         113        119        127        134        142        163       
859        54000      54000      162.81     54.69      0.3359     29.20      0.15       0.15       0.20       0          32.05      33         33         0          0          0.0542     2.1147     89         113        119        127        134        142        163       
860        54000      54000      162.83     54.70      0.3359     29.25      0.15       0.15       0.20       0          32.05      33         33         0          0          0.0542     2.1141     89         113        119        127        134        142        163       
861        54000      54000      162.81     55.42      0.3404     29.29      0.15       0.15       0.20       0          32.05      33         33         0          0          0.0542     2.1102     89         113        119        127        134        142        163       
862        54000      54000      162.81     55.52      0.3410     29.16      0.15       0.15       0.20       0          32.05      33         33         0          0          0.0542     2.1111     89         113        119        127        134        142        163       
863        54000      54000      162.82     55.49      0.3408     29.17      0.15       0.15       0.20       0          32.05      33         33         0          0          0.0542     2.1163     89         113        119        127        134        142        163       
864        54000      54000      162.81     55.51      0.3409     29.23      0.15       0.15       0.20       0          32.05      33         33         0          0          0.0542     2.1127     89         113        119        127        134        142        163       
865        54000      54000      162.82     54.62      0.3354     29.22      0.15       0.15       0.20       0          32.05      33         33         0          0          0.0542     2.1138     89         113        119        127        134        142        163       
866        54000      54000      162.81     55.72      0.3422     29.25      0.16       0.15       0.20       0          32.05      33         33         0          0          0.0542     2.1142     89         113        119        127        134        142        163       
867        54000      54000      162.82     55.80      0.3427     29.23      0.15       0.15       0.20       0          32.05      33         33         0          0          0.0542     2.1173     89         113        119        127        134        142        163       
868        54000      54000      162.82     54.28      0.3334     29.26      0.15       0.15       0.20       0          32.05      33         33         0          0          0.0542     2.1118     89         113        119        127        134        142        163       
869        54000      54000      162.82     55.26      0.3394     29.32      0.16       0.15       0.20       0          32.05      33         33         0          0          0.0542     2.1132     89         113        119        127        134        142        163       
870        54000      54000      162.81     54.73      0.3362     29.19      0.15       0.15       0.20       0          32.05      33         33         0          0          0.0542     2.1137     89         113        119        127        134        142        163       
871        54000      54000      162.81     55.43      0.3404     29.24      0.16       0.15       0.20       0          32.05      33         33         0          0          0.0542     2.1134     89         113        119        127        134        142        163       
872        54000      54000      162.81     54.98      0.3377     29.24      0.16       0.15       0.20       0          32.05      33         33         0          0          0.0542     2.1124     89         113        119        127        134        142        163       
873        54000      54000      162.82     56.10      0.3445     29.28      0.16       0.15       0.20       0          32.05      33         33         0          0          0.0542     2.1156     89         113        119        127        134        142        163       
874        54000      54000      162.82     53.97      0.3315     29.30      0.16       0.15       0.20       0          32.05      33         33         0          0          0.0542     2.1129     89         113        119        127        134        142        163       
875        54000      54000      162.81     55.63      0.3417     29.27      0.15       0.15       0.20       0          32.05      33         33         0          0          0.0542     2.1137     89         113        119        127        134        142        163       
876        54000      54000      162.82     54.54      0.3350     29.25      0.15       0.15       0.20       0          32.05      33         33         0          0          0.0542     2.1108     89         113        119        127        134        142        163       
877        54000      54000      162.82     55.33      0.3398     29.23      0.16       0.15       0.20       0          32.05      33         33         0          0          0.0542     2.1163     89         113        119        127        134        142        163       
878        54000      54000      162.81     55.03      0.3380     29.24      0.16       0.15       0.20       0          32.05      33         33         0          0          0.0542     2.1124     89         113        119        127        134        142        163       
879        54000      54000      162.81     55.60      0.3415     29.26      0.15       0.15       0.20       0          32.05      33         33         0          0          0.0542     2.1121     89         113        119        127        134        142        163       
880        54000      54000      162.82     54.74      0.3362     29.27      0.16       0.15       0.20       0          32.05      33         33         0          0          0.0542     2.1113     89         113        119        127        134        142        163       
881        54000      54000      162.81     54.09      0.3322     29.22      0.15       0.15       0.20       0          32.05      33         33         0          0          0.0542     2.1123     89         113        119        127        134        142        163       
882        54000      54000      162.82     55.27      0.3394     29.18      0.15       0.15       0.20       0          32.05      33         33         0          0          0.0542     2.1124     89         113        119        127        134        142        163       
883        54000      54000      162.82     55.93      0.3435     29.19      0.15       0.15       0.20       0          32.05      33         33         0          0          0.0542     2.1134     89         113        119        127        134        142        163       
884        54000      54000      162.81     54.86      0.3370     29.26      0.16       0.15       0.20       0          32.05      33         33         0          0          0.0542     2.1153     89         113        119        127        134        142        163       
885        54000      54000      162.82     55.14      0.3387     29.31      0.16       0.15       0.20       0          32.05      33         33         0          0          0.0542     2.1115     89         113        119        127        134        142        163       
886        54000      54000      162.80     55.94      0.3436     29.26      0.16       0.15       0.20       0          32.05      33         33         0          0          0.0542     2.1145     89         113        119        127        134        142        163       
887        54000      54000      162.80     54.67      0.3358     29.23      0.15       0.15       0.20       0          32.05      33         33         0          0          0.0542     2.1127     89         113        119        127        134        142        163       
888        54000      54000      162.81     55.15      0.3387     29.30      0.15       0.15       0.20       0          32.05      33         33         0          0          0.0542     2.1162     89         113        119        127        134        142        163       
889        54000      54000      162.82     54.52      0.3348     29.31      0.15       0.15       0.20       0          32.05      33         33         0          0          0.0542     2.1148     89         113        119        127        134        142        163       
890        54000      54000      162.82     54.76      0.3363     29.22      0.15       0.15       0.20       0          32.05      33         33         0          0          0.0542     2.1118     89         113        119        127        134        142        163       
891        54000      54000      162.81     55.22      0.3392     29.28      0.15       0.15       0.20       0          32.05      33         33         0          0          0.0542     2.1100     89         113        119        127        134        142        163       
892        54000      54000      162.81     54.88      0.3371     29.23      0.15       0.15       0.20       0          32.05      33         33         0          0          0.0542     2.1144     89         113        119        127        134        142        163       
893        54000      54000      162.82     54.64      0.3356     29.23      0.15       0.15       0.20       0          32.05      33         33         0          0          0.0542     2.1143     89         113        119        127        134        142        163       
894        54000      54000      162.81     54.45      0.3344     29.15      0.16       0.15       0.20       0          32.05      33         33         0          0          0.0542     2.1137     89         113        119        127        134        142        163       
895        54000      54000      162.82     55.76      0.3425     29.16      0.15       0.15       0.20       0          32.05      33         33         0          0          0.0542     2.1137     89         113        119        127        134        142        163       
896        54000      54000      162.82     55.82      0.3428     29.26      0.16       0.15       0.20       0          32.05      33         33         0          0          0.0542     2.1127     89         113        119        127        134        142        163       
897        54000      54000      162.81     55.49      0.3408     29.31      0.15       0.15       0.20       0          32.05      33         33         0          0          0.0542     2.1187     89         113        119        127        134        142        163       
898        54000      54000      162.83     54.47      0.3345     29.31      0.16       0.15       0.20       0          32.05      33         33         0          0          0.0542     2.1121     89         113        119        127        134        142        163       
899        54000      54000      162.81     55.36      0.3400     29.21      0.16       0.15       0.20       0          32.05      33         33         0          0          0.0542     2.1133     89         113        119        127        134        142        163       
900        54000      54000      162.82     54.54      0.3350     29.24      0.15       0.15       0.20       0          32.05      33         33         0          0          0.0542     2.1157     89         113        119        127        134        142        163       
901        54000      54000      162.82     54.93      0.3374     29.29      0.15       0.15       0.20       0          32.05      33         33         0          0          0.0542     2.1150     89         113        119        127        134        142        163       
902        54000      54000      162.82     55.27      0.3394     29.29      0.16       0.15       0.20       0          32.05      33         33         0          0          0.0542     2.1139     89         113        119        127        134        142        163       
903        54000      54000      162.81     55.04      0.3381     29.25      0.15       0.15       0.20       0          32.04      33         33         0          0          0.0542     2.1159     89         113        119        127        134        142        163       
904        54000      54000      162.82     54.84      0.3368     29.21      0.15       0.15       0.20       0          32.04      33         33         0          0          0.0542     2.1156     89         113        119        127        134        142        163       
905        54000      54000      162.80     55.21      0.3391     29.23      0.16       0.15       0.20       0          32.04      33         33         0          0          0.0542     2.1120     89         113        119        127        134        142        163       
906        54000      54000      162.81     54.63      0.3355     29.22      0.16       0.15       0.20       0          32.04      33         33         0          0          0.0542     2.1134     89         113        119        127        134        142        163       
907        54000      54000      162.81     54.52      0.3349     29.15      0.15       0.15       0.20       0          32.04      33         33         0          0          0.0542     2.1146     89         113        119        127        134        142        163       
908        54000      54000      162.80     55.35      0.3400     29.21      0.16       0.15       0.20       0          32.04      33         33         0          0          0.0542     2.1156     89         113        119        127        134        142        163       
909        54000      54000      162.81     54.99      0.3378     29.18      0.16       0.15       0.20       0          32.04      33         33         0          0          0.0542     2.1153     89         113        119        127        134        142        163       
910        54000      54000      162.83     54.54      0.3350     29.16      0.15       0.15       0.20       0          32.04      33         33         0          0          0.0542     2.1146     89         113        119        127        134        142        163       
911        54000      54000      162.81     54.80      0.3366     29.19      0.15       0.15       0.20       0          32.04      33         33         0          0          0.0542     2.1137     89         113        119        127        134        142        163       
912        54000      54000      162.82     55.06      0.3382     29.12      0.15       0.15       0.20       0          32.04      33         33         0          0          0.0542     2.1099     89         113        119        127        134        142        163       
913        54000      54000      162.82     54.50      0.3347     29.06      0.15       0.15       0.20       0          32.04      33         33         0          0          0.0542     2.1116     89         113        119        127        134        142        163       
914        54000      54000      162.81     54.76      0.3363     29.12      0.15       0.15       0.20       0          32.04      33         33         0          0          0.0542     2.1105     89         113        119        127        134        142        163       
915        54000      54000      162.81     55.42      0.3404     29.16      0.16       0.15       0.20       0          32.04      33         33         0          0          0.0542     2.1160     89         113        119        127        134        142        163       
916        54000      54000      162.81     54.76      0.3363     29.18      0.16       0.15       0.20       0          32.04      33         33         0          0          0.0542     2.1161     89         113        119        127        134        142        163       
917        54000      54000      162.83     55.23      0.3392     29.17      0.15       0.15       0.20       0          32.04      33         33         0          0          0.0542     2.1153     89         113        119        127        134        142        163       
918        54000      54000      162.82     54.73      0.3361     29.18      0.15       0.15       0.20       0          32.04      33         33         0          0          0.0542     2.1134     89         113        119        127        134        142        163       
919        54000      54000      162.81     55.41      0.3403     29.25      0.16       0.15       0.20       0          32.04      33         33         0          0          0.0542     2.1141     89         113        119        127        134        142        163       
920        54000      54000      162.81     55.79      0.3427     29.25      0.16       0.15       0.20       0          32.04      33         33         0          0          0.0542     2.1154     89         113        119        127        134        142        163       
921        54000      54000      162.82     54.69      0.3359     29.24      0.15       0.15       0.20       0          32.04      33         33         0          0          0.0542     2.1108     89         113        119        127        134        142        163       
922        54000      54000      162.81     54.29      0.3335     29.14      0.16       0.15       0.20       0          32.04      33         33         0          0          0.0542     2.1137     89         113        119        127        134        142        163       
923        54000      54000      162.82     54.35      0.3338     29.02      0.15       0.15       0.20       0          32.04      33         33         0          0          0.0542     2.1141     89         113        119        127        134        142        163       
924        54000      54000      162.82     55.29      0.3396     29.17      0.15       0.15       0.20       0          32.04      33         33         0          0          0.0542     2.1142     89         113        119        127        134        142        163       
925        54000      54000      162.83     55.24      0.3393     29.23      0.15       0.15       0.20       0          32.04      33         33         0          0          0.0542     2.1080     89         113        119        127        134        142        163       
926        54000      54000      162.83     54.15      0.3325     29.27      0.16       0.15       0.20       0          32.04      33         33         0          0          0.0542     2.1116     89         113        119        127        134        142        163       
927        54000      54000      162.82     55.57      0.3413     29.14      0.15       0.15       0.20       0          32.04      33         33         0          0          0.0542     2.1146     89         113        119        127        134        142        163       
928        54000      54000      162.82     54.50      0.3347     29.18      0.15       0.15       0.20       0          32.04      33         33         0          0          0.0542     2.1106     89         113        119        127        134        142        163       
929        54000      54000      162.83     55.16      0.3387     29.14      0.15       0.15       0.20       0          32.04      33         33         0          0          0.0542     2.1123     89         113        119        127        134        142        163       
930        54000      54000      162.81     55.13      0.3386     29.21      0.15       0.15       0.20       0          32.04      33         33         0          0          0.0542     2.1127     89         113        119        127        134        142        163       
931        54000      54000      162.82     54.37      0.3339     29.21      0.15       0.15       0.20       0          32.04      33         33         0          0          0.0542     2.1128     89         113        119        127        134        142        163       
932        54000      54000      162.82     53.87      0.3309     29.10      0.15       0.15       0.20       0          32.04      33         33         0          0          0.0542     2.1151     89         113        119        127        134        142        163       
933        54000      54000      162.83     55.33      0.3398     29.10      0.15       0.15       0.20       0          32.04      33         33         0          0          0.0542     2.1133     89         113        119        127        134        142        163       
934        54000      54000      162.82     54.27      0.3333     29.12      0.15       0.15       0.20       0          32.04      33         33         0          0          0.0542     2.1133     89         113        119        127        134        142        163       
935        54000      54000      162.82     55.63      0.3417     29.11      0.15       0.15       0.20       0          32.04      33         33         0          0          0.0542     2.1138     89         113        119        127        134        142        163       
936        54000      54000      162.82     54.91      0.3372     29.14      0.15       0.15       0.20       0          32.04      33         33         0          0          0.0542     2.1136     89         113        119        127        134        142        163       
937        54000      54000      162.83     55.66      0.3418     29.20      0.16       0.15       0.20       0          32.04      33         33         0          0          0.0542     2.1115     89         113        119        127        134        142        163       
938        54000      54000      162.81     55.34      0.3399     29.26      0.16       0.15       0.20       0          32.04      33         33         0          0          0.0542     2.1140     89         113        119        127        134        142        163       
939        54000      54000      162.81     54.46      0.3345     29.23      0.16       0.15       0.20       0          32.04      33         33         0          0          0.0542     2.1143     89         113        119        127        134        142        163       
940        54000      54000      162.82     55.42      0.3403     29.30      0.15       0.15       0.20       0          32.04      33         33         0          0          0.0542     2.1145     89         113        119        127        134        142        163       
941        54000      54000      162.82     55.80      0.3427     29.17      0.16       0.15       0.20       0          32.04      33         33         0          0          0.0542     2.1096     89         113        119        127        134        142        163       
942        54000      54000      162.83     56.23      0.3453     29.27      0.16       0.15       0.20       0          32.04      33         33         0          0          0.0542     2.1123     89         113        119        127        134        142        163       
943        54000      54000      162.82     54.52      0.3349     29.29      0.16       0.15       0.20       0          32.04      33         33         0          0          0.0542     2.1105     89         113        119        127        134        142        163       
944        54000      54000      162.83     53.47      0.3284     29.25      0.16       0.15       0.20       0          32.04      33         33         0          0          0.0542     2.1122     89         113        119        127        134        142        163       
945        54000      54000      162.82     54.67      0.3357     29.20      0.16       0.15       0.20       0          32.04      33         33         0          0          0.0542     2.1133     89         113        119        127        134        142        163       
946        54000      54000      162.82     55.20      0.3390     29.15      0.16       0.15       0.20       0          32.04      33         33         0          0          0.0542     2.1130     89         113        119        127        134        142        163       
947        54000      54000      162.82     54.06      0.3320     29.06      0.15       0.15       0.20       0          32.04      33         33         0          0          0.0542     2.1158     89         113        119        127        134        142        163       
948        54000      54000      162.81     55.41      0.3404     29.09      0.15       0.15       0.20       0          32.04      33         33         0          0          0.0542     2.1150     89         113        119        127        134        142        163       
949        54000      54000      162.82     54.85      0.3369     29.06      0.15       0.15       0.20       0          32.04      33         33         0          0          0.0542     2.1140     89         113        119        127        134        142        163       
950        54000      54000      162.83     54.56      0.3350     29.12      0.15       0.15       0.20       0          32.04      33         33         0          0          0.0542     2.1136     89         113        119        127        134        142        163       
951        54000      54000      162.83     55.12      0.3385     29.12      0.15       0.15       0.20       0          32.04      33         33         0          0          0.0542     2.1121     89         113        119        127        134        142        163       
952        54000      54000      162.82     55.21      0.3391     29.11      0.15       0.15       0.20       0          32.04      33         33         0          0          0.0542     2.1169     89         113        119        127        134        142        163       
953        54000      54000      162.81     55.36      0.3400     29.19      0.16       0.15       0.20       0          32.04      33         33         0          0          0.0542     2.1147     89         113        119        127        134        142        163       
954        54000      54000      162.82     54.51      0.3348     29.15      0.16       0.15       0.20       0          32.04      33         33         0          0          0.0542     2.1132     89         113        119        127        134        142        163       
955        54000      54000      162.82     54.81      0.3366     29.14      0.15       0.15       0.20       0          32.04      33         33         0          0          0.0542     2.1129     89         113        119        127        134        142        163       
956        54000      54000      162.82     54.83      0.3368     29.07      0.15       0.15       0.20       0          32.04      33         33         0          0          0.0542     2.1147     89         113        119        127        134        142        163       
957        54000      54000      162.82     55.09      0.3384     29.07      0.15       0.15       0.20       0          32.04      33         33         0          0          0.0542     2.1130     89         113        119        127        134        142        163       
958        54000      54000      162.83     54.67      0.3358     29.07      0.15       0.15       0.20       0          32.04      33         33         0          0          0.0542     2.1112     89         113        119        127        134        142        163       
959        54000      54000      162.82     55.84      0.3430     29.10      0.15       0.15       0.20       0          32.04      33         33         0          0          0.0542     2.1113     89         113        119        127        134        142        163       
960        54000      54000      162.82     55.28      0.3395     29.15      0.15       0.15       0.20       0          32.04      33         33         0          0          0.0541     2.1137     89         113        119        127        134        142        163       
961        54000      54000      162.81     55.48      0.3408     29.17      0.15       0.15       0.20       0          32.04      33         33         0          0          0.0541     2.1137     89         113        119        127        134        142        163       
962        54000      54000      162.83     55.03      0.3380     29.25      0.15       0.15       0.20       0          32.04      33         33         0          0          0.0541     2.1132     89         113        119        127        134        142        163       
963        54000      54000      162.82     55.18      0.3389     29.19      0.15       0.15       0.20       0          32.04      33         33         0          0          0.0541     2.1138     89         113        119        127        134        142        163       
964        54000      54000      162.81     55.25      0.3393     29.07      0.15       0.15       0.20       0          32.04      33         33         0          0          0.0541     2.1117     89         113        119        127        134        142        163       
965        54000      54000      162.82     55.11      0.3385     29.18      0.16       0.15       0.20       0          32.04      33         33         0          0          0.0541     2.1136     89         113        119        127        134        142        163       
966        54000      54000      162.81     55.66      0.3419     29.20      0.15       0.15       0.20       0          32.04      33         33         0          0          0.0541     2.1102     89         113        119        127        134        142        163       
967        54000      54000      162.82     54.91      0.3372     29.14      0.15       0.15       0.20       0          32.04      33         33         0          0          0.0541     2.1134     89         113        119        127        134        142        163       
968        54000      54000      162.82     54.29      0.3334     29.14      0.16       0.15       0.20       0          32.04      33         33         0          0          0.0541     2.1123     89         113        119        127        134        142        163       
969        54000      54000      162.80     54.46      0.3345     29.13      0.16       0.15       0.20       0          32.04      33         33         0          0          0.0541     2.1103     89         113        119        127        134        142        163       
970        54000      54000      162.81     53.82      0.3306     29.05      0.15       0.15       0.20       0          32.04      33         33         0          0          0.0541     2.1114     89         113        119        127        134        142        163       
971        54000      54000      162.81     54.82      0.3367     29.08      0.15       0.15       0.20       0          32.04      33         33         0          0          0.0541     2.1136     89         113        119        127        134        142        163       
972        54000      54000      162.82     55.47      0.3407     29.04      0.15       0.15       0.20       0          32.04      33         33         0          0          0.0541     2.1102     89         113        119        127        134        142        163       
973        54000      54000      162.82     55.04      0.3380     29.09      0.16       0.15       0.20       0          32.04      33         33         0          0          0.0541     2.1148     89         113        119        127        134        142        163       
974        54000      54000      162.80     54.31      0.3336     29.14      0.16       0.15       0.20       0          32.04      33         33         0          0          0.0541     2.1104     89         113        119        127        134        142        163       
975        54000      54000      162.81     55.16      0.3388     29.16      0.15       0.15       0.20       0          32.04      33         33         0          0          0.0541     2.1144     89         113        119        127        134        142        163       
976        54000      54000      162.82     54.37      0.3339     29.19      0.15       0.15       0.20       0          32.04      33         33         0          0          0.0541     2.1118     89         113        119        127        134        142        163       
977        54000      54000      162.81     54.24      0.3331     29.09      0.15       0.15       0.20       0          32.04      33         33         0          0          0.0541     2.1125     89         113        119        127        134        142        163       
978        54000      54000      162.82     55.18      0.3389     29.08      0.15       0.15       0.20       0          32.03      33         33         0          0          0.0541     2.1125     89         113        119        127        134        142        163       
979        54000      54000      162.82     54.30      0.3335     29.06      0.15       0.15       0.20       0          32.03      33         33         0          0          0.0541     2.1096     89         113        119        127        134        142        163       
980        54000      54000      162.81     53.46      0.3284     29.00      0.15       0.15       0.20       0          32.03      33         33         0          0          0.0541     2.1113     89         113        119        127        134        142        163       
981        54000      54000      162.82     55.52      0.3410     28.99      0.15       0.15       0.20       0          32.03      33         33         0          0          0.0541     2.1085     89         113        119        127        134        142        163       
982        54000      54000      162.82     53.31      0.3274     28.99      0.15       0.15       0.20       0          32.03      33         33         0          0          0.0541     2.1179     89         113        119        127        134        142        163       
983        54000      54000      162.82     55.09      0.3384     28.96      0.15       0.15       0.20       0          32.03      33         33         0          0          0.0541     2.1143     89         113        119        127        134        142        163       
984        54000      54000      162.81     55.23      0.3392     29.05      0.15       0.15       0.20       0          32.03      33         33         0          0          0.0541     2.1154     89         113        119        127        134        142        163       
985        54000      54000      162.80     54.03      0.3319     29.03      0.15       0.15       0.20       0          32.03      33         33         0          0          0.0541     2.1144     89         113        119        127        134        142        163       
986        54000      54000      162.81     54.74      0.3362     28.94      0.15       0.15       0.20       0          32.03      33         33         0          0          0.0541     2.1168     89         113        119        127        134        142        163       
987        54000      54000      162.83     55.77      0.3425     29.08      0.15       0.15       0.20       0          32.03      33         33         0          0          0.0541     2.1166     89         113        119        127        134        142        163       
988        54000      54000      162.81     54.59      0.3353     29.11      0.15       0.15       0.20       0          32.03      33         33         0          0          0.0541     2.1094     89         113        119        127        134        142        163       
989        54000      54000      162.84     55.87      0.3431     29.12      0.15       0.15       0.20       0          32.03      33         33         0          0          0.0541     2.1125     89         113        119        127        134        142        163       
990        54000      54000      162.80     54.93      0.3374     29.27      0.15       0.15       0.20       0          32.03      33         33         0          0          0.0541     2.1127     89         113        119        127        134        142        163       
991        54000      54000      162.82     54.97      0.3376     29.15      0.16       0.15       0.20       0          32.03      33         33         0          0          0.0541     2.1132     89         113        119        127        134        142        163       
992        54000      54000      162.82     55.28      0.3396     29.18      0.15       0.15       0.20       0          32.03      33         33         0          0          0.0541     2.1120     89         113        119        127        134        142        163       
993        54000      54000      162.83     55.18      0.3389     29.19      0.15       0.15       0.20       0          32.03      33         33         0          0          0.0541     2.1127     89         113        119        127        134        142        163       
994        54000      54000      162.82     55.43      0.3405     29.17      0.15       0.15       0.20       0          32.03      33         33         0          0          0.0541     2.1118     89         113        119        127        134        142        163       
995        54000      54000      162.82     55.47      0.3407     29.21      0.16       0.15       0.20       0          32.03      33         33         0          0          0.0541     2.1151     89         113        119        127        134        142        163       
996        54000      54000      162.82     54.58      0.3352     29.22      0.15       0.15       0.20       0          32.03      33         33         0          0          0.0541     2.1148     89         113        119        127        134        142        163       
997        54000      54000      162.82     54.43      0.3343     29.10      0.15       0.15       0.20       0          32.03      33         33         0          0          0.0541     2.1156     89         113        119        127        134        142        163       
998        54000      54000      162.82     55.04      0.3380     29.04      0.15       0.15       0.20       0          32.03      33         33         0          0          0.0541     2.1155     89         113        119        127        134        142        163       
999        54000      54000      162.83     55.83      0.3428     29.15      0.15       0.15       0.20       0          32.03      33         33         0          0          0.0541     2.1148     89         113        119        127        134        142        163       
1000       54000      54000      162.82     54.54      0.3350     29.17      0.16       0.15       0.20       0          32.03      33         33         0          0          0.0541     2.1138     89         113        119        127        134        142        163       
1001       54000      54000      162.80     54.86      0.3369     29.19      0.16       0.15       0.20       0          32.03      33         33         0          0          0.0541     2.1140     89         113        119        127        134        142        163       
1002       54000      54000      162.82     54.88      0.3370     29.18      0.15       0.15       0.20       0          32.03      33         33         0          0          0.0541     2.1123     89         113        119        127        134        142        163       
1003       54000      54000      162.82     56.24      0.3454     29.26      0.15       0.15       0.20       0          32.03      33         33         0          0          0.0541     2.1147     89         113        119        127        134        142        163       
1004       54000      54000      162.81     55.26      0.3394     29.21      0.15       0.15       0.20       0          32.03      33         33         0          0          0.0541     2.1113     89         113        119        127        134        142        163       
1005       54000      54000      162.81     54.99      0.3378     29.24      0.16       0.15       0.20       0          32.03      33         33         0          0          0.0541     2.1141     89         113        119        127        134        142        163       
1006       54000      54000      162.81     54.20      0.3329     29.13      0.15       0.15       0.20       0          32.03      33         33         0          0          0.0541     2.1143     89         113        119        127        134        142        163       
1007       54000      54000      162.82     55.92      0.3434     29.17      0.16       0.15       0.20       0          32.03      33         33         0          0          0.0541     2.1146     89         113        119        127        134        142        163       
1008       54000      54000      162.83     55.16      0.3388     29.16      0.16       0.15       0.20       0          32.03      33         33         0          0          0.0541     2.1136     89         113        119        127        134        142        163       
1009       54000      54000      162.81     55.62      0.3416     29.21      0.16       0.15       0.20       0          32.03      33         33         0          0          0.0541     2.1089     89         113        119        127        134        142        163       
1010       54000      54000      162.83     54.47      0.3345     29.15      0.15       0.15       0.20       0          32.03      33         33         0          0          0.0541     2.1162     89         113        119        127        134        142        163       
1011       54000      54000      162.81     54.72      0.3361     29.16      0.16       0.15       0.20       0          32.03      33         33         0          0          0.0541     2.1148     89         113        119        127        134        142        163       
1012       54000      54000      162.83     54.54      0.3350     29.12      0.15       0.15       0.20       0          32.03      33         33         0          0          0.0541     2.1149     89         113        119        127        134        142        163       
1013       54000      54000      162.83     55.47      0.3407     29.17      0.16       0.15       0.20       0          32.03      33         33         0          0          0.0541     2.1113     89         113        119        127        134        142        163       
1014       54000      54000      162.81     55.25      0.3394     29.20      0.16       0.15       0.20       0          32.03      33         33         0          0          0.0541     2.1121     89         113        119        127        134        142        163       
1015       54000      54000      162.82     55.27      0.3394     29.19      0.16       0.15       0.20       0          32.03      33         33         0          0          0.0541     2.1131     89         113        119        127        134        142        163       
1016       54000      54000      162.82     55.44      0.3405     29.20      0.16       0.15       0.20       0          32.03      33         33         0          0          0.0541     2.1130     89         113        119        127        134        142        163       
1017       54000      54000      162.82     54.66      0.3357     29.17      0.15       0.15       0.20       0          32.03      33         33         0          0          0.0541     2.1127     89         113        119        127        134        142        163       
1018       54000      54000      162.80     54.99      0.3378     29.22      0.15       0.15       0.20       0          32.03      33         33         0          0          0.0541     2.1130     89         113        119        127        134        142        163       
1019       54000      54000      162.82     55.18      0.3389     29.18      0.16       0.15       0.20       0          32.03      33         33         0          0          0.0541     2.1144     89         113        119        127        134        142        163       
1020       54000      54000      162.83     55.02      0.3379     29.16      0.15       0.15       0.20       0          32.03      33         33         0          0          0.0541     2.1170     89         113        119        127        134        142        163       
1021       54000      54000      162.82     55.74      0.3423     29.19      0.15       0.15       0.20       0          32.03      33         33         0          0          0.0541     2.1121     89         113        119        127        134        142        163       
1022       54000      54000      162.82     56.01      0.3440     29.22      0.15       0.15       0.20       0          32.03      33         33         0          0          0.0541     2.1121     89         113        119        127        134        142        163       
1023       54000      54000      162.82     55.49      0.3408     29.23      0.16       0.15       0.20       0          32.03      33         33         0          0          0.0541     2.1114     89         113        119        127        134        142        163       
1024       54000      54000      162.81     55.39      0.3402     29.24      0.15       0.15       0.20       0          32.03      33         33         0          0          0.0541     2.1109     89         113        119        127        134        142        163       
1025       54000      54000      162.82     55.03      0.3380     29.24      0.16       0.15       0.20       0          32.03      33         33         0          0          0.0541     2.1112     89         113        119        127        134        142        163       
1026       54000      54000      162.82     55.20      0.3390     29.26      0.15       0.15       0.20       0          32.03      33         33         0          0          0.0541     2.1119     89         113        119        127        134        142        163       
1027       54000      54000      162.83     55.67      0.3419     29.18      0.15       0.15       0.20       0          32.03      33         33         0          0          0.0541     2.1160     89         113        119        127        134        142        163       
1028       54000      54000      162.82     55.64      0.3417     29.21      0.16       0.15       0.20       0          32.03      33         33         0          0          0.0541     2.1102     89         113        119        127        134        142        163       
1029       54000      54000      162.82     55.03      0.3380     29.22      0.16       0.15       0.20       0          32.03      33         33         0          0          0.0541     2.1097     89         113        119        127        134        142        163       
1030       54000      54000      162.82     54.70      0.3360     29.16      0.16       0.15       0.20       0          32.03      33         33         0          0          0.0541     2.1106     89         113        119        127        134        142        163       
1031       54000      54000      162.81     54.89      0.3371     29.17      0.16       0.15       0.20       0          32.03      33         33         0          0          0.0541     2.1132     89         113        119        127        134        142        163       
1032       54000      54000      162.81     54.82      0.3367     29.19      0.16       0.15       0.20       0          32.03      33         33         0          0          0.0541     2.1137     89         113        119        127        134        142        163       
1033       54000      54000      162.82     54.89      0.3371     29.01      0.15       0.15       0.20       0          32.03      33         33         0          0          0.0541     2.1085     89         113        119        127        134        142        163       
1034       54000      54000      162.81     54.91      0.3373     29.03      0.15       0.15       0.20       0          32.03      33         33         0          0          0.0541     2.1125     89         113        119        127        134        142        163       
1035       54000      54000      162.83     55.88      0.3432     29.09      0.15       0.15       0.20       0          32.03      33         33         0          0          0.0541     2.1175     89         113        119        127        134        142        163       
1036       54000      54000      162.82     55.05      0.3381     29.11      0.15       0.15       0.20       0          32.03      33         33         0          0          0.0541     2.1153     89         113        119        127        134        142        163       
1037       54000      54000      162.82     55.02      0.3379     29.10      0.15       0.15       0.20       0          32.03      33         33         0          0          0.0541     2.1137     89         113        119        127        134        142        163       
1038       54000      54000      162.83     55.10      0.3384     29.04      0.15       0.15       0.20       0          32.03      33         33         0          0          0.0541     2.1151     89         113        119        127        134        142        163       
1039       54000      54000      162.81     54.91      0.3373     29.05      0.15       0.15       0.20       0          32.03      33         33         0          0          0.0541     2.1139     89         113        119        127        134        142        163       
1040       54000      54000      162.81     55.92      0.3435     29.14      0.15       0.15       0.20       0          32.03      33         33         0          0          0.0541     2.1121     89         113        119        127        134        142        163       
1041       54000      54000      162.81     55.24      0.3393     29.14      0.16       0.15       0.20       0          32.03      33         33         0          0          0.0541     2.1158     89         113        119        127        134        142        163       
1042       54000      54000      162.80     55.61      0.3416     29.15      0.15       0.15       0.20       0          32.03      33         33         0          0          0.0541     2.1143     89         113        119        127        134        142        163       
1043       54000      54000      162.83     55.38      0.3401     29.26      0.15       0.15       0.20       0          32.03      33         33         0          0          0.0541     2.1148     89         113        119        127        134        142        163       
1044       54000      54000      162.82     55.68      0.3419     29.24      0.15       0.15       0.20       0          32.03      33         33         0          0          0.0541     2.1149     89         113        119        127        134        142        163       
1045       54000      54000      162.80     54.83      0.3368     29.15      0.16       0.15       0.20       0          32.03      33         33         0          0          0.0541     2.1128     89         113        119        127        134        142        163       
1046       54000      54000      162.82     55.17      0.3388     29.18      0.16       0.15       0.20       0          32.03      33         33         0          0          0.0541     2.1148     89         113        119        127        134        142        163       
1047       54000      54000      162.82     54.80      0.3366     29.16      0.16       0.15       0.20       0          32.03      33         33         0          0          0.0541     2.1138     89         113        119        127        134        142        163       
1048       54000      54000      162.83     54.85      0.3369     29.06      0.15       0.15       0.20       0          32.03      33         33         0          0          0.0541     2.1141     89         113        119        127        134        142        163       
1049       54000      54000      162.82     54.91      0.3372     29.03      0.15       0.15       0.20       0          32.03      33         33         0          0          0.0541     2.1128     89         113        119        127        134        142        163       
1050       54000      54000      162.82     54.87      0.3370     29.08      0.15       0.15       0.20       0          32.03      33         33         0          0          0.0541     2.1150     89         113        119        127        134        142        163       
1051       54000      54000      162.82     54.64      0.3356     29.07      0.15       0.15       0.20       0          32.03      33         33         0          0          0.0541     2.1147     89         113        119        127        134        142        163       
1052       54000      54000      162.82     54.63      0.3355     29.11      0.15       0.15       0.20       0          32.03      33         33         0          0          0.0541     2.1125     89         113        119        127        134        142        163       
1053       54000      54000      162.83     54.63      0.3355     29.15      0.15       0.15       0.20       0          32.03      33         33         0          0          0.0541     2.1138     89         113        119        127        134        142        163       
1054       54000      54000      162.83     54.59      0.3353     29.13      0.15       0.15       0.20       0          32.03      33         33         0          0          0.0541     2.1158     89         113        119        127        134        142        163       
1055       54000      54000      162.82     54.28      0.3334     29.08      0.15       0.15       0.20       0          32.03      33         33         0          0          0.0541     2.1115     89         113        119        127        134        142        163       
1056       54000      54000      162.82     56.36      0.3462     29.11      0.15       0.15       0.20       0          32.03      33         33         0          0          0.0541     2.1170     89         113        119        127        134        142        163       
1057       54000      54000      162.82     54.54      0.3350     29.13      0.15       0.15       0.20       0          32.03      33         33         0          0          0.0541     2.1127     89         113        119        127        134        142        163       
1058       54000      54000      162.81     54.80      0.3366     29.12      0.16       0.15       0.20       0          32.03      33         33         0          0          0.0541     2.1148     89         113        119        127        134        142        163       
1059       54000      54000      162.83     54.92      0.3373     29.10      0.15       0.15       0.20       0          32.03      33         33         0          0          0.0541     2.1129     89         113        119        127        134        142        163       
1060       54000      54000      162.82     55.56      0.3412     28.99      0.14       0.15       0.20       0          32.03      33         33         0          0          0.0541     2.1118     89         113        119        127        134        142        163       
1061       54000      54000      162.82     54.39      0.3340     29.04      0.15       0.15       0.20       0          32.03      33         33         0          0          0.0541     2.1134     89         113        119        127        134        142        163       
1062       54000      54000      162.81     55.06      0.3382     29.01      0.15       0.15       0.20       0          32.03      33         33         0          0          0.0541     2.1142     89         113        119        127        134        142        163       
1063       54000      54000      162.82     54.61      0.3354     29.06      0.15       0.15       0.20       0          32.03      33         33         0          0          0.0541     2.1155     89         113        119        127        134        142        163       
1064       54000      54000      162.82     54.25      0.3332     29.07      0.15       0.15       0.20       0          32.03      33         33         0          0          0.0541     2.1141     89         113        119        127        134        142        163       
1065       54000      54000      162.80     54.22      0.3331     29.00      0.15       0.15       0.20       0          32.03      33         33         0          0          0.0541     2.1164     89         113        119        127        134        142        163       
1066       54000      54000      162.82     56.14      0.3448     29.05      0.15       0.15       0.20       0          32.03      33         33         0          0          0.0541     2.1100     89         113        119        127        134        142        163       
1067       54000      54000      162.83     54.26      0.3332     29.03      0.15       0.15       0.20       0          32.03      33         33         0          0          0.0541     2.1170     89         113        119        127        134        142        163       
1068       54000      54000      162.82     53.99      0.3316     29.05      0.15       0.15       0.20       0          32.03      33         33         0          0          0.0541     2.1159     89         113        119        127        134        142        163       
1069       54000      54000      162.81     55.04      0.3381     29.07      0.15       0.15       0.20       0          32.03      33         33         0          0          0.0541     2.1162     89         113        119        127        134        142        163       
1070       54000      54000      162.82     56.14      0.3448     28.99      0.15       0.15       0.20       0          32.03      33         33         0          0          0.0541     2.1149     89         113        119        127        134        142        163       
1071       54000      54000      162.82     55.23      0.3392     29.04      0.15       0.15       0.20       0          32.03      33         33         0          0          0.0541     2.1118     89         113        119        127        134        142        164       
1072       54000      54000      162.82     56.08      0.3444     29.23      0.15       0.15       0.20       0          32.03      33         33         0          0          0.0541     2.1181     89         113        119        127        134        142        164       
1073       54000      54000      162.82     55.55      0.3412     29.12      0.15       0.15       0.20       0          32.03      33         33         0          0          0.0541     2.1164     89         113        119        127        134        142        164       
1074       54000      54000      162.82     54.71      0.3360     29.18      0.16       0.15       0.20       0          32.03      33         33         0          0          0.0541     2.1121     89         113        119        127        134        142        164       
1075       54000      54000      162.83     55.78      0.3426     29.20      0.15       0.15       0.20       0          32.03      33         33         0          0          0.0541     2.1158     89         113        119        127        134        142        164       
1076       54000      54000      162.82     54.90      0.3372     29.16      0.15       0.15       0.20       0          32.03      33         33         0          0          0.0541     2.1156     89         113        119        127        134        142        164       
1077       54000      54000      162.82     54.42      0.3342     29.18      0.15       0.15       0.20       0          32.03      33         33         0          0          0.0541     2.1127     89         113        119        127        134        142        164       
1078       54000      54000      162.80     54.47      0.3345     29.04      0.16       0.15       0.20       0          32.03      33         33         0          0          0.0541     2.1115     89         113        119        127        134        142        164       
1079       54000      54000      162.81     55.38      0.3401     29.07      0.15       0.15       0.20       0          32.03      33         33         0          0          0.0541     2.1110     89         113        119        127        134        142        164       
1080       54000      54000      162.81     54.90      0.3372     29.09      0.15       0.15       0.20       0          32.03      33         33         0          0          0.0541     2.1097     89         113        119        127        134        142        164       
1081       54000      54000      162.82     54.91      0.3372     29.10      0.15       0.15       0.20       0          32.03      33         33         0          0          0.0541     2.1132     89         113        119        127        134        142        164       
1082       54000      54000      162.83     54.55      0.3350     29.13      0.16       0.15       0.20       0          32.03      33         33         0          0          0.0541     2.1144     89         113        119        127        134        142        164       
1083       54000      54000      162.84     54.61      0.3354     28.96      0.15       0.15       0.20       0          32.03      33         33         0          0          0.0541     2.1124     89         113        119        127        134        142        164       
1084       54000      54000      162.83     53.71      0.3298     28.96      0.15       0.15       0.20       0          32.03      33         33         0          0          0.0541     2.1139     89         113        119        127        134        142        164       
1085       54000      54000      162.81     54.56      0.3351     29.01      0.15       0.15       0.20       0          32.03      33         33         0          0          0.0541     2.1153     89         113        119        127        134        142        164       
1086       54000      54000      162.83     53.50      0.3286     28.99      0.15       0.15       0.20       0          32.03      33         33         0          0          0.0541     2.1148     89         113        119        127        134        142        164       
1087       54000      54000      162.82     55.22      0.3391     28.99      0.15       0.15       0.20       0          32.03      33         33         0          0          0.0541     2.1113     89         113        119        127        134        142        164       
1088       54000      54000      162.82     54.93      0.3374     28.99      0.15       0.15       0.20       0          32.03      33         33         0          0          0.0541     2.1138     89         113        119        127        134        142        164       
1089       54000      54000      162.82     54.25      0.3332     28.94      0.15       0.15       0.20       0          32.03      33         33         0          0          0.0541     2.1134     89         113        119        127        134        142        164       
1090       54000      54000      162.82     54.29      0.3335     29.00      0.15       0.15       0.20       0          32.03      33         33         0          0          0.0541     2.1158     89         113        119        127        134        142        164       
1091       54000      54000      162.82     54.60      0.3353     29.04      0.15       0.15       0.20       0          32.03      33         33         0          0          0.0541     2.1070     89         113        119        127        134        142        164       
1092       54000      54000      162.81     54.76      0.3363     29.00      0.15       0.15       0.20       0          32.03      33         33         0          0          0.0541     2.1167     89         113        119        127        134        142        164       
1093       54000      54000      162.82     55.11      0.3385     29.06      0.15       0.15       0.20       0          32.03      33         33         0          0          0.0541     2.1146     89         113        119        127        134        142        164       
1094       54000      54000      162.83     55.00      0.3378     29.03      0.16       0.15       0.20       0          32.03      33         33         0          0          0.0541     2.1144     89         113        119        127        134        142        164       
1095       54000      54000      162.82     54.88      0.3370     29.06      0.15       0.15       0.20       0          32.03      33         33         0          0          0.0541     2.1138     89         113        119        127        134        142        164       
1096       54000      54000      162.81     54.73      0.3362     29.07      0.15       0.15       0.20       0          32.03      33         33         0          0          0.0541     2.1109     89         113        119        127        134        142        164       
1097       54000      54000      162.82     54.70      0.3359     29.02      0.15       0.15       0.20       0          32.03      33         33         0          0          0.0541     2.1150     89         113        119        127        134        142        164       
1098       54000      54000      162.83     55.27      0.3394     29.02      0.15       0.15       0.20       0          32.03      33         33         0          0          0.0541     2.1167     89         113        119        127        134        142        164       
1099       54000      54000      162.82     54.57      0.3352     29.04      0.15       0.15       0.20       0          32.03      33         33         0          0          0.0541     2.1142     89         113        119        127        134        142        164       
1100       54000      54000      162.80     55.47      0.3407     29.13      0.15       0.15       0.20       0          32.03      33         33         0          0          0.0541     2.1101     89         113        119        127        134        142        164       
1101       54000      54000      162.81     53.80      0.3304     29.13      0.15       0.15       0.20       0          32.03      33         33         0          0          0.0541     2.1130     89         113        119        127        134        142        164       
1102       54000      54000      162.83     54.56      0.3351     28.99      0.15       0.15       0.20       0          32.03      33         33         0          0          0.0541     2.1151     89         113        119        127        134        142        164       
1103       54000      54000      162.82     55.75      0.3424     29.08      0.15       0.15       0.20       0          32.03      33         33         0          0          0.0541     2.1109     89         113        119        127        134        142        164       
1104       54000      54000      162.82     55.09      0.3384     29.04      0.15       0.15       0.20       0          32.03      33         33         0          0          0.0541     2.1143     89         113        119        127        134        142        164       
1105       54000      54000      162.82     54.88      0.3371     29.03      0.15       0.15       0.20       0          32.03      33         33         0          0          0.0541     2.1171     89         113        119        127        134        142        164       
1106       54000      54000      162.81     53.70      0.3298     29.00      0.15       0.15       0.20       0          32.03      33         33         0          0          0.0541     2.1089     89         113        119        127        134        142        164       
1107       54000      54000      162.80     54.93      0.3374     29.01      0.15       0.15       0.20       0          32.03      33         33         0          0          0.0541     2.1135     89         113        119        127        134        142        164       
1108       54000      54000      162.82     55.51      0.3409     29.04      0.15       0.15       0.20       0          32.03      33         33         0          0          0.0541     2.1102     89         113        119        127        134        142        164       
1109       54000      54000      162.81     54.18      0.3328     29.03      0.16       0.15       0.20       0          32.03      33         33         0          0          0.0541     2.1145     89         113        119        127        134        142        164       
1110       54000      54000      162.81     54.88      0.3370     29.03      0.15       0.15       0.20       0          32.03      33         33         0          0          0.0541     2.1156     89         113        119        127        134        142        164       
1111       54000      54000      162.83     55.68      0.3419     29.04      0.15       0.15       0.20       0          32.03      33         33         0          0          0.0541     2.1122     89         113        119        127        134        142        164       
1112       54000      54000      162.82     55.17      0.3389     29.06      0.15       0.15       0.20       0          32.03      33         33         0          0          0.0541     2.1152     89         113        119        127        134        142        164       
1113       54000      54000      162.81     54.13      0.3325     29.02      0.15       0.15       0.20       0          32.03      33         33         0          0          0.0541     2.1124     89         113        119        127        134        142        164       
1114       54000      54000      162.81     54.80      0.3366     29.02      0.15       0.15       0.20       0          32.03      33         33         0          0          0.0541     2.1129     89         113        119        127        134        142        164       
1115       54000      54000      162.81     55.01      0.3379     29.05      0.15       0.15       0.20       0          32.03      33         33         0          0          0.0541     2.1126     89         113        119        127        134        142        164       
1116       54000      54000      162.83     55.97      0.3437     29.04      0.15       0.15       0.20       0          32.03      33         33         0          0          0.0541     2.1114     89         113        119        127        134        142        164       
1117       54000      54000      162.81     55.36      0.3400     29.03      0.15       0.15       0.20       0          32.03      33         33         0          0          0.0541     2.1093     89         113        119        127        134        142        164       
1118       54000      54000      162.82     55.12      0.3386     29.14      0.16       0.15       0.20       0          32.03      33         33         0          0          0.0541     2.1149     89         113        119        127        134        142        164       
1119       54000      54000      162.82     54.61      0.3354     29.16      0.16       0.15       0.20       0          32.03      33         33         0          0          0.0541     2.1130     89         113        119        127        134        142        164       
1120       54000      54000      162.82     55.60      0.3415     29.15      0.15       0.15       0.20       0          32.03      33         33         0          0          0.0541     2.1180     89         113        119        127        134        142        164       
1121       54000      54000      162.81     54.38      0.3340     29.11      0.15       0.15       0.20       0          32.03      33         33         0          0          0.0541     2.1128     89         113        119        127        134        142        164       
1122       54000      54000      162.82     54.37      0.3339     29.04      0.15       0.15       0.20       0          32.03      33         33         0          0          0.0541     2.1153     89         113        119        127        134        142        164       
1123       54000      54000      162.81     54.71      0.3360     29.02      0.15       0.15       0.20       0          32.03      33         33         0          0          0.0541     2.1120     89         113        119        127        134        142        164       
1124       54000      54000      162.82     54.74      0.3362     29.04      0.15       0.15       0.20       0          32.03      33         33         0          0          0.0541     2.1110     89         113        119        127        134        142        164       
1125       54000      54000      162.82     55.77      0.3425     29.02      0.15       0.15       0.20       0          32.03      33         33         0          0          0.0541     2.1137     89         113        119        127        134        142        164       
1126       54000      54000      162.81     55.19      0.3390     29.08      0.15       0.15       0.20       0          32.03      33         33         0          0          0.0541     2.1125     89         113        119        127        134        142        164       
1127       54000      54000      162.81     54.76      0.3364     29.23      0.15       0.15       0.20       0          32.03      33         33         0          0          0.0541     2.1142     89         113        119        127        134        142        164       
1128       54000      54000      162.81     55.06      0.3381     29.10      0.15       0.15       0.20       0          32.03      33         33         0          0          0.0541     2.1150     89         113        119        127        134        142        164       
1129       54000      54000      162.81     54.26      0.3333     29.07      0.16       0.15       0.20       0          32.03      33         33         0          0          0.0541     2.1135     89         113        119        127        134        142        164       
1130       54000      54000      162.82     54.43      0.3343     29.05      0.16       0.15       0.20       0          32.03      33         33         0          0          0.0541     2.1130     89         113        119        127        134        142        164       
1131       54000      54000      162.83     55.52      0.3410     29.07      0.16       0.15       0.20       0          32.03      33         33         0          0          0.0541     2.1140     89         113        119        127        134        142        164       
1132       54000      54000      162.82     55.15      0.3387     29.00      0.15       0.15       0.20       0          32.03      33         33         0          0          0.0541     2.1118     89         113        119        127        134        142        164       
1133       54000      54000      162.81     54.42      0.3342     29.01      0.15       0.15       0.20       0          32.03      33         33         0          0          0.0541     2.1098     89         113        119        127        134        142        164       
1134       54000      54000      162.83     55.99      0.3439     29.08      0.16       0.15       0.20       0          32.03      33         33         0          0          0.0541     2.1129     89         113        119        127        134        142        164       
1135       54000      54000      162.83     55.26      0.3394     29.07      0.15       0.15       0.20       0          32.03      33         33         0          0          0.0541     2.1122     89         113        119        127        134        142        164       
1136       54000      54000      162.81     55.09      0.3384     29.15      0.15       0.15       0.20       0          32.03      33         33         0          0          0.0541     2.1168     89         113        119        127        134        142        164       
1137       54000      54000      162.81     54.62      0.3355     29.07      0.15       0.15       0.20       0          32.03      33         33         0          0          0.0541     2.1122     89         113        119        127        134        142        164       
1138       54000      54000      162.84     53.93      0.3312     29.09      0.15       0.15       0.20       0          32.03      33         33         0          0          0.0541     2.1146     89         113        119        127        134        142        164       
1139       54000      54000      162.81     54.37      0.3339     28.99      0.15       0.15       0.20       0          32.03      33         33         0          0          0.0541     2.1157     89         113        119        127        134        142        164       
1140       54000      54000      162.82     53.44      0.3282     29.00      0.16       0.15       0.20       0          32.03      33         33         0          0          0.0541     2.1113     89         113        119        127        134        142        164       
1141       54000      54000      162.82     54.84      0.3368     28.93      0.15       0.14       0.20       0          32.03      33         33         0          0          0.0541     2.1115     89         113        119        127        134        142        164       
1142       54000      54000      162.82     54.52      0.3349     28.89      0.15       0.14       0.20       0          32.03      33         33         0          0          0.0541     2.1149     89         113        119        127        134        142        164       
1143       54000      54000      162.82     55.06      0.3382     28.99      0.15       0.15       0.20       0          32.03      33         33         0          0          0.0541     2.1165     89         113        119        127        134        142        164       
1144       54000      54000      162.83     54.07      0.3320     29.03      0.15       0.15       0.20       0          32.03      33         33         0          0          0.0541     2.1146     89         113        119        127        134        142        164       
1145       54000      54000      162.82     54.90      0.3372     29.08      0.16       0.15       0.20       0          32.03      33         33         0          0          0.0541     2.1132     89         113        119        127        134        142        164       
1146       54000      54000      162.81     54.70      0.3360     29.07      0.15       0.15       0.20       0          32.03      33         33         0          0          0.0541     2.1123     89         113        119        127        134        142        164       
1147       54000      54000      162.81     54.73      0.3361     29.03      0.15       0.15       0.20       0          32.03      33         33         0          0          0.0541     2.1106     89         113        119        127        134        142        164       
1148       54000      54000      162.83     55.01      0.3378     29.04      0.15       0.15       0.20       0          32.03      33         33         0          0          0.0541     2.1179     89         113        119        127        134        142        164       
1149       54000      54000      162.83     54.53      0.3349     29.06      0.15       0.15       0.20       0          32.03      33         33         0          0          0.0541     2.1144     89         113        119        127        134        142        164       
1150       54000      54000      162.83     55.30      0.3396     29.07      0.15       0.15       0.20       0          32.03      33         33         0          0          0.0541     2.1150     89         113        119        127        134        142        164       
1151       54000      54000      162.81     53.81      0.3305     29.01      0.15       0.15       0.20       0          32.03      33         33         0          0          0.0541     2.1137     89         113        119        127        134        142        164       
1152       54000      54000      162.82     55.21      0.3391     28.98      0.15       0.15       0.20       0          32.03      33         33         0          0          0.0541     2.1126     89         113        119        127        134        142        164       
1153       54000      54000      162.81     55.16      0.3388     28.97      0.15       0.15       0.20       0          32.03      33         33         0          0          0.0541     2.1149     89         113        119        127        134        142        164       
1154       54000      54000      162.83     54.77      0.3364     28.99      0.15       0.15       0.20       0          32.03      33         33         0          0          0.0541     2.1112     89         113        119        127        134        142        164       
1155       54000      54000      162.83     56.15      0.3448     29.11      0.15       0.15       0.20       0          32.03      33         33         0          0          0.0541     2.1124     89         113        119        127        134        142        164       
1156       54000      54000      162.82     54.80      0.3366     29.04      0.15       0.15       0.20       0          32.03      33         33         0          0          0.0541     2.1130     89         113        119        127        134        142        164       
1157       54000      54000      162.82     55.12      0.3385     29.09      0.16       0.15       0.20       0          32.03      33         33         0          0          0.0541     2.1134     89         113        119        127        134        142        164       
1158       54000      54000      162.83     54.92      0.3373     29.07      0.15       0.15       0.20       0          32.03      33         33         0          0          0.0541     2.1159     89         113        119        127        134        142        164       
1159       54000      54000      162.82     54.74      0.3362     28.97      0.15       0.15       0.20       0          32.03      33         33         0          0          0.0541     2.1117     89         113        119        127        134        142        164       
1160       54000      54000      162.81     55.43      0.3404     29.06      0.15       0.15       0.20       0          32.02      33         33         0          0          0.0541     2.1174     89         113        119        127        134        142        164       
1161       54000      54000      162.83     54.90      0.3372     29.18      0.15       0.15       0.20       0          32.02      33         33         0          0          0.0541     2.1117     89         113        119        127        134        142        164       
1162       54000      54000      162.82     53.45      0.3283     29.06      0.15       0.15       0.20       0          32.02      33         33         0          0          0.0541     2.1164     89         113        119        127        134        142        164       
1163       54000      54000      162.82     54.63      0.3355     29.06      0.15       0.15       0.20       0          32.02      33         33         0          0          0.0541     2.1135     89         113        119        127        134        142        164       
1164       54000      54000      162.80     54.54      0.3350     29.02      0.15       0.15       0.20       0          32.02      33         33         0          0          0.0541     2.1154     89         113        119        127        134        142        164       
1165       54000      54000      162.81     54.06      0.3320     28.98      0.16       0.15       0.20       0          32.02      33         33         0          0          0.0541     2.1135     89         113        119        127        134        142        164       
1166       54000      54000      162.82     54.29      0.3334     28.97      0.15       0.14       0.20       0          32.02      33         33         0          0          0.0541     2.1161     89         113        119        127        134        142        164       
1167       54000      54000      162.81     54.01      0.3318     28.99      0.15       0.15       0.20       0          32.02      33         33         0          0          0.0541     2.1139     89         113        119        127        134        142        164       
1168       54000      54000      162.83     53.88      0.3309     28.87      0.15       0.14       0.20       0          32.02      33         33         0          0          0.0541     2.1142     89         113        119        127        134        142        164       
1169       54000      54000      162.83     56.05      0.3442     28.99      0.15       0.15       0.20       0          32.02      33         33         0          0          0.0541     2.1099     89         113        119        127        134        142        164       
1170       54000      54000      162.82     54.40      0.3341     28.98      0.15       0.15       0.20       0          32.02      33         33         0          0          0.0541     2.1158     89         113        119        127        134        142        164       
1171       54000      54000      162.83     54.31      0.3335     29.07      0.15       0.15       0.20       0          32.02      33         33         0          0          0.0541     2.1139     89         113        119        127        134        142        164       
1172       54000      54000      162.82     53.86      0.3308     29.08      0.15       0.15       0.20       0          32.02      33         33         0          0          0.0541     2.1184     89         113        119        127        134        142        164       
1173       54000      54000      162.81     55.00      0.3378     29.01      0.15       0.15       0.20       0          32.02      33         33         0          0          0.0541     2.1146     89         113        119        127        134        142        164       
1174       54000      54000      162.80     55.42      0.3404     29.03      0.15       0.15       0.20       0          32.02      33         33         0          0          0.0541     2.1133     89         113        119        127        134        142        164       
1175       54000      54000      162.82     54.65      0.3356     29.10      0.15       0.15       0.20       0          32.02      33         33         0          0          0.0541     2.1157     89         113        119        127        134        142        164       
1176       54000      54000      162.82     55.45      0.3406     29.04      0.15       0.15       0.20       0          32.02      33         33         0          0          0.0541     2.1137     89         113        119        127        134        142        164       
1177       54000      54000      162.82     55.01      0.3379     29.08      0.15       0.15       0.20       0          32.02      33         33         0          0          0.0541     2.1159     89         113        119        127        134        142        164       
1178       54000      54000      162.82     54.86      0.3369     29.08      0.15       0.15       0.20       0          32.02      33         33         0          0          0.0541     2.1130     89         113        119        127        134        142        164       
1179       54000      54000      162.82     54.09      0.3322     29.09      0.15       0.15       0.20       0          32.02      33         33         0          0          0.0541     2.1134     89         113        119        127        134        142        164       
1180       54000      54000      162.83     55.60      0.3415     29.08      0.15       0.15       0.20       0          32.02      33         33         0          0          0.0541     2.1126     89         113        119        127        134        142        164       
1181       54000      54000      162.81     54.86      0.3370     28.99      0.15       0.15       0.20       0          32.02      33         33         0          0          0.0541     2.1134     89         113        119        127        134        142        164       
1182       54000      54000      162.81     54.11      0.3324     28.94      0.15       0.15       0.20       0          32.02      33         33         0          0          0.0541     2.1123     89         113        119        127        134        142        164       
1183       54000      54000      162.83     54.79      0.3365     28.98      0.15       0.15       0.20       0          32.02      33         33         0          0          0.0541     2.1151     89         113        119        127        134        142        164       
1184       54000      54000      162.81     54.73      0.3362     28.95      0.15       0.15       0.20       0          32.02      33         33         0          0          0.0541     2.1109     89         113        119        127        134        142        164       
1185       54000      54000      162.82     54.89      0.3371     29.02      0.15       0.15       0.20       0          32.02      33         33         0          0          0.0541     2.1138     89         113        119        127        134        142        164       
1186       54000      54000      162.82     54.64      0.3356     28.97      0.15       0.15       0.20       0          32.02      33         33         0          0          0.0541     2.1134     89         113        119        127        134        142        164       
1187       54000      54000      162.81     53.87      0.3308     28.93      0.15       0.14       0.20       0          32.02      33         33         0          0          0.0541     2.1101     89         113        119        127        134        142        164       
1188       54000      54000      162.82     54.55      0.3350     28.98      0.15       0.15       0.20       0          32.02      33         33         0          0          0.0541     2.1135     89         113        119        127        134        142        164       
1189       54000      54000      162.83     54.07      0.3321     28.93      0.15       0.14       0.20       0          32.02      33         33         0          0          0.0541     2.1127     89         113        119        127        134        142        164       
1190       54000      54000      162.82     54.39      0.3340     28.85      0.15       0.14       0.20       0          32.02      33         33         0          0          0.0541     2.1127     89         113        119        127        134        142        164       
1191       54000      54000      162.83     54.58      0.3352     28.93      0.15       0.14       0.20       0          32.02      33         33         0          0          0.0541     2.1134     89         113        119        127        134        142        164       
1192       54000      54000      162.83     54.45      0.3344     29.01      0.15       0.15       0.20       0          32.02      33         33         0          0          0.0541     2.1125     89         113        119        127        134        142        164       
1193       54000      54000      162.82     54.36      0.3339     28.89      0.15       0.15       0.20       0          32.02      33         33         0          0          0.0541     2.1108     89         113        119        127        134        142        164       
1194       54000      54000      162.82     54.27      0.3333     28.91      0.15       0.14       0.20       0          32.02      33         33         0          0          0.0541     2.1145     89         113        119        127        134        142        164       
1195       54000      54000      162.82     55.05      0.3381     28.97      0.15       0.15       0.20       0          32.02      33         33         0          0          0.0541     2.1159     89         113        119        127        134        142        164       
1196       54000      54000      162.83     53.92      0.3311     28.98      0.15       0.15       0.20       0          32.02      33         33         0          0          0.0541     2.1157     89         113        119        127        134        142        164       
1197       54000      54000      162.82     54.39      0.3341     28.90      0.14       0.14       0.20       0          32.02      33         33         0          0          0.0541     2.1139     89         113        119        127        134        142        164       
1198       54000      54000      162.82     54.28      0.3334     28.84      0.15       0.14       0.20       0          32.02      33         33         0          0          0.0541     2.1130     89         113        119        127        134        142        164       
1199       54000      54000      162.82     54.93      0.3374     28.86      0.15       0.14       0.20       0          32.02      33         33         0          0          0.0541     2.1126     89         113        119        127        134        142        164       
1200       54000      54000      162.83     54.79      0.3365     28.92      0.14       0.14       0.20       0          32.02      33         33         0          0          0.0541     2.1122     89         113        119        127        134        142        164       
1201       54000      54000      162.83     55.00      0.3378     28.95      0.15       0.14       0.20       0          32.02      33         33         0          0          0.0541     2.1124     89         113        119        127        134        142        164       
1202       54000      54000      162.82     55.48      0.3408     28.97      0.14       0.15       0.20       0          32.02      33         33         0          0          0.0541     2.1145     89         113        119        127        134        142        164       
1203       54000      54000      162.82     54.52      0.3349     29.02      0.15       0.15       0.20       0          32.02      33         33         0          0          0.0541     2.1108     89         113        119        127        134        142        164       
1204       54000      54000      162.82     54.87      0.3370     28.98      0.15       0.15       0.20       0          32.02      33         33         0          0          0.0541     2.1120     89         113        119        127        134        142        164       
1205       54000      54000      162.81     55.07      0.3382     28.98      0.15       0.15       0.20       0          32.02      33         33         0          0          0.0541     2.1124     89         113        119        127        134        142        164       
1206       54000      54000      162.83     55.32      0.3397     29.03      0.15       0.15       0.20       0          32.02      33         33         0          0          0.0541     2.1126     89         113        119        127        134        142        164       
1207       54000      54000      162.82     55.79      0.3427     29.11      0.15       0.15       0.20       0          32.02      33         33         0          0          0.0541     2.1101     89         113        119        127        134        142        164       
1208       54000      54000      162.81     54.69      0.3359     29.13      0.15       0.15       0.20       0          32.02      33         33         0          0          0.0541     2.1089     89         113        119        127        134        142        164       
1209       54000      54000      162.82     54.94      0.3374     29.16      0.15       0.15       0.20       0          32.02      33         33         0          0          0.0541     2.1080     89         113        119        127        134        142        164       
1210       54000      54000      162.81     54.39      0.3340     29.14      0.15       0.15       0.20       0          32.02      33         33         0          0          0.0541     2.1118     89         113        119        127        134        142        164       
1211       54000      54000      162.81     56.07      0.3444     29.07      0.15       0.15       0.20       0          32.02      33         33         0          0          0.0541     2.1110     89         113        119        127        134        142        164       
1212       54000      54000      162.82     55.71      0.3422     29.14      0.15       0.15       0.20       0          32.02      33         33         0          0          0.0541     2.1126     89         113        119        127        134        142        164       
1213       54000      54000      162.82     55.14      0.3386     29.15      0.16       0.15       0.20       0          32.02      33         33         0          0          0.0541     2.1126     89         113        119        127        134        142        164       
1214       54000      54000      162.82     53.78      0.3303     29.09      0.16       0.15       0.20       0          32.02      33         33         0          0          0.0541     2.1118     89         113        119        127        134        142        164       
1215       54000      54000      162.83     54.56      0.3351     29.05      0.15       0.15       0.20       0          32.02      33         33         0          0          0.0541     2.1137     89         113        119        127        134        142        164       
1216       54000      54000      162.81     54.91      0.3373     29.09      0.15       0.15       0.20       0          32.02      33         33         0          0          0.0541     2.1134     89         113        119        127        134        142        164       
1217       54000      54000      162.83     54.52      0.3348     29.03      0.15       0.15       0.20       0          32.02      33         33         0          0          0.0541     2.1126     89         113        119        127        134        142        164       
1218       54000      54000      162.81     54.77      0.3364     28.95      0.15       0.15       0.20       0          32.02      33         33         0          0          0.0541     2.1129     89         113        119        127        134        142        164       
1219       54000      54000      162.83     54.39      0.3340     28.95      0.15       0.15       0.20       0          32.02      33         33         0          0          0.0541     2.1120     89         113        119        127        134        142        164       
1220       54000      54000      162.81     55.02      0.3379     28.99      0.15       0.15       0.20       0          32.02      33         33         0          0          0.0541     2.1142     89         113        119        127        134        142        164       
1221       54000      54000      162.82     54.83      0.3367     29.03      0.15       0.15       0.20       0          32.02      33         33         0          0          0.0541     2.1153     89         113        119        127        134        142        164       
1222       54000      54000      162.80     54.97      0.3376     29.06      0.16       0.15       0.20       0          32.02      33         33         0          0          0.0541     2.1158     89         113        119        127        134        142        164       
1223       54000      54000      162.81     53.90      0.3311     29.09      0.15       0.15       0.20       0          32.02      33         33         0          0          0.0541     2.1137     89         113        119        127        134        142        164       
1224       54000      54000      162.81     55.34      0.3399     29.07      0.15       0.15       0.20       0          32.02      33         33         0          0          0.0541     2.1148     89         113        119        127        134        142        164       
1225       54000      54000      162.82     54.99      0.3377     29.03      0.15       0.15       0.20       0          32.02      33         33         0          0          0.0541     2.1102     89         113        119        127        134        142        164       
1226       54000      54000      162.82     55.28      0.3395     29.07      0.15       0.15       0.20       0          32.02      33         33         0          0          0.0541     2.1131     89         113        119        127        134        142        164       
1227       54000      54000      162.82     54.52      0.3348     29.03      0.15       0.15       0.20       0          32.02      33         33         0          0          0.0541     2.1157     89         113        119        127        134        142        164       
1228       54000      54000      162.82     55.24      0.3393     28.95      0.15       0.15       0.20       0          32.02      33         33         0          0          0.0541     2.1172     89         113        119        127        134        142        164       
1229       54000      54000      162.82     53.71      0.3299     29.02      0.15       0.15       0.20       0          32.02      33         33         0          0          0.0541     2.1140     89         113        119        127        134        142        164       
1230       54000      54000      162.83     55.20      0.3390     29.02      0.16       0.15       0.20       0          32.02      33         33         0          0          0.0541     2.1128     89         113        119        127        134        142        164       
1231       54000      54000      162.83     55.14      0.3386     28.94      0.15       0.15       0.20       0          32.02      33         33         0          0          0.0541     2.1104     89         113        119        127        134        142        164       
1232       54000      54000      162.80     54.26      0.3333     28.93      0.15       0.15       0.20       0          32.02      33         33         0          0          0.0541     2.1144     89         113        119        127        134        142        164       
1233       54000      54000      162.82     54.76      0.3363     29.02      0.15       0.15       0.20       0          32.02      33         33         0          0          0.0541     2.1138     89         113        119        127        134        142        164       
1234       54000      54000      162.82     54.67      0.3357     28.97      0.15       0.15       0.20       0          32.02      33         33         0          0          0.0541     2.1152     89         113        119        127        134        142        164       
1235       54000      54000      162.84     54.35      0.3338     29.04      0.15       0.15       0.20       0          32.02      33         33         0          0          0.0541     2.1119     89         113        119        127        134        142        164       
1236       54000      54000      162.81     55.10      0.3384     28.98      0.15       0.15       0.20       0          32.02      33         33         0          0          0.0541     2.1109     89         113        119        127        134        142        164       
1237       54000      54000      162.81     53.77      0.3303     28.88      0.15       0.14       0.20       0          32.02      33         33         0          0          0.0541     2.1140     89         113        119        127        134        142        164       
1238       54000      54000      162.82     52.75      0.3240     28.94      0.15       0.14       0.20       0          32.02      33         33         0          0          0.0541     2.1144     89         113        119        127        134        142        164       
1239       54000      54000      162.82     55.52      0.3410     28.83      0.15       0.14       0.20       0          32.02      33         33         0          0          0.0541     2.1111     89         113        119        127        134        142        164       
1240       54000      54000      162.80     55.06      0.3382     28.94      0.15       0.14       0.20       0          32.02      33         33         0          0          0.0541     2.1159     89         113        119        127        134        142        164       
1241       54000      54000      162.82     54.59      0.3353     28.94      0.15       0.15       0.20       0          32.02      33         33         0          0          0.0541     2.1185     89         113        119        127        134        142        164       
1242       54000      54000      162.82     54.28      0.3334     28.90      0.15       0.15       0.20       0          32.02      33         33         0          0          0.0541     2.1143     89         113        119        127        134        142        164       
1243       54000      54000      162.81     55.58      0.3414     28.88      0.15       0.15       0.20       0          32.02      33         33         0          0          0.0541     2.1113     89         113        119        127        134        142        164       
1244       54000      54000      162.82     54.87      0.3370     28.90      0.15       0.15       0.20       0          32.02      33         33         0          0          0.0541     2.1143     89         113        119        127        134        142        164       
1245       54000      54000      162.81     54.21      0.3329     28.94      0.15       0.15       0.20       0          32.02      33         33         0          0          0.0541     2.1148     89         113        119        127        134        142        164       
1246       54000      54000      162.82     54.13      0.3324     28.96      0.15       0.15       0.20       0          32.02      33         33         0          0          0.0541     2.1109     89         113        119        127        134        142        164       
1247       54000      54000      162.81     55.73      0.3423     28.98      0.15       0.15       0.20       0          32.02      33         33         0          0          0.0541     2.1107     89         113        119        127        134        142        164       
1248       54000      54000      162.82     54.59      0.3353     29.01      0.15       0.15       0.20       0          32.02      33         33         0          0          0.0541     2.1131     89         113        119        127        134        142        164       
1249       54000      54000      162.83     54.96      0.3375     29.01      0.15       0.15       0.20       0          32.02      33         33         0          0          0.0541     2.1105     89         113        119        127        134        142        164       
1250       54000      54000      162.81     54.95      0.3375     29.01      0.15       0.15       0.20       0          32.02      33         33         0          0          0.0541     2.1131     89         113        119        127        134        142        164       
1251       54000      54000      162.82     54.57      0.3352     28.99      0.15       0.15       0.20       0          32.02      33         33         0          0          0.0541     2.1160     89         113        119        127        134        142        164       
1252       54000      54000      162.82     54.92      0.3373     29.05      0.15       0.15       0.20       0          32.02      33         33         0          0          0.0541     2.1144     89         113        119        127        134        142        164       
1253       54000      54000      162.81     54.41      0.3342     29.02      0.15       0.15       0.20       0          32.02      33         33         0          0          0.0541     2.1123     89         113        119        127        134        142        164       
1254       54000      54000      162.83     53.52      0.3287     29.03      0.15       0.15       0.20       0          32.02      33         33         0          0          0.0541     2.1134     89         113        119        127        134        142        164       
1255       54000      54000      162.81     54.61      0.3354     28.91      0.15       0.14       0.20       0          32.02      33         33         0          0          0.0541     2.1149     89         113        119        127        134        142        164       
1256       54000      54000      162.82     55.37      0.3401     28.99      0.15       0.15       0.20       0          32.02      33         33         0          0          0.0541     2.1129     89         113        119        127        134        142        164       
1257       54000      54000      162.82     54.75      0.3363     29.02      0.15       0.15       0.20       0          32.02      33         33         0          0          0.0541     2.1133     89         113        119        127        134        142        164       
1258       54000      54000      162.81     55.67      0.3419     29.07      0.15       0.15       0.20       0          32.02      33         33         0          0          0.0541     2.1131     89         113        119        127        134        142        164       
1259       54000      54000      162.82     55.48      0.3408     29.12      0.15       0.15       0.20       0          32.02      33         33         0          0          0.0541     2.1141     89         113        119        127        134        142        164       
1260       54000      54000      162.82     55.01      0.3378     29.06      0.15       0.15       0.20       0          32.02      33         33         0          0          0.0541     2.1146     89         113        119        127        134        142        164       
1261       54000      54000      162.81     55.89      0.3433     29.03      0.15       0.15       0.20       0          32.02      33         33         0          0          0.0541     2.1148     89         113        119        127        134        142        164       
1262       54000      54000      162.82     53.36      0.3277     29.10      0.15       0.15       0.20       0          32.02      33         33         0          0          0.0541     2.1138     89         113        119        127        134        142        164       
1263       54000      54000      162.82     54.76      0.3363     29.15      0.15       0.15       0.20       0          32.02      33         33         0          0          0.0541     2.1149     89         113        119        127        134        142        164       
1264       54000      54000      162.82     55.98      0.3438     29.06      0.15       0.15       0.20       0          32.02      33         33         0          0          0.0541     2.1131     89         113        119        127        134        142        164       
1265       54000      54000      162.84     55.31      0.3397     28.98      0.15       0.15       0.20       0          32.02      33         33         0          0          0.0541     2.1156     89         113        119        127        134        142        164       
1266       54000      54000      162.83     54.17      0.3327     29.01      0.15       0.15       0.20       0          32.02      33         33         0          0          0.0541     2.1149     89         113        119        127        134        142        164       
1267       54000      54000      162.81     54.94      0.3375     29.05      0.16       0.15       0.20       0          32.02      33         33         0          0          0.0541     2.1122     89         113        119        127        134        142        164       
1268       54000      54000      162.80     54.03      0.3319     28.99      0.15       0.15       0.20       0          32.02      33         33         0          0          0.0541     2.1096     89         113        119        127        134        142        164       
1269       54000      54000      162.83     54.56      0.3351     29.00      0.15       0.15       0.20       0          32.02      33         33         0          0          0.0541     2.1119     89         113        119        127        134        142        164       
1270       54000      54000      162.82     54.91      0.3373     28.96      0.15       0.15       0.20       0          32.02      33         33         0          0          0.0541     2.1167     89         113        119        127        134        142        164       
1271       54000      54000      162.82     54.42      0.3343     28.99      0.15       0.15       0.20       0          32.02      33         33         0          0          0.0541     2.1134     89         113        119        127        134        142        164       
1272       54000      54000      162.81     55.21      0.3391     28.95      0.15       0.15       0.20       0          32.02      33         33         0          0          0.0541     2.1112     89         113        119        127        134        142        164       
1273       54000      54000      162.82     55.04      0.3381     28.98      0.15       0.15       0.20       0          32.02      33         33         0          0          0.0541     2.1145     89         113        119        127        134        142        164       
1274       54000      54000      162.82     55.12      0.3385     28.96      0.15       0.15       0.20       0          32.02      33         33         0          0          0.0541     2.1104     89         113        119        127        134        142        164       
1275       54000      54000      162.83     54.41      0.3342     29.04      0.15       0.15       0.20       0          32.02      33         33         0          0          0.0541     2.1156     89         113        119        127        134        142        164       
1276       54000      54000      162.83     55.21      0.3391     29.07      0.15       0.15       0.20       0          32.02      33         33         0          0          0.0541     2.1111     89         113        119        127        134        142        164       
1277       54000      54000      162.83     55.68      0.3420     29.08      0.15       0.15       0.20       0          32.02      33         33         0          0          0.0541     2.1102     89         113        119        127        134        142        164       
1278       54000      54000      162.81     54.24      0.3332     29.03      0.15       0.15       0.20       0          32.02      33         33         0          0          0.0541     2.1149     89         113        119        127        134        142        164       
1279       54000      54000      162.81     55.79      0.3427     29.06      0.15       0.15       0.20       0          32.02      33         33         0          0          0.0541     2.1148     89         113        119        127        134        142        164       
1280       54000      54000      162.82     54.39      0.3341     29.05      0.15       0.15       0.20       0          32.02      33         33         0          0          0.0541     2.1115     89         113        119        127        134        142        164       
1281       54000      54000      162.81     54.19      0.3329     29.04      0.15       0.15       0.20       0          32.02      33         33         0          0          0.0541     2.1133     89         113        119        127        134        142        164       
1282       54000      54000      162.82     55.02      0.3379     29.07      0.15       0.15       0.20       0          32.02      33         33         0          0          0.0541     2.1113     89         113        119        127        134        142        164       
1283       54000      54000      162.82     54.80      0.3366     29.04      0.15       0.15       0.20       0          32.02      33         33         0          0          0.0541     2.1130     89         113        119        127        134        142        164       
1284       54000      54000      162.83     55.55      0.3412     29.02      0.15       0.15       0.20       0          32.02      33         33         0          0          0.0541     2.1152     89         113        119        127        134        142        164       
1285       54000      54000      162.82     54.99      0.3377     28.91      0.15       0.15       0.20       0          32.02      33         33         0          0          0.0541     2.1135     89         113        119        127        134        142        164       
1286       54000      54000      162.82     54.45      0.3344     29.02      0.15       0.15       0.20       0          32.02      33         33         0          0          0.0541     2.1168     89         113        119        127        134        142        164       
1287       54000      54000      162.81     55.43      0.3405     28.98      0.15       0.15       0.20       0          32.02      33         33         0          0          0.0541     2.1141     89         113        119        127        134        142        164       
1288       54000      54000      162.80     54.65      0.3357     28.98      0.15       0.15       0.20       0          32.02      33         33         0          0          0.0541     2.1100     89         113        119        127        134        142        164       
1289       54000      54000      162.81     53.17      0.3266     29.01      0.15       0.15       0.20       0          32.02      33         33         0          0          0.0541     2.1121     89         113        119        127        134        142        164       
1290       54000      54000      162.83     54.07      0.3321     28.95      0.14       0.15       0.20       0          32.02      33         33         0          0          0.0541     2.1128     89         113        119        127        134        142        164       
1291       54000      54000      162.81     54.07      0.3321     28.90      0.15       0.14       0.20       0          32.02      33         33         0          0          0.0541     2.1161     89         113        119        127        134        142        164       
1292       54000      54000      162.81     54.01      0.3317     28.95      0.15       0.14       0.20       0          32.02      33         33         0          0          0.0541     2.1170     89         113        119        127        134        142        164       
1293       54000      54000      162.82     54.00      0.3317     28.93      0.15       0.14       0.20       0          32.02      33         33         0          0          0.0541     2.1107     89         113        119        127        134        142        164       
1294       54000      54000      162.82     55.84      0.3429     28.97      0.15       0.14       0.20       0          32.02      33         33         0          0          0.0541     2.1145     89         113        119        127        134        142        164       
1295       54000      54000      162.81     55.60      0.3415     28.99      0.15       0.15       0.20       0          32.02      33         33         0          0          0.0541     2.1089     89         113        119        127        134        142        164       
1296       54000      54000      162.82     55.09      0.3384     28.99      0.15       0.15       0.20       0          32.02      33         33         0          0          0.0541     2.1126     89         113        119        127        134        142        164       
1297       54000      54000      162.83     54.54      0.3349     29.03      0.15       0.15       0.20       0          32.02      33         33         0          0          0.0541     2.1148     89         113        119        127        134        142        164       
1298       54000      54000      162.82     54.82      0.3367     29.07      0.15       0.15       0.20       0          32.02      33         33         0          0          0.0541     2.1160     89         113        119        127        134        142        164       
1299       54000      54000      162.83     54.29      0.3334     29.01      0.15       0.15       0.20       0          32.02      33         33         0          0          0.0541     2.1141     89         113        119        127        134        142        164       
1300       54000      54000      162.82     54.81      0.3366     28.97      0.15       0.15       0.20       0          32.02      33         33         0          0          0.0541     2.1139     89         113        119        127        134        142        164       
1301       54000      54000      162.81     54.95      0.3375     29.07      0.15       0.15       0.20       0          32.02      33         33         0          0          0.0541     2.1121     89         113        119        127        134        142        164       
1302       54000      54000      162.81     55.33      0.3398     28.99      0.15       0.15       0.20       0          32.02      33         33         0          0          0.0541     2.1108     89         113        119        127        134        142        164       
1303       54000      54000      162.81     54.81      0.3367     29.00      0.16       0.15       0.20       0          32.02      33         33         0          0          0.0541     2.1092     89         113        119        127        134        142        164       
1304       54000      54000      162.82     55.61      0.3415     29.02      0.15       0.15       0.20       0          32.02      33         33         0          0          0.0541     2.1101     89         113        119        127        134        142        164       
1305       54000      54000      162.82     55.98      0.3438     29.09      0.16       0.15       0.20       0          32.02      33         33         0          0          0.0541     2.1121     89         113        119        127        134        142        164       
1306       54000      54000      162.82     54.55      0.3350     29.17      0.15       0.15       0.20       0          32.02      33         33         0          0          0.0541     2.1118     89         113        119        127        134        142        164       
1307       54000      54000      162.82     54.15      0.3326     29.01      0.15       0.15       0.20       0          32.02      33         33         0          0          0.0541     2.1130     89         113        119        127        134        142        164       
1308       54000      54000      162.82     55.06      0.3381     29.09      0.15       0.15       0.20       0          32.02      33         33         0          0          0.0541     2.1102     89         113        119        127        134        142        164       
1309       54000      54000      162.81     54.02      0.3318     29.00      0.15       0.15       0.20       0          32.02      33         33         0          0          0.0541     2.1125     89         113        119        127        134        142        164       
1310       54000      54000      162.82     55.89      0.3433     28.95      0.15       0.15       0.20       0          32.02      33         33         0          0          0.0541     2.1102     89         113        119        127        134        142        164       
1311       54000      54000      162.83     55.22      0.3391     29.02      0.15       0.15       0.20       0          32.02      33         33         0          0          0.0541     2.1147     89         113        119        127        134        142        164       
1312       54000      54000      162.80     55.54      0.3411     29.06      0.15       0.15       0.20       0          32.02      33         33         0          0          0.0541     2.1141     89         113        119        127        134        142        164       
1313       54000      54000      162.81     54.27      0.3333     29.02      0.15       0.15       0.20       0          32.02      33         33         0          0          0.0541     2.1155     89         113        119        127        134        142        164       
1314       54000      54000      162.81     55.00      0.3378     29.09      0.15       0.15       0.20       0          32.02      33         33         0          0          0.0541     2.1111     89         113        119        127        134        142        164       
1315       54000      54000      162.82     55.77      0.3425     29.03      0.15       0.15       0.20       0          32.02      33         33         0          0          0.0541     2.1126     89         113        119        127        134        142        164       
1316       54000      54000      162.81     55.98      0.3438     29.14      0.15       0.15       0.20       0          32.02      33         33         0          0          0.0541     2.1114     89         113        119        127        134        142        164       
1317       54000      54000      162.81     54.67      0.3358     29.21      0.15       0.15       0.20       0          32.02      33         33         0          0          0.0541     2.1167     89         113        119        127        134        142        164       
1318       54000      54000      162.81     55.79      0.3427     29.03      0.15       0.15       0.20       0          32.02      33         33         0          0          0.0541     2.1172     89         113        119        127        134        142        164       
1319       54000      54000      162.81     55.28      0.3395     29.06      0.15       0.15       0.20       0          32.02      33         33         0          0          0.0541     2.1116     89         113        119        127        134        142        164       
1320       54000      54000      162.82     55.74      0.3424     29.10      0.15       0.15       0.20       0          32.02      33         33         0          0          0.0541     2.1129     89         113        119        127        134        142        164       
1321       54000      54000      162.81     54.17      0.3327     29.13      0.16       0.15       0.20       0          32.02      33         33         0          0          0.0541     2.1123     89         113        119        127        134        142        164       
1322       54000      54000      162.81     55.27      0.3395     29.11      0.15       0.15       0.20       0          32.02      33         33         0          0          0.0541     2.1146     89         113        119        127        134        142        164       
1323       54000      54000      162.82     54.36      0.3339     29.10      0.15       0.15       0.20       0          32.02      33         33         0          0          0.0541     2.1123     89         113        119        127        134        142        164       
1324       54000      54000      162.81     54.38      0.3340     28.99      0.15       0.15       0.20       0          32.02      33         33         0          0          0.0541     2.1132     89         113        119        127        134        142        164       
1325       54000      54000      162.82     55.60      0.3415     28.98      0.15       0.15       0.20       0          32.02      33         33         0          0          0.0541     2.1123     89         113        119        127        134        142        164       
1326       54000      54000      162.82     54.06      0.3320     29.02      0.15       0.15       0.20       0          32.02      33         33         0          0          0.0541     2.1153     89         113        119        127        134        142        164       
1327       54000      54000      162.82     54.45      0.3344     29.01      0.15       0.15       0.20       0          32.02      33         33         0          0          0.0541     2.1108     89         113        119        127        134        142        164       
1328       54000      54000      162.83     54.01      0.3317     28.92      0.15       0.15       0.20       0          32.02      33         33         0          0          0.0541     2.1119     89         113        119        127        134        142        164       
1329       54000      54000      162.82     54.67      0.3358     28.90      0.15       0.15       0.20       0          32.02      33         33         0          0          0.0541     2.1126     89         113        119        127        134        142        164       
1330       54000      54000      162.82     54.36      0.3339     28.93      0.15       0.14       0.20       0          32.02      33         33         0          0          0.0541     2.1157     89         113        119        127        134        142        164       
1331       54000      54000      162.83     55.16      0.3387     28.92      0.15       0.14       0.20       0          32.02      33         33         0          0          0.0541     2.1090     89         113        119        127        134        142        164       
1332       54000      54000      162.82     55.47      0.3407     28.91      0.15       0.15       0.20       0          32.02      33         33         0          0          0.0541     2.1150     89         113        119        127        134        142        164       
1333       54000      54000      162.82     53.91      0.3311     28.90      0.15       0.14       0.20       0          32.02      33         33         0          0          0.0541     2.1122     89         113        119        127        134        142        164       
1334       54000      54000      162.81     54.52      0.3349     28.92      0.15       0.14       0.20       0          32.02      33         33         0          0          0.0541     2.1080     89         113        119        127        134        142        164       
1335       54000      54000      162.82     54.67      0.3357     28.91      0.15       0.14       0.20       0          32.02      33         33         0          0          0.0541     2.1130     89         113        119        127        134        142        164       
1336       54000      54000      162.83     55.00      0.3378     28.96      0.15       0.15       0.20       0          32.02      33         33         0          0          0.0541     2.1145     89         113        119        127        134        142        164       
1337       54000      54000      162.82     54.65      0.3357     28.90      0.14       0.15       0.20       0          32.02      33         33         0          0          0.0541     2.1155     89         113        119        127        134        142        164       
1338       54000      54000      162.82     53.88      0.3309     28.97      0.15       0.15       0.20       0          32.02      33         33         0          0          0.0541     2.1150     89         113        119        127        134        142        164       
1339       54000      54000      162.81     54.60      0.3353     28.90      0.15       0.14       0.20       0          32.02      33         33         0          0          0.0541     2.1101     89         113        119        127        134        142        164       
1340       54000      54000      162.82     54.93      0.3373     28.89      0.15       0.14       0.20       0          32.02      33         33         0          0          0.0541     2.1149     89         113        119        127        134        142        164       
1341       54000      54000      162.82     55.95      0.3437     28.96      0.15       0.15       0.20       0          32.02      33         33         0          0          0.0541     2.1127     89         113        119        127        134        142        164       
1342       54000      54000      162.81     53.84      0.3307     28.99      0.15       0.15       0.20       0          32.02      33         33         0          0          0.0541     2.1100     89         113        119        127        134        142        164       
1343       54000      54000      162.83     54.45      0.3344     28.98      0.15       0.15       0.20       0          32.02      33         33         0          0          0.0541     2.1159     89         113        119        127        134        142        164       
1344       54000      54000      162.82     54.40      0.3341     28.92      0.15       0.14       0.20       0          32.02      33         33         0          0          0.0541     2.1088     89         113        119        127        134        142        164       
1345       54000      54000      162.80     55.03      0.3380     28.92      0.14       0.14       0.20       0          32.02      33         33         0          0          0.0541     2.1145     89         113        119        127        134        142        164       
1346       54000      54000      162.81     54.95      0.3375     29.02      0.15       0.15       0.20       0          32.02      33         33         0          0          0.0541     2.1135     89         113        119        127        134        142        164       
1347       54000      54000      162.83     53.77      0.3302     28.99      0.15       0.15       0.20       0          32.02      33         33         0          0          0.0541     2.1069     89         113        119        127        134        142        164       
1348       54000      54000      162.81     55.18      0.3389     28.93      0.15       0.15       0.20       0          32.02      33         33         0          0          0.0541     2.1135     89         113        119        127        134        142        164       
1349       54000      54000      162.81     54.88      0.3371     28.95      0.15       0.15       0.20       0          32.02      33         33         0          0          0.0541     2.1109     89         113        119        127        134        142        164       
1350       54000      54000      162.81     55.44      0.3405     28.93      0.15       0.15       0.20       0          32.02      33         33         0          0          0.0541     2.1126     89         113        119        127        134        142        164       
1351       54000      54000      162.81     54.12      0.3324     28.93      0.15       0.15       0.20       0          32.02      33         33         0          0          0.0541     2.1098     89         113        119        127        134        142        164       
1352       54000      54000      162.83     53.48      0.3284     28.95      0.15       0.14       0.20       0          32.02      33         33         0          0          0.0541     2.1150     89         113        119        127        134        142        164       
1353       54000      54000      162.82     54.89      0.3371     28.90      0.15       0.14       0.20       0          32.02      33         33         0          0          0.0541     2.1113     89         113        119        127        134        142        164       
1354       54000      54000      162.81     53.59      0.3291     28.95      0.15       0.14       0.20       0          32.02      33         33         0          0          0.0541     2.1180     89         113        119        127        134        142        164       
1355       54000      54000      162.82     54.39      0.3340     28.85      0.15       0.14       0.20       0          32.02      33         33         0          0          0.0541     2.1158     89         113        119        127        134        142        164       
1356       54000      54000      162.82     54.62      0.3355     28.77      0.14       0.14       0.20       0          32.02      33         33         0          0          0.0541     2.1131     89         113        119        127        134        142        164       
1357       54000      54000      162.82     53.62      0.3293     28.84      0.15       0.14       0.20       0          32.02      33         33         0          0          0.0541     2.1158     89         113        119        127        134        142        164       
1358       54000      54000      162.82     53.94      0.3313     28.87      0.15       0.14       0.20       0          32.02      33         33         0          0          0.0541     2.1157     89         113        119        127        134        142        164       
1359       54000      54000      162.81     54.44      0.3343     28.80      0.15       0.14       0.20       0          32.02      33         33         0          0          0.0541     2.1145     89         113        119        127        134        142        164       
1360       54000      54000      162.81     54.40      0.3342     28.80      0.15       0.14       0.20       0          32.02      33         33         0          0          0.0541     2.1108     89         113        119        127        134        142        164       
1361       54000      54000      162.81     54.17      0.3327     28.80      0.14       0.14       0.20       0          32.02      33         33         0          0          0.0541     2.1112     89         113        119        127        134        142        164       
1362       54000      54000      162.81     53.74      0.3301     28.84      0.15       0.14       0.20       0          32.02      33         33         0          0          0.0541     2.1160     89         113        119        127        134        142        164       
1363       54000      54000      162.83     53.99      0.3316     28.80      0.15       0.14       0.20       0          32.02      33         33         0          0          0.0541     2.1131     89         113        119        127        134        142        164       
1364       54000      54000      162.83     55.10      0.3384     28.79      0.15       0.14       0.20       0          32.02      33         33         0          0          0.0541     2.1132     89         113        119        127        134        142        164       
1365       54000      54000      162.82     54.11      0.3324     28.83      0.15       0.14       0.20       0          32.02      33         33         0          0          0.0541     2.1158     89         113        119        127        134        142        164       
1366       54000      54000      162.81     53.85      0.3307     28.83      0.14       0.14       0.20       0          32.02      33         33         0          0          0.0541     2.1125     89         113        119        127        134        142        164       
1367       54000      54000      162.82     54.00      0.3316     28.79      0.15       0.14       0.20       0          32.02      33         33         0          0          0.0541     2.1129     89         113        119        127        134        142        164       
1368       54000      54000      162.83     54.57      0.3351     28.83      0.15       0.14       0.20       0          32.02      33         33         0          0          0.0541     2.1139     89         113        119        127        134        142        164       
1369       54000      54000      162.83     53.26      0.3271     28.75      0.14       0.14       0.20       0          32.02      33         33         0          0          0.0541     2.1121     89         113        119        127        134        142        164       
1370       54000      54000      162.81     54.70      0.3360     28.82      0.15       0.14       0.20       0          32.02      33         33         0          0          0.0541     2.1117     89         113        119        127        134        142        164       
1371       54000      54000      162.83     54.17      0.3327     28.76      0.15       0.14       0.20       0          32.02      33         33         0          0          0.0541     2.1100     89         113        119        127        134        142        164       
1372       54000      54000      162.82     54.22      0.3330     28.76      0.15       0.14       0.20       0          32.02      33         33         0          0          0.0541     2.1146     89         113        119        127        134        142        164       
1373       54000      54000      162.81     54.40      0.3341     28.85      0.15       0.14       0.20       0          32.02      33         33         0          0          0.0541     2.1148     89         113        119        127        134        142        164       
1374       54000      54000      162.81     54.62      0.3355     28.90      0.15       0.14       0.20       0          32.02      33         33         0          0          0.0541     2.1125     89         113        119        127        134        142        164       
1375       54000      54000      162.81     54.19      0.3329     28.84      0.15       0.14       0.20       0          32.02      33         33         0          0          0.0541     2.1139     89         113        119        127        134        142        164       
1376       54000      54000      162.82     53.83      0.3306     28.77      0.15       0.14       0.20       0          32.02      33         33         0          0          0.0541     2.1122     89         113        119        127        134        142        164       
1377       54000      54000      162.82     54.88      0.3370     28.88      0.15       0.14       0.20       0          32.02      33         33         0          0          0.0541     2.1142     89         113        119        127        134        142        164       
1378       54000      54000      162.82     54.25      0.3332     28.82      0.15       0.14       0.20       0          32.02      33         33         0          0          0.0541     2.1152     89         113        119        127        134        142        164       
1379       54000      54000      162.81     55.11      0.3385     28.96      0.15       0.15       0.20       0          32.02      33         33         0          0          0.0541     2.1133     89         113        119        127        134        142        164       
1380       54000      54000      162.81     54.65      0.3357     28.97      0.15       0.14       0.20       0          32.02      33         33         0          0          0.0541     2.1111     89         113        119        127        134        142        164       
1381       54000      54000      162.82     55.37      0.3401     28.95      0.15       0.15       0.20       0          32.02      33         33         0          0          0.0541     2.1083     89         113        119        127        134        142        164       
1382       54000      54000      162.82     54.41      0.3342     28.90      0.15       0.14       0.20       0          32.02      33         33         0          0          0.0541     2.1112     89         113        119        127        134        142        164       
1383       54000      54000      162.83     54.59      0.3353     28.95      0.15       0.15       0.20       0          32.02      33         33         0          0          0.0541     2.1129     89         113        119        127        134        142        164       
1384       54000      54000      162.84     54.63      0.3355     28.89      0.14       0.14       0.20       0          32.02      33         33         0          0          0.0541     2.1098     89         113        119        127        134        142        164       
1385       54000      54000      162.82     53.84      0.3307     28.91      0.15       0.14       0.20       0          32.02      33         33         0          0          0.0541     2.1112     89         113        119        127        134        142        164       
1386       54000      54000      162.82     55.31      0.3397     28.90      0.15       0.14       0.20       0          32.02      33         33         0          0          0.0541     2.1122     89         113        119        127        134        142        164       
1387       54000      54000      162.80     53.74      0.3301     28.97      0.15       0.15       0.20       0          32.02      33         33         0          0          0.0541     2.1152     89         113        119        127        134        142        164       
1388       54000      54000      162.82     54.53      0.3349     28.92      0.15       0.15       0.20       0          32.02      33         33         0          0          0.0541     2.1134     89         113        119        127        134        142        164       
1389       54000      54000      162.80     55.24      0.3393     28.92      0.15       0.15       0.20       0          32.02      33         33         0          0          0.0541     2.1146     89         113        119        127        134        142        164       
1390       54000      54000      162.82     55.97      0.3438     28.85      0.15       0.14       0.20       0          32.02      33         33         0          0          0.0541     2.1123     89         113        119        127        134        142        164       
1391       54000      54000      162.81     54.42      0.3343     28.98      0.15       0.15       0.20       0          32.02      33         33         0          0          0.0541     2.1120     89         113        119        127        134        142        164       
1392       54000      54000      162.83     54.60      0.3353     29.01      0.15       0.15       0.20       0          32.02      33         33         0          0          0.0541     2.1118     89         113        119        127        134        142        164       
1393       54000      54000      162.83     54.75      0.3362     28.96      0.15       0.15       0.20       0          32.02      33         33         0          0          0.0541     2.1161     89         113        119        127        134        142        164       
1394       54000      54000      162.82     54.24      0.3331     29.01      0.15       0.15       0.20       0          32.02      33         33         0          0          0.0541     2.1147     89         113        119        127        134        142        164       
1395       54000      54000      162.82     54.27      0.3333     28.99      0.15       0.15       0.20       0          32.02      33         33         0          0          0.0541     2.1121     89         113        119        127        134        142        164       
1396       54000      54000      162.82     54.87      0.3370     28.99      0.15       0.15       0.20       0          32.02      33         33         0          0          0.0541     2.1104     89         113        119        127        134        142        164       
1397       54000      54000      162.82     54.51      0.3348     28.94      0.15       0.15       0.20       0          32.02      33         33         0          0          0.0541     2.1135     89         113        119        127        134        142        164       
1398       54000      54000      162.82     54.51      0.3348     28.89      0.15       0.14       0.20       0          32.02      33         33         0          0          0.0541     2.1142     89         113        119        127        134        142        164       
1399       54000      54000      162.84     55.34      0.3399     28.97      0.15       0.15       0.20       0          32.02      33         33         0          0          0.0541     2.1110     89         113        119        127        134        142        164       
1400       54000      54000      162.81     55.07      0.3382     28.94      0.15       0.15       0.20       0          32.02      33         33         0          0          0.0541     2.1178     89         113        119        127        134        142        164       
1401       54000      54000      162.83     55.25      0.3393     29.00      0.15       0.15       0.20       0          32.02      33         33         0          0          0.0541     2.1103     89         113        119        127        134        142        164       
1402       54000      54000      162.81     54.64      0.3356     29.00      0.15       0.15       0.20       0          32.02      33         33         0          0          0.0541     2.1117     89         113        119        127        134        142        164       
1403       54000      54000      162.82     54.63      0.3355     28.89      0.15       0.14       0.20       0          32.02      33         33         0          0          0.0541     2.1104     89         113        119        127        134        142        164       
1404       54000      54000      162.81     54.87      0.3370     28.91      0.15       0.14       0.20       0          32.02      33         33         0          0          0.0541     2.1163     89         113        119        127        134        142        164       
1405       54000      54000      162.81     55.24      0.3393     28.98      0.15       0.15       0.20       0          32.02      33         33         0          0          0.0541     2.1103     89         113        119        127        134        142        164       
1406       54000      54000      162.80     55.06      0.3382     28.98      0.15       0.15       0.20       0          32.02      33         33         0          0          0.0541     2.1124     89         113        119        127        134        142        164       
1407       54000      54000      162.82     54.02      0.3318     29.00      0.15       0.15       0.20       0          32.02      33         33         0          0          0.0541     2.1076     89         113        119        127        134        142        164       
1408       54000      54000      162.83     55.86      0.3430     29.02      0.15       0.15       0.20       0          32.02      33         33         0          0          0.0541     2.1139     89         113        119        127        134        142        164       
1409       54000      54000      162.82     55.09      0.3384     29.03      0.15       0.15       0.20       0          32.02      33         33         0          0          0.0541     2.1131     89         113        119        127        134        142        164       
1410       54000      54000      162.81     54.91      0.3373     29.04      0.15       0.15       0.20       0          32.02      33         33         0          0          0.0541     2.1113     89         113        119        127        134        142        164       
1411       54000      54000      162.83     54.88      0.3370     29.03      0.15       0.15       0.20       0          32.02      33         33         0          0          0.0541     2.1109     89         113        119        127        134        142        164       
1412       54000      54000      162.82     54.83      0.3367     28.94      0.15       0.15       0.20       0          32.02      33         33         0          0          0.0541     2.1151     89         113        119        127        134        142        164       
1413       54000      54000      162.83     55.55      0.3412     29.04      0.15       0.15       0.20       0          32.02      33         33         0          0          0.0541     2.1102     89         113        119        127        134        142        164       
1414       54000      54000      162.81     55.39      0.3402     28.95      0.15       0.15       0.20       0          32.02      33         33         0          0          0.0541     2.1151     89         113        119        127        134        142        164       
1415       54000      54000      162.82     55.82      0.3428     29.12      0.15       0.15       0.20       0          32.02      33         33         0          0          0.0541     2.1129     89         113        119        127        134        142        164       
1416       54000      54000      162.83     54.19      0.3328     29.11      0.15       0.15       0.20       0          32.02      33         33         0          0          0.0541     2.1142     89         113        119        127        134        142        164       
1417       54000      54000      162.83     54.67      0.3358     29.09      0.15       0.15       0.20       0          32.02      33         33         0          0          0.0541     2.1130     89         113        119        127        134        142        164       
1418       54000      54000      162.82     55.09      0.3384     28.96      0.15       0.15       0.20       0          32.02      33         33         0          0          0.0541     2.1136     89         113        119        127        134        142        164       
1419       54000      54000      162.82     55.07      0.3382     28.98      0.15       0.15       0.20       0          32.02      33         33         0          0          0.0541     2.1132     89         113        119        127        134        142        164       
1420       54000      54000      162.83     54.99      0.3377     29.01      0.15       0.15       0.20       0          32.02      33         33         0          0          0.0541     2.1134     89         113        119        127        134        142        164       
1421       54000      54000      162.82     55.57      0.3413     28.93      0.15       0.15       0.20       0          32.02      33         33         0          0          0.0541     2.1125     89         113        119        127        134        142        164       
1422       54000      54000      162.82     54.92      0.3373     28.98      0.15       0.15       0.20       0          32.02      33         33         0          0          0.0541     2.1131     89         113        119        127        134        142        164       
1423       54000      54000      162.83     54.77      0.3364     29.04      0.15       0.15       0.20       0          32.02      33         33         0          0          0.0541     2.1114     89         113        119        127        134        142        164       
1424       54000      54000      162.83     54.24      0.3331     28.95      0.15       0.15       0.20       0          32.02      33         33         0          0          0.0541     2.1205     89         113        119        127        134        142        164       
1425       54000      54000      162.82     55.85      0.3430     29.02      0.15       0.15       0.20       0          32.02      33         33         0          0          0.0541     2.1120     89         113        119        127        134        142        164       
1426       54000      54000      162.82     54.63      0.3355     29.05      0.15       0.15       0.20       0          32.02      33         33         0          0          0.0541     2.1137     89         113        119        127        134        142        164       
1427       54000      54000      162.83     54.86      0.3369     29.05      0.15       0.15       0.20       0          32.02      33         33         0          0          0.0541     2.1142     89         113        119        127        134        142        164       
1428       54000      54000      162.81     54.30      0.3335     28.93      0.15       0.15       0.20       0          32.02      33         33         0          0          0.0541     2.1124     89         113        119        127        134        142        164       
1429       54000      54000      162.80     54.67      0.3358     28.94      0.15       0.15       0.20       0          32.02      33         33         0          0          0.0541     2.1143     89         113        119        127        134        142        164       
1430       54000      54000      162.81     54.45      0.3344     28.93      0.15       0.14       0.20       0          32.02      33         33         0          0          0.0541     2.1153     89         113        119        127        134        142        164       
1431       54000      54000      162.82     54.41      0.3342     28.94      0.15       0.15       0.20       0          32.02      33         33         0          0          0.0541     2.1134     89         113        119        127        134        142        164       
1432       54000      54000      162.83     55.21      0.3391     28.92      0.15       0.15       0.20       0          32.02      33         33         0          0          0.0541     2.1169     89         113        119        127        134        142        164       
1433       54000      54000      162.81     54.50      0.3347     28.99      0.15       0.15       0.20       0          32.02      33         33         0          0          0.0541     2.1127     89         113        119        127        134        142        164       
1434       54000      54000      162.81     54.94      0.3375     28.96      0.15       0.15       0.20       0          32.02      33         33         0          0          0.0541     2.1133     89         113        119        127        134        142        164       
1435       54000      54000      162.82     54.12      0.3324     28.88      0.14       0.14       0.20       0          32.02      33         33         0          0          0.0541     2.1156     89         113        119        127        134        142        164       
1436       54000      54000      162.83     54.95      0.3375     28.80      0.14       0.14       0.20       0          32.02      33         33         0          0          0.0541     2.1120     89         113        119        127        134        142        164       
1437       54000      54000      162.84     54.40      0.3341     28.99      0.15       0.15       0.20       0          32.02      33         33         0          0          0.0541     2.1147     89         113        119        127        134        142        164       
1438       54000      54000      162.81     54.98      0.3377     28.96      0.15       0.14       0.20       0          32.02      33         33         0          0          0.0541     2.1127     89         113        119        127        134        142        164       
1439       54000      54000      162.82     54.84      0.3368     28.91      0.15       0.14       0.20       0          32.02      33         33         0          0          0.0541     2.1116     89         113        119        127        134        142        164       
1440       54000      54000      162.84     55.84      0.3429     28.95      0.15       0.15       0.20       0          32.02      33         33         0          0          0.0541     2.1109     89         113        119        127        134        142        164       
1441       54000      54000      162.82     54.58      0.3352     28.92      0.15       0.15       0.20       0          32.02      33         33         0          0          0.0541     2.1145     89         113        119        127        134        142        164       
1442       54000      54000      162.81     55.10      0.3384     28.95      0.15       0.15       0.20       0          32.02      33         33         0          0          0.0541     2.1162     89         113        119        127        134        142        164       
1443       54000      54000      162.83     55.40      0.3402     29.00      0.15       0.15       0.20       0          32.02      33         33         0          0          0.0541     2.1174     89         113        119        127        134        142        164       
1444       54000      54000      162.82     54.60      0.3353     28.97      0.15       0.15       0.20       0          32.02      33         33         0          0          0.0541     2.1149     89         113        119        127        134        142        164       
1445       54000      54000      162.82     55.53      0.3411     29.01      0.15       0.15       0.20       0          32.02      33         33         0          0          0.0541     2.1130     89         113        119        127        134        142        164       
1446       54000      54000      162.83     55.28      0.3395     29.00      0.15       0.15       0.20       0          32.02      33         33         0          0          0.0541     2.1129     89         113        119        127        134        142        164       
1447       54000      54000      162.82     54.76      0.3364     28.97      0.15       0.15       0.20       0          32.02      33         33         0          0          0.0541     2.1121     89         113        119        127        134        142        164       
1448       54000      54000      162.83     54.90      0.3372     28.94      0.15       0.15       0.20       0          32.02      33         33         0          0          0.0541     2.1120     89         113        119        127        134        142        164       
1449       54000      54000      162.82     53.75      0.3301     28.87      0.15       0.14       0.20       0          32.02      33         33         0          0          0.0541     2.1136     89         113        119        127        134        142        164       
1450       54000      54000      162.82     55.82      0.3429     28.91      0.15       0.14       0.20       0          32.02      33         33         0          0          0.0541     2.1153     89         113        119        127        134        142        164       
1451       54000      54000      162.82     54.29      0.3334     28.93      0.15       0.14       0.20       0          32.02      33         33         0          0          0.0541     2.1122     89         113        119        127        134        142        164       
1452       54000      54000      162.83     54.36      0.3338     28.92      0.15       0.14       0.20       0          32.02      33         33         0          0          0.0541     2.1101     89         113        119        127        134        142        164       
1453       54000      54000      162.83     55.06      0.3382     28.87      0.15       0.14       0.20       0          32.02      33         33         0          0          0.0541     2.1132     89         113        119        127        134        142        164       
1454       54000      54000      162.83     54.61      0.3354     28.85      0.15       0.14       0.20       0          32.02      33         33         0          0          0.0541     2.1119     89         113        119        127        134        142        164       
1455       54000      54000      162.82     53.72      0.3299     28.95      0.15       0.14       0.20       0          32.02      33         33         0          0          0.0541     2.1134     89         113        119        127        134        142        164       
1456       54000      54000      162.82     53.97      0.3315     28.87      0.15       0.14       0.20       0          32.02      33         33         0          0          0.0541     2.1138     89         113        119        127        134        142        164       
1457       54000      54000      162.82     53.86      0.3308     28.84      0.15       0.14       0.20       0          32.02      33         33         0          0          0.0541     2.1153     89         113        119        127        134        142        164       
1458       54000      54000      162.80     54.17      0.3328     28.87      0.15       0.14       0.20       0          32.02      33         33         0          0          0.0541     2.1141     89         113        119        127        134        142        164       
1459       54000      54000      162.82     54.74      0.3362     28.85      0.15       0.14       0.20       0          32.02      33         33         0          0          0.0541     2.1133     89         113        119        127        134        142        164       
1460       54000      54000      162.83     55.37      0.3401     28.81      0.15       0.14       0.20       0          32.02      33         33         0          0          0.0541     2.1104     89         113        119        127        134        142        164       
1461       54000      54000      162.83     54.68      0.3358     28.86      0.15       0.14       0.20       0          32.02      33         33         0          0          0.0541     2.1162     89         113        119        127        134        142        164       
1462       54000      54000      162.82     54.48      0.3346     28.86      0.15       0.14       0.20       0          32.02      33         33         0          0          0.0541     2.1138     89         113        119        127        134        142        164       
1463       54000      54000      162.83     54.08      0.3322     28.80      0.14       0.14       0.20       0          32.02      33         33         0          0          0.0541     2.1140     89         113        119        127        134        142        164       
1464       54000      54000      162.82     54.53      0.3349     28.78      0.15       0.14       0.20       0          32.02      33         33         0          0          0.0541     2.1112     89         113        119        127        134        142        164       
1465       54000      54000      162.80     54.37      0.3340     28.89      0.15       0.14       0.20       0          32.02      33         33         0          0          0.0541     2.1154     89         113        119        127        134        142        164       
1466       54000      54000      162.82     55.03      0.3380     28.89      0.15       0.14       0.20       0          32.02      33         33         0          0          0.0541     2.1142     89         113        119        127        134        142        164       
1467       54000      54000      162.82     54.82      0.3367     28.90      0.15       0.14       0.20       0          32.02      33         33         0          0          0.0541     2.1090     89         113        119        127        134        142        164       
1468       54000      54000      162.82     53.58      0.3291     28.87      0.15       0.14       0.20       0          32.02      33         33         0          0          0.0541     2.1118     89         113        119        127        134        142        164       
1469       54000      54000      162.84     54.24      0.3331     28.82      0.15       0.14       0.20       0          32.02      33         33         0          0          0.0541     2.1150     89         113        119        127        134        142        164       
1470       54000      54000      162.82     54.33      0.3337     28.79      0.15       0.14       0.20       0          32.02      33         33         0          0          0.0541     2.1093     89         113        119        127        134        142        164       
1471       54000      54000      162.83     54.40      0.3341     28.80      0.15       0.14       0.20       0          32.02      33         33         0          0          0.0541     2.1136     89         113        119        127        134        142        164       
1472       54000      54000      162.81     54.54      0.3350     28.83      0.15       0.14       0.20       0          32.02      33         33         0          0          0.0541     2.1137     89         113        119        127        134        142        164       
1473       54000      54000      162.81     53.30      0.3274     28.79      0.15       0.14       0.20       0          32.02      33         33         0          0          0.0541     2.1131     89         113        119        127        134        142        164       
1474       54000      54000      162.83     54.64      0.3356     28.79      0.15       0.14       0.20       0          32.02      33         33         0          0          0.0541     2.1147     89         113        119        127        134        142        164       
1475       54000      54000      162.82     55.15      0.3387     28.85      0.15       0.14       0.20       0          32.02      33         33         0          0          0.0541     2.1112     89         113        119        127        134        142        164       
1476       54000      54000      162.81     54.45      0.3345     28.92      0.14       0.14       0.20       0          32.02      33         33         0          0          0.0541     2.1115     89         113        119        127        134        142        164       
1477       54000      54000      162.82     53.84      0.3307     28.96      0.15       0.15       0.20       0          32.02      33         33         0          0          0.0541     2.1122     89         113        119        127        134        142        164       
1478       54000      54000      162.83     54.36      0.3339     28.90      0.15       0.14       0.20       0          32.02      33         33         0          0          0.0541     2.1113     89         113        119        127        134        142        164       
1479       54000      54000      162.82     54.37      0.3339     28.87      0.15       0.14       0.20       0          32.02      33         33         0          0          0.0541     2.1130     89         113        119        127        134        142        164       
1480       54000      54000      162.82     54.82      0.3367     28.80      0.15       0.14       0.20       0          32.02      33         33         0          0          0.0541     2.1110     89         113        119        127        134        142        164       
1481       54000      54000      162.82     54.59      0.3353     28.95      0.15       0.14       0.20       0          32.02      33         33         0          0          0.0541     2.1137     89         113        119        127        134        142        164       
1482       54000      54000      162.81     54.49      0.3347     28.94      0.15       0.15       0.20       0          32.02      33         33         0          0          0.0541     2.1153     89         113        119        127        134        142        164       
1483       54000      54000      162.82     55.85      0.3430     28.97      0.15       0.15       0.20       0          32.02      33         33         0          0          0.0541     2.1145     89         113        119        127        134        142        164       
1484       54000      54000      162.82     53.84      0.3307     28.93      0.15       0.14       0.20       0          32.02      33         33         0          0          0.0541     2.1135     89         113        119        127        134        142        164       
1485       54000      54000      162.80     54.73      0.3362     28.89      0.15       0.14       0.20       0          32.02      33         33         0          0          0.0541     2.1147     89         113        119        127        134        142        164       
1486       54000      54000      162.83     54.27      0.3333     28.86      0.15       0.14       0.20       0          32.02      33         33         0          0          0.0541     2.1136     89         113        119        127        134        142        164       
1487       54000      54000      162.82     54.54      0.3350     28.91      0.15       0.14       0.20       0          32.02      33         33         0          0          0.0541     2.1114     89         113        119        127        134        142        164       
1488       54000      54000      162.81     54.48      0.3346     28.93      0.15       0.14       0.20       0          32.02      33         33         0          0          0.0541     2.1138     89         113        119        127        134        142        164       
1489       54000      54000      162.83     54.65      0.3356     28.87      0.15       0.14       0.20       0          32.02      33         33         0          0          0.0541     2.1123     89         113        119        127        134        142        164       
1490       54000      54000      162.81     53.83      0.3307     28.85      0.15       0.14       0.20       0          32.02      33         33         0          0          0.0541     2.1148     89         113        119        127        134        142        164       
1491       54000      54000      162.81     54.49      0.3347     28.85      0.15       0.14       0.20       0          32.02      33         33         0          0          0.0541     2.1131     89         113        119        127        134        142        164       
1492       54000      54000      162.82     55.28      0.3395     28.92      0.14       0.14       0.20       0          32.02      33         33         0          0          0.0541     2.1126     89         113        119        127        134        142        164       
1493       54000      54000      162.81     54.38      0.3340     28.80      0.14       0.14       0.20       0          32.02      33         33         0          0          0.0541     2.1114     89         113        119        127        134        142        164       
1494       54000      54000      162.82     54.12      0.3324     28.83      0.14       0.14       0.20       0          32.02      33         33         0          0          0.0541     2.1133     89         113        119        127        134        142        164       
1495       54000      54000      162.81     54.78      0.3365     28.86      0.15       0.14       0.20       0          32.02      33         33         0          0          0.0541     2.1134     89         113        119        127        134        142        164       
1496       54000      54000      162.82     54.01      0.3317     28.86      0.15       0.14       0.20       0          32.02      33         33         0          0          0.0541     2.1109     89         113        119        127        134        142        164       
1497       54000      54000      162.82     55.21      0.3391     28.87      0.15       0.14       0.20       0          32.02      33         33         0          0          0.0541     2.1117     89         113        119        127        134        142        164       
1498       54000      54000      162.84     55.19      0.3389     28.88      0.15       0.14       0.20       0          32.02      33         33         0          0          0.0541     2.1178     89         113        119        127        134        142        164       
1499       54000      54000      162.83     53.74      0.3300     28.90      0.15       0.14       0.20       0          32.02      33         33         0          0          0.0541     2.1131     89         113        119        127        134        142        164       
1500       54000      54000      162.82     53.47      0.3284     28.88      0.15       0.14       0.20       0          32.02      33         33         0          0          0.0541     2.1135     89         113        119        127        134        142        164       
1501       54000      54000      162.82     55.59      0.3414     28.92      0.15       0.14       0.20       0          32.02      33         33         0          0          0.0541     2.1112     89         113        119        127        134        142        164       
1502       54000      54000      162.83     53.82      0.3305     28.84      0.15       0.14       0.20       0          32.02      33         33         0          0          0.0541     2.1120     89         113        119        127        134        142        164       
1503       54000      54000      162.81     54.96      0.3376     28.86      0.14       0.14       0.20       0          32.02      33         33         0          0          0.0541     2.1151     89         113        119        127        134        142        164       
1504       54000      54000      162.82     54.02      0.3318     28.87      0.15       0.14       0.20       0          32.02      33         33         0          0          0.0541     2.1105     89         113        119        127        134        142        164       
1505       54000      54000      162.82     55.12      0.3385     28.87      0.15       0.14       0.20       0          32.02      33         33         0          0          0.0541     2.1148     89         113        119        127        134        142        164       
1506       54000      54000      162.81     54.33      0.3337     28.88      0.15       0.14       0.20       0          32.02      33         33         0          0          0.0541     2.1126     89         113        119        127        134        142        164       
1507       54000      54000      162.84     54.90      0.3372     28.82      0.15       0.14       0.20       0          32.02      33         33         0          0          0.0541     2.1179     89         113        119        127        134        142        164       
1508       54000      54000      162.83     54.62      0.3354     28.87      0.15       0.14       0.20       0          32.02      33         33         0          0          0.0541     2.1150     89         113        119        127        134        142        164       
1509       54000      54000      162.83     54.86      0.3369     28.83      0.15       0.14       0.20       0          32.02      33         33         0          0          0.0541     2.1132     89         113        119        127        134        142        164       
1510       54000      54000      162.83     54.64      0.3356     28.88      0.15       0.14       0.20       0          32.02      33         33         0          0          0.0541     2.1122     89         113        119        127        134        142        164       
1511       54000      54000      162.83     54.07      0.3321     28.88      0.15       0.14       0.20       0          32.02      33         33         0          0          0.0541     2.1173     89         113        119        127        134        142        164       
1512       54000      54000      162.81     54.60      0.3353     28.82      0.15       0.14       0.20       0          32.02      33         33         0          0          0.0541     2.1137     89         113        119        127        134        142        164       
1513       54000      54000      162.82     54.29      0.3334     28.85      0.15       0.14       0.20       0          32.02      33         33         0          0          0.0541     2.1163     89         113        119        127        134        142        164       
1514       54000      54000      162.82     54.57      0.3352     28.88      0.15       0.14       0.20       0          32.02      33         33         0          0          0.0541     2.1139     89         113        119        127        134        142        164       
1515       54000      54000      162.81     54.95      0.3375     28.84      0.15       0.14       0.20       0          32.02      33         33         0          0          0.0541     2.1147     89         113        119        127        134        142        164       
1516       54000      54000      162.83     54.16      0.3326     28.87      0.15       0.14       0.20       0          32.02      33         33         0          0          0.0541     2.1138     89         113        119        127        134        142        164       
1517       54000      54000      162.81     54.29      0.3334     28.81      0.15       0.14       0.20       0          32.02      33         33         0          0          0.0541     2.1127     89         113        119        127        134        142        164       
1518       54000      54000      162.82     53.88      0.3309     28.79      0.14       0.14       0.20       0          32.02      33         33         0          0          0.0541     2.1131     89         113        119        127        134        142        164       
1519       54000      54000      162.83     53.18      0.3266     28.78      0.15       0.14       0.20       0          32.02      33         33         0          0          0.0541     2.1156     89         113        119        127        134        142        164       
1520       54000      54000      162.81     54.40      0.3341     28.70      0.14       0.14       0.20       0          32.02      33         33         0          0          0.0541     2.1133     89         113        119        127        134        142        164       
1521       54000      54000      162.81     53.91      0.3311     28.74      0.14       0.14       0.20       0          32.02      33         33         0          0          0.0541     2.1119     89         113        119        127        134        142        164       
1522       54000      54000      162.83     55.03      0.3380     28.80      0.15       0.14       0.20       0          32.02      33         33         0          0          0.0541     2.1125     89         113        119        127        134        142        164       
1523       54000      54000      162.82     53.97      0.3315     28.77      0.14       0.14       0.20       0          32.02      33         33         0          0          0.0541     2.1169     89         113        119        127        134        142        164       
1524       54000      54000      162.83     54.86      0.3369     28.83      0.14       0.14       0.20       0          32.02      33         33         0          0          0.0541     2.1126     89         113        119        127        134        142        164       
1525       54000      54000      162.81     54.81      0.3366     28.76      0.14       0.14       0.20       0          32.02      33         33         0          0          0.0541     2.1134     89         113        119        127        134        142        164       
1526       54000      54000      162.81     54.68      0.3358     28.82      0.14       0.14       0.20       0          32.02      33         33         0          0          0.0541     2.1116     89         113        119        127        134        142        164       
1527       54000      54000      162.83     54.19      0.3328     28.84      0.15       0.14       0.20       0          32.02      33         33         0          0          0.0541     2.1132     89         113        119        127        134        142        164       
1528       54000      54000      162.82     55.05      0.3381     28.80      0.15       0.14       0.20       0          32.02      33         33         0          0          0.0541     2.1106     89         113        119        127        134        142        164       
1529       54000      54000      162.82     55.04      0.3380     28.95      0.15       0.14       0.20       0          32.02      33         33         0          0          0.0541     2.1118     89         113        119        127        134        142        164       
1530       54000      54000      162.82     53.80      0.3304     28.93      0.15       0.14       0.20       0          32.02      33         33         0          0          0.0541     2.1147     89         113        119        127        134        142        164       
1531       54000      54000      162.83     54.24      0.3331     28.86      0.15       0.14       0.20       0          32.02      33         33         0          0          0.0541     2.1135     89         113        119        127        134        142        164       
1532       54000      54000      162.82     54.95      0.3375     28.83      0.15       0.14       0.20       0          32.02      33         33         0          0          0.0541     2.1106     89         113        119        127        134        142        164       
1533       54000      54000      162.83     55.57      0.3413     28.86      0.14       0.14       0.20       0          32.02      33         33         0          0          0.0541     2.1087     89         113        119        127        134        142        164       
1534       54000      54000      162.82     54.97      0.3376     28.92      0.14       0.14       0.20       0          32.02      33         33         0          0          0.0541     2.1096     89         113        119        127        134        142        164       
1535       54000      54000      162.82     54.13      0.3324     28.87      0.15       0.14       0.20       0          32.02      33         33         0          0          0.0541     2.1134     89         113        119        127        134        142        164       
1536       54000      54000      162.82     55.08      0.3383     28.87      0.15       0.14       0.20       0          32.02      33         33         0          0          0.0541     2.1125     89         113        119        127        134        142        164       
1537       54000      54000      162.80     54.40      0.3341     28.93      0.15       0.14       0.20       0          32.02      33         33         0          0          0.0541     2.1178     89         113        119        127        134        142        164       
1538       54000      54000      162.81     55.66      0.3419     29.00      0.15       0.15       0.20       0          32.02      33         33         0          0          0.0541     2.1138     89         113        119        127        134        142        164       
1539       54000      54000      162.81     54.73      0.3362     29.00      0.15       0.15       0.20       0          32.02      33         33         0          0          0.0541     2.1111     89         113        119        127        134        142        164       
1540       54000      54000      162.83     54.52      0.3349     28.89      0.14       0.14       0.20       0          32.02      33         33         0          0          0.0541     2.1126     89         113        119        127        134        142        164       
1541       54000      54000      162.81     53.98      0.3316     28.94      0.15       0.14       0.20       0          32.02      33         33         0          0          0.0541     2.1174     89         113        119        127        134        142        164       
1542       54000      54000      162.82     54.87      0.3370     28.90      0.15       0.14       0.20       0          32.02      33         33         0          0          0.0541     2.1159     89         113        119        127        134        142        164       
1543       54000      54000      162.82     54.75      0.3363     28.92      0.15       0.14       0.20       0          32.02      33         33         0          0          0.0541     2.1135     89         113        119        127        134        142        164       
1544       54000      54000      162.81     55.84      0.3430     28.94      0.15       0.15       0.20       0          32.02      33         33         0          0          0.0541     2.1132     89         113        119        127        134        142        164       
1545       54000      54000      162.83     53.91      0.3311     28.91      0.15       0.14       0.20       0          32.02      33         33         0          0          0.0541     2.1136     89         113        119        127        134        142        164       
1546       54000      54000      162.82     54.95      0.3375     28.95      0.15       0.15       0.20       0          32.02      33         33         0          0          0.0541     2.1128     89         113        119        127        134        142        164       
1547       54000      54000      162.81     54.87      0.3370     28.94      0.15       0.15       0.20       0          32.02      33         33         0          0          0.0541     2.1124     89         113        119        127        134        142        164       
1548       54000      54000      162.82     54.99      0.3377     28.94      0.15       0.14       0.20       0          32.02      33         33         0          0          0.0541     2.1124     89         113        119        127        134        142        164       
1549       54000      54000      162.82     54.09      0.3322     28.94      0.15       0.15       0.20       0          32.02      33         33         0          0          0.0541     2.1159     89         113        119        127        134        142        164       
1550       54000      54000      162.81     53.52      0.3287     28.92      0.15       0.14       0.20       0          32.02      33         33         0          0          0.0541     2.1130     89         113        119        127        134        142        164       
1551       54000      54000      162.82     54.84      0.3368     28.75      0.15       0.14       0.20       0          32.02      33         33         0          0          0.0541     2.1134     89         113        119        127        134        142        164       
1552       54000      54000      162.81     54.59      0.3353     28.84      0.15       0.14       0.20       0          32.02      33         33         0          0          0.0541     2.1132     89         113        119        127        134        142        164       
1553       54000      54000      162.81     55.02      0.3380     28.88      0.14       0.14       0.20       0          32.02      33         33         0          0          0.0541     2.1097     89         113        119        127        134        142        164       
1554       54000      54000      162.84     55.19      0.3389     28.80      0.15       0.14       0.20       0          32.02      33         33         0          0          0.0541     2.1114     89         113        119        127        134        142        164       
1555       54000      54000      162.82     56.06      0.3443     28.80      0.15       0.14       0.20       0          32.02      33         33         0          0          0.0541     2.1135     89         113        119        127        134        142        164       
1556       54000      54000      162.83     54.53      0.3349     28.96      0.15       0.14       0.20       0          32.02      33         33         0          0          0.0541     2.1125     89         113        119        127        134        142        164       
1557       54000      54000      162.84     53.98      0.3315     28.93      0.15       0.14       0.20       0          32.02      33         33         0          0          0.0541     2.1135     89         113        119        127        134        142        164       
1558       54000      54000      162.83     54.19      0.3328     28.90      0.15       0.14       0.20       0          32.02      33         33         0          0          0.0541     2.1147     89         113        119        127        134        142        164       
1559       54000      54000      162.82     54.06      0.3320     28.83      0.15       0.14       0.20       0          32.02      33         33         0          0          0.0541     2.1152     89         113        119        127        134        142        164       
1560       54000      54000      162.83     55.21      0.3391     28.75      0.14       0.14       0.20       0          32.02      33         33         0          0          0.0541     2.1145     89         113        119        127        134        142        164       
1561       54000      54000      162.83     55.54      0.3411     28.84      0.15       0.14       0.20       0          32.02      33         33         0          0          0.0541     2.1129     89         113        119        127        134        142        164       
1562       54000      54000      162.82     54.47      0.3346     28.93      0.15       0.14       0.20       0          32.02      33         33         0          0          0.0541     2.1107     89         113        119        127        134        142        164       
1563       54000      54000      162.82     53.89      0.3310     28.82      0.15       0.14       0.20       0          32.02      33         33         0          0          0.0541     2.1146     89         113        119        127        134        142        164       
1564       54000      54000      162.82     54.97      0.3376     28.86      0.14       0.14       0.20       0          32.02      33         33         0          0          0.0541     2.1119     89         113        119        127        134        142        164       
1565       54000      54000      162.81     54.14      0.3325     28.84      0.15       0.14       0.20       0          32.02      33         33         0          0          0.0541     2.1120     89         113        119        127        134        142        164       
1566       54000      54000      162.81     54.27      0.3333     28.81      0.15       0.14       0.20       0          32.02      33         33         0          0          0.0541     2.1122     89         113        119        127        134        142        164       
1567       54000      54000      162.82     55.28      0.3395     28.84      0.15       0.14       0.20       0          32.02      33         33         0          0          0.0541     2.1142     89         113        119        127        134        142        164       
1568       54000      54000      162.83     54.28      0.3333     28.88      0.15       0.14       0.20       0          32.02      33         33         0          0          0.0541     2.1141     89         113        119        127        134        142        164       
1569       54000      54000      162.82     55.20      0.3390     28.88      0.15       0.14       0.20       0          32.02      33         33         0          0          0.0541     2.1150     89         113        119        127        134        142        164       
1570       54000      54000      162.83     54.70      0.3360     28.85      0.15       0.14       0.20       0          32.02      33         33         0          0          0.0541     2.1152     89         113        119        127        134        142        164       
1571       54000      54000      162.83     54.56      0.3351     28.94      0.15       0.14       0.20       0          32.02      33         33         0          0          0.0541     2.1128     89         113        119        127        134        142        164       
1572       54000      54000      162.82     54.30      0.3335     28.88      0.15       0.14       0.20       0          32.02      33         33         0          0          0.0541     2.1119     89         113        119        127        134        142        164       
1573       54000      54000      162.82     53.95      0.3313     28.86      0.15       0.14       0.20       0          32.02      33         33         0          0          0.0541     2.1135     89         113        119        127        134        142        164       
1574       54000      54000      162.82     55.17      0.3388     28.84      0.15       0.14       0.20       0          32.02      33         33         0          0          0.0541     2.1116     89         113        119        127        134        142        164       
1575       54000      54000      162.83     53.26      0.3271     28.95      0.15       0.14       0.20       0          32.02      33         33         0          0          0.0541     2.1138     89         113        119        127        134        142        164       
1576       54000      54000      162.83     54.93      0.3373     28.87      0.15       0.14       0.20       0          32.02      33         33         0          0          0.0541     2.1146     89         113        119        127        134        142        164       
1577       54000      54000      162.82     54.30      0.3335     28.82      0.14       0.14       0.20       0          32.02      33         33         0          0          0.0541     2.1160     89         113        119        127        134        142        164       
1578       54000      54000      162.81     54.44      0.3344     28.88      0.15       0.14       0.20       0          32.02      33         33         0          0          0.0541     2.1104     89         113        119        127        134        142        164       
1579       54000      54000      162.82     54.08      0.3322     28.83      0.15       0.14       0.20       0          32.02      33         33         0          0          0.0541     2.1144     89         113        119        127        134        142        164       
1580       54000      54000      162.82     54.82      0.3367     28.83      0.15       0.14       0.20       0          32.02      33         33         0          0          0.0541     2.1136     89         113        119        127        134        142        164       
1581       54000      54000      162.82     54.20      0.3329     28.85      0.15       0.14       0.20       0          32.02      33         33         0          0          0.0541     2.1156     89         113        119        127        134        142        164       
1582       54000      54000      162.83     55.07      0.3382     28.83      0.15       0.14       0.20       0          32.02      33         33         0          0          0.0541     2.1110     89         113        119        127        134        142        164       
1583       54000      54000      162.83     54.82      0.3367     28.90      0.15       0.14       0.20       0          32.02      33         33         0          0          0.0541     2.1160     89         113        119        127        134        142        164       
1584       54000      54000      162.83     53.58      0.3290     28.82      0.15       0.14       0.20       0          32.02      33         33         0          0          0.0541     2.1116     89         113        119        127        134        142        164       
1585       54000      54000      162.80     54.10      0.3323     28.81      0.15       0.14       0.20       0          32.02      33         33         0          0          0.0541     2.1122     89         113        119        127        134        142        164       
1586       54000      54000      162.84     54.31      0.3335     28.83      0.14       0.14       0.20       0          32.02      33         33         0          0          0.0541     2.1122     89         113        119        127        134        142        164       
1587       54000      54000      162.82     53.69      0.3298     28.74      0.14       0.14       0.20       0          32.02      33         33         0          0          0.0541     2.1158     89         113        119        127        134        142        164       
1588       54000      54000      162.82     54.36      0.3339     28.76      0.14       0.14       0.20       0          32.02      33         33         0          0          0.0541     2.1120     89         113        119        127        134        142        164       
1589       54000      54000      162.82     54.14      0.3325     28.74      0.14       0.14       0.20       0          32.02      33         33         0          0          0.0541     2.1095     89         113        119        127        134        142        164       
1590       54000      54000      162.83     54.17      0.3326     28.84      0.15       0.14       0.20       0          32.02      33         33         0          0          0.0541     2.1142     89         113        119        127        134        142        164       
1591       54000      54000      162.83     53.99      0.3315     28.82      0.15       0.14       0.20       0          32.02      33         33         0          0          0.0541     2.1158     89         113        119        127        134        142        164       
1592       54000      54000      162.83     54.20      0.3329     28.74      0.15       0.14       0.20       0          32.02      33         33         0          0          0.0541     2.1132     89         113        119        127        134        142        164       
1593       54000      54000      162.81     53.63      0.3294     28.79      0.15       0.14       0.20       0          32.02      33         33         0          0          0.0541     2.1145     89         113        119        127        134        142        164       
1594       54000      54000      162.82     52.97      0.3253     28.71      0.14       0.14       0.20       0          32.02      33         33         0          0          0.0541     2.1162     89         113        119        127        134        142        164       
1595       54000      54000      162.82     55.58      0.3413     28.70      0.14       0.14       0.20       0          32.02      33         33         0          0          0.0541     2.1137     89         113        119        127        134        142        164       
1596       54000      54000      162.83     53.70      0.3298     28.69      0.14       0.14       0.20       0          32.02      33         33         0          0          0.0541     2.1143     89         113        119        127        134        142        164       
1597       54000      54000      162.82     54.10      0.3323     28.68      0.14       0.14       0.20       0          32.02      33         33         0          0          0.0541     2.1106     89         113        119        127        134        142        164       
1598       54000      54000      162.82     54.56      0.3351     28.76      0.15       0.14       0.20       0          32.02      33         33         0          0          0.0541     2.1155     89         113        119        127        134        142        164       
1599       54000      54000      162.82     53.35      0.3276     28.83      0.15       0.14       0.20       0          32.02      33         33         0          0          0.0541     2.1117     89         113        119        127        134        142        164       
1600       54000      54000      162.81     54.39      0.3340     28.89      0.15       0.14       0.20       0          32.02      33         33         0          0          0.0541     2.1110     89         113        119        127        134        142        164       
1601       54000      54000      162.82     54.84      0.3368     28.81      0.14       0.14       0.20       0          32.02      33         33         0          0          0.0541     2.1111     89         113        119        127        134        142        164       
1602       54000      54000      162.82     55.00      0.3378     28.80      0.15       0.14       0.20       0          32.02      33         33         0          0          0.0541     2.1134     89         113        119        127        134        142        164       
1603       54000      54000      162.82     53.63      0.3294     28.81      0.15       0.14       0.20       0          32.02      33         33         0          0          0.0541     2.1143     89         113        119        127        134        142        164       
1604       54000      54000      162.82     54.77      0.3364     28.76      0.15       0.14       0.20       0          32.02      33         33         0          0          0.0541     2.1118     89         113        119        127        134        142        164       
1605       54000      54000      162.83     54.85      0.3369     28.83      0.15       0.14       0.20       0          32.02      33         33         0          0          0.0541     2.1113     89         113        119        127        134        142        164       
1606       54000      54000      162.81     53.69      0.3298     28.78      0.14       0.14       0.20       0          32.02      33         33         0          0          0.0541     2.1144     89         113        119        127        134        142        164       
1607       54000      54000      162.82     54.42      0.3343     28.84      0.14       0.14       0.20       0          32.02      33         33         0          0          0.0541     2.1120     89         113        119        127        134        142        164       
1608       54000      54000      162.82     54.89      0.3371     28.81      0.15       0.14       0.20       0          32.02      33         33         0          0          0.0541     2.1131     89         113        119        127        134        142        164       
1609       54000      54000      162.82     55.48      0.3408     28.79      0.15       0.14       0.20       0          32.02      33         33         0          0          0.0541     2.1144     89         113        119        127        134        142        164       
1610       54000      54000      162.82     54.51      0.3348     28.85      0.15       0.14       0.20       0          32.02      33         33         0          0          0.0541     2.1161     89         113        119        127        134        142        164       
1611       54000      54000      162.81     53.80      0.3304     28.82      0.15       0.14       0.20       0          32.02      33         33         0          0          0.0541     2.1129     89         113        119        127        134        142        164       
1612       54000      54000      162.83     54.59      0.3353     28.86      0.14       0.14       0.20       0          32.02      33         33         0          0          0.0541     2.1097     89         113        119        127        134        142        164       
1613       54000      54000      162.81     55.05      0.3381     28.91      0.15       0.14       0.20       0          32.02      33         33         0          0          0.0541     2.1133     89         113        119        127        134        142        164       
1614       54000      54000      162.83     54.60      0.3353     28.94      0.15       0.14       0.20       0          32.02      33         33         0          0          0.0541     2.1135     89         113        119        127        134        142        164       
1615       54000      54000      162.83     55.03      0.3380     28.92      0.15       0.14       0.20       0          32.02      33         33         0          0          0.0541     2.1101     89         113        119        127        134        142        164       
1616       54000      54000      162.82     55.87      0.3431     28.92      0.15       0.14       0.20       0          32.02      33         33         0          0          0.0541     2.1122     89         113        119        127        134        142        164       
1617       54000      54000      162.82     54.83      0.3368     28.95      0.15       0.14       0.20       0          32.02      33         33         0          0          0.0541     2.1147     89         113        119        127        134        142        164       
1618       54000      54000      162.82     54.44      0.3343     28.98      0.15       0.15       0.20       0          32.02      33         33         0          0          0.0541     2.1125     89         113        119        127        134        142        164       
1619       54000      54000      162.81     54.54      0.3350     28.91      0.15       0.15       0.20       0          32.02      33         33         0          0          0.0541     2.1116     89         113        119        127        134        142        164       
1620       54000      54000      162.82     55.03      0.3380     28.98      0.15       0.15       0.20       0          32.02      33         33         0          0          0.0541     2.1144     89         113        119        127        134        142        164       
1621       54000      54000      162.82     55.05      0.3381     29.00      0.15       0.15       0.20       0          32.02      33         33         0          0          0.0541     2.1123     89         113        119        127        134        142        164       
1622       54000      54000      162.81     54.19      0.3329     28.96      0.15       0.15       0.20       0          32.02      33         33         0          0          0.0541     2.1131     89         113        119        127        134        142        164       
1623       54000      54000      162.81     54.24      0.3331     28.88      0.15       0.14       0.20       0          32.02      33         33         0          0          0.0541     2.1133     89         113        119        127        134        142        164       
1624       54000      54000      162.82     54.24      0.3332     28.87      0.15       0.14       0.20       0          32.02      33         33         0          0          0.0541     2.1105     89         113        119        127        134        142        164       
1625       54000      54000      162.81     54.18      0.3327     28.85      0.15       0.14       0.20       0          32.02      33         33         0          0          0.0541     2.1138     89         113        119        127        134        142        164       
1626       54000      54000      162.82     54.51      0.3348     28.86      0.15       0.14       0.20       0          32.02      33         33         0          0          0.0541     2.1109     89         113        119        127        134        142        164       
1627       54000      54000      162.82     53.50      0.3286     28.84      0.15       0.14       0.20       0          32.02      33         33         0          0          0.0541     2.1108     89         113        119        127        134        142        164       
1628       54000      54000      162.81     53.95      0.3314     28.78      0.15       0.14       0.20       0          32.02      33         33         0          0          0.0541     2.1110     89         113        119        127        134        142        164       
1629       54000      54000      162.82     54.82      0.3367     28.72      0.15       0.14       0.20       0          32.02      33         33         0          0          0.0541     2.1103     89         113        119        127        134        142        164       
1630       54000      54000      162.81     53.66      0.3296     28.75      0.15       0.14       0.20       0          32.02      33         33         0          0          0.0541     2.1133     89         113        119        127        134        142        164       
1631       54000      54000      162.82     54.61      0.3354     28.77      0.15       0.14       0.20       0          32.02      33         33         0          0          0.0541     2.1160     89         113        119        127        134        142        164       
1632       54000      54000      162.82     54.23      0.3330     28.81      0.15       0.14       0.20       0          32.02      33         33         0          0          0.0541     2.1125     89         113        119        127        134        142        164       
1633       54000      54000      162.81     54.25      0.3332     28.81      0.15       0.14       0.20       0          32.02      33         33         0          0          0.0541     2.1145     89         113        119        127        134        142        164       
1634       54000      54000      162.82     54.43      0.3343     28.87      0.15       0.14       0.20       0          32.02      33         33         0          0          0.0541     2.1148     89         113        119        127        134        142        164       
1635       54000      54000      162.82     54.57      0.3351     28.80      0.15       0.14       0.20       0          32.02      33         33         0          0          0.0541     2.1117     89         113        119        127        134        142        164       
1636       54000      54000      162.82     54.92      0.3373     28.81      0.15       0.14       0.20       0          32.02      33         33         0          0          0.0541     2.1105     89         113        119        127        134        142        164       
1637       54000      54000      162.81     55.53      0.3411     28.92      0.15       0.14       0.20       0          32.02      33         33         0          0          0.0541     2.1116     89         113        119        127        134        142        164       
1638       54000      54000      162.82     55.15      0.3387     28.89      0.15       0.14       0.20       0          32.02      33         33         0          0          0.0541     2.1148     89         113        119        127        134        142        164       
1639       54000      54000      162.81     55.03      0.3380     28.91      0.15       0.14       0.20       0          32.02      33         33         0          0          0.0541     2.1143     89         113        119        127        134        142        164       
1640       54000      54000      162.82     54.75      0.3363     28.89      0.15       0.15       0.20       0          32.02      33         33         0          0          0.0541     2.1101     89         113        119        127        134        142        164       
1641       54000      54000      162.81     54.65      0.3356     28.94      0.15       0.14       0.20       0          32.02      33         33         0          0          0.0541     2.1149     89         113        119        127        134        142        164       
1642       54000      54000      162.81     55.44      0.3405     28.91      0.15       0.15       0.20       0          32.02      33         33         0          0          0.0541     2.1149     89         113        119        127        134        142        164       
1643       54000      54000      162.83     54.34      0.3337     28.94      0.15       0.14       0.20       0          32.02      33         33         0          0          0.0541     2.1121     89         113        119        127        134        142        164       
1644       54000      54000      162.81     53.71      0.3299     28.85      0.15       0.14       0.20       0          32.02      33         33         0          0          0.0541     2.1132     89         113        119        127        134        142        164       
1645       54000      54000      162.83     54.00      0.3316     28.87      0.15       0.14       0.20       0          32.02      33         33         0          0          0.0541     2.1147     89         113        119        127        134        142        164       
1646       54000      54000      162.81     55.30      0.3397     28.82      0.15       0.14       0.20       0          32.02      33         33         0          0          0.0541     2.1153     89         113        119        127        134        142        164       
1647       54000      54000      162.82     54.93      0.3374     28.93      0.15       0.14       0.20       0          32.02      33         33         0          0          0.0541     2.1105     89         113        119        127        134        142        164       
1648       54000      54000      162.82     54.43      0.3343     28.85      0.15       0.14       0.20       0          32.02      33         33         0          0          0.0541     2.1141     89         113        119        127        134        142        164       
1649       54000      54000      162.82     54.96      0.3376     28.90      0.15       0.14       0.20       0          32.02      33         33         0          0          0.0541     2.1136     89         113        119        127        134        142        164       
1650       54000      54000      162.80     55.30      0.3397     28.91      0.15       0.14       0.20       0          32.02      33         33         0          0          0.0541     2.1153     89         113        119        127        134        142        164       
1651       54000      54000      162.81     54.10      0.3323     28.84      0.15       0.14       0.20       0          32.02      33         33         0          0          0.0541     2.1142     89         113        119        127        134        142        164       
1652       54000      54000      162.82     54.55      0.3350     28.88      0.15       0.14       0.20       0          32.02      33         33         0          0          0.0541     2.1119     89         113        119        127        134        142        164       
1653       54000      54000      162.83     53.86      0.3308     28.81      0.15       0.14       0.20       0          32.02      33         33         0          0          0.0541     2.1137     89         113        119        127        134        142        164       
1654       54000      54000      162.82     53.84      0.3307     28.81      0.15       0.14       0.20       0          32.02      33         33         0          0          0.0541     2.1131     89         113        119        127        134        142        164       
1655       54000      54000      162.83     54.81      0.3366     28.81      0.15       0.14       0.20       0          32.02      33         33         0          0          0.0541     2.1157     89         113        119        127        134        142        164       
1656       54000      54000      162.82     54.57      0.3351     28.82      0.15       0.14       0.20       0          32.02      33         33         0          0          0.0541     2.1128     89         113        119        127        134        142        164       
1657       54000      54000      162.84     54.16      0.3326     28.73      0.14       0.14       0.20       0          32.02      33         33         0          0          0.0541     2.1167     89         113        119        127        134        142        164       
1658       54000      54000      162.82     54.38      0.3340     28.76      0.15       0.14       0.20       0          32.02      33         33         0          0          0.0541     2.1109     89         113        119        127        134        142        164       
1659       54000      54000      162.81     53.88      0.3309     28.79      0.15       0.14       0.20       0          32.02      33         33         0          0          0.0541     2.1138     89         113        119        127        134        142        164       
1660       54000      54000      162.84     53.98      0.3315     28.79      0.15       0.14       0.20       0          32.02      33         33         0          0          0.0541     2.1124     89         113        119        127        134        142        164       
1661       54000      54000      162.82     54.22      0.3330     28.74      0.15       0.14       0.20       0          32.02      33         33         0          0          0.0541     2.1126     89         113        119        127        134        142        164       
1662       54000      54000      162.81     54.10      0.3323     28.76      0.15       0.14       0.20       0          32.02      33         33         0          0          0.0541     2.1155     89         113        119        127        134        142        164       
1663       54000      54000      162.83     54.82      0.3367     28.80      0.15       0.14       0.20       0          32.02      33         33         0          0          0.0541     2.1164     89         113        119        127        134        142        164       
1664       54000      54000      162.82     54.86      0.3369     28.77      0.14       0.14       0.20       0          32.02      33         33         0          0          0.0541     2.1146     89         113        119        127        134        142        164       
1665       54000      54000      162.82     53.76      0.3302     28.86      0.15       0.14       0.20       0          32.02      33         33         0          0          0.0541     2.1106     89         113        119        127        134        142        164       
1666       54000      54000      162.81     54.60      0.3353     28.80      0.15       0.14       0.20       0          32.02      33         33         0          0          0.0541     2.1110     89         113        119        127        134        142        164       
1667       54000      54000      162.82     54.12      0.3324     28.80      0.15       0.14       0.20       0          32.02      33         33         0          0          0.0541     2.1127     89         113        119        127        134        142        164       
1668       54000      54000      162.83     54.14      0.3325     28.73      0.14       0.14       0.20       0          32.02      33         33         0          0          0.0541     2.1119     89         113        119        127        134        142        164       
1669       54000      54000      162.81     55.26      0.3394     28.81      0.14       0.14       0.20       0          32.02      33         33         0          0          0.0541     2.1145     89         113        119        127        134        142        164       
1670       54000      54000      162.81     54.99      0.3377     28.81      0.14       0.14       0.20       0          32.02      33         33         0          0          0.0541     2.1142     89         113        119        127        134        142        164       
1671       54000      54000      162.81     54.85      0.3369     28.86      0.15       0.14       0.20       0          32.02      33         33         0          0          0.0541     2.1149     89         113        119        127        134        142        164       
1672       54000      54000      162.83     54.07      0.3321     28.90      0.15       0.14       0.20       0          32.02      33         33         0          0          0.0541     2.1157     89         113        119        127        134        142        164       
1673       54000      54000      162.83     55.27      0.3395     28.87      0.15       0.14       0.20       0          32.02      33         33         0          0          0.0541     2.1134     89         113        119        127        134        142        164       
1674       54000      54000      162.82     54.82      0.3367     28.89      0.15       0.14       0.20       0          32.02      33         33         0          0          0.0541     2.1129     89         113        119        127        134        142        164       
1675       54000      54000      162.82     53.87      0.3308     28.87      0.15       0.14       0.20       0          32.02      33         33         0          0          0.0541     2.1126     89         113        119        127        134        142        164       
1676       54000      54000      162.80     54.68      0.3359     28.80      0.15       0.14       0.20       0          32.02      33         33         0          0          0.0541     2.1126     89         113        119        127        134        142        164       
1677       54000      54000      162.82     54.73      0.3361     28.86      0.15       0.14       0.20       0          32.02      33         33         0          0          0.0541     2.1148     89         113        119        127        134        142        164       
1678       54000      54000      162.82     54.25      0.3332     28.81      0.14       0.14       0.20       0          32.02      33         33         0          0          0.0541     2.1120     89         113        119        127        134        142        164       
1679       54000      54000      162.82     54.77      0.3364     28.83      0.14       0.14       0.20       0          32.02      33         33         0          0          0.0541     2.1165     89         113        119        127        134        142        164       
1680       54000      54000      162.82     54.11      0.3323     28.82      0.15       0.14       0.20       0          32.02      33         33         0          0          0.0541     2.1144     89         113        119        127        134        142        164       
1681       54000      54000      162.82     54.18      0.3327     28.77      0.14       0.14       0.20       0          32.02      33         33         0          0          0.0541     2.1133     89         113        119        127        134        142        164       
1682       54000      54000      162.82     54.49      0.3347     28.72      0.14       0.14       0.20       0          32.02      33         33         0          0          0.0541     2.1120     89         113        119        127        134        142        164       
1683       54000      54000      162.82     55.41      0.3403     28.77      0.15       0.14       0.20       0          32.02      33         33         0          0          0.0541     2.1137     89         113        119        127        134        142        164       
1684       54000      54000      162.81     54.15      0.3326     28.85      0.15       0.14       0.20       0          32.02      33         33         0          0          0.0541     2.1080     89         113        119        127        134        142        164       
1685       54000      54000      162.82     54.30      0.3335     28.85      0.14       0.14       0.20       0          32.02      33         33         0          0          0.0541     2.1121     89         113        119        127        134        142        164       
1686       54000      54000      162.81     54.54      0.3350     28.80      0.14       0.14       0.20       0          32.02      33         33         0          0          0.0541     2.1141     89         113        119        127        134        142        164       
1687       54000      54000      162.81     54.98      0.3377     28.84      0.15       0.14       0.20       0          32.02      33         33         0          0          0.0541     2.1152     89         113        119        127        134        142        164       
1688       54000      54000      162.82     54.31      0.3336     28.86      0.15       0.14       0.20       0          32.02      33         33         0          0          0.0541     2.1134     89         113        119        127        134        142        164       
1689       54000      54000      162.83     54.01      0.3317     28.84      0.15       0.14       0.20       0          32.02      33         33         0          0          0.0541     2.1119     89         113        119        127        134        142        164       
1690       54000      54000      162.84     55.62      0.3416     28.88      0.15       0.14       0.20       0          32.02      33         33         0          0          0.0541     2.1137     89         113        119        127        134        142        164       
1691       54000      54000      162.82     54.74      0.3362     28.86      0.15       0.14       0.20       0          32.02      33         33         0          0          0.0541     2.1127     89         113        119        127        134        142        164       
1692       54000      54000      162.83     54.42      0.3342     28.79      0.15       0.14       0.20       0          32.02      33         33         0          0          0.0541     2.1121     89         113        119        127        134        142        164       
1693       54000      54000      162.81     54.76      0.3363     28.85      0.14       0.14       0.20       0          32.02      33         33         0          0          0.0541     2.1149     89         113        119        127        134        142        164       
1694       54000      54000      162.83     54.49      0.3346     28.89      0.15       0.14       0.20       0          32.02      33         33         0          0          0.0541     2.1153     89         113        119        127        134        142        164       
1695       54000      54000      162.82     55.07      0.3382     28.98      0.15       0.15       0.20       0          32.02      33         33         0          0          0.0541     2.1111     89         113        119        127        134        142        164       
1696       54000      54000      162.82     54.95      0.3375     28.89      0.15       0.14       0.20       0          32.02      33         33         0          0          0.0541     2.1125     89         113        119        127        134        142        164       
1697       54000      54000      162.83     54.73      0.3361     28.95      0.15       0.14       0.20       0          32.02      33         33         0          0          0.0541     2.1131     89         113        119        127        134        142        164       
1698       54000      54000      162.81     53.97      0.3315     28.92      0.15       0.14       0.20       0          32.02      33         33         0          0          0.0541     2.1137     89         113        119        127        134        142        164       
1699       54000      54000      162.81     54.10      0.3323     28.83      0.15       0.14       0.20       0          32.02      33         33         0          0          0.0541     2.1149     89         113        119        127        134        142        164       
1700       54000      54000      162.83     55.19      0.3390     28.84      0.14       0.14       0.20       0          32.02      33         33         0          0          0.0541     2.1171     89         113        119        127        134        142        164       
1701       54000      54000      162.83     54.08      0.3321     28.82      0.15       0.14       0.20       0          32.02      33         33         0          0          0.0541     2.1103     89         113        119        127        134        142        164       
1702       54000      54000      162.82     55.08      0.3383     28.78      0.15       0.14       0.20       0          32.02      33         33         0          0          0.0541     2.1132     89         113        119        127        134        142        164       
1703       54000      54000      162.82     54.12      0.3324     28.83      0.14       0.14       0.20       0          32.02      33         33         0          0          0.0541     2.1121     89         113        119        127        134        142        164       
1704       54000      54000      162.82     56.22      0.3453     28.86      0.15       0.14       0.20       0          32.02      33         33         0          0          0.0541     2.1111     89         113        119        127        134        142        164       
1705       54000      54000      162.83     54.42      0.3342     28.94      0.15       0.15       0.20       0          32.02      33         33         0          0          0.0541     2.1162     89         113        119        127        134        142        164       
1706       54000      54000      162.83     54.90      0.3372     28.94      0.15       0.14       0.20       0          32.02      33         33         0          0          0.0541     2.1186     89         113        119        127        134        142        164       
1707       54000      54000      162.81     54.91      0.3372     28.90      0.15       0.14       0.20       0          32.02      33         33         0          0          0.0541     2.1110     89         113        119        127        134        142        164       
1708       54000      54000      162.81     54.33      0.3337     28.85      0.15       0.14       0.20       0          32.02      33         33         0          0          0.0541     2.1113     89         113        119        127        134        142        164       
1709       54000      54000      162.81     54.10      0.3323     28.91      0.15       0.14       0.20       0          32.02      33         33         0          0          0.0541     2.1132     89         113        119        127        134        142        164       
1710       54000      54000      162.81     55.80      0.3427     28.90      0.15       0.14       0.20       0          32.02      33         33         0          0          0.0541     2.1124     89         113        119        127        134        142        164       
1711       54000      54000      162.82     54.54      0.3350     28.89      0.15       0.14       0.20       0          32.02      33         33         0          0          0.0541     2.1161     89         113        119        127        134        142        164       
1712       54000      54000      162.85     55.44      0.3405     28.92      0.15       0.14       0.20       0          32.02      33         33         0          0          0.0541     2.1127     89         113        119        127        134        142        164       
1713       54000      54000      162.83     53.66      0.3295     28.86      0.15       0.14       0.20       0          32.02      33         33         0          0          0.0541     2.1129     89         113        119        127        134        142        164       
1714       54000      54000      162.83     54.28      0.3333     28.86      0.15       0.14       0.20       0          32.02      33         33         0          0          0.0541     2.1122     89         113        119        127        134        142        164       
1715       54000      54000      162.81     54.11      0.3324     28.76      0.15       0.14       0.20       0          32.02      33         33         0          0          0.0541     2.1169     89         113        119        127        134        142        164       
1716       54000      54000      162.82     54.37      0.3339     28.78      0.15       0.14       0.20       0          32.02      33         33         0          0          0.0541     2.1145     89         113        119        127        134        142        164       
1717       54000      54000      162.80     53.92      0.3312     28.77      0.14       0.14       0.20       0          32.02      33         33         0          0          0.0541     2.1131     89         113        119        127        134        142        164       
1718       54000      54000      162.82     54.62      0.3354     28.82      0.15       0.14       0.20       0          32.02      33         33         0          0          0.0541     2.1135     89         113        119        127        134        142        164       
1719       54000      54000      162.81     54.13      0.3325     28.72      0.15       0.14       0.20       0          32.02      33         33         0          0          0.0541     2.1138     89         113        119        127        134        142        164       
1720       54000      54000      162.81     54.33      0.3337     28.85      0.15       0.14       0.20       0          32.02      33         33         0          0          0.0541     2.1120     89         113        119        127        134        142        164       
1721       54000      54000      162.83     53.74      0.3300     28.80      0.15       0.14       0.20       0          32.02      33         33         0          0          0.0541     2.1150     89         113        119        127        134        142        164       
1722       54000      54000      162.82     53.77      0.3302     28.73      0.14       0.14       0.20       0          32.02      33         33         0          0          0.0541     2.1126     89         113        119        127        134        142        164       
1723       54000      54000      162.80     54.20      0.3329     28.77      0.15       0.14       0.20       0          32.02      33         33         0          0          0.0541     2.1152     89         113        119        127        134        142        164       
1724       54000      54000      162.82     53.80      0.3304     28.73      0.14       0.14       0.20       0          32.02      33         33         0          0          0.0541     2.1102     89         113        119        127        134        142        164       
1725       54000      54000      162.84     54.62      0.3354     28.73      0.14       0.14       0.20       0          32.02      33         33         0          0          0.0541     2.1121     89         113        119        127        134        142        164       
1726       54000      54000      162.81     54.03      0.3318     28.70      0.14       0.14       0.20       0          32.02      33         33         0          0          0.0541     2.1148     89         113        119        127        134        142        164       
1727       54000      54000      162.82     55.15      0.3387     28.77      0.14       0.14       0.20       0          32.02      33         33         0          0          0.0541     2.1119     89         113        119        127        134        142        164       
1728       54000      54000      162.83     54.68      0.3358     28.85      0.14       0.14       0.20       0          32.02      33         33         0          0          0.0541     2.1129     89         113        119        127        134        142        164       
1729       54000      54000      162.82     53.76      0.3302     28.80      0.15       0.14       0.20       0          32.02      33         33         0          0          0.0541     2.1120     89         113        119        127        134        142        164       
1730       54000      54000      162.83     54.22      0.3330     28.77      0.15       0.14       0.20       0          32.02      33         33         0          0          0.0541     2.1147     89         113        119        127        134        142        164       
1731       54000      54000      162.82     54.70      0.3359     28.72      0.15       0.14       0.20       0          32.02      33         33         0          0          0.0541     2.1130     89         113        119        127        134        142        164       
1732       54000      54000      162.82     54.31      0.3336     28.83      0.14       0.14       0.20       0          32.02      33         33         0          0          0.0541     2.1118     89         113        119        127        134        142        164       
1733       54000      54000      162.83     54.36      0.3338     28.75      0.14       0.14       0.20       0          32.02      33         33         0          0          0.0541     2.1111     89         113        119        127        134        142        164       
1734       54000      54000      162.84     53.99      0.3316     28.76      0.14       0.14       0.20       0          32.02      33         33         0          0          0.0541     2.1127     89         113        119        127        134        142        164       
1735       54000      54000      162.83     54.38      0.3340     28.81      0.15       0.14       0.20       0          32.02      33         33         0          0          0.0541     2.1142     89         113        119        127        134        142        164       
1736       54000      54000      162.82     54.04      0.3319     28.73      0.14       0.14       0.20       0          32.02      33         33         0          0          0.0541     2.1111     89         113        119        127        134        142        164       
1737       54000      54000      162.82     53.72      0.3299     28.74      0.15       0.14       0.20       0          32.02      33         33         0          0          0.0541     2.1154     89         113        119        127        134        142        164       
1738       54000      54000      162.82     53.55      0.3289     28.67      0.15       0.14       0.20       0          32.02      33         33         0          0          0.0541     2.1126     89         113        119        127        134        142        164       
1739       54000      54000      162.82     53.88      0.3309     28.67      0.14       0.14       0.20       0          32.02      33         33         0          0          0.0541     2.1134     89         113        119        127        134        142        164       
1740       54000      54000      162.82     54.18      0.3328     28.64      0.14       0.14       0.20       0          32.02      33         33         0          0          0.0541     2.1138     89         113        119        127        134        142        164       
1741       54000      54000      162.83     53.72      0.3299     28.64      0.14       0.14       0.20       0          32.02      33         33         0          0          0.0541     2.1137     89         113        119        127        134        142        164       
1742       54000      54000      162.83     54.31      0.3335     28.76      0.14       0.14       0.20       0          32.02      33         33         0          0          0.0541     2.1128     89         113        119        127        134        142        164       
1743       54000      54000      162.83     54.36      0.3339     28.72      0.14       0.14       0.20       0          32.02      33         33         0          0          0.0541     2.1137     89         113        119        127        134        142        164       
1744       54000      54000      162.83     54.21      0.3329     28.76      0.14       0.14       0.20       0          32.02      33         33         0          0          0.0541     2.1111     89         113        119        127        134        142        164       
1745       54000      54000      162.83     54.61      0.3353     28.80      0.15       0.14       0.20       0          32.02      33         33         0          0          0.0541     2.1118     89         113        119        127        134        142        164       
1746       54000      54000      162.83     54.70      0.3359     28.81      0.15       0.14       0.20       0          32.02      33         33         0          0          0.0541     2.1108     89         113        119        127        134        142        164       
1747       54000      54000      162.83     54.61      0.3354     28.89      0.15       0.14       0.20       0          32.02      33         33         0          0          0.0541     2.1139     89         113        119        127        134        142        164       
1748       54000      54000      162.82     54.18      0.3328     28.74      0.15       0.14       0.20       0          32.02      33         33         0          0          0.0541     2.1081     89         113        119        127        134        142        164       
1749       54000      54000      162.83     54.89      0.3371     28.77      0.15       0.14       0.20       0          32.02      33         33         0          0          0.0541     2.1147     89         113        119        127        134        142        164       
1750       54000      54000      162.82     53.64      0.3294     28.67      0.14       0.14       0.20       0          32.02      33         33         0          0          0.0541     2.1136     89         113        119        127        134        142        164       
1751       54000      54000      162.84     53.90      0.3310     28.68      0.15       0.14       0.20       0          32.02      33         33         0          0          0.0541     2.1114     89         113        119        127        134        142        164       
1752       54000      54000      162.81     54.22      0.3330     28.64      0.15       0.14       0.20       0          32.02      33         33         0          0          0.0541     2.1127     89         113        119        127        134        142        164       
1753       54000      54000      162.81     54.37      0.3340     28.74      0.15       0.14       0.20       0          32.02      33         33         0          0          0.0541     2.1135     89         113        119        127        134        142        164       
1754       54000      54000      162.82     54.01      0.3317     28.82      0.14       0.14       0.20       0          32.02      33         33         0          0          0.0541     2.1113     89         113        119        127        134        142        164       
1755       54000      54000      162.81     54.43      0.3343     28.81      0.14       0.14       0.20       0          32.02      33         33         0          0          0.0541     2.1129     89         113        119        127        134        142        164       
1756       54000      54000      162.82     53.71      0.3299     28.71      0.15       0.14       0.20       0          32.02      33         33         0          0          0.0541     2.1141     89         113        119        127        134        142        164       
1757       54000      54000      162.83     53.53      0.3288     28.77      0.14       0.14       0.20       0          32.02      33         33         0          0          0.0541     2.1114     89         113        119        127        134        142        164       
1758       54000      54000      162.82     53.83      0.3306     28.73      0.14       0.14       0.20       0          32.02      33         33         0          0          0.0541     2.1124     89         113        119        127        134        142        164       
1759       54000      54000      162.82     54.46      0.3344     28.65      0.14       0.14       0.20       0          32.02      33         33         0          0          0.0541     2.1123     89         113        119        127        134        142        164       
1760       54000      54000      162.82     54.59      0.3353     28.72      0.14       0.14       0.20       0          32.02      33         33         0          0          0.0541     2.1080     89         113        119        127        134        142        164       
1761       54000      54000      162.83     53.44      0.3282     28.73      0.15       0.14       0.20       0          32.02      33         33         0          0          0.0541     2.1135     89         113        119        127        134        142        164       
1762       54000      54000      162.80     54.99      0.3377     28.73      0.15       0.14       0.20       0          32.02      33         33         0          0          0.0541     2.1132     89         113        119        127        134        142        164       
1763       54000      54000      162.83     54.38      0.3340     28.72      0.14       0.14       0.20       0          32.02      33         33         0          0          0.0541     2.1138     89         113        119        127        134        142        164       
1764       54000      54000      162.82     54.60      0.3353     28.72      0.15       0.14       0.20       0          32.02      33         33         0          0          0.0541     2.1128     89         113        119        127        134        142        164       
1765       54000      54000      162.81     53.64      0.3295     28.78      0.15       0.14       0.20       0          32.02      33         33         0          0          0.0541     2.1146     89         113        119        127        134        142        164       
1766       54000      54000      162.82     54.28      0.3334     28.71      0.15       0.14       0.20       0          32.02      33         33         0          0          0.0541     2.1146     89         113        119        127        134        142        164       
1767       54000      54000      162.81     53.24      0.3270     28.73      0.15       0.14       0.20       0          32.02      33         33         0          0          0.0541     2.1155     89         113        119        127        134        142        164       
1768       54000      54000      162.83     53.28      0.3272     28.66      0.14       0.14       0.20       0          32.02      33         33         0          0          0.0541     2.1088     89         113        119        127        134        142        164       
1769       54000      54000      162.81     53.41      0.3280     28.63      0.14       0.14       0.20       0          32.02      33         33         0          0          0.0541     2.1099     89         113        119        127        134        142        164       
1770       54000      54000      162.81     53.24      0.3270     28.55      0.14       0.14       0.20       0          32.02      33         33         0          0          0.0541     2.1150     89         113        119        127        134        142        164       
1771       54000      54000      162.83     53.90      0.3311     28.59      0.14       0.14       0.20       0          32.02      33         33         0          0          0.0541     2.1136     89         113        119        127        134        142        164       
1772       54000      54000      162.83     54.01      0.3317     28.60      0.14       0.14       0.20       0          32.02      33         33         0          0          0.0541     2.1143     89         113        119        127        134        142        164       
1773       54000      54000      162.82     54.50      0.3347     28.67      0.14       0.14       0.20       0          32.02      33         33         0          0          0.0541     2.1139     89         113        119        127        134        142        164       
1774       54000      54000      162.83     54.18      0.3327     28.69      0.14       0.14       0.20       0          32.02      33         33         0          0          0.0541     2.1103     89         113        119        127        134        142        164       
1775       54000      54000      162.83     53.95      0.3313     28.71      0.15       0.14       0.20       0          32.02      33         33         0          0          0.0541     2.1108     89         113        119        127        134        142        164       
1776       54000      54000      162.84     53.70      0.3298     28.74      0.15       0.14       0.20       0          32.02      33         33         0          0          0.0541     2.1124     89         113        119        127        134        142        164       
1777       54000      54000      162.81     53.65      0.3295     28.69      0.15       0.14       0.20       0          32.02      33         33         0          0          0.0541     2.1111     89         113        119        127        134        142        164       
1778       54000      54000      162.82     52.96      0.3253     28.73      0.15       0.14       0.20       0          32.02      33         33         0          0          0.0541     2.1124     89         113        119        127        134        142        164       
1779       54000      54000      162.81     53.63      0.3294     28.63      0.14       0.14       0.20       0          32.02      33         33         0          0          0.0541     2.1125     89         113        119        127        134        142        164       
1780       54000      54000      162.82     54.96      0.3375     28.67      0.14       0.14       0.20       0          32.02      33         33         0          0          0.0541     2.1122     89         113        119        127        134        142        164       
1781       54000      54000      162.81     54.18      0.3328     28.69      0.14       0.14       0.20       0          32.02      33         33         0          0          0.0541     2.1110     89         113        119        127        134        142        164       
1782       54000      54000      162.81     54.27      0.3333     28.79      0.15       0.14       0.20       0          32.02      33         33         0          0          0.0541     2.1129     89         113        119        127        134        142        164       
1783       54000      54000      162.81     55.33      0.3398     28.74      0.14       0.14       0.20       0          32.02      33         33         0          0          0.0541     2.1134     89         113        119        127        134        142        164       
1784       54000      54000      162.82     54.06      0.3320     28.72      0.15       0.14       0.20       0          32.02      33         33         0          0          0.0541     2.1150     89         113        119        127        134        142        164       
1785       54000      54000      162.80     54.58      0.3352     28.80      0.14       0.14       0.20       0          32.02      33         33         0          0          0.0541     2.1096     89         113        119        127        134        142        164       
1786       54000      54000      162.82     54.63      0.3356     28.82      0.15       0.14       0.20       0          32.02      33         33         0          0          0.0541     2.1129     89         113        119        127        134        142        164       
1787       54000      54000      162.81     53.18      0.3266     28.75      0.15       0.14       0.20       0          32.02      33         33         0          0          0.0541     2.1120     89         113        119        127        134        142        164       
1788       54000      54000      162.82     53.70      0.3298     28.77      0.14       0.14       0.20       0          32.02      33         33         0          0          0.0541     2.1168     89         113        119        127        134        142        164       
1789       54000      54000      162.82     54.28      0.3334     28.68      0.15       0.14       0.20       0          32.02      33         33         0          0          0.0541     2.1110     89         113        119        127        134        142        164       
1790       54000      54000      162.82     54.25      0.3332     28.76      0.14       0.14       0.20       0          32.02      33         33         0          0          0.0541     2.1153     89         113        119        127        134        142        164       
1791       54000      54000      162.82     53.35      0.3276     28.80      0.14       0.14       0.20       0          32.02      33         33         0          0          0.0541     2.1137     89         113        119        127        134        142        164       
1792       54000      54000      162.83     54.10      0.3323     28.72      0.14       0.14       0.20       0          32.02      33         33         0          0          0.0541     2.1147     89         113        119        127        134        142        164       
1793       54000      54000      162.82     55.30      0.3396     28.73      0.15       0.14       0.20       0          32.02      33         33         0          0          0.0541     2.1103     89         113        119        127        134        142        164       
1794       54000      54000      162.82     54.58      0.3352     28.75      0.15       0.14       0.20       0          32.02      33         33         0          0          0.0541     2.1115     89         113        119        127        134        142        164       
1795       54000      54000      162.82     54.23      0.3330     28.80      0.15       0.14       0.20       0          32.02      33         33         0          0          0.0541     2.1129     89         113        119        127        134        142        164       
1796       54000      54000      162.83     54.44      0.3343     28.81      0.15       0.14       0.20       0          32.02      33         33         0          0          0.0541     2.1156     89         113        119        127        134        142        164       
1797       54000      54000      162.81     53.59      0.3291     28.83      0.15       0.14       0.20       0          32.02      33         33         0          0          0.0541     2.1121     89         113        119        127        134        142        164       
1798       54000      54000      162.82     54.92      0.3373     28.74      0.15       0.14       0.20       0          32.02      33         33         0          0          0.0541     2.1132     89         113        119        127        134        142        164       
1799       54000      54000      162.82     53.91      0.3311     28.79      0.14       0.14       0.20       0          32.02      33         33         0          0          0.0541     2.1095     89         113        119        127        134        142        164       
1800       54000      54000      162.82     53.61      0.3292     28.83      0.14       0.14       0.20       0          32.02      33         33         0          0          0.0541     2.1162     89         113        119        127        134        142        164       
1801       54000      54000      162.82     54.91      0.3372     28.74      0.14       0.14       0.20       0          32.02      33         33         0          0          0.0541     2.1137     89         113        119        127        134        142        164       
1802       54000      54000      162.83     55.42      0.3404     28.78      0.15       0.14       0.20       0          32.02      33         33         0          0          0.0541     2.1138     89         113        119        127        134        142        164       
1803       54000      54000      162.83     54.25      0.3332     28.79      0.15       0.14       0.20       0          32.02      33         33         0          0          0.0541     2.1105     89         113        119        127        134        142        164       
1804       54000      54000      162.82     54.09      0.3322     28.79      0.15       0.14       0.20       0          32.02      33         33         0          0          0.0541     2.1152     89         113        119        127        134        142        164       
1805       54000      54000      162.82     54.02      0.3318     28.73      0.15       0.14       0.20       0          32.02      33         33         0          0          0.0541     2.1128     89         113        119        127        134        142        164       
1806       54000      54000      162.83     53.42      0.3281     28.86      0.15       0.14       0.20       0          32.02      33         33         0          0          0.0541     2.1123     89         113        119        127        134        142        164       
1807       54000      54000      162.82     53.68      0.3297     28.76      0.15       0.14       0.20       0          32.02      33         33         0          0          0.0541     2.1078     89         113        119        127        134        142        164       
1808       54000      54000      162.81     54.19      0.3328     28.71      0.14       0.14       0.20       0          32.02      33         33         0          0          0.0541     2.1161     89         113        119        127        134        142        164       
1809       54000      54000      162.82     54.87      0.3370     28.68      0.15       0.14       0.20       0          32.02      33         33         0          0          0.0541     2.1129     89         113        119        127        134        142        164       
1810       54000      54000      162.84     53.47      0.3284     28.68      0.14       0.14       0.20       0          32.02      33         33         0          0          0.0541     2.1092     89         113        119        127        134        142        164       
1811       54000      54000      162.82     54.68      0.3359     28.76      0.14       0.14       0.20       0          32.02      33         33         0          0          0.0541     2.1130     89         113        119        127        134        142        164       
1812       54000      54000      162.81     53.67      0.3296     28.73      0.14       0.14       0.20       0          32.02      33         33         0          0          0.0541     2.1158     89         113        119        127        134        142        164       
1813       54000      54000      162.81     54.91      0.3372     28.72      0.14       0.14       0.20       0          32.02      33         33         0          0          0.0541     2.1117     89         113        119        127        134        142        164       
1814       54000      54000      162.82     54.86      0.3369     28.71      0.14       0.14       0.20       0          32.02      33         33         0          0          0.0541     2.1140     89         113        119        127        134        142        164       
1815       54000      54000      162.82     54.42      0.3342     28.78      0.14       0.14       0.20       0          32.02      33         33         0          0          0.0541     2.1125     89         113        119        127        134        142        164       
1816       54000      54000      162.81     54.34      0.3338     28.83      0.14       0.14       0.20       0          32.02      33         33         0          0          0.0541     2.1136     89         113        119        127        134        142        164       
1817       54000      54000      162.83     54.03      0.3318     28.76      0.15       0.14       0.20       0          32.02      33         33         0          0          0.0541     2.1132     89         113        119        127        134        142        164       
1818       54000      54000      162.84     55.16      0.3387     28.79      0.14       0.14       0.20       0          32.02      33         33         0          0          0.0541     2.1107     89         113        119        127        134        142        164       
1819       54000      54000      162.80     54.82      0.3367     28.81      0.14       0.14       0.20       0          32.02      33         33         0          0          0.0541     2.1169     89         113        119        127        134        142        164       
1820       54000      54000      162.82     54.27      0.3333     28.77      0.14       0.14       0.20       0          32.02      33         33         0          0          0.0541     2.1093     89         113        119        127        134        142        164       
1821       54000      54000      162.81     54.51      0.3348     28.81      0.14       0.14       0.20       0          32.02      33         33         0          0          0.0541     2.1126     89         113        119        127        134        142        164       
1822       54000      54000      162.83     54.94      0.3374     28.86      0.14       0.14       0.20       0          32.02      33         33         0          0          0.0541     2.1136     89         113        119        127        134        142        164       
1823       54000      54000      162.81     53.43      0.3282     28.77      0.15       0.14       0.20       0          32.02      33         33         0          0          0.0541     2.1149     89         113        119        127        134        142        164       
1824       54000      54000      162.81     54.55      0.3350     28.80      0.15       0.14       0.20       0          32.02      33         33         0          0          0.0541     2.1181     89         113        119        127        134        142        164       
1825       54000      54000      162.82     53.89      0.3310     28.77      0.15       0.14       0.20       0          32.02      33         33         0          0          0.0541     2.1148     89         113        119        127        134        142        164       
1826       54000      54000      162.82     54.61      0.3354     28.70      0.15       0.14       0.20       0          32.02      33         33         0          0          0.0541     2.1138     89         113        119        127        134        142        164       
1827       54000      54000      162.81     54.98      0.3377     28.77      0.15       0.14       0.20       0          32.02      33         33         0          0          0.0541     2.1154     89         113        119        127        134        142        164       
1828       54000      54000      162.81     54.60      0.3354     28.77      0.14       0.14       0.20       0          32.02      33         33         0          0          0.0541     2.1159     89         113        119        127        134        142        164       
1829       54000      54000      162.81     54.64      0.3356     28.88      0.15       0.14       0.20       0          32.02      33         33         0          0          0.0541     2.1109     89         113        119        127        134        142        164       
1830       54000      54000      162.83     53.78      0.3303     28.80      0.14       0.14       0.20       0          32.02      33         33         0          0          0.0541     2.1116     89         113        119        127        134        142        164       
1831       54000      54000      162.81     54.49      0.3347     28.70      0.14       0.14       0.20       0          32.02      33         33         0          0          0.0541     2.1165     89         113        119        127        134        142        164       
1832       54000      54000      162.82     53.97      0.3315     28.76      0.14       0.14       0.20       0          32.02      33         33         0          0          0.0541     2.1139     89         113        119        127        134        142        164       
1833       54000      54000      162.82     54.64      0.3356     28.70      0.14       0.14       0.20       0          32.02      33         33         0          0          0.0541     2.1116     89         113        119        127        134        142        164       
1834       54000      54000      162.82     54.57      0.3352     28.69      0.15       0.14       0.20       0          32.02      33         33         0          0          0.0541     2.1103     89         113        119        127        134        142        164       
1835       54000      54000      162.83     53.99      0.3316     28.72      0.15       0.14       0.20       0          32.02      33         33         0          0          0.0541     2.1149     89         113        119        127        134        142        164       
1836       54000      54000      162.83     54.30      0.3335     28.71      0.14       0.14       0.20       0          32.02      33         33         0          0          0.0541     2.1116     89         113        119        127        134        142        164       
1837       54000      54000      162.81     54.68      0.3359     28.69      0.15       0.14       0.20       0          32.02      33         33         0          0          0.0541     2.1116     89         113        119        127        134        142        164       
1838       54000      54000      162.83     53.93      0.3312     28.77      0.15       0.14       0.20       0          32.02      33         33         0          0          0.0541     2.1150     89         113        119        127        134        142        164       
1839       54000      54000      162.81     54.62      0.3355     28.71      0.14       0.14       0.20       0          32.02      33         33         0          0          0.0541     2.1128     89         113        119        127        134        142        164       
1840       54000      54000      162.82     53.25      0.3270     28.70      0.15       0.14       0.20       0          32.02      33         33         0          0          0.0541     2.1152     89         113        119        127        134        142        164       
1841       54000      54000      162.82     54.03      0.3319     28.69      0.15       0.14       0.20       0          32.02      33         33         0          0          0.0541     2.1152     89         113        119        127        134        142        164       
1842       54000      54000      162.84     55.12      0.3385     28.72      0.15       0.14       0.20       0          32.02      33         33         0          0          0.0541     2.1136     89         113        119        127        134        142        164       
1843       54000      54000      162.84     53.98      0.3315     28.78      0.15       0.14       0.20       0          32.02      33         33         0          0          0.0541     2.1122     89         113        119        127        134        142        164       
1844       54000      54000      162.82     54.67      0.3358     28.83      0.15       0.14       0.20       0          32.02      33         33         0          0          0.0541     2.1116     89         113        119        127        134        142        164       
1845       54000      54000      162.82     54.41      0.3342     28.82      0.15       0.14       0.20       0          32.02      33         33         0          0          0.0541     2.1146     89         113        119        127        134        142        164       
1846       54000      54000      162.81     54.67      0.3358     28.83      0.15       0.14       0.20       0          32.02      33         33         0          0          0.0541     2.1120     89         113        119        127        134        142        164       
1847       54000      54000      162.83     53.51      0.3286     28.80      0.14       0.14       0.20       0          32.02      33         33         0          0          0.0541     2.1139     89         113        119        127        134        142        164       
1848       54000      54000      162.81     55.06      0.3382     28.82      0.14       0.14       0.20       0          32.02      33         33         0          0          0.0541     2.1131     89         113        119        127        134        142        164       
1849       54000      54000      162.83     55.87      0.3431     28.86      0.15       0.14       0.20       0          32.02      33         33         0          0          0.0541     2.1122     89         113        119        127        134        142        164       
1850       54000      54000      162.81     55.22      0.3392     28.85      0.15       0.14       0.20       0          32.02      33         33         0          0          0.0541     2.1134     89         113        119        127        134        142        164       
1851       54000      54000      162.82     54.41      0.3342     28.84      0.15       0.14       0.20       0          32.02      33         33         0          0          0.0541     2.1158     89         113        119        127        134        142        164       
1852       54000      54000      162.81     54.75      0.3363     28.85      0.15       0.14       0.20       0          32.02      33         33         0          0          0.0541     2.1155     89         113        119        127        134        142        164       
1853       54000      54000      162.82     54.09      0.3322     28.82      0.15       0.14       0.20       0          32.02      33         33         0          0          0.0541     2.1139     89         113        119        127        134        142        164       
1854       54000      54000      162.81     53.13      0.3264     28.83      0.15       0.14       0.20       0          32.02      33         33         0          0          0.0541     2.1112     89         113        119        127        134        142        164       
1855       54000      54000      162.81     54.40      0.3341     28.82      0.15       0.14       0.20       0          32.02      33         33         0          0          0.0541     2.1124     89         113        119        127        134        142        164       
1856       54000      54000      162.82     54.09      0.3322     28.81      0.15       0.14       0.20       0          32.02      33         33         0          0          0.0541     2.1129     89         113        119        127        134        142        164       
1857       54000      54000      162.83     54.62      0.3354     28.78      0.15       0.14       0.20       0          32.02      33         33         0          0          0.0541     2.1119     89         113        119        127        134        142        164       
1858       54000      54000      162.81     54.03      0.3319     28.82      0.14       0.14       0.20       0          32.02      33         33         0          0          0.0541     2.1127     89         113        119        127        134        142        164       
1859       54000      54000      162.82     53.36      0.3277     28.70      0.14       0.14       0.20       0          32.02      33         33         0          0          0.0541     2.1146     89         113        119        127        134        142        164       
1860       54000      54000      162.81     54.18      0.3328     28.65      0.14       0.14       0.20       0          32.02      33         33         0          0          0.0541     2.1121     89         113        119        127        134        142        164       
1861       54000      54000      162.82     54.28      0.3334     28.64      0.15       0.14       0.20       0          32.02      33         33         0          0          0.0541     2.1141     89         113        119        127        134        142        164       
1862       54000      54000      162.82     54.95      0.3375     28.70      0.15       0.14       0.20       0          32.02      33         33         0          0          0.0541     2.1143     89         113        119        127        134        142        164       
1863       54000      54000      162.82     54.48      0.3346     28.71      0.15       0.14       0.20       0          32.02      33         33         0          0          0.0541     2.1134     89         113        119        127        134        142        164       
1864       54000      54000      162.82     54.86      0.3370     28.75      0.15       0.14       0.20       0          32.02      33         33         0          0          0.0541     2.1142     89         113        119        127        134        142        164       
1865       54000      54000      162.81     54.02      0.3318     28.73      0.14       0.14       0.20       0          32.02      33         33         0          0          0.0541     2.1129     89         113        119        127        134        142        164       
1866       54000      54000      162.81     54.12      0.3324     28.74      0.15       0.14       0.20       0          32.02      33         33         0          0          0.0541     2.1130     89         113        119        127        134        142        164       
1867       54000      54000      162.82     54.10      0.3323     28.74      0.15       0.14       0.20       0          32.02      33         33         0          0          0.0541     2.1139     89         113        119        127        134        142        164       
1868       54000      54000      162.82     54.31      0.3336     28.81      0.15       0.14       0.20       0          32.02      33         33         0          0          0.0541     2.1105     89         113        119        127        134        142        164       
1869       54000      54000      162.83     53.93      0.3312     28.81      0.14       0.14       0.20       0          32.02      33         33         0          0          0.0541     2.1170     89         113        119        127        134        142        164       
1870       54000      54000      162.81     54.35      0.3338     28.74      0.15       0.14       0.20       0          32.02      33         33         0          0          0.0541     2.1151     89         113        119        127        134        142        164       
1871       54000      54000      162.82     54.60      0.3353     28.78      0.15       0.14       0.20       0          32.02      33         33         0          0          0.0541     2.1107     89         113        119        127        134        142        164       
1872       54000      54000      162.83     54.01      0.3317     28.75      0.14       0.14       0.20       0          32.02      33         33         0          0          0.0541     2.1150     89         113        119        127        134        142        164       
1873       54000      54000      162.83     54.02      0.3318     28.73      0.14       0.14       0.20       0          32.02      33         33         0          0          0.0541     2.1144     89         113        119        127        134        142        164       
1874       54000      54000      162.81     54.44      0.3344     28.77      0.15       0.14       0.20       0          32.02      33         33         0          0          0.0541     2.1109     89         113        119        127        134        142        164       
1875       54000      54000      162.82     53.89      0.3310     28.68      0.14       0.14       0.20       0          32.02      33         33         0          0          0.0541     2.1131     89         113        119        127        134        142        164       
1876       54000      54000      162.81     53.39      0.3279     28.69      0.15       0.14       0.20       0          32.02      33         33         0          0          0.0541     2.1105     89         113        119        127        134        142        164       
1877       54000      54000      162.82     54.38      0.3340     28.67      0.14       0.14       0.20       0          32.02      33         33         0          0          0.0541     2.1105     89         113        119        127        134        142        164       
1878       54000      54000      162.82     53.77      0.3302     28.72      0.14       0.14       0.20       0          32.02      33         33         0          0          0.0541     2.1095     89         113        119        127        134        142        164       
1879       54000      54000      162.83     54.58      0.3352     28.65      0.14       0.14       0.20       0          32.02      33         33         0          0          0.0541     2.1136     89         113        119        127        134        142        164       
1880       54000      54000      162.84     54.22      0.3330     28.66      0.14       0.14       0.20       0          32.02      33         33         0          0          0.0541     2.1130     89         113        119        127        134        142        164       
1881       54000      54000      162.83     54.70      0.3360     28.71      0.14       0.14       0.20       0          32.02      33         33         0          0          0.0541     2.1131     89         113        119        127        134        142        164       
1882       54000      54000      162.83     54.07      0.3321     28.75      0.15       0.14       0.20       0          32.02      33         33         0          0          0.0541     2.1145     89         113        119        127        134        142        164       
1883       54000      54000      162.81     53.79      0.3304     28.77      0.14       0.14       0.20       0          32.02      33         33         0          0          0.0541     2.1112     89         113        119        127        134        142        164       
1884       54000      54000      162.83     54.31      0.3335     28.70      0.14       0.14       0.20       0          32.02      33         33         0          0          0.0541     2.1132     89         113        119        127        134        142        164       
1885       54000      54000      162.81     54.03      0.3319     28.76      0.15       0.14       0.20       0          32.02      33         33         0          0          0.0541     2.1145     89         113        119        127        134        142        164       
1886       54000      54000      162.82     53.95      0.3314     28.72      0.14       0.14       0.20       0          32.02      33         33         0          0          0.0541     2.1125     89         113        119        127        134        142        164       
1887       54000      54000      162.81     53.59      0.3292     28.66      0.14       0.14       0.20       0          32.02      33         33         0          0          0.0541     2.1138     89         113        119        127        134        142        164       
1888       54000      54000      162.82     53.53      0.3288     28.66      0.14       0.14       0.20       0          32.02      33         33         0          0          0.0541     2.1181     89         113        119        127        134        142        164       
1889       54000      54000      162.82     54.30      0.3335     28.68      0.15       0.14       0.20       0          32.02      33         33         0          0          0.0541     2.1127     89         113        119        127        134        142        164       
1890       54000      54000      162.81     54.19      0.3329     28.71      0.14       0.14       0.20       0          32.02      33         33         0          0          0.0541     2.1159     89         113        119        127        134        142        164       
1891       54000      54000      162.84     54.12      0.3324     28.68      0.15       0.14       0.20       0          32.02      33         33         0          0          0.0541     2.1112     89         113        119        127        134        142        164       
1892       54000      54000      162.82     54.92      0.3373     28.72      0.14       0.14       0.20       0          32.02      33         33         0          0          0.0541     2.1127     89         113        119        127        134        142        164       
1893       54000      54000      162.83     53.61      0.3292     28.73      0.15       0.14       0.20       0          32.02      33         33         0          0          0.0541     2.1108     89         113        119        127        134        142        164       
1894       54000      54000      162.83     53.45      0.3283     28.74      0.14       0.14       0.20       0          32.02      33         33         0          0          0.0541     2.1134     89         113        119        127        134        142        164       
1895       54000      54000      162.81     54.17      0.3327     28.65      0.15       0.14       0.20       0          32.02      33         33         0          0          0.0541     2.1107     89         113        119        127        134        142        164       
1896       54000      54000      162.82     54.09      0.3322     28.65      0.14       0.14       0.20       0          32.02      33         33         0          0          0.0541     2.1126     89         113        119        127        134        142        164       
1897       54000      54000      162.83     53.73      0.3300     28.67      0.14       0.14       0.20       0          32.02      33         33         0          0          0.0541     2.1145     89         113        119        127        134        142        164       
1898       54000      54000      162.82     53.99      0.3316     28.67      0.15       0.14       0.20       0          32.02      33         33         0          0          0.0541     2.1124     89         113        119        127        134        142        164       
1899       54000      54000      162.80     53.82      0.3306     28.69      0.14       0.14       0.20       0          32.02      33         33         0          0          0.0541     2.1133     89         113        119        127        134        142        164       
1900       54000      54000      162.83     54.46      0.3344     28.68      0.14       0.14       0.20       0          32.02      33         33         0          0          0.0541     2.1144     89         113        119        127        134        142        164       
1901       54000      54000      162.83     54.34      0.3337     28.62      0.14       0.14       0.20       0          32.02      33         33         0          0          0.0541     2.1138     89         113        119        127        134        142        164       
1902       54000      54000      162.81     53.83      0.3306     28.64      0.15       0.14       0.20       0          32.02      33         33         0          0          0.0541     2.1124     89         113        119        127        134        142        164       
1903       54000      54000      162.83     54.73      0.3361     28.71      0.15       0.14       0.20       0          32.02      33         33         0          0          0.0541     2.1133     89         113        119        127        134        142        164       
1904       54000      54000      162.82     54.66      0.3357     28.75      0.14       0.14       0.20       0          32.02      33         33         0          0          0.0541     2.1128     89         113        119        127        134        142        164       
1905       54000      54000      162.83     54.17      0.3327     28.80      0.14       0.14       0.20       0          32.02      33         33         0          0          0.0541     2.1137     89         113        119        127        134        142        164       
1906       54000      54000      162.82     54.45      0.3344     28.73      0.14       0.14       0.20       0          32.02      33         33         0          0          0.0541     2.1182     89         113        119        127        134        142        164       
1907       54000      54000      162.82     54.05      0.3319     28.72      0.15       0.14       0.20       0          32.02      33         33         0          0          0.0541     2.1125     89         113        119        127        134        142        164       
1908       54000      54000      162.82     54.47      0.3346     28.77      0.15       0.14       0.20       0          32.02      33         33         0          0          0.0541     2.1137     89         113        119        127        134        142        164       
1909       54000      54000      162.81     53.60      0.3292     28.73      0.14       0.14       0.20       0          32.02      33         33         0          0          0.0541     2.1143     89         113        119        127        134        142        164       
1910       54000      54000      162.82     54.40      0.3341     28.69      0.14       0.14       0.20       0          32.02      33         33         0          0          0.0541     2.1151     89         113        119        127        134        142        164       
1911       54000      54000      162.82     54.07      0.3321     28.75      0.15       0.14       0.20       0          32.02      33         33         0          0          0.0541     2.1146     89         113        119        127        134        142        164       
1912       54000      54000      162.81     53.72      0.3300     28.81      0.15       0.14       0.20       0          32.02      33         33         0          0          0.0541     2.1149     89         113        119        127        134        142        164       
1913       54000      54000      162.81     53.61      0.3293     28.67      0.15       0.14       0.20       0          32.02      33         33         0          0          0.0541     2.1117     89         113        119        127        134        142        164       
1914       54000      54000      162.83     54.80      0.3366     28.73      0.15       0.14       0.20       0          32.02      33         33         0          0          0.0541     2.1128     89         113        119        127        134        142        164       
1915       54000      54000      162.83     54.94      0.3374     28.70      0.15       0.14       0.20       0          32.02      33         33         0          0          0.0541     2.1162     89         113        119        127        134        142        164       
1916       54000      54000      162.82     53.92      0.3312     28.79      0.14       0.14       0.20       0          32.02      33         33         0          0          0.0541     2.1130     89         113        119        127        134        142        164       
1917       54000      54000      162.81     54.57      0.3352     28.81      0.15       0.14       0.20       0          32.02      33         33         0          0          0.0541     2.1118     89         113        119        127        134        142        164       
1918       54000      54000      162.82     55.32      0.3398     28.85      0.14       0.14       0.20       0          32.02      33         33         0          0          0.0541     2.1125     89         113        119        127        134        142        164       
1919       54000      54000      162.82     54.33      0.3337     28.86      0.15       0.14       0.20       0          32.02      33         33         0          0          0.0541     2.1163     89         113        119        127        134        142        164       
1920       54000      54000      162.82     54.51      0.3348     28.86      0.15       0.14       0.20       0          32.02      33         33         0          0          0.0541     2.1134     89         113        119        127        134        142        164       
1921       54000      54000      162.82     54.48      0.3346     28.81      0.15       0.14       0.20       0          32.02      33         33         0          0          0.0541     2.1134     89         113        119        127        134        142        164       
1922       54000      54000      162.82     54.35      0.3338     28.88      0.15       0.14       0.20       0          32.02      33         33         0          0          0.0541     2.1146     89         113        119        127        134        142        164       
1923       54000      54000      162.83     54.93      0.3373     28.75      0.15       0.14       0.20       0          32.02      33         33         0          0          0.0541     2.1087     89         113        119        127        134        142        164       
1924       54000      54000      162.82     54.56      0.3351     28.79      0.15       0.14       0.20       0          32.02      33         33         0          0          0.0541     2.1151     89         113        119        127        134        142        164       
1925       54000      54000      162.83     54.75      0.3363     28.75      0.15       0.14       0.20       0          32.02      33         33         0          0          0.0541     2.1166     89         113        119        127        134        142        164       
1926       54000      54000      162.82     53.77      0.3303     28.74      0.14       0.14       0.20       0          32.02      33         33         0          0          0.0541     2.1105     89         113        119        127        134        142        164       
1927       54000      54000      162.81     54.64      0.3356     28.79      0.14       0.14       0.20       0          32.02      33         33         0          0          0.0541     2.1123     89         113        119        127        134        142        164       
1928       54000      54000      162.81     54.45      0.3344     28.83      0.15       0.14       0.20       0          32.02      33         33         0          0          0.0541     2.1136     89         113        119        127        134        142        164       
1929       54000      54000      162.81     54.54      0.3350     28.76      0.15       0.14       0.20       0          32.02      33         33         0          0          0.0541     2.1119     89         113        119        127        134        142        164       
1930       54000      54000      162.83     54.79      0.3365     28.85      0.15       0.14       0.20       0          32.02      33         33         0          0          0.0541     2.1132     89         113        119        127        134        142        164       
1931       54000      54000      162.81     54.51      0.3348     28.86      0.15       0.14       0.20       0          32.02      33         33         0          0          0.0541     2.1149     89         113        119        127        134        142        164       
1932       54000      54000      162.82     54.45      0.3344     28.73      0.14       0.14       0.20       0          32.02      33         33         0          0          0.0541     2.1162     89         113        119        127        134        142        164       
1933       54000      54000      162.82     54.68      0.3358     28.76      0.14       0.14       0.20       0          32.02      33         33         0          0          0.0541     2.1144     89         113        119        127        134        142        164       
1934       54000      54000      162.81     54.23      0.3331     28.85      0.15       0.14       0.20       0          32.02      33         33         0          0          0.0541     2.1159     89         113        119        127        134        142        164       
1935       54000      54000      162.82     55.20      0.3390     28.81      0.15       0.14       0.20       0          32.02      33         33         0          0          0.0541     2.1124     89         113        119        127        134        142        164       
1936       54000      54000      162.82     54.43      0.3343     28.92      0.15       0.14       0.20       0          32.02      33         33         0          0          0.0541     2.1154     89         113        119        127        134        142        164       
1937       54000      54000      162.80     54.11      0.3323     28.86      0.15       0.14       0.20       0          32.02      33         33         0          0          0.0541     2.1128     89         113        119        127        134        142        164       
1938       54000      54000      162.82     54.22      0.3330     28.84      0.15       0.14       0.20       0          32.02      33         33         0          0          0.0541     2.1138     89         113        119        127        134        142        164       
1939       54000      54000      162.82     54.22      0.3330     28.77      0.15       0.14       0.20       0          32.02      33         33         0          0          0.0541     2.1116     89         113        119        127        134        142        164       
1940       54000      54000      162.81     53.67      0.3297     28.70      0.15       0.14       0.20       0          32.02      33         33         0          0          0.0541     2.1147     89         113        119        127        134        142        164       
1941       54000      54000      162.81     53.04      0.3257     28.67      0.14       0.14       0.20       0          32.02      33         33         0          0          0.0541     2.1107     89         113        119        127        134        142        164       
1942       54000      54000      162.82     54.05      0.3320     28.64      0.14       0.14       0.20       0          32.02      33         33         0          0          0.0541     2.1162     89         113        119        127        134        142        164       
1943       54000      54000      162.81     54.15      0.3326     28.64      0.15       0.14       0.20       0          32.02      33         33         0          0          0.0541     2.1117     89         113        119        127        134        142        164       
1944       54000      54000      162.82     52.99      0.3255     28.70      0.15       0.14       0.20       0          32.02      33         33         0          0          0.0541     2.1135     89         113        119        127        134        142        164       
1945       54000      54000      162.82     53.49      0.3285     28.67      0.14       0.14       0.20       0          32.02      33         33         0          0          0.0541     2.1136     89         113        119        127        134        142        164       
1946       54000      54000      162.81     54.15      0.3326     28.67      0.14       0.14       0.20       0          32.02      33         33         0          0          0.0541     2.1122     89         113        119        127        134        142        164       
1947       54000      54000      162.82     55.10      0.3384     28.64      0.14       0.14       0.20       0          32.02      33         33         0          0          0.0541     2.1138     89         113        119        127        134        142        164       
1948       54000      54000      162.82     54.23      0.3331     28.64      0.14       0.14       0.20       0          32.02      33         33         0          0          0.0541     2.1186     89         113        119        127        134        142        164       
1949       54000      54000      162.81     54.31      0.3336     28.66      0.14       0.14       0.20       0          32.02      33         33         0          0          0.0541     2.1129     89         113        119        127        134        142        164       
1950       54000      54000      162.82     54.42      0.3342     28.77      0.14       0.14       0.20       0          32.02      33         33         0          0          0.0541     2.1101     89         113        119        127        134        142        164       
1951       54000      54000      162.81     53.29      0.3273     28.69      0.14       0.14       0.20       0          32.02      33         33         0          0          0.0541     2.1110     89         113        119        127        134        142        164       
1952       54000      54000      162.82     54.18      0.3327     28.71      0.14       0.14       0.20       0          32.02      33         33         0          0          0.0541     2.1137     89         113        119        127        134        142        164       
1953       54000      54000      162.83     53.50      0.3285     28.70      0.15       0.14       0.20       0          32.02      33         33         0          0          0.0541     2.1130     89         113        119        127        134        142        164       
1954       54000      54000      162.82     53.76      0.3302     28.69      0.14       0.14       0.20       0          32.02      33         33         0          0          0.0541     2.1126     89         113        119        127        134        142        164       
1955       54000      54000      162.83     54.48      0.3346     28.74      0.14       0.14       0.20       0          32.02      33         33         0          0          0.0541     2.1137     89         113        119        127        134        142        164       
1956       54000      54000      162.82     53.83      0.3306     28.77      0.14       0.14       0.20       0          32.02      33         33         0          0          0.0541     2.1147     89         113        119        127        134        142        164       
1957       54000      54000      162.83     55.22      0.3392     28.77      0.15       0.14       0.20       0          32.02      33         33         0          0          0.0541     2.1113     89         113        119        127        134        142        164       
1958       54000      54000      162.83     53.38      0.3278     28.73      0.14       0.14       0.20       0          32.02      33         33         0          0          0.0541     2.1132     89         113        119        127        134        142        164       
1959       54000      54000      162.83     53.96      0.3314     28.74      0.15       0.14       0.20       0          32.02      33         33         0          0          0.0541     2.1135     89         113        119        127        134        142        164       
1960       54000      54000      162.83     54.58      0.3352     28.74      0.15       0.14       0.20       0          32.02      33         33         0          0          0.0541     2.1122     89         113        119        127        134        142        164       
1961       54000      54000      162.82     55.01      0.3378     28.74      0.15       0.14       0.20       0          32.02      33         33         0          0          0.0541     2.1132     89         113        119        127        134        142        164       
1962       54000      54000      162.82     55.46      0.3407     28.83      0.15       0.14       0.20       0          32.02      33         33         0          0          0.0541     2.1092     89         113        119        127        134        142        164       
1963       54000      54000      162.83     53.15      0.3264     28.86      0.14       0.14       0.20       0          32.02      33         33         0          0          0.0541     2.1143     89         113        119        127        134        142        164       
1964       54000      54000      162.82     54.45      0.3344     28.81      0.15       0.14       0.20       0          32.02      33         33         0          0          0.0541     2.1113     89         113        119        127        134        142        164       
1965       54000      54000      162.81     54.38      0.3340     28.77      0.14       0.14       0.20       0          32.02      33         33         0          0          0.0541     2.1140     89         113        119        127        134        142        164       
1966       54000      54000      162.82     53.62      0.3293     28.74      0.14       0.14       0.20       0          32.02      33         33         0          0          0.0541     2.1120     89         113        119        127        134        142        164       
1967       54000      54000      162.82     54.67      0.3358     28.72      0.14       0.14       0.20       0          32.02      33         33         0          0          0.0541     2.1146     89         113        119        127        134        142        164       
1968       54000      54000      162.81     54.46      0.3345     28.76      0.15       0.14       0.20       0          32.02      33         33         0          0          0.0541     2.1116     89         113        119        127        134        142        164       
1969       54000      54000      162.82     54.86      0.3369     28.78      0.15       0.14       0.20       0          32.02      33         33         0          0          0.0541     2.1143     89         113        119        127        134        142        164       
1970       54000      54000      162.82     54.49      0.3346     28.74      0.15       0.14       0.20       0          32.02      33         33         0          0          0.0541     2.1145     89         113        119        127        134        142        164       
1971       54000      54000      162.81     54.06      0.3320     28.69      0.15       0.14       0.20       0          32.02      33         33         0          0          0.0541     2.1163     89         113        119        127        134        142        164       
1972       54000      54000      162.81     54.44      0.3344     28.72      0.15       0.14       0.20       0          32.02      33         33         0          0          0.0541     2.1156     89         113        119        127        134        142        164       
1973       54000      54000      162.81     54.44      0.3344     28.64      0.14       0.14       0.20       0          32.02      33         33         0          0          0.0541     2.1123     89         113        119        127        134        142        164       
1974       54000      54000      162.82     54.42      0.3342     28.67      0.14       0.14       0.20       0          32.02      33         33         0          0          0.0541     2.1172     89         113        119        127        134        142        164       
1975       54000      54000      162.82     54.10      0.3323     28.66      0.14       0.14       0.20       0          32.02      33         33         0          0          0.0541     2.1140     89         113        119        127        134        142        164       
1976       54000      54000      162.83     54.13      0.3324     28.75      0.15       0.14       0.20       0          32.02      33         33         0          0          0.0541     2.1123     89         113        119        127        134        142        164       
1977       54000      54000      162.81     53.84      0.3307     28.70      0.15       0.14       0.20       0          32.02      33         33         0          0          0.0541     2.1170     89         113        119        127        134        142        164       
1978       54000      54000      162.82     54.65      0.3356     28.73      0.14       0.14       0.20       0          32.02      33         33         0          0          0.0541     2.1112     89         113        119        127        134        142        164       
1979       54000      54000      162.82     54.26      0.3332     28.69      0.14       0.14       0.20       0          32.02      33         33         0          0          0.0541     2.1146     89         113        119        127        134        142        164       
1980       54000      54000      162.83     53.92      0.3312     28.68      0.15       0.14       0.20       0          32.02      33         33         0          0          0.0541     2.1167     89         113        119        127        134        142        164       
1981       54000      54000      162.82     53.60      0.3292     28.69      0.14       0.14       0.20       0          32.02      33         33         0          0          0.0541     2.1131     89         113        119        127        134        142        164       
1982       54000      54000      162.81     54.52      0.3349     28.74      0.15       0.14       0.20       0          32.02      33         33         0          0          0.0541     2.1140     89         113        119        127        134        142        164       
1983       54000      54000      162.81     53.79      0.3304     28.79      0.15       0.14       0.20       0          32.02      33         33         0          0          0.0541     2.1157     89         113        119        127        134        142        164       
1984       54000      54000      162.83     54.24      0.3331     28.79      0.15       0.14       0.20       0          32.02      33         33         0          0          0.0541     2.1125     89         113        119        127        134        142        164       
1985       54000      54000      162.80     55.23      0.3392     28.68      0.14       0.14       0.20       0          32.02      33         33         0          0          0.0541     2.1174     89         113        119        127        134        142        164       
1986       54000      54000      162.83     54.76      0.3363     28.76      0.15       0.14       0.20       0          32.02      33         33         0          0          0.0541     2.1128     89         113        119        127        134        142        164       
1987       54000      54000      162.84     54.79      0.3365     28.82      0.14       0.14       0.20       0          32.02      33         33         0          0          0.0541     2.1132     89         113        119        127        134        142        164       
1988       54000      54000      162.81     54.41      0.3342     28.84      0.14       0.14       0.20       0          32.02      33         33         0          0          0.0541     2.1120     89         113        119        127        134        142        164       
1989       54000      54000      162.83     55.53      0.3410     28.86      0.15       0.14       0.20       0          32.02      33         33         0          0          0.0541     2.1172     89         113        119        127        134        142        164       
1990       54000      54000      162.81     54.96      0.3376     28.74      0.14       0.14       0.20       0          32.02      33         33         0          0          0.0541     2.1172     89         113        119        127        134        142        164       
1991       54000      54000      162.82     53.82      0.3306     28.85      0.14       0.14       0.20       0          32.02      33         33         0          0          0.0541     2.1132     89         113        119        127        134        142        164       
1992       54000      54000      162.81     54.40      0.3341     28.82      0.15       0.14       0.20       0          32.02      33         33         0          0          0.0541     2.1137     89         113        119        127        134        142        164       
1993       54000      54000      162.82     54.82      0.3367     28.82      0.15       0.14       0.20       0          32.02      33         33         0          0          0.0541     2.1165     89         113        119        127        134        142        164       
1994       54000      54000      162.83     53.76      0.3301     28.77      0.15       0.14       0.20       0          32.02      33         33         0          0          0.0541     2.1165     89         113        119        127        134        142        164       
1995       54000      54000      162.81     53.53      0.3288     28.77      0.15       0.14       0.20       0          32.02      33         33         0          0          0.0541     2.1094     89         113        119        127        134        142        164       
1996       54000      54000      162.82     54.87      0.3370     28.81      0.14       0.14       0.20       0          32.02      33         33         0          0          0.0541     2.1131     89         113        119        127        134        142        164       
1997       54000      54000      162.82     55.20      0.3390     28.74      0.15       0.14       0.20       0          32.02      33         33         0          0          0.0541     2.1153     89         113        119        127        134        142        164       
1998       54000      54000      162.81     54.75      0.3363     28.79      0.15       0.14       0.20       0          32.02      33         33         0          0          0.0541     2.1158     89         113        119        127        134        142        164       
1999       54000      54000      162.83     53.99      0.3316     28.85      0.15       0.14       0.20       0          32.02      33         33         0          0          0.0541     2.1158     89         113        119        127        134        142        164       
2000       54000      54000      162.83     54.84      0.3368     28.83      0.15       0.14       0.20       0          32.02      33         33         0          0          0.0541     2.1140     89         113        119        127        134        142        164       
