time       n_sent     n_recv     avgRecv    avgByzRecv pByzRecv   avgByzN    pushByzN   pullByzN   sampByzN   n_isolated avgByzSamp min        max        n_fullbyz  n_fbi      cluscoeff  MPL        id_min     id_d1      id_q1      id_med     id_q3      id_d9      id_max    
0          10000      0          0.00       0.00       NaN        48.10      0.00       0.00       0.00       0          48.04      56         56         0          0          0.1004     2.4716     44         60         65         71         76         82         103       
1          54000      10000      0.00       0.00       NaN        48.10      0.00       0.00       0.00       0          48.04      56         56         0          0          0.1004     2.4629     44         60         65         71         76         82         103       
2          61000      54000      3.70       3.00       0.8108     48.10      0.00       0.00       0.00       0          48.04      56         56         0          0          0.1004     2.4785     44         60         65         71         76         82         103       
3          61000      61000      163.68     85.29      0.5211     54.36      0.21       0.32       0.20       0          65.78      56         56         0          0          0.2057     2.5168     30         57         62         68         75         81         109       
4          61000      61000      163.64     86.09      0.5261     66.64      0.43       0.50       0.37       0          74.31      56         56         0          0          0.2522     2.4791     36         58         64         70         78         84         115       
5          61000      61000      163.57     95.89      0.5862     77.51      0.53       0.56       0.44       0          78.95      73         73         0          0          0.2767     2.4836     34         57         63         70         77         84         107       
6          61000      61000      163.51     112.36     0.6872     85.10      0.59       0.62       0.48       0          84.28      87         87         0          0          0.3092     2.5069     33         54         60         67         74         81         112       
7          61000      61000      163.47     122.27     0.7480     92.91      0.66       0.70       0.52       0          89.63      87         87         0          0          0.3444     2.5675     31         51         57         64         71         77         101       
8          61000      61000      163.41     129.45     0.7922     99.76      0.73       0.75       0.55       0          94.38      96         96         0          0          0.3771     2.5810     29         48         54         60         67         74         101       
9          61000      61000      163.40     136.62     0.8361     105.39     0.78       0.80       0.58       0          98.54      96         96         0          0          0.4069     2.6103     27         45         50         57         64         70         99        
10         61000      61000      163.34     141.71     0.8675     110.44     0.82       0.84       0.61       0          102.29     95         95         0          0          0.4348     2.6472     21         42         47         54         60         66         98        
11         61000      61000      163.32     144.86     0.8869     114.69     0.85       0.87       0.63       0          105.62     95         95         0          0          0.4605     2.6972     19         40         45         51         57         63         90        
12         61000      61000      163.28     148.30     0.9083     118.02     0.88       0.89       0.66       0          108.51     101        101        0          0          0.4835     2.7078     17         37         43         49         55         60         90        
13         61000      61000      163.28     150.83     0.9237     121.06     0.90       0.91       0.67       0          110.97     104        104        0          0          0.5035     2.7429     18         36         40         46         53         58         91        
14         61000      61000      163.25     151.95     0.9308     123.44     0.91       0.92       0.69       0          113.12     108        108        0          0          0.5214     2.7566     18         34         39         44         50         56         91        
15         61000      61000      163.22     153.64     0.9413     125.56     0.92       0.93       0.71       0          115.05     112        112        0          0          0.5377     2.7953     15         32         37         43         49         54         86        
16         61000      61000      163.21     154.85     0.9488     127.27     0.93       0.94       0.72       0          116.73     116        116        0          0          0.5523     2.7692     14         31         36         41         47         52         83        
17         61000      61000      163.19     155.93     0.9555     128.77     0.94       0.95       0.73       0          118.18     117        117        0          0          0.5650     2.7873     14         30         34         40         45         51         81        
18         61000      61000      163.19     156.43     0.9586     129.97     0.95       0.95       0.74       0          119.48     117        117        0          0          0.5766     2.8091     13         29         33         39         44         49         76        
19         61000      61000      163.19     157.27     0.9637     131.09     0.95       0.95       0.75       1          120.66     120        120        0          0          0.5871     2.8115     13         28         32         38         43         48         72        
20         61000      61000      163.19     157.76     0.9667     132.13     0.96       0.96       0.75       0          121.70     121        121        0          0          0.5965     2.8176     11         27         32         37         42         47         72        
21         61000      61000      163.18     158.06     0.9686     132.94     0.96       0.96       0.76       0          122.64     121        121        0          0          0.6051     2.8297     11         27         31         36         41         46         70        
22         61000      61000      163.14     158.27     0.9701     133.67     0.96       0.96       0.77       0          123.48     126        126        0          0          0.6129     2.8308     10         26         30         35         40         45         67        
23         61000      61000      163.16     158.55     0.9717     134.29     0.96       0.96       0.77       0          124.23     126        126        0          0          0.6199     2.8495     9          25         29         34         39         44         66        
24         61000      61000      163.17     158.97     0.9743     134.95     0.97       0.97       0.78       1          124.93     127        127        0          0          0.6264     2.8778     9          25         29         34         39         44         64        
25         61000      61000      163.15     158.88     0.9738     135.40     0.97       0.97       0.78       0          125.54     127        127        0          0          0.6321     2.8856     8          24         28         33         38         43         62        
26         61000      61000      163.15     158.99     0.9745     135.81     0.97       0.97       0.78       2          126.07     128        128        0          0          0.6371     2.8967     8          24         28         32         38         43         62        
27         61000      61000      163.14     159.19     0.9758     136.18     0.97       0.97       0.79       0          126.58     128        128        0          0          0.6420     2.8561     8          23         27         32         37         42         59        
28         61000      61000      163.17     159.29     0.9762     136.55     0.97       0.97       0.79       1          127.04     129        129        0          0          0.6464     2.8673     8          23         27         32         37         42         59        
29         61000      61000      163.16     159.37     0.9767     136.92     0.97       0.97       0.79       0          127.44     129        129        0          0          0.6502     2.8975     8          23         27         31         36         41         58        
30         61000      61000      163.12     159.41     0.9772     137.16     0.97       0.97       0.80       0          127.80     132        132        0          0          0.6537     2.9052     8          22         26         31         36         41         58        
31         61000      61000      163.13     159.74     0.9792     137.43     0.97       0.97       0.80       0          128.14     132        132        0          0          0.6569     2.8941     8          22         26         31         36         40         59        
32         61000      61000      163.14     159.67     0.9788     137.72     0.97       0.97       0.80       1          128.45     132        132        0          0          0.6599     2.9082     8          22         26         30         35         40         59        
33         61000      61000      163.13     159.94     0.9805     137.90     0.97       0.97       0.80       0          128.73     133        133        0          0          0.6626     2.8769     8          22         25         30         35         40         58        
34         61000      61000      163.15     159.90     0.9801     138.18     0.97       0.97       0.80       2          128.99     133        133        0          0          0.6652     2.8931     7          21         25         30         35         40         58        
35         61000      61000      163.11     159.91     0.9804     138.35     0.97       0.97       0.81       0          129.23     133        133        0          0          0.6675     2.9498     7          21         25         30         35         39         58        
36         61000      61000      163.12     160.02     0.9810     138.49     0.97       0.97       0.81       0          129.45     134        134        0          0          0.6697     2.9311     7          21         25         29         34         39         59        
37         61000      61000      163.13     159.89     0.9801     138.66     0.97       0.97       0.81       0          129.65     135        135        0          0          0.6716     2.9171     7          21         25         29         34         39         59        
38         61000      61000      163.13     160.12     0.9815     138.77     0.97       0.97       0.81       2          129.82     136        136        0          0          0.6733     2.9369     7          21         24         29         34         39         59        
39         61000      61000      163.13     160.19     0.9820     138.93     0.97       0.97       0.81       0          129.98     136        136        0          0          0.6748     2.9660     7          21         24         29         34         38         59        
40         61000      61000      163.13     160.26     0.9824     139.02     0.97       0.97       0.81       0          130.12     133        133        0          0          0.6762     2.9711     7          20         24         29         34         38         60        
41         61000      61000      163.14     160.29     0.9826     139.15     0.97       0.97       0.81       0          130.26     133        133        0          0          0.6776     2.9449     7          20         24         29         34         38         60        
42         61000      61000      163.14     160.41     0.9833     139.28     0.97       0.97       0.81       2          130.38     133        133        0          0          0.6788     2.9210     7          20         24         28         33         38         59        
43         61000      61000      163.13     160.30     0.9827     139.33     0.97       0.97       0.81       1          130.48     131        131        0          0          0.6798     2.9277     7          20         24         28         33         38         59        
44         61000      61000      163.12     160.27     0.9825     139.39     0.98       0.97       0.82       0          130.59     131        131        0          0          0.6808     2.9319     7          20         24         28         33         38         60        
45         61000      61000      163.15     160.44     0.9834     139.47     0.98       0.97       0.82       2          130.66     128        128        0          0          0.6815     2.9613     7          20         24         28         33         38         59        
46         61000      61000      163.13     160.35     0.9830     139.53     0.97       0.97       0.82       0          130.73     129        129        0          0          0.6823     2.9617     7          20         24         28         33         38         61        
47         61000      61000      163.13     160.45     0.9836     139.58     0.97       0.97       0.82       0          130.80     128        128        0          0          0.6829     2.9271     7          20         24         28         33         38         60        
48         61000      61000      163.12     160.25     0.9824     139.54     0.97       0.97       0.82       1          130.86     127        127        0          0          0.6835     2.9377     7          20         24         28         33         38         60        
49         61000      61000      163.12     160.39     0.9833     139.56     0.97       0.97       0.82       1          130.91     127        127        0          0          0.6841     2.9422     7          20         24         28         33         38         59        
50         61000      61000      163.13     160.51     0.9840     139.66     0.97       0.97       0.82       1          130.94     127        127        0          0          0.6844     2.9816     7          20         23         28         33         38         58        
51         61000      61000      163.13     160.21     0.9821     139.60     0.97       0.97       0.82       1          130.97     127        127        0          0          0.6847     2.9814     7          20         23         28         33         38         60        
52         61000      61000      163.11     160.46     0.9838     139.60     0.97       0.97       0.82       1          131.01     130        130        0          0          0.6850     2.9319     7          20         23         28         33         38         60        
53         61000      61000      163.13     160.18     0.9819     139.69     0.97       0.97       0.82       2          131.02     130        130        0          0          0.6851     2.9735     7          20         23         28         33         38         60        
54         61000      61000      163.13     160.21     0.9821     139.57     0.97       0.97       0.82       1          131.04     130        130        0          0          0.6853     2.9766     7          20         23         28         33         37         60        
55         61000      61000      163.12     160.55     0.9842     139.65     0.97       0.97       0.82       2          131.05     130        130        0          0          0.6854     2.9831     6          20         23         28         33         38         60        
56         61000      61000      163.14     160.34     0.9828     139.65     0.97       0.97       0.82       1          131.06     130        130        0          0          0.6855     2.9659     6          20         23         28         33         38         60        
57         61000      61000      163.13     160.53     0.9841     139.61     0.97       0.97       0.82       1          131.06     130        130        0          0          0.6855     2.9556     6          19         23         28         33         38         60        
58         61000      61000      163.14     160.34     0.9828     139.69     0.97       0.97       0.82       1          131.07     130        130        0          0          0.6856     2.9598     6          19         23         28         33         38         60        
59         61000      61000      163.12     160.45     0.9836     139.63     0.97       0.97       0.82       1          131.06     130        130        0          0          0.6856     2.9546     6          20         23         28         33         38         60        
60         61000      61000      163.14     160.47     0.9836     139.65     0.97       0.97       0.82       0          131.06     130        130        0          0          0.6855     2.9798     6          19         23         28         33         38         60        
61         61000      61000      163.11     160.58     0.9844     139.65     0.97       0.97       0.82       2          131.05     130        130        0          0          0.6854     2.9759     6          19         23         28         33         38         60        
62         61000      61000      163.15     160.43     0.9833     139.58     0.97       0.97       0.82       0          131.02     131        131        0          0          0.6851     2.9939     6          20         23         28         33         38         60        
63         61000      61000      163.13     160.46     0.9837     139.66     0.97       0.97       0.82       0          131.00     131        131        0          0          0.6849     2.9691     6          20         23         28         33         38         60        
64         61000      61000      163.13     160.32     0.9828     139.56     0.97       0.97       0.82       1          130.98     131        131        0          0          0.6847     3.0289     6          20         23         28         33         38         60        
65         61000      61000      163.11     160.36     0.9831     139.49     0.97       0.97       0.82       1          130.95     131        131        0          0          0.6845     2.9758     6          20         23         28         33         38         60        
66         61000      61000      163.12     160.39     0.9833     139.48     0.97       0.97       0.82       0          130.93     131        131        0          0          0.6842     2.9771     6          20         23         28         33         38         60        
67         61000      61000      163.12     160.27     0.9826     139.42     0.97       0.97       0.82       0          130.90     131        131        0          0          0.6840     2.9500     5          19         23         28         33         38         59        
68         61000      61000      163.13     160.38     0.9832     139.39     0.97       0.97       0.82       0          130.87     131        131        0          0          0.6836     2.9530     5          19         23         28         33         38         59        
69         61000      61000      163.14     160.40     0.9832     139.39     0.97       0.97       0.82       1          130.83     131        131        0          0          0.6832     2.9623     6          19         23         28         33         38         59        
70         61000      61000      163.12     160.37     0.9831     139.30     0.97       0.97       0.82       2          130.79     131        131        0          0          0.6829     2.9539     6          20         23         28         33         38         59        
71         61000      61000      163.12     160.41     0.9834     139.31     0.97       0.97       0.82       0          130.76     131        131        0          0          0.6825     2.9745     6          20         23         28         33         38         59        
72         61000      61000      163.15     160.17     0.9817     139.36     0.97       0.97       0.82       1          130.72     131        131        0          0          0.6821     2.9702     6          20         23         28         33         38         59        
73         61000      61000      163.14     160.37     0.9830     139.18     0.97       0.97       0.82       2          130.67     131        131        0          0          0.6816     2.9588     6          20         23         28         33         39         59        
74         61000      61000      163.15     160.29     0.9825     139.14     0.97       0.97       0.82       0          130.62     131        131        0          0          0.6812     2.9362     6          20         23         28         34         39         59        
75         61000      61000      163.12     160.12     0.9816     139.09     0.97       0.97       0.82       1          130.58     131        131        0          0          0.6807     2.9976     6          20         24         28         34         39         59        
76         61000      61000      163.12     160.18     0.9820     139.07     0.97       0.97       0.82       2          130.52     131        131        0          0          0.6801     2.9729     6          20         24         28         34         39         59        
77         61000      61000      163.12     160.20     0.9821     138.93     0.97       0.96       0.82       1          130.47     131        131        0          0          0.6797     2.9318     6          20         24         28         34         39         59        
78         61000      61000      163.12     160.24     0.9823     138.90     0.97       0.96       0.82       1          130.42     130        130        0          0          0.6792     2.9469     6          20         24         29         34         39         60        
79         61000      61000      163.14     160.22     0.9821     138.88     0.97       0.96       0.82       1          130.36     130        130        0          0          0.6786     3.0006     6          20         24         29         34         39         60        
80         61000      61000      163.14     160.42     0.9834     138.86     0.96       0.97       0.81       0          130.31     130        130        0          0          0.6781     2.9940     6          20         24         29         34         39         60        
81         61000      61000      163.14     160.06     0.9811     138.86     0.97       0.97       0.81       1          130.26     131        131        0          0          0.6776     2.9551     6          20         24         29         34         39         60        
82         61000      61000      163.16     160.14     0.9815     138.82     0.97       0.96       0.81       0          130.20     131        131        0          0          0.6770     2.9503     6          20         24         29         34         39         61        
83         61000      61000      163.14     160.19     0.9820     138.69     0.97       0.96       0.81       0          130.14     131        131        0          0          0.6764     2.9757     6          20         24         29         34         39         61        
84         61000      61000      163.15     160.18     0.9818     138.61     0.96       0.96       0.81       0          130.08     131        131        0          0          0.6758     2.9164     6          20         24         29         34         39         61        
85         61000      61000      163.13     160.07     0.9813     138.54     0.96       0.96       0.81       3          130.02     131        131        0          0          0.6752     2.9776     6          20         24         29         34         39         61        
86         61000      61000      163.13     160.10     0.9814     138.47     0.96       0.96       0.81       1          129.96     131        131        0          0          0.6746     2.9320     6          20         24         29         34         39         62        
87         61000      61000      163.15     160.06     0.9811     138.43     0.96       0.96       0.81       0          129.89     130        130        0          0          0.6739     2.9701     6          20         24         29         34         40         62        
88         61000      61000      163.15     160.01     0.9808     138.31     0.96       0.96       0.81       2          129.83     130        130        0          0          0.6733     2.9575     6          20         24         29         35         40         61        
89         61000      61000      163.13     160.06     0.9812     138.26     0.96       0.96       0.81       1          129.76     130        130        0          0          0.6726     2.9196     6          20         24         29         35         40         61        
90         61000      61000      163.15     160.09     0.9813     138.25     0.96       0.96       0.81       1          129.69     130        130        0          0          0.6720     2.9402     6          20         24         29         35         40         61        
91         61000      61000      163.16     160.15     0.9816     138.11     0.96       0.96       0.81       0          129.63     130        130        0          0          0.6714     2.9115     6          20         24         29         35         40         61        
92         61000      61000      163.14     160.07     0.9812     138.13     0.96       0.96       0.81       1          129.57     130        130        0          0          0.6707     2.9112     6          20         24         29         35         40         60        
93         61000      61000      163.13     160.05     0.9811     138.09     0.96       0.96       0.81       0          129.50     130        130        0          0          0.6701     2.9217     6          20         24         29         35         40         61        
94         61000      61000      163.14     159.95     0.9804     138.04     0.96       0.96       0.81       0          129.44     130        130        0          0          0.6694     2.9233     6          20         24         29         35         40         62        
95         61000      61000      163.14     160.04     0.9810     138.00     0.96       0.96       0.81       0          129.37     130        130        0          0          0.6687     2.9412     6          20         24         30         35         40         62        
96         61000      61000      163.12     160.01     0.9810     137.86     0.96       0.96       0.81       0          129.31     130        130        0          0          0.6682     2.9483     6          20         24         30         35         40         62        
97         61000      61000      163.14     159.91     0.9802     137.90     0.96       0.96       0.81       0          129.24     130        130        0          0          0.6675     2.9500     6          20         24         30         35         41         63        
98         61000      61000      163.13     160.04     0.9811     137.81     0.96       0.96       0.81       0          129.18     130        130        0          0          0.6669     2.9223     6          20         24         30         35         41         62        
99         61000      61000      163.14     160.03     0.9809     137.77     0.96       0.96       0.81       2          129.11     130        130        0          0          0.6662     2.9437     6          21         25         30         35         41         62        
100        61000      61000      163.11     159.74     0.9793     137.69     0.96       0.96       0.81       1          129.04     130        130        0          0          0.6655     2.9164     6          21         25         30         35         41         63        
101        61000      61000      163.14     160.23     0.9822     137.62     0.96       0.96       0.81       1          128.96     130        130        0          0          0.6648     2.9425     6          21         25         30         36         41         63        
102        61000      61000      163.16     159.94     0.9803     137.54     0.95       0.96       0.81       1          128.89     130        130        0          0          0.6641     2.9371     6          21         25         30         36         41         63        
103        61000      61000      163.14     159.87     0.9799     137.49     0.96       0.96       0.81       1          128.82     130        130        0          0          0.6634     2.9654     6          21         25         30         36         41         62        
104        61000      61000      163.16     159.87     0.9799     137.35     0.96       0.96       0.80       0          128.75     130        130        0          0          0.6627     2.9402     6          21         25         30         36         41         63        
105        61000      61000      163.14     159.69     0.9789     137.30     0.96       0.96       0.80       0          128.68     130        130        0          0          0.6620     2.9484     6          21         25         30         36         41         63        
106        61000      61000      163.14     159.70     0.9789     137.24     0.96       0.96       0.80       0          128.60     129        129        0          0          0.6612     2.8956     6          21         25         30         36         41         63        
107        61000      61000      163.13     159.89     0.9801     137.11     0.96       0.95       0.80       1          128.52     129        129        0          0          0.6605     2.9148     6          21         25         30         36         42         63        
108        61000      61000      163.15     159.64     0.9785     137.13     0.95       0.95       0.80       0          128.44     129        129        0          0          0.6596     2.9050     6          21         25         30         36         42         63        
109        61000      61000      163.13     159.69     0.9789     136.97     0.95       0.95       0.80       0          128.37     128        128        0          0          0.6590     2.9234     6          21         25         31         36         42         63        
110        61000      61000      163.16     159.76     0.9792     136.91     0.95       0.95       0.80       0          128.30     128        128        0          0          0.6582     2.8927     6          21         25         31         36         42         63        
111        61000      61000      163.15     159.63     0.9784     136.91     0.95       0.95       0.80       2          128.22     128        128        0          0          0.6575     2.9029     6          21         25         31         36         42         63        
112        61000      61000      163.14     159.66     0.9786     136.80     0.96       0.95       0.80       0          128.14     128        128        0          0          0.6567     2.9032     6          21         25         31         37         42         63        
113        61000      61000      163.15     159.78     0.9793     136.68     0.95       0.95       0.80       2          128.05     128        128        0          0          0.6558     2.9145     6          21         25         31         37         42         65        
114        61000      61000      163.13     159.57     0.9782     136.73     0.95       0.95       0.80       0          127.97     128        128        0          0          0.6550     2.9051     6          21         25         31         37         42         65        
115        61000      61000      163.13     159.57     0.9782     136.59     0.95       0.95       0.80       0          127.89     128        128        0          0          0.6543     2.8965     6          21         25         31         37         42         66        
116        61000      61000      163.14     159.80     0.9796     136.55     0.95       0.95       0.80       1          127.81     128        128        0          0          0.6535     2.8835     6          21         26         31         37         42         67        
117        61000      61000      163.15     159.74     0.9791     136.49     0.95       0.95       0.80       0          127.73     128        128        0          0          0.6528     2.9270     6          21         26         31         37         42         67        
118        61000      61000      163.16     159.64     0.9784     136.45     0.95       0.95       0.80       1          127.67     128        128        0          0          0.6521     2.8874     6          21         26         31         37         43         67        
119        61000      61000      163.16     159.55     0.9779     136.35     0.95       0.95       0.80       1          127.59     128        128        0          0          0.6513     2.8876     6          21         26         31         37         43         67        
120        61000      61000      163.15     159.45     0.9773     136.30     0.95       0.95       0.80       1          127.50     128        128        0          0          0.6505     2.8596     6          21         26         31         37         43         67        
121        61000      61000      163.14     159.40     0.9771     136.22     0.95       0.95       0.80       1          127.42     128        128        0          0          0.6497     2.9024     6          21         26         31         37         43         67        
122        61000      61000      163.15     159.55     0.9779     136.05     0.95       0.95       0.80       1          127.33     128        128        0          0          0.6489     2.8729     6          21         26         31         38         43         67        
123        61000      61000      163.15     159.42     0.9772     135.95     0.95       0.95       0.80       1          127.25     128        128        0          0          0.6481     2.8852     7          21         26         32         38         43         67        
124        61000      61000      163.14     159.35     0.9768     135.88     0.95       0.95       0.80       2          127.17     128        128        0          0          0.6473     2.8970     7          21         26         32         38         43         67        
125        61000      61000      163.14     159.52     0.9778     135.82     0.95       0.95       0.79       0          127.09     128        128        0          0          0.6465     2.8957     7          22         26         32         38         44         67        
126        61000      61000      163.18     159.32     0.9764     135.85     0.95       0.95       0.79       2          127.01     128        128        0          0          0.6457     2.9455     7          22         26         32         38         44         67        
127        61000      61000      163.16     159.45     0.9773     135.73     0.95       0.95       0.79       1          126.92     128        128        0          0          0.6449     2.8583     7          22         26         32         38         44         68        
128        61000      61000      163.16     159.40     0.9769     135.62     0.95       0.95       0.79       0          126.84     128        128        0          0          0.6441     2.9085     7          22         26         32         38         44         67        
129        61000      61000      163.16     159.45     0.9773     135.58     0.95       0.95       0.79       0          126.76     128        128        0          0          0.6433     2.8687     7          22         26         32         38         44         67        
130        61000      61000      163.16     159.38     0.9768     135.54     0.95       0.95       0.79       1          126.67     128        128        0          0          0.6425     2.8636     7          22         26         32         38         44         67        
131        61000      61000      163.15     159.29     0.9763     135.45     0.95       0.95       0.79       0          126.58     128        128        0          0          0.6416     2.9103     7          22         26         32         38         44         67        
132        61000      61000      163.14     159.25     0.9761     135.36     0.95       0.95       0.79       1          126.48     128        128        0          0          0.6407     2.8690     7          22         27         32         39         44         68        
133        61000      61000      163.16     159.00     0.9745     135.30     0.95       0.95       0.79       0          126.40     128        128        0          0          0.6399     2.8666     7          22         27         32         39         44         68        
134        61000      61000      163.14     159.21     0.9759     135.16     0.95       0.94       0.79       1          126.31     128        128        0          0          0.6390     2.8769     7          22         27         32         39         45         68        
135        61000      61000      163.16     158.99     0.9744     135.05     0.94       0.94       0.79       0          126.22     128        128        0          0          0.6382     2.9092     7          22         27         33         39         45         68        
136        61000      61000      163.16     158.95     0.9742     134.96     0.94       0.94       0.79       1          126.12     128        128        0          0          0.6372     2.8511     7          22         27         33         39         45         68        
137        61000      61000      163.15     159.06     0.9750     134.91     0.94       0.94       0.79       0          126.03     128        128        0          0          0.6363     2.8999     7          22         27         33         39         45         68        
138        61000      61000      163.15     158.92     0.9741     134.73     0.94       0.94       0.79       0          125.94     128        128        0          0          0.6355     2.8607     7          22         27         33         39         45         68        
139        61000      61000      163.16     159.05     0.9748     134.57     0.94       0.94       0.79       0          125.84     127        127        0          0          0.6346     2.8797     7          22         27         33         39         45         70        
140        61000      61000      163.15     158.99     0.9745     134.53     0.94       0.94       0.79       0          125.75     127        127        0          0          0.6336     2.8719     7          22         27         33         39         45         70        
141        61000      61000      163.15     158.91     0.9740     134.40     0.94       0.94       0.79       1          125.66     127        127        0          0          0.6328     2.8769     7          22         27         33         39         46         70        
142        61000      61000      163.18     159.04     0.9746     134.39     0.94       0.94       0.79       1          125.56     126        126        0          0          0.6319     2.8408     7          22         27         33         40         46         70        
143        61000      61000      163.16     159.08     0.9750     134.35     0.94       0.94       0.78       0          125.48     126        126        0          0          0.6311     2.8627     7          23         27         33         40         46         71        
144        61000      61000      163.16     158.90     0.9739     134.29     0.94       0.94       0.78       1          125.39     126        126        0          0          0.6302     2.8376     7          23         27         33         40         46         71        
145        61000      61000      163.15     158.95     0.9742     134.21     0.94       0.94       0.78       0          125.31     126        126        0          0          0.6294     2.8634     7          23         27         33         40         46         71        
146        61000      61000      163.18     158.97     0.9742     134.21     0.94       0.94       0.78       1          125.22     126        126        0          0          0.6286     2.8738     7          23         28         34         40         46         71        
147        61000      61000      163.16     158.82     0.9734     134.07     0.94       0.94       0.78       2          125.12     126        126        0          0          0.6277     2.8542     7          23         28         34         40         46         72        
148        61000      61000      163.15     158.70     0.9727     134.02     0.94       0.94       0.78       1          125.04     126        126        0          0          0.6269     2.8571     7          23         28         34         40         46         72        
149        61000      61000      163.17     158.72     0.9727     133.81     0.94       0.94       0.78       0          124.93     126        126        0          0          0.6259     2.8677     7          23         28         34         40         47         73        
150        61000      61000      163.16     158.60     0.9720     133.68     0.93       0.94       0.78       1          124.84     126        126        0          0          0.6250     2.8435     7          23         28         34         40         47         73        
151        61000      61000      163.19     158.79     0.9730     133.61     0.94       0.94       0.78       0          124.74     126        126        0          0          0.6240     2.8629     7          23         28         34         41         47         73        
152        61000      61000      163.17     158.77     0.9730     133.53     0.94       0.94       0.78       0          124.65     126        126        0          0          0.6231     2.8658     7          23         28         34         41         47         73        
153        61000      61000      163.16     158.55     0.9717     133.46     0.94       0.93       0.78       1          124.55     126        126        0          0          0.6222     2.8652     7          23         28         34         41         47         73        
154        61000      61000      163.15     158.47     0.9713     133.40     0.94       0.93       0.78       0          124.44     126        126        0          0          0.6212     2.8435     7          23         28         34         41         47         73        
155        61000      61000      163.17     158.56     0.9717     133.30     0.94       0.93       0.78       1          124.35     126        126        0          0          0.6203     2.8255     7          23         28         34         41         48         73        
156        61000      61000      163.19     158.65     0.9722     133.18     0.94       0.93       0.78       1          124.25     126        126        0          0          0.6194     2.8627     7          23         28         34         41         48         73        
157        61000      61000      163.18     158.53     0.9715     133.13     0.93       0.93       0.78       0          124.16     126        126        0          0          0.6185     2.8877     7          23         28         35         41         48         73        
158        61000      61000      163.17     158.53     0.9716     133.07     0.93       0.93       0.78       0          124.06     126        126        0          0          0.6176     2.8625     7          23         28         35         41         48         74        
159        61000      61000      163.17     158.45     0.9710     132.92     0.93       0.93       0.78       1          123.96     126        126        0          0          0.6166     2.8604     7          23         29         35         42         48         75        
160        61000      61000      163.16     158.38     0.9707     132.88     0.94       0.93       0.77       0          123.86     126        126        0          0          0.6156     2.8360     7          24         29         35         42         48         75        
161        61000      61000      163.16     158.28     0.9700     132.81     0.93       0.93       0.77       0          123.76     126        126        0          0          0.6148     2.8775     7          24         29         35         42         48         75        
162        61000      61000      163.17     158.45     0.9711     132.64     0.93       0.93       0.77       1          123.65     126        126        0          0          0.6137     2.8662     7          24         29         35         42         49         75        
163        61000      61000      163.17     158.22     0.9696     132.51     0.93       0.93       0.77       2          123.55     126        126        0          0          0.6128     2.8299     7          24         29         35         42         49         75        
164        61000      61000      163.16     158.40     0.9708     132.46     0.93       0.93       0.77       1          123.46     126        126        0          0          0.6119     2.8438     7          24         29         35         42         49         75        
165        61000      61000      163.14     158.40     0.9710     132.42     0.93       0.93       0.77       0          123.36     126        126        0          0          0.6110     2.8465     7          24         29         35         42         49         75        
166        61000      61000      163.18     158.24     0.9698     132.33     0.93       0.93       0.77       0          123.27     126        126        0          0          0.6101     2.8617     7          24         29         36         42         49         75        
167        61000      61000      163.17     158.26     0.9699     132.27     0.93       0.93       0.77       0          123.17     126        126        0          0          0.6092     2.8210     7          24         29         36         42         49         75        
168        61000      61000      163.17     158.01     0.9684     132.27     0.93       0.93       0.77       0          123.07     126        126        0          0          0.6082     2.8193     7          24         29         36         43         49         75        
169        61000      61000      163.17     158.14     0.9691     132.05     0.93       0.93       0.77       1          122.96     126        126        0          0          0.6072     2.8403     7          24         29         36         43         49         75        
170        61000      61000      163.18     158.39     0.9706     132.06     0.93       0.93       0.77       1          122.86     126        126        0          0          0.6063     2.8341     7          24         29         36         43         50         76        
171        61000      61000      163.19     157.84     0.9673     131.94     0.93       0.93       0.77       0          122.76     126        126        0          0          0.6053     2.8301     7          24         29         36         43         50         76        
172        61000      61000      163.18     157.96     0.9680     131.74     0.93       0.93       0.77       2          122.65     126        126        0          0          0.6043     2.8143     7          24         30         36         43         50         77        
173        61000      61000      163.18     157.95     0.9680     131.69     0.92       0.93       0.77       0          122.54     126        126        0          0          0.6033     2.8104     7          24         30         36         43         50         78        
174        61000      61000      163.18     158.02     0.9684     131.52     0.93       0.93       0.77       0          122.44     126        126        0          0          0.6024     2.8183     7          24         30         36         43         50         78        
175        61000      61000      163.16     158.09     0.9689     131.56     0.93       0.92       0.77       1          122.34     126        126        0          0          0.6014     2.8450     7          24         30         36         43         50         78        
176        61000      61000      163.18     157.91     0.9677     131.45     0.93       0.93       0.76       0          122.23     125        125        0          0          0.6005     2.8306     7          25         30         37         43         50         78        
177        61000      61000      163.15     157.89     0.9678     131.29     0.93       0.92       0.76       0          122.13     125        125        0          0          0.5995     2.8036     7          25         30         37         44         51         78        
178        61000      61000      163.18     157.94     0.9679     131.20     0.93       0.92       0.76       1          122.02     125        125        0          0          0.5985     2.8518     7          25         30         37         44         51         79        
179        61000      61000      163.16     157.82     0.9672     131.16     0.93       0.92       0.76       0          121.92     125        125        0          0          0.5975     2.8206     7          25         30         37         44         51         79        
180        61000      61000      163.16     158.03     0.9686     131.09     0.93       0.92       0.76       0          121.81     125        125        0          0          0.5965     2.8097     7          25         30         37         44         51         80        
181        61000      61000      163.18     158.05     0.9685     130.99     0.93       0.92       0.76       1          121.70     125        125        0          0          0.5955     2.8060     7          25         30         37         44         51         81        
182        61000      61000      163.19     157.72     0.9665     130.95     0.92       0.92       0.76       1          121.60     125        125        0          0          0.5945     2.8328     7          25         30         37         44         51         81        
183        61000      61000      163.18     157.80     0.9671     130.92     0.92       0.92       0.76       1          121.49     125        125        0          0          0.5935     2.8156     7          25         30         37         44         52         82        
184        61000      61000      163.16     157.68     0.9664     130.71     0.92       0.92       0.76       2          121.37     124        124        0          0          0.5925     2.8184     7          25         31         37         45         52         82        
185        61000      61000      163.16     157.51     0.9654     130.61     0.92       0.92       0.76       0          121.26     124        124        0          0          0.5914     2.8293     7          25         31         37         45         52         82        
186        61000      61000      163.17     157.82     0.9672     130.50     0.92       0.92       0.76       1          121.16     124        124        0          0          0.5904     2.8257     7          25         31         38         45         52         82        
187        61000      61000      163.18     157.49     0.9652     130.43     0.92       0.92       0.76       2          121.04     124        124        0          0          0.5894     2.8163     7          25         31         38         45         52         82        
188        61000      61000      163.19     157.44     0.9648     130.23     0.92       0.92       0.76       1          120.93     124        124        0          0          0.5883     2.8132     7          25         31         38         45         52         83        
189        61000      61000      163.18     157.46     0.9649     130.12     0.92       0.92       0.76       0          120.82     124        124        0          0          0.5873     2.8036     7          25         31         38         45         52         83        
190        61000      61000      163.17     157.34     0.9643     130.05     0.92       0.92       0.76       0          120.72     124        124        0          0          0.5864     2.8077     7          25         31         38         45         53         83        
191        61000      61000      163.18     157.39     0.9645     129.91     0.92       0.92       0.75       0          120.61     124        124        0          0          0.5854     2.7989     7          26         31         38         45         53         83        
192        61000      61000      163.20     157.61     0.9658     129.87     0.92       0.92       0.75       0          120.50     124        124        0          0          0.5844     2.8080     7          26         31         38         46         53         83        
193        61000      61000      163.21     157.44     0.9647     129.87     0.92       0.92       0.75       0          120.38     123        123        0          0          0.5833     2.7919     8          26         31         38         46         53         84        
194        61000      61000      163.17     157.64     0.9661     129.76     0.92       0.92       0.75       0          120.28     123        123        0          0          0.5824     2.8220     8          26         31         38         46         53         85        
195        61000      61000      163.20     157.12     0.9627     129.70     0.92       0.92       0.75       0          120.16     123        123        0          0          0.5813     2.8089     8          26         31         38         46         53         85        
196        61000      61000      163.18     157.29     0.9639     129.40     0.92       0.92       0.75       0          120.05     123        123        0          0          0.5803     2.8013     8          26         32         39         46         53         86        
197        61000      61000      163.15     157.36     0.9645     129.42     0.92       0.92       0.75       1          119.95     123        123        0          0          0.5793     2.7827     8          26         32         39         46         54         86        
198        61000      61000      163.19     157.29     0.9639     129.33     0.92       0.92       0.75       0          119.84     123        123        0          0          0.5783     2.7951     8          26         32         39         46         54         86        
199        61000      61000      163.20     157.30     0.9638     129.27     0.92       0.91       0.75       0          119.73     123        123        0          0          0.5773     2.7950     8          26         32         39         47         54         86        
200        61000      61000      163.19     156.80     0.9608     129.14     0.92       0.91       0.75       1          119.61     123        123        0          0          0.5763     2.8078     8          26         32         39         47         54         86        
201        61000      61000      163.19     157.21     0.9633     129.00     0.91       0.91       0.75       1          119.49     123        123        0          0          0.5752     2.7984     8          26         32         39         47         54         86        
202        61000      61000      163.20     157.13     0.9628     128.78     0.91       0.91       0.75       0          119.39     121        121        0          0          0.5742     2.7923     8          26         32         39         47         54         86        
203        61000      61000      163.19     156.98     0.9619     128.79     0.92       0.91       0.75       0          119.27     121        121        0          0          0.5731     2.7706     8          26         32         39         47         54         87        
204        61000      61000      163.19     156.99     0.9620     128.76     0.91       0.91       0.75       0          119.16     121        121        0          0          0.5721     2.8095     8          26         32         39         47         55         86        
205        61000      61000      163.20     156.95     0.9617     128.59     0.91       0.91       0.74       0          119.04     121        121        0          0          0.5710     2.7873     8          26         32         40         47         55         87        
206        61000      61000      163.19     156.77     0.9607     128.39     0.91       0.91       0.74       0          118.92     121        121        0          0          0.5699     2.7943     8          27         32         40         47         55         87        
207        61000      61000      163.20     156.85     0.9611     128.40     0.91       0.91       0.74       0          118.80     121        121        0          0          0.5689     2.7981     8          27         33         40         48         55         86        
208        61000      61000      163.22     156.92     0.9614     128.31     0.91       0.91       0.74       0          118.69     121        121        0          0          0.5678     2.8224     8          27         33         40         48         55         86        
209        61000      61000      163.19     156.69     0.9602     128.22     0.91       0.91       0.74       0          118.58     121        121        0          0          0.5668     2.7894     8          27         33         40         48         55         86        
210        61000      61000      163.19     156.75     0.9605     128.13     0.91       0.91       0.74       0          118.46     121        121        0          0          0.5657     2.7957     8          27         33         40         48         56         85        
211        61000      61000      163.22     156.60     0.9595     127.97     0.91       0.91       0.74       0          118.35     120        120        0          0          0.5648     2.7871     8          27         33         40         48         56         86        
212        61000      61000      163.20     156.42     0.9585     127.86     0.91       0.91       0.74       0          118.23     120        120        0          0          0.5636     2.7924     8          27         33         40         48         56         87        
213        61000      61000      163.20     156.68     0.9600     127.74     0.91       0.91       0.74       0          118.10     120        120        0          0          0.5625     2.7748     8          27         33         40         49         56         88        
214        61000      61000      163.21     156.24     0.9573     127.63     0.91       0.91       0.74       0          117.99     120        120        0          0          0.5615     2.7960     8          27         33         41         49         56         87        
215        61000      61000      163.20     156.75     0.9605     127.46     0.90       0.90       0.74       0          117.86     119        119        0          0          0.5604     2.7733     8          27         33         41         49         57         87        
216        61000      61000      163.19     156.21     0.9572     127.39     0.91       0.90       0.74       0          117.74     119        119        0          0          0.5592     2.7938     8          27         33         41         49         57         88        
217        61000      61000      163.19     156.32     0.9579     127.18     0.91       0.90       0.74       0          117.62     119        119        0          0          0.5581     2.7675     8          27         33         41         49         57         88        
218        61000      61000      163.21     156.39     0.9582     127.13     0.90       0.90       0.74       0          117.49     119        119        0          0          0.5570     2.7848     8          27         33         41         49         57         88        
219        61000      61000      163.18     156.20     0.9573     127.03     0.91       0.90       0.73       0          117.37     119        119        0          0          0.5559     2.7712     8          27         34         41         49         57         89        
220        61000      61000      163.22     156.42     0.9583     126.93     0.91       0.90       0.73       0          117.25     119        119        0          0          0.5548     2.7761     8          28         34         41         49         57         89        
221        61000      61000      163.20     156.32     0.9578     126.87     0.91       0.90       0.73       0          117.12     118        118        0          0          0.5536     2.7810     8          28         34         41         50         58         89        
222        61000      61000      163.19     156.10     0.9565     126.69     0.90       0.90       0.73       0          117.00     118        118        0          0          0.5526     2.7716     8          28         34         41         50         58         89        
223        61000      61000      163.22     156.28     0.9575     126.62     0.90       0.90       0.73       0          116.88     118        118        0          0          0.5515     2.7639     8          28         34         42         50         58         89        
224        61000      61000      163.17     156.05     0.9563     126.55     0.90       0.90       0.73       0          116.75     118        118        0          0          0.5503     2.7751     8          28         34         42         50         58         90        
225        61000      61000      163.22     155.89     0.9551     126.43     0.90       0.90       0.73       0          116.63     116        116        0          0          0.5493     2.7569     8          28         34         42         50         58         91        
226        61000      61000      163.22     156.24     0.9572     126.26     0.90       0.90       0.73       0          116.51     116        116        0          0          0.5482     2.7599     9          28         34         42         50         58         91        
227        61000      61000      163.21     155.91     0.9553     126.15     0.90       0.90       0.73       1          116.39     116        116        0          0          0.5472     2.7602     9          28         34         42         51         59         91        
228        61000      61000      163.20     155.81     0.9548     125.99     0.90       0.90       0.73       0          116.27     116        116        0          0          0.5461     2.7637     9          28         34         42         51         59         92        
229        61000      61000      163.21     155.80     0.9546     125.89     0.90       0.90       0.73       0          116.14     116        116        0          0          0.5449     2.7451     9          28         34         42         51         59         92        
230        61000      61000      163.20     155.66     0.9538     125.72     0.90       0.90       0.73       1          116.01     114        114        0          0          0.5438     2.7648     9          28         35         42         51         59         93        
231        61000      61000      163.24     156.13     0.9565     125.64     0.90       0.90       0.72       0          115.88     114        114        0          0          0.5426     2.7472     9          28         35         43         51         59         94        
232        61000      61000      163.23     155.38     0.9519     125.64     0.90       0.90       0.72       0          115.76     114        114        0          0          0.5415     2.7363     9          28         35         43         51         60         94        
233        61000      61000      163.20     155.55     0.9531     125.38     0.89       0.89       0.72       0          115.63     114        114        0          0          0.5404     2.7675     9          28         35         43         51         60         94        
234        61000      61000      163.23     155.73     0.9540     125.28     0.89       0.89       0.72       0          115.50     112        112        0          0          0.5392     2.7579     9          29         35         43         52         60         94        
235        61000      61000      163.21     155.36     0.9519     125.20     0.89       0.89       0.72       0          115.36     112        112        0          0          0.5379     2.7664     9          29         35         43         52         60         94        
236        61000      61000      163.22     155.74     0.9542     125.05     0.90       0.89       0.72       0          115.23     112        112        0          0          0.5368     2.7595     9          29         35         43         52         60         93        
237        61000      61000      163.21     155.31     0.9516     124.90     0.89       0.89       0.72       0          115.10     112        112        0          0          0.5357     2.7479     9          29         35         43         52         60         94        
238        61000      61000      163.22     155.05     0.9500     124.82     0.89       0.89       0.72       0          114.96     112        112        0          0          0.5345     2.7408     9          29         35         44         52         61         94        
239        61000      61000      163.24     155.67     0.9536     124.68     0.89       0.89       0.72       0          114.83     112        112        0          0          0.5333     2.7479     9          29         35         44         52         61         94        
240        61000      61000      163.22     155.31     0.9515     124.58     0.89       0.89       0.72       0          114.70     112        112        0          0          0.5322     2.7453     9          29         36         44         53         61         94        
241        61000      61000      163.24     154.99     0.9494     124.43     0.89       0.89       0.72       0          114.56     112        112        0          0          0.5309     2.7425     9          29         36         44         53         61         95        
242        61000      61000      163.21     155.41     0.9522     124.30     0.89       0.89       0.72       0          114.43     112        112        0          0          0.5298     2.7173     9          29         36         44         53         61         95        
243        61000      61000      163.23     155.19     0.9507     124.19     0.89       0.89       0.72       0          114.30     112        112        0          0          0.5287     2.7442     9          29         36         44         53         61         95        
244        61000      61000      163.24     154.95     0.9493     124.05     0.89       0.89       0.71       0          114.18     112        112        0          0          0.5275     2.7511     9          29         36         44         53         61         95        
245        61000      61000      163.23     154.95     0.9492     123.83     0.89       0.88       0.71       0          114.05     112        112        0          0          0.5264     2.7328     9          29         36         44         53         62         96        
246        61000      61000      163.24     155.02     0.9496     123.72     0.88       0.88       0.71       0          113.91     112        112        0          0          0.5252     2.7488     9          29         36         44         54         62         97        
247        61000      61000      163.22     154.68     0.9477     123.58     0.89       0.88       0.71       0          113.78     112        112        0          0          0.5241     2.7349     9          30         36         45         54         62         97        
248        61000      61000      163.22     154.43     0.9461     123.41     0.88       0.88       0.71       0          113.63     112        112        0          0          0.5228     2.7274     9          30         36         45         54         62         98        
249        61000      61000      163.22     154.45     0.9463     123.23     0.88       0.88       0.71       0          113.50     112        112        0          0          0.5216     2.7402     9          30         36         45         54         63         99        
250        61000      61000      163.22     154.37     0.9458     123.06     0.88       0.88       0.71       0          113.37     112        112        0          0          0.5205     2.7438     9          30         36         45         54         63         99        
251        61000      61000      163.26     154.49     0.9463     122.91     0.88       0.88       0.71       0          113.23     112        112        0          0          0.5192     2.7249     9          30         37         45         54         63         100       
252        61000      61000      163.24     154.24     0.9449     122.81     0.88       0.88       0.71       0          113.07     112        112        0          0          0.5179     2.7215     9          30         37         45         55         63         100       
253        61000      61000      163.23     154.17     0.9445     122.68     0.88       0.88       0.71       0          112.93     112        112        0          0          0.5167     2.7486     9          30         37         45         55         63         100       
254        61000      61000      163.23     154.42     0.9460     122.55     0.88       0.87       0.71       0          112.79     112        112        0          0          0.5155     2.7252     9          30         37         46         55         64         100       
255        61000      61000      163.23     154.35     0.9456     122.40     0.87       0.87       0.71       0          112.65     112        112        0          0          0.5143     2.7258     9          30         37         46         55         64         100       
256        61000      61000      163.23     154.01     0.9435     122.32     0.87       0.87       0.70       0          112.51     112        112        0          0          0.5130     2.7034     9          30         37         46         55         64         100       
257        61000      61000      163.24     153.86     0.9425     122.14     0.87       0.87       0.70       0          112.36     112        112        0          0          0.5118     2.7199     9          30         37         46         55         64         101       
258        61000      61000      163.25     153.93     0.9429     121.99     0.87       0.87       0.70       0          112.22     112        112        0          0          0.5106     2.7187     9          31         37         46         56         64         101       
259        61000      61000      163.23     154.06     0.9438     121.86     0.87       0.87       0.70       0          112.07     112        112        0          0          0.5093     2.7003     9          31         38         46         56         65         101       
260        61000      61000      163.23     154.03     0.9436     121.62     0.87       0.87       0.70       0          111.93     112        112        0          0          0.5080     2.7139     9          31         38         47         56         65         102       
261        61000      61000      163.22     153.92     0.9430     121.59     0.87       0.87       0.70       0          111.79     112        112        0          0          0.5068     2.7216     9          31         38         47         56         65         103       
262        61000      61000      163.25     153.49     0.9402     121.57     0.87       0.87       0.70       0          111.64     112        112        0          0          0.5055     2.7202     9          31         38         47         56         65         104       
263        61000      61000      163.24     153.90     0.9428     121.25     0.87       0.87       0.70       0          111.48     112        112        0          0          0.5042     2.7195     9          31         38         47         56         65         105       
264        61000      61000      163.24     153.81     0.9422     121.14     0.87       0.87       0.70       0          111.33     112        112        0          0          0.5029     2.7306     9          31         38         47         57         66         105       
265        61000      61000      163.23     153.64     0.9413     120.99     0.87       0.87       0.70       0          111.18     112        112        0          0          0.5016     2.7237     9          31         38         47         57         66         104       
266        61000      61000      163.24     153.34     0.9394     120.91     0.87       0.87       0.70       0          111.03     112        112        0          0          0.5003     2.7226     9          31         38         47         57         66         105       
267        61000      61000      163.25     153.54     0.9405     120.79     0.87       0.86       0.69       0          110.89     112        112        0          0          0.4991     2.7187     9          31         38         47         57         66         105       
268        61000      61000      163.26     153.46     0.9400     120.52     0.87       0.86       0.69       0          110.74     112        112        0          0          0.4978     2.6932     9          31         39         48         57         67         105       
269        61000      61000      163.25     153.22     0.9386     120.45     0.87       0.86       0.69       0          110.59     112        112        0          0          0.4966     2.7102     9          32         39         48         57         67         105       
270        61000      61000      163.24     153.24     0.9388     120.28     0.86       0.86       0.69       0          110.44     112        112        0          0          0.4952     2.7047     9          32         39         48         58         67         106       
271        61000      61000      163.24     152.77     0.9359     120.14     0.86       0.86       0.69       0          110.28     111        111        0          0          0.4940     2.7013     9          32         39         48         58         67         107       
272        61000      61000      163.24     153.24     0.9387     119.94     0.86       0.86       0.69       0          110.13     111        111        0          0          0.4927     2.6913     9          32         39         48         58         67         110       
273        61000      61000      163.24     153.06     0.9376     119.81     0.86       0.86       0.69       0          109.99     111        111        0          0          0.4914     2.7099     9          32         39         48         58         68         111       
274        61000      61000      163.23     153.05     0.9376     119.65     0.86       0.86       0.69       0          109.84     110        110        0          0          0.4902     2.6965     9          32         39         48         58         68         112       
275        61000      61000      163.25     152.61     0.9348     119.52     0.86       0.86       0.69       0          109.68     110        110        0          0          0.4889     2.7302     9          32         39         49         58         68         113       
276        61000      61000      163.24     152.56     0.9345     119.32     0.86       0.85       0.69       0          109.53     109        109        0          0          0.4876     2.6864     10         32         39         49         59         68         114       
277        61000      61000      163.26     152.66     0.9350     119.13     0.86       0.85       0.68       0          109.37     109        109        0          0          0.4862     2.6900     10         32         40         49         59         68         114       
278        61000      61000      163.26     152.88     0.9364     118.97     0.86       0.85       0.68       0          109.21     109        109        0          0          0.4849     2.7040     10         32         40         49         59         69         115       
279        61000      61000      163.26     152.59     0.9346     118.84     0.86       0.85       0.68       0          109.06     109        109        0          0          0.4836     2.6976     10         32         40         49         59         69         116       
280        61000      61000      163.26     152.32     0.9330     118.78     0.85       0.85       0.68       0          108.91     109        109        0          0          0.4824     2.6878     10         33         40         49         59         69         117       
281        61000      61000      163.27     153.02     0.9372     118.71     0.86       0.85       0.68       0          108.76     109        109        0          0          0.4811     2.6740     10         33         40         49         60         69         118       
282        61000      61000      163.25     152.12     0.9318     118.63     0.86       0.85       0.68       0          108.61     109        109        0          0          0.4798     2.6996     10         33         40         50         60         69         118       
283        61000      61000      163.25     152.41     0.9336     118.35     0.86       0.85       0.68       0          108.45     109        109        0          0          0.4785     2.6796     10         33         40         50         60         70         117       
284        61000      61000      163.27     152.15     0.9319     118.23     0.85       0.85       0.68       0          108.29     109        109        0          0          0.4771     2.6849     10         33         40         50         60         70         118       
285        61000      61000      163.27     152.04     0.9312     117.97     0.85       0.85       0.68       0          108.13     109        109        0          0          0.4758     2.7081     10         33         41         50         60         70         118       
286        61000      61000      163.29     152.05     0.9312     117.75     0.85       0.85       0.68       0          107.96     109        109        0          0          0.4743     2.6922     10         33         41         50         61         70         119       
287        61000      61000      163.25     152.08     0.9315     117.62     0.85       0.84       0.67       0          107.79     108        108        0          0          0.4730     2.6558     10         33         41         51         61         70         120       
288        61000      61000      163.25     151.71     0.9293     117.49     0.85       0.84       0.67       0          107.63     108        108        0          0          0.4716     2.6803     10         33         41         51         61         71         121       
289        61000      61000      163.26     151.77     0.9296     117.34     0.85       0.84       0.67       0          107.47     108        108        0          0          0.4703     2.6770     10         33         41         51         61         71         121       
290        61000      61000      163.28     151.63     0.9286     117.17     0.84       0.84       0.67       0          107.29     107        107        0          0          0.4688     2.6618     10         33         41         51         61         71         121       
291        61000      61000      163.26     151.41     0.9274     116.92     0.85       0.84       0.67       0          107.13     105        105        0          0          0.4674     2.6730     10         34         41         51         62         71         120       
292        61000      61000      163.27     151.29     0.9266     116.76     0.84       0.84       0.67       0          106.97     105        105        0          0          0.4661     2.6752     10         34         42         51         62         71         120       
293        61000      61000      163.27     151.77     0.9296     116.67     0.85       0.84       0.67       0          106.81     105        105        0          0          0.4648     2.6819     10         34         42         52         62         72         120       
294        61000      61000      163.27     151.36     0.9270     116.42     0.84       0.84       0.67       0          106.65     105        105        0          0          0.4635     2.6496     10         34         42         52         62         72         121       
295        61000      61000      163.27     151.42     0.9274     116.21     0.84       0.83       0.67       1          106.49     105        105        0          0          0.4621     2.6486     10         34         42         52         62         72         126       
296        61000      61000      163.29     151.19     0.9259     116.19     0.84       0.84       0.67       0          106.32     105        105        0          0          0.4608     2.6785     10         34         42         52         63         72         126       
297        61000      61000      163.30     151.00     0.9247     116.04     0.84       0.83       0.66       0          106.16     105        105        0          0          0.4594     2.6826     10         34         42         52         63         73         128       
298        61000      61000      163.31     151.26     0.9262     115.83     0.83       0.83       0.66       0          105.99     104        104        0          0          0.4580     2.6714     10         34         42         52         63         73         129       
299        61000      61000      163.28     150.97     0.9246     115.67     0.84       0.83       0.66       0          105.82     104        104        0          0          0.4566     2.6562     10         34         43         52         63         73         130       
300        61000      61000      163.28     150.36     0.9209     115.50     0.83       0.83       0.66       0          105.64     104        104        0          0          0.4552     2.6477     10         35         43         53         63         73         131       
301        61000      61000      163.28     150.45     0.9214     115.23     0.83       0.83       0.66       0          105.48     104        104        0          0          0.4539     2.6643     10         35         43         53         64         73         131       
302        61000      61000      163.27     150.35     0.9209     115.05     0.83       0.83       0.66       0          105.31     104        104        0          0          0.4525     2.6881     10         35         43         53         64         74         131       
303        61000      61000      163.28     150.43     0.9213     114.75     0.83       0.82       0.66       0          105.14     104        104        0          0          0.4511     2.6415     10         35         43         53         64         74         132       
304        61000      61000      163.27     150.92     0.9244     114.69     0.83       0.82       0.66       0          104.97     104        104        0          0          0.4497     2.6650     10         35         43         53         64         74         133       
305        61000      61000      163.29     150.05     0.9189     114.53     0.83       0.82       0.66       0          104.80     104        104        0          0          0.4483     2.6661     10         35         43         54         64         74         133       
306        61000      61000      163.29     149.79     0.9174     114.32     0.83       0.82       0.66       0          104.63     104        104        0          0          0.4469     2.6664     10         35         43         54         65         75         133       
307        61000      61000      163.28     150.00     0.9186     114.14     0.83       0.82       0.65       0          104.46     104        104        0          0          0.4455     2.6551     10         35         43         54         65         75         133       
308        61000      61000      163.29     150.02     0.9187     113.94     0.82       0.82       0.65       0          104.28     104        104        0          0          0.4441     2.6570     10         35         44         54         65         75         133       
309        61000      61000      163.30     150.16     0.9196     113.78     0.82       0.82       0.65       0          104.10     103        103        0          0          0.4426     2.6381     10         36         44         54         65         75         133       
310        61000      61000      163.28     149.54     0.9158     113.61     0.82       0.82       0.65       0          103.93     101        101        0          0          0.4412     2.6409     10         36         44         54         65         76         132       
311        61000      61000      163.30     149.79     0.9173     113.49     0.82       0.82       0.65       0          103.76     98         98         0          0          0.4398     2.6274     10         36         44         55         66         76         132       
312        61000      61000      163.27     149.47     0.9154     113.26     0.82       0.82       0.65       0          103.58     98         98         0          0          0.4384     2.6344     10         36         44         55         66         76         132       
313        61000      61000      163.28     149.61     0.9163     113.14     0.82       0.81       0.65       0          103.41     98         98         0          0          0.4370     2.6268     10         36         44         55         66         76         132       
314        61000      61000      163.29     149.04     0.9127     112.83     0.81       0.81       0.65       0          103.24     98         98         0          0          0.4356     2.6421     10         36         45         55         66         76         132       
315        61000      61000      163.30     149.03     0.9126     112.67     0.81       0.81       0.65       0          103.07     98         98         0          0          0.4343     2.6196     10         36         45         55         66         77         134       
316        61000      61000      163.30     148.69     0.9106     112.39     0.81       0.81       0.64       0          102.89     98         98         0          0          0.4328     2.6470     10         36         45         55         67         77         134       
317        61000      61000      163.33     149.38     0.9146     112.26     0.81       0.81       0.64       0          102.72     97         97         0          0          0.4314     2.6315     10         37         45         56         67         77         136       
318        61000      61000      163.30     148.55     0.9097     112.09     0.81       0.81       0.64       0          102.54     96         96         0          0          0.4300     2.6480     10         37         45         56         67         77         138       
319        61000      61000      163.31     148.50     0.9093     111.76     0.81       0.80       0.64       0          102.35     94         94         0          0          0.4285     2.6030     10         37         45         56         67         78         137       
320        61000      61000      163.31     148.50     0.9093     111.75     0.81       0.80       0.64       0          102.17     94         94         0          0          0.4270     2.6346     10         37         46         56         67         78         136       
321        61000      61000      163.31     148.20     0.9075     111.45     0.81       0.80       0.64       0          101.98     94         94         0          0          0.4256     2.6063     10         37         46         56         68         78         137       
322        61000      61000      163.32     148.22     0.9076     111.20     0.80       0.80       0.64       0          101.80     94         94         0          0          0.4241     2.6576     10         37         46         56         68         78         137       
323        61000      61000      163.31     148.21     0.9075     111.00     0.80       0.80       0.64       0          101.61     94         94         0          0          0.4226     2.6119     10         37         46         57         68         78         138       
324        61000      61000      163.31     147.79     0.9050     110.80     0.80       0.80       0.64       0          101.42     94         94         0          0          0.4211     2.6084     10         38         46         57         68         79         138       
325        61000      61000      163.32     148.20     0.9074     110.49     0.79       0.79       0.63       0          101.24     94         94         0          0          0.4196     2.6158     10         38         46         57         68         79         138       
326        61000      61000      163.29     147.76     0.9049     110.29     0.80       0.79       0.63       0          101.06     94         94         0          0          0.4182     2.6409     10         38         46         57         69         79         138       
327        61000      61000      163.32     147.78     0.9049     110.15     0.79       0.79       0.63       0          100.87     93         93         0          0          0.4168     2.6005     10         38         47         57         69         79         138       
328        61000      61000      163.34     147.55     0.9034     110.06     0.79       0.79       0.63       0          100.68     93         93         0          0          0.4153     2.6117     10         38         47         57         69         80         137       
329        61000      61000      163.31     147.41     0.9026     109.85     0.80       0.79       0.63       0          100.49     93         93         0          0          0.4138     2.5852     10         38         47         58         69         80         137       
330        61000      61000      163.32     147.60     0.9037     109.72     0.79       0.79       0.63       0          100.31     93         93         0          0          0.4123     2.5908     10         38         47         58         69         80         137       
331        61000      61000      163.33     147.08     0.9005     109.43     0.79       0.79       0.63       0          100.11     93         93         0          0          0.4108     2.5956     10         38         47         58         70         80         137       
332        61000      61000      163.32     147.46     0.9029     109.34     0.79       0.79       0.63       0          99.95      93         93         0          0          0.4095     2.6021     10         38         47         58         70         81         137       
333        61000      61000      163.30     146.93     0.8997     109.10     0.79       0.78       0.62       0          99.75      93         93         0          0          0.4079     2.5926     10         38         48         58         70         81         139       
334        61000      61000      163.31     146.74     0.8986     108.83     0.79       0.78       0.62       0          99.55      93         93         0          0          0.4064     2.5896     10         39         48         59         70         81         139       
335        61000      61000      163.33     146.94     0.8996     108.58     0.78       0.78       0.62       1          99.37      93         93         0          0          0.4050     2.6039     10         39         48         59         71         81         139       
336        61000      61000      163.33     146.25     0.8954     108.31     0.78       0.78       0.62       0          99.18      93         93         0          0          0.4035     2.5639     10         39         48         59         71         82         138       
337        61000      61000      163.33     146.46     0.8967     108.11     0.78       0.78       0.62       0          98.98      93         93         0          0          0.4020     2.5963     10         39         48         59         71         82         137       
338        61000      61000      163.34     146.65     0.8978     107.92     0.78       0.78       0.62       0          98.79      93         93         0          0          0.4006     2.5773     10         39         48         59         71         82         138       
339        61000      61000      163.33     146.23     0.8953     107.76     0.78       0.77       0.62       0          98.61      93         93         0          0          0.3991     2.5793     10         39         48         60         72         82         138       
340        61000      61000      163.31     146.12     0.8947     107.57     0.78       0.77       0.62       0          98.42      93         93         0          0          0.3977     2.5668     10         39         49         60         72         83         137       
341        61000      61000      163.34     145.91     0.8932     107.36     0.77       0.77       0.62       0          98.22      93         93         0          0          0.3962     2.5771     10         40         49         60         72         83         138       
342        61000      61000      163.32     145.64     0.8918     107.17     0.77       0.77       0.61       0          98.02      93         93         0          0          0.3946     2.5643     10         40         49         60         72         83         139       
343        61000      61000      163.33     145.12     0.8885     106.89     0.77       0.77       0.61       0          97.82      93         93         0          0          0.3930     2.5665     11         40         49         60         73         83         138       
344        61000      61000      163.34     145.47     0.8906     106.62     0.77       0.77       0.61       0          97.62      93         93         0          0          0.3915     2.5766     11         40         49         61         73         84         139       
345        61000      61000      163.31     145.35     0.8901     106.32     0.77       0.76       0.61       0          97.43      93         93         0          0          0.3900     2.5960     11         40         49         61         73         84         140       
346        61000      61000      163.33     144.70     0.8859     106.08     0.77       0.76       0.61       0          97.23      93         93         0          0          0.3885     2.5831     11         40         49         61         73         84         140       
347        61000      61000      163.34     144.76     0.8863     105.92     0.77       0.76       0.61       0          97.03      93         93         0          0          0.3870     2.5903     11         41         50         61         73         85         139       
348        61000      61000      163.35     144.23     0.8830     105.67     0.76       0.76       0.61       0          96.82      93         93         0          0          0.3854     2.5736     11         41         50         61         74         85         139       
349        61000      61000      163.34     144.44     0.8843     105.31     0.76       0.75       0.61       0          96.63      93         93         0          0          0.3840     2.5791     11         41         50         62         74         85         139       
350        61000      61000      163.35     144.12     0.8823     105.14     0.76       0.75       0.60       0          96.43      93         93         0          0          0.3825     2.5595     11         41         50         62         74         85         140       
351        61000      61000      163.35     144.49     0.8845     104.94     0.76       0.75       0.60       0          96.23      93         93         0          0          0.3809     2.5624     11         41         50         62         74         85         142       
352        61000      61000      163.35     144.42     0.8841     104.73     0.76       0.75       0.60       0          96.03      93         93         0          0          0.3795     2.5683     11         41         50         62         75         86         141       
353        61000      61000      163.35     144.12     0.8823     104.59     0.76       0.75       0.60       0          95.84      93         93         0          0          0.3780     2.5921     11         41         51         62         75         86         142       
354        61000      61000      163.38     143.50     0.8783     104.47     0.75       0.75       0.60       0          95.65      93         93         0          0          0.3766     2.5438     11         42         51         62         75         86         143       
355        61000      61000      163.35     143.59     0.8790     104.13     0.75       0.75       0.60       0          95.45      93         93         0          0          0.3751     2.5406     11         42         51         63         75         86         143       
356        61000      61000      163.37     143.74     0.8799     103.88     0.75       0.74       0.60       0          95.24      93         93         0          0          0.3736     2.5574     11         42         51         63         76         87         143       
357        61000      61000      163.36     143.06     0.8757     103.65     0.75       0.74       0.60       0          95.04      93         93         0          0          0.3720     2.5708     11         42         51         63         76         87         142       
358        61000      61000      163.33     143.65     0.8795     103.44     0.75       0.74       0.59       0          94.83      93         93         0          0          0.3704     2.5262     11         42         51         63         76         87         143       
359        61000      61000      163.35     143.16     0.8764     103.31     0.75       0.74       0.59       0          94.62      92         92         0          0          0.3689     2.5401     11         42         52         63         76         88         142       
360        61000      61000      163.34     142.78     0.8741     103.15     0.75       0.74       0.59       0          94.42      91         91         0          0          0.3674     2.5265     11         42         52         64         76         88         143       
361        61000      61000      163.36     142.58     0.8728     102.90     0.74       0.74       0.59       0          94.21      90         90         0          0          0.3658     2.5368     11         42         52         64         77         88         143       
362        61000      61000      163.35     142.65     0.8733     102.75     0.74       0.74       0.59       0          94.01      90         90         0          0          0.3643     2.5538     11         43         52         64         77         88         143       
363        61000      61000      163.35     142.19     0.8705     102.46     0.74       0.74       0.59       0          93.80      90         90         0          0          0.3628     2.5476     11         43         52         64         77         89         143       
364        61000      61000      163.37     142.31     0.8711     102.12     0.73       0.73       0.59       0          93.60      90         90         0          0          0.3613     2.5487     11         43         52         64         77         89         143       
365        61000      61000      163.37     142.11     0.8699     101.86     0.73       0.73       0.58       0          93.40      90         90         0          0          0.3598     2.5613     11         43         53         65         78         89         143       
366        61000      61000      163.37     141.73     0.8675     101.64     0.73       0.73       0.58       0          93.20      90         90         0          0          0.3584     2.5452     11         43         53         65         78         89         144       
367        61000      61000      163.36     141.36     0.8653     101.36     0.73       0.72       0.58       0          92.99      90         90         0          0          0.3568     2.5278     12         43         53         65         78         90         144       
368        61000      61000      163.37     141.83     0.8681     101.20     0.73       0.72       0.58       0          92.78      90         90         0          0          0.3553     2.5570     12         44         53         65         78         90         145       
369        61000      61000      163.36     142.16     0.8703     101.06     0.73       0.72       0.58       0          92.57      90         90         0          0          0.3538     2.5243     11         44         53         66         78         90         146       
370        61000      61000      163.39     141.51     0.8661     100.80     0.73       0.72       0.58       0          92.38      90         90         0          0          0.3524     2.5148     11         44         54         66         79         90         148       
371        61000      61000      163.37     141.08     0.8636     100.66     0.73       0.72       0.58       0          92.18      90         90         0          0          0.3510     2.5218     11         44         54         66         79         91         146       
372        61000      61000      163.35     140.89     0.8625     100.39     0.73       0.72       0.58       0          91.97      90         90         0          0          0.3494     2.5289     11         44         54         66         79         91         146       
373        61000      61000      163.41     140.69     0.8610     100.13     0.72       0.72       0.58       0          91.77      90         90         0          0          0.3480     2.5430     10         44         54         66         79         91         146       
374        61000      61000      163.38     140.58     0.8605     99.83      0.72       0.71       0.57       0          91.57      90         90         0          0          0.3465     2.5211     10         44         54         67         80         91         148       
375        61000      61000      163.39     140.57     0.8603     99.60      0.71       0.71       0.57       0          91.36      90         90         0          0          0.3450     2.5088     10         45         55         67         80         92         147       
376        61000      61000      163.37     140.15     0.8579     99.48      0.71       0.71       0.57       0          91.16      90         90         0          0          0.3436     2.5225     10         45         55         67         80         92         147       
377        61000      61000      163.38     139.17     0.8518     99.03      0.71       0.71       0.57       0          90.95      90         90         0          0          0.3421     2.5163     10         45         55         67         80         92         148       
378        61000      61000      163.38     139.88     0.8562     98.83      0.72       0.70       0.57       0          90.74      90         90         0          0          0.3405     2.5073     10         45         55         67         81         93         149       
379        61000      61000      163.40     140.25     0.8583     98.69      0.71       0.71       0.57       0          90.53      90         90         0          0          0.3390     2.5199     10         45         55         68         81         93         147       
380        61000      61000      163.38     138.97     0.8506     98.35      0.71       0.70       0.57       0          90.32      90         90         0          0          0.3375     2.5069     11         45         56         68         81         93         148       
381        61000      61000      163.38     139.30     0.8526     98.17      0.70       0.70       0.56       0          90.11      90         90         0          0          0.3360     2.5163     13         46         56         68         81         93         147       
382        61000      61000      163.39     138.82     0.8496     97.87      0.70       0.70       0.56       0          89.90      90         90         0          0          0.3345     2.4970     12         46         56         68         82         94         147       
383        61000      61000      163.38     138.95     0.8505     97.63      0.70       0.70       0.56       0          89.69      90         90         0          0          0.3331     2.4839     12         46         56         68         82         94         145       
384        61000      61000      163.38     138.31     0.8465     97.51      0.71       0.69       0.56       0          89.48      90         90         0          0          0.3315     2.4937     12         46         56         69         82         94         143       
385        61000      61000      163.39     138.90     0.8501     97.13      0.70       0.69       0.56       0          89.27      90         90         0          0          0.3300     2.4980     12         46         56         69         82         94         143       
386        61000      61000      163.41     138.48     0.8475     96.84      0.69       0.69       0.56       0          89.07      90         90         0          0          0.3286     2.5167     12         46         57         69         82         94         144       
387        61000      61000      163.41     138.58     0.8481     96.71      0.69       0.69       0.56       0          88.86      90         90         0          0          0.3272     2.4944     12         47         57         69         83         95         146       
388        61000      61000      163.41     137.56     0.8418     96.48      0.69       0.69       0.56       0          88.65      90         90         0          0          0.3257     2.5199     12         47         57         70         83         95         146       
389        61000      61000      163.41     138.46     0.8473     96.40      0.69       0.69       0.55       0          88.43      90         90         0          0          0.3241     2.4663     12         47         57         70         83         95         146       
390        61000      61000      163.39     137.75     0.8431     96.09      0.70       0.69       0.55       0          88.21      88         88         0          0          0.3226     2.4918     12         47         57         70         83         96         146       
391        61000      61000      163.40     137.60     0.8421     95.97      0.70       0.68       0.55       0          88.01      88         88         0          0          0.3212     2.4987     12         47         58         70         84         96         146       
392        61000      61000      163.40     137.79     0.8433     95.68      0.69       0.68       0.55       0          87.79      88         88         0          0          0.3197     2.4646     12         47         58         70         84         96         147       
393        61000      61000      163.39     136.95     0.8382     95.44      0.69       0.68       0.55       0          87.59      88         88         0          0          0.3182     2.5037     12         47         58         71         84         97         148       
394        61000      61000      163.39     136.71     0.8367     95.13      0.69       0.68       0.55       0          87.38      88         88         0          0          0.3168     2.4705     12         47         58         71         84         97         148       
395        61000      61000      163.38     137.03     0.8387     94.96      0.69       0.68       0.55       0          87.18      88         88         0          0          0.3154     2.4753     12         48         58         71         84         97         150       
396        61000      61000      163.43     135.62     0.8299     94.58      0.68       0.67       0.55       0          86.98      88         88         0          0          0.3140     2.4776     12         48         58         71         85         97         150       
397        61000      61000      163.42     136.96     0.8381     94.41      0.68       0.67       0.54       0          86.77      87         87         0          0          0.3125     2.4903     13         48         59         72         85         97         152       
398        61000      61000      163.41     136.36     0.8344     94.23      0.68       0.67       0.54       0          86.56      87         87         0          0          0.3111     2.4735     13         48         59         72         85         98         153       
399        61000      61000      163.43     135.68     0.8302     94.04      0.67       0.67       0.54       0          86.35      87         87         0          0          0.3096     2.4543     14         48         59         72         85         98         151       
400        61000      61000      163.42     135.94     0.8319     93.78      0.68       0.67       0.54       0          86.14      87         87         0          0          0.3082     2.4778     14         48         59         72         85         98         151       
401        61000      61000      163.41     135.96     0.8321     93.56      0.68       0.67       0.54       0          85.94      87         87         0          0          0.3068     2.4930     14         49         59         72         86         99         151       
402        61000      61000      163.43     135.81     0.8310     93.32      0.67       0.67       0.54       0          85.74      87         87         0          0          0.3054     2.4808     14         49         59         73         86         99         151       
403        61000      61000      163.43     135.21     0.8274     93.10      0.67       0.66       0.54       0          85.54      87         87         0          0          0.3041     2.4342     14         49         60         73         86         99         151       
404        61000      61000      163.43     135.26     0.8276     92.76      0.67       0.66       0.53       0          85.33      87         87         0          0          0.3026     2.4525     14         49         60         73         86         99         152       
405        61000      61000      163.43     135.54     0.8293     92.72      0.67       0.66       0.53       0          85.11      87         87         0          0          0.3012     2.4506     14         49         60         73         87         100        152       
406        61000      61000      163.42     133.94     0.8196     92.41      0.67       0.66       0.53       0          84.91      87         87         0          0          0.2998     2.4623     15         49         60         73         87         100        152       
407        61000      61000      163.43     134.49     0.8229     92.06      0.67       0.65       0.53       0          84.70      87         87         0          0          0.2984     2.4673     15         50         60         74         87         100        152       
408        61000      61000      163.42     133.71     0.8182     91.73      0.66       0.65       0.53       0          84.50      87         87         0          0          0.2970     2.4161     16         50         60         74         87         100        152       
409        61000      61000      163.44     134.09     0.8205     91.53      0.66       0.65       0.53       0          84.28      87         87         0          0          0.2956     2.4460     16         50         61         74         88         100        152       
410        61000      61000      163.41     133.55     0.8172     91.27      0.66       0.65       0.53       0          84.07      87         87         0          0          0.2942     2.4462     17         50         61         74         88         101        151       
411        61000      61000      163.44     133.14     0.8146     91.01      0.65       0.65       0.53       0          83.86      87         87         0          0          0.2928     2.4392     17         50         61         75         88         101        151       
412        61000      61000      163.42     134.08     0.8205     90.84      0.66       0.64       0.52       0          83.66      87         87         0          0          0.2914     2.4652     18         50         61         75         88         101        151       
413        61000      61000      163.42     132.52     0.8109     90.48      0.65       0.64       0.52       0          83.45      87         87         0          0          0.2900     2.4322     17         51         61         75         89         101        150       
414        61000      61000      163.44     132.73     0.8121     90.26      0.65       0.64       0.52       0          83.24      87         87         0          0          0.2887     2.4454     17         51         62         75         89         101        151       
415        61000      61000      163.42     132.27     0.8094     89.95      0.65       0.64       0.52       0          83.04      86         86         0          0          0.2873     2.4317     17         51         62         76         89         102        151       
416        61000      61000      163.45     132.64     0.8115     89.78      0.65       0.64       0.52       0          82.82      86         86         0          0          0.2859     2.4455     17         51         62         76         89         102        150       
417        61000      61000      163.45     131.96     0.8073     89.50      0.64       0.63       0.52       0          82.61      86         86         0          0          0.2845     2.4327     17         51         62         76         89         102        150       
418        61000      61000      163.44     131.98     0.8075     89.27      0.64       0.63       0.52       0          82.41      86         86         0          0          0.2832     2.4156     18         51         62         76         90         103        152       
419        61000      61000      163.44     131.88     0.8070     89.06      0.64       0.63       0.51       0          82.20      86         86         0          0          0.2818     2.4272     18         52         63         77         90         103        152       
420        61000      61000      163.43     131.87     0.8069     88.88      0.64       0.63       0.51       0          82.01      86         86         0          0          0.2805     2.4298     18         52         63         77         90         103        152       
421        61000      61000      163.44     130.97     0.8013     88.74      0.64       0.63       0.51       0          81.80      86         86         0          0          0.2792     2.4223     18         52         63         77         91         103        152       
422        61000      61000      163.45     130.99     0.8014     88.57      0.63       0.63       0.51       0          81.61      86         86         0          0          0.2779     2.4268     18         52         63         77         91         103        153       
423        61000      61000      163.44     131.67     0.8056     88.11      0.63       0.62       0.51       0          81.41      86         86         0          0          0.2766     2.4217     18         52         64         77         91         104        152       
424        61000      61000      163.43     131.27     0.8032     87.96      0.63       0.62       0.51       0          81.22      86         86         0          0          0.2754     2.4300     18         53         64         77         91         104        152       
425        61000      61000      163.45     129.76     0.7939     87.81      0.63       0.62       0.51       0          81.02      86         86         0          0          0.2741     2.4311     18         53         64         78         91         104        152       
426        61000      61000      163.42     130.03     0.7957     87.51      0.63       0.62       0.51       0          80.81      85         85         0          0          0.2728     2.3916     18         53         64         78         91         104        151       
427        61000      61000      163.47     130.65     0.7992     87.23      0.62       0.62       0.50       0          80.60      85         85         0          0          0.2714     2.4123     19         53         64         78         91         105        151       
428        61000      61000      163.46     129.31     0.7911     86.89      0.62       0.61       0.50       0          80.40      85         85         0          0          0.2701     2.4153     19         53         65         78         92         105        151       
429        61000      61000      163.43     129.79     0.7942     86.67      0.62       0.61       0.50       0          80.19      85         85         0          0          0.2688     2.3982     19         53         65         78         92         105        151       
430        61000      61000      163.48     129.31     0.7910     86.50      0.62       0.61       0.50       0          79.99      85         85         0          0          0.2675     2.4028     19         54         65         79         92         105        151       
431        61000      61000      163.44     128.93     0.7889     86.30      0.62       0.61       0.50       0          79.80      85         85         0          0          0.2663     2.4047     19         54         65         79         93         106        151       
432        61000      61000      163.48     129.07     0.7896     85.99      0.62       0.61       0.50       0          79.59      85         85         0          0          0.2650     2.4082     19         54         65         79         93         106        152       
433        61000      61000      163.49     128.21     0.7842     85.69      0.61       0.60       0.50       0          79.39      85         85         0          0          0.2637     2.3942     19         54         65         79         93         106        152       
434        61000      61000      163.48     128.43     0.7856     85.45      0.61       0.60       0.50       0          79.19      85         85         0          0          0.2624     2.3860     19         54         65         79         93         106        152       
435        61000      61000      163.49     128.78     0.7877     85.30      0.61       0.60       0.50       0          78.99      85         85         0          0          0.2611     2.4072     20         54         66         80         93         106        152       
436        61000      61000      163.48     128.61     0.7867     85.10      0.61       0.60       0.49       0          78.79      85         85         0          0          0.2599     2.3887     20         55         66         80         93         106        152       
437        61000      61000      163.46     128.18     0.7841     84.99      0.61       0.60       0.49       0          78.60      85         85         0          0          0.2587     2.3869     20         55         66         80         94         107        153       
438        61000      61000      163.47     128.02     0.7831     84.93      0.62       0.60       0.49       0          78.40      85         85         0          0          0.2575     2.3769     19         55         66         80         94         107        153       
439        61000      61000      163.48     127.10     0.7775     84.52      0.60       0.60       0.49       0          78.20      84         84         0          0          0.2562     2.3896     20         55         67         81         94         107        152       
440        61000      61000      163.49     128.27     0.7846     84.36      0.60       0.60       0.49       0          78.00      84         84         0          0          0.2549     2.3747     20         55         67         81         94         107        152       
441        61000      61000      163.48     126.88     0.7761     84.13      0.60       0.59       0.49       0          77.80      84         84         0          0          0.2537     2.4085     19         55         67         81         95         108        152       
442        61000      61000      163.48     127.60     0.7805     83.90      0.60       0.59       0.49       0          77.62      83         83         0          0          0.2526     2.3771     20         56         67         81         95         108        153       
443        61000      61000      163.48     127.36     0.7790     83.84      0.60       0.59       0.49       0          77.43      83         83         0          0          0.2514     2.3865     19         56         67         81         95         108        154       
444        61000      61000      163.48     125.96     0.7705     83.55      0.60       0.59       0.48       0          77.23      83         83         0          0          0.2501     2.3835     19         56         67         82         95         108        154       
445        61000      61000      163.49     126.87     0.7760     83.39      0.59       0.59       0.48       0          77.04      83         83         0          0          0.2489     2.3836     19         56         68         82         95         108        153       
446        61000      61000      163.48     126.01     0.7708     83.01      0.59       0.58       0.48       0          76.85      83         83         0          0          0.2478     2.3605     19         57         68         82         96         109        153       
447        61000      61000      163.51     126.25     0.7721     82.84      0.59       0.58       0.48       0          76.66      83         83         0          0          0.2466     2.3932     19         57         68         82         96         109        154       
448        61000      61000      163.49     126.29     0.7725     82.70      0.59       0.58       0.48       0          76.47      83         83         0          0          0.2454     2.3776     19         57         68         82         96         109        155       
449        61000      61000      163.48     126.60     0.7744     82.54      0.59       0.58       0.48       0          76.27      83         83         0          0          0.2442     2.3582     19         57         68         83         96         109        155       
450        61000      61000      163.48     125.99     0.7707     82.39      0.59       0.58       0.48       0          76.08      83         83         0          0          0.2431     2.3615     19         57         69         83         96         109        155       
451        61000      61000      163.48     125.71     0.7690     82.15      0.59       0.58       0.48       0          75.90      82         82         0          0          0.2420     2.3562     19         57         69         83         97         110        155       
452        61000      61000      163.49     125.43     0.7672     81.96      0.59       0.58       0.47       0          75.73      82         82         0          0          0.2409     2.3601     19         57         69         83         97         110        155       
453        61000      61000      163.49     125.14     0.7654     81.77      0.59       0.58       0.47       0          75.53      82         82         0          0          0.2397     2.3648     18         58         69         83         97         110        155       
454        61000      61000      163.51     125.68     0.7686     81.49      0.58       0.57       0.47       0          75.35      82         82         0          0          0.2386     2.3629     19         58         69         84         97         110        155       
455        61000      61000      163.47     123.86     0.7577     81.32      0.58       0.57       0.47       0          75.17      82         82         0          0          0.2376     2.3499     20         58         69         84         97         110        155       
456        61000      61000      163.51     124.42     0.7609     81.10      0.58       0.57       0.47       0          74.99      82         82         0          0          0.2365     2.3647     20         58         70         84         98         110        155       
457        61000      61000      163.47     124.06     0.7589     80.76      0.58       0.57       0.47       0          74.81      82         82         0          0          0.2353     2.3482     20         58         70         84         98         111        155       
458        61000      61000      163.50     123.51     0.7554     80.63      0.58       0.57       0.47       0          74.62      81         81         0          0          0.2342     2.3436     21         58         70         84         98         111        155       
459        61000      61000      163.50     123.97     0.7582     80.42      0.57       0.57       0.47       0          74.44      81         81         0          0          0.2332     2.3514     21         59         70         85         98         111        155       
460        61000      61000      163.50     124.27     0.7600     80.10      0.57       0.56       0.47       0          74.26      80         80         0          0          0.2321     2.3624     21         59         70         85         98         111        154       
461        61000      61000      163.49     123.26     0.7539     80.00      0.57       0.56       0.46       0          74.09      80         80         0          0          0.2310     2.3461     21         59         71         85         99         111        154       
462        61000      61000      163.51     122.87     0.7514     79.78      0.57       0.56       0.46       0          73.90      80         80         0          0          0.2299     2.3453     21         59         71         85         99         111        153       
463        61000      61000      163.47     122.42     0.7489     79.44      0.57       0.56       0.46       0          73.72      80         80         0          0          0.2288     2.3524     21         59         71         85         99         111        155       
464        61000      61000      163.51     122.74     0.7506     79.25      0.57       0.56       0.46       0          73.54      80         80         0          0          0.2278     2.3447     21         59         71         85         99         112        155       
465        61000      61000      163.52     122.79     0.7509     79.10      0.56       0.56       0.46       0          73.35      80         80         0          0          0.2267     2.3494     21         59         71         86         99         112        155       
466        61000      61000      163.51     122.22     0.7475     78.96      0.56       0.55       0.46       0          73.19      80         80         0          0          0.2257     2.3469     21         60         72         86         99         112        156       
467        61000      61000      163.49     122.40     0.7487     78.68      0.55       0.55       0.46       0          73.01      80         80         0          0          0.2246     2.3394     21         60         72         86         100        112        157       
468        61000      61000      163.50     121.99     0.7461     78.65      0.56       0.55       0.46       0          72.83      80         80         0          0          0.2236     2.3598     21         60         72         86         100        112        157       
469        61000      61000      163.52     121.30     0.7418     78.37      0.55       0.55       0.46       0          72.66      80         80         0          0          0.2226     2.3409     21         60         72         86         100        112        157       
470        61000      61000      163.51     121.09     0.7406     78.05      0.56       0.55       0.45       0          72.50      80         80         0          0          0.2216     2.3341     21         60         72         87         100        112        156       
471        61000      61000      163.52     121.05     0.7403     77.95      0.56       0.55       0.45       0          72.32      80         80         0          0          0.2206     2.3435     21         61         73         87         100        113        156       
472        61000      61000      163.53     121.35     0.7420     77.69      0.55       0.54       0.45       0          72.14      80         80         0          0          0.2196     2.3289     21         61         73         87         100        113        156       
473        61000      61000      163.50     121.45     0.7428     77.55      0.55       0.54       0.45       0          71.98      80         80         0          0          0.2186     2.3310     21         61         73         87         101        113        157       
474        61000      61000      163.51     120.34     0.7360     77.45      0.55       0.54       0.45       0          71.81      80         80         0          0          0.2176     2.3313     21         61         73         87         101        113        157       
475        61000      61000      163.52     120.48     0.7368     77.23      0.55       0.54       0.45       0          71.64      80         80         0          0          0.2167     2.3321     21         61         73         87         101        113        157       
476        61000      61000      163.51     120.49     0.7369     77.02      0.55       0.54       0.45       0          71.46      80         80         0          0          0.2156     2.3199     22         61         73         87         101        113        157       
477        61000      61000      163.51     120.71     0.7382     76.80      0.55       0.54       0.45       0          71.30      79         79         0          0          0.2147     2.3341     23         62         74         88         101        113        156       
478        61000      61000      163.49     120.00     0.7340     76.70      0.55       0.54       0.45       0          71.13      79         79         0          0          0.2137     2.3307     22         62         74         88         102        114        156       
479        61000      61000      163.52     120.13     0.7347     76.57      0.55       0.54       0.44       0          70.97      79         79         0          0          0.2128     2.3206     22         62         74         88         102        114        156       
480        61000      61000      163.52     119.42     0.7303     76.36      0.54       0.54       0.44       0          70.80      79         79         0          0          0.2119     2.3320     21         62         74         88         102        114        155       
481        61000      61000      163.51     118.79     0.7265     76.07      0.54       0.53       0.44       0          70.64      79         79         0          0          0.2109     2.3304     21         62         74         88         102        114        155       
482        61000      61000      163.50     118.48     0.7247     75.80      0.54       0.53       0.44       0          70.47      79         79         0          0          0.2100     2.3097     21         62         74         88         102        114        155       
483        61000      61000      163.52     118.99     0.7277     75.70      0.54       0.53       0.44       0          70.31      79         79         0          0          0.2091     2.3128     21         63         74         89         102        115        156       
484        61000      61000      163.53     118.63     0.7254     75.47      0.53       0.53       0.44       0          70.14      79         79         0          0          0.2081     2.3116     21         63         75         89         103        115        157       
485        61000      61000      163.55     118.29     0.7232     75.28      0.53       0.53       0.44       0          69.97      79         79         0          0          0.2071     2.3046     21         63         75         89         103        115        158       
486        61000      61000      163.51     118.09     0.7222     75.05      0.53       0.52       0.44       0          69.80      79         79         0          0          0.2062     2.3211     21         63         75         89         103        115        157       
487        61000      61000      163.54     117.92     0.7211     74.92      0.54       0.52       0.44       0          69.64      79         79         0          0          0.2053     2.3146     21         63         75         90         103        115        157       
488        61000      61000      163.53     117.72     0.7199     74.65      0.53       0.52       0.44       0          69.48      79         79         0          0          0.2044     2.3010     21         63         75         90         103        115        157       
489        61000      61000      163.54     117.92     0.7210     74.44      0.53       0.52       0.43       0          69.31      79         79         0          0          0.2035     2.3090     21         63         76         90         103        115        157       
490        61000      61000      163.54     116.98     0.7153     74.23      0.53       0.52       0.43       0          69.16      79         79         0          0          0.2026     2.2955     21         64         76         90         103        115        157       
491        61000      61000      163.54     117.05     0.7157     74.15      0.53       0.52       0.43       0          69.00      79         79         0          0          0.2017     2.3012     22         64         76         90         104        116        156       
492        61000      61000      163.51     116.69     0.7136     73.81      0.52       0.51       0.43       0          68.84      79         79         0          0          0.2009     2.3060     22         64         76         90         104        116        156       
493        61000      61000      163.54     116.24     0.7108     73.62      0.52       0.51       0.43       0          68.69      79         79         0          0          0.2000     2.3094     22         64         76         90         104        116        156       
494        61000      61000      163.52     116.62     0.7132     73.51      0.52       0.51       0.43       0          68.54      79         79         0          0          0.1991     2.2940     22         64         76         91         104        116        155       
495        61000      61000      163.53     115.67     0.7074     73.32      0.52       0.51       0.43       0          68.37      79         79         0          0          0.1982     2.3018     22         65         77         91         104        116        154       
496        61000      61000      163.54     114.96     0.7029     72.99      0.52       0.51       0.43       0          68.22      79         79         0          0          0.1974     2.2936     22         65         77         91         104        116        154       
497        61000      61000      163.54     116.19     0.7104     72.83      0.51       0.51       0.43       0          68.07      79         79         0          0          0.1965     2.2981     23         65         77         91         105        116        154       
498        61000      61000      163.54     115.38     0.7055     72.62      0.51       0.50       0.43       0          67.91      79         79         0          0          0.1957     2.2947     24         65         77         91         105        116        154       
499        61000      61000      163.54     115.64     0.7071     72.58      0.52       0.50       0.42       0          67.75      79         79         0          0          0.1948     2.2940     24         65         77         91         105        117        154       
500        61000      61000      163.55     114.78     0.7018     72.42      0.52       0.50       0.42       0          67.61      79         79         0          0          0.1940     2.2767     24         66         78         92         105        117        155       
501        61000      61000      163.55     114.82     0.7020     72.20      0.51       0.50       0.42       0          67.46      79         79         0          0          0.1933     2.2879     24         66         78         92         105        117        154       
502        61000      61000      163.54     114.88     0.7024     72.10      0.51       0.50       0.42       0          67.31      79         79         0          0          0.1924     2.2933     24         66         78         92         105        117        154       
503        61000      61000      163.55     114.74     0.7016     71.91      0.51       0.50       0.42       0          67.16      79         79         0          0          0.1916     2.2918     24         66         78         92         105        117        154       
504        61000      61000      163.56     114.73     0.7014     71.75      0.52       0.50       0.42       0          67.01      79         79         0          0          0.1908     2.2972     24         66         78         92         106        117        154       
505        61000      61000      163.56     114.43     0.6996     71.65      0.51       0.50       0.42       0          66.88      79         79         0          0          0.1901     2.2953     23         66         79         92         106        117        155       
506        61000      61000      163.54     113.58     0.6945     71.49      0.51       0.50       0.42       0          66.73      78         78         0          0          0.1893     2.2836     23         66         79         93         106        117        155       
507        61000      61000      163.53     114.82     0.7021     71.43      0.51       0.50       0.42       0          66.59      78         78         0          0          0.1885     2.2842     23         67         79         93         106        118        155       
508        61000      61000      163.53     113.58     0.6946     71.21      0.50       0.49       0.42       0          66.44      78         78         0          0          0.1878     2.2849     24         67         79         93         106        118        155       
509        61000      61000      163.53     113.89     0.6964     71.08      0.50       0.49       0.42       0          66.30      78         78         0          0          0.1870     2.2871     24         67         79         93         106        118        155       
510        61000      61000      163.57     113.64     0.6947     70.92      0.50       0.49       0.41       0          66.16      78         78         0          0          0.1863     2.2848     24         67         79         93         106        118        155       
511        61000      61000      163.55     113.07     0.6913     70.71      0.50       0.49       0.41       0          66.02      77         77         0          0          0.1855     2.2792     24         67         79         93         106        118        155       
512        61000      61000      163.55     114.13     0.6979     70.52      0.50       0.49       0.41       0          65.89      77         77         0          0          0.1848     2.2884     24         67         80         93         107        118        154       
513        61000      61000      163.57     112.20     0.6859     70.30      0.49       0.49       0.41       0          65.75      77         77         0          0          0.1841     2.2718     24         68         80         94         107        118        153       
514        61000      61000      163.58     112.86     0.6899     70.01      0.49       0.48       0.41       0          65.62      77         77         0          0          0.1834     2.2755     24         68         80         94         107        119        154       
515        61000      61000      163.55     113.63     0.6948     70.03      0.49       0.49       0.41       0          65.48      77         77         0          0          0.1826     2.2782     25         68         80         94         107        119        154       
516        61000      61000      163.56     112.70     0.6890     69.97      0.50       0.49       0.41       0          65.35      77         77         0          0          0.1819     2.2786     25         68         80         94         107        119        154       
517        61000      61000      163.56     112.53     0.6880     69.87      0.50       0.49       0.41       0          65.22      77         77         0          0          0.1813     2.2773     25         68         80         94         107        119        154       
518        61000      61000      163.55     111.94     0.6844     69.68      0.49       0.48       0.41       0          65.09      77         77         0          0          0.1806     2.2741     25         68         80         94         107        119        156       
519        61000      61000      163.57     112.47     0.6876     69.49      0.49       0.48       0.41       0          64.96      77         77         0          0          0.1799     2.2694     25         69         81         94         107        119        156       
520        61000      61000      163.59     111.02     0.6787     69.26      0.49       0.48       0.41       0          64.82      77         77         0          0          0.1792     2.2785     26         69         81         95         108        119        155       
521        61000      61000      163.56     111.65     0.6826     69.10      0.49       0.48       0.41       0          64.69      77         77         0          0          0.1785     2.2657     26         69         81         95         108        119        155       
522        61000      61000      163.60     112.15     0.6856     68.95      0.49       0.48       0.40       0          64.56      77         77         0          0          0.1778     2.2604     26         69         81         95         108        119        155       
523        61000      61000      163.57     111.87     0.6839     68.87      0.49       0.48       0.40       0          64.44      75         75         0          0          0.1772     2.2652     26         69         81         95         108        119        156       
524        61000      61000      163.57     110.95     0.6783     68.77      0.49       0.48       0.40       0          64.31      75         75         0          0          0.1765     2.2707     26         69         81         95         108        119        157       
525        61000      61000      163.56     111.28     0.6803     68.62      0.48       0.48       0.40       0          64.18      75         75         0          0          0.1758     2.2664     26         70         82         95         108        120        157       
526        61000      61000      163.59     110.58     0.6760     68.50      0.49       0.48       0.40       0          64.06      75         75         0          0          0.1752     2.2661     26         70         82         95         108        120        156       
527        61000      61000      163.57     111.23     0.6800     68.40      0.49       0.47       0.40       0          63.92      75         75         0          0          0.1745     2.2601     26         70         82         96         108        120        158       
528        61000      61000      163.58     110.91     0.6780     68.12      0.48       0.47       0.40       0          63.80      75         75         0          0          0.1738     2.2589     26         70         82         96         109        120        158       
529        61000      61000      163.57     109.65     0.6703     67.97      0.48       0.47       0.40       0          63.67      75         75         0          0          0.1732     2.2653     26         70         82         96         109        120        158       
530        61000      61000      163.60     109.18     0.6673     67.78      0.48       0.47       0.40       0          63.55      75         75         0          0          0.1726     2.2506     26         70         82         96         109        120        158       
531        61000      61000      163.58     111.08     0.6790     67.60      0.47       0.47       0.40       0          63.43      75         75         0          0          0.1720     2.2607     26         71         82         96         109        120        158       
532        61000      61000      163.57     109.11     0.6670     67.44      0.47       0.46       0.40       0          63.31      75         75         0          0          0.1713     2.2623     26         71         83         96         109        120        158       
533        61000      61000      163.58     110.42     0.6750     67.32      0.47       0.46       0.40       0          63.19      75         75         0          0          0.1707     2.2538     26         71         83         96         109        120        158       
534        61000      61000      163.57     108.49     0.6633     67.26      0.48       0.46       0.39       0          63.06      75         75         0          0          0.1701     2.2528     26         71         83         97         109        120        158       
535        61000      61000      163.60     109.44     0.6689     67.19      0.47       0.46       0.39       0          62.94      75         75         0          0          0.1695     2.2514     26         71         83         97         109        120        159       
536        61000      61000      163.59     108.92     0.6659     67.03      0.48       0.46       0.39       0          62.82      74         74         0          0          0.1688     2.2586     26         71         83         97         110        121        159       
537        61000      61000      163.56     108.21     0.6616     66.87      0.47       0.46       0.39       0          62.70      74         74         0          0          0.1682     2.2495     26         72         83         97         110        121        161       
538        61000      61000      163.58     108.74     0.6648     66.65      0.47       0.46       0.39       0          62.58      74         74         0          0          0.1676     2.2446     26         72         83         97         110        121        163       
539        61000      61000      163.61     108.72     0.6645     66.45      0.46       0.46       0.39       0          62.47      74         74         0          0          0.1671     2.2594     26         72         84         97         110        121        163       
540        61000      61000      163.58     108.70     0.6645     66.43      0.47       0.46       0.39       0          62.35      74         74         0          0          0.1665     2.2667     26         72         84         97         110        121        162       
541        61000      61000      163.60     107.82     0.6591     66.22      0.46       0.46       0.39       0          62.24      74         74         0          0          0.1659     2.2479     25         72         84         97         110        121        163       
542        61000      61000      163.58     107.74     0.6586     66.07      0.46       0.46       0.39       0          62.13      73         73         0          0          0.1654     2.2652     25         72         84         97         110        121        163       
543        61000      61000      163.61     107.93     0.6597     65.96      0.46       0.45       0.39       0          62.02      73         73         0          0          0.1648     2.2446     26         72         84         97         110        121        164       
544        61000      61000      163.57     108.48     0.6632     65.83      0.46       0.45       0.39       0          61.90      73         73         0          0          0.1643     2.2461     26         72         84         98         110        121        164       
545        61000      61000      163.57     108.41     0.6627     65.88      0.46       0.46       0.39       0          61.80      72         72         0          0          0.1637     2.2603     26         72         84         98         111        121        165       
546        61000      61000      163.59     107.98     0.6601     65.76      0.46       0.45       0.39       0          61.69      72         72         0          0          0.1632     2.2469     27         73         85         98         111        121        162       
547        61000      61000      163.57     106.99     0.6541     65.61      0.46       0.45       0.39       0          61.59      72         72         0          0          0.1627     2.2480     27         73         85         98         111        121        161       
548        61000      61000      163.58     107.18     0.6552     65.51      0.46       0.45       0.39       0          61.48      72         72         0          0          0.1622     2.2390     27         73         85         98         111        121        161       
549        61000      61000      163.60     107.89     0.6595     65.31      0.46       0.45       0.38       0          61.37      72         72         0          0          0.1617     2.2426     27         73         85         98         111        121        161       
550        61000      61000      163.60     107.08     0.6545     65.23      0.46       0.45       0.38       0          61.26      72         72         0          0          0.1611     2.2370     28         73         85         98         111        121        161       
551        61000      61000      163.56     106.91     0.6536     65.10      0.46       0.45       0.38       0          61.16      72         72         0          0          0.1606     2.2533     28         73         85         98         111        121        160       
552        61000      61000      163.60     106.02     0.6481     64.95      0.45       0.45       0.38       0          61.05      72         72         0          0          0.1601     2.2443     28         74         85         99         111        122        160       
553        61000      61000      163.58     105.04     0.6421     64.69      0.45       0.44       0.38       0          60.94      72         72         0          0          0.1596     2.2422     29         74         85         99         111        122        160       
554        61000      61000      163.58     105.75     0.6465     64.51      0.45       0.44       0.38       0          60.83      72         72         0          0          0.1590     2.2390     29         74         86         99         111        122        160       
555        61000      61000      163.58     106.43     0.6506     64.34      0.45       0.44       0.38       0          60.73      72         72         0          0          0.1585     2.2379     30         74         86         99         111        122        161       
556        61000      61000      163.62     105.20     0.6429     64.31      0.45       0.44       0.38       0          60.63      72         72         0          0          0.1580     2.2406     30         74         86         99         111        122        160       
557        61000      61000      163.59     104.86     0.6410     64.11      0.44       0.44       0.38       0          60.53      72         72         0          0          0.1575     2.2324     30         74         86         99         111        122        160       
558        61000      61000      163.60     105.64     0.6457     63.92      0.45       0.44       0.38       0          60.42      72         72         0          0          0.1570     2.2391     31         74         86         99         111        122        160       
559        61000      61000      163.61     105.15     0.6427     63.83      0.44       0.44       0.38       0          60.32      72         72         0          0          0.1565     2.2392     31         75         86         99         112        122        160       
560        61000      61000      163.59     104.15     0.6367     63.72      0.44       0.43       0.38       0          60.22      72         72         0          0          0.1560     2.2313     31         75         86         99         112        122        160       
561        61000      61000      163.59     104.98     0.6417     63.58      0.44       0.43       0.38       0          60.11      71         71         0          0          0.1555     2.2336     31         75         87         100        112        122        159       
562        61000      61000      163.60     105.02     0.6419     63.43      0.44       0.43       0.38       0          60.01      71         71         0          0          0.1550     2.2383     31         75         87         100        112        122        159       
563        61000      61000      163.60     103.94     0.6353     63.37      0.44       0.43       0.37       0          59.92      71         71         0          0          0.1546     2.2325     31         75         87         100        112        122        159       
564        61000      61000      163.60     105.02     0.6420     63.22      0.44       0.43       0.37       0          59.83      71         71         0          0          0.1542     2.2343     31         75         87         100        112        122        159       
565        61000      61000      163.60     104.08     0.6362     63.11      0.44       0.43       0.37       0          59.73      71         71         0          0          0.1537     2.2302     31         76         87         100        112        122        160       
566        61000      61000      163.60     104.32     0.6377     63.10      0.44       0.43       0.37       0          59.63      71         71         0          0          0.1532     2.2369     31         76         87         100        112        122        161       
567        61000      61000      163.62     104.56     0.6391     63.07      0.44       0.43       0.37       0          59.53      71         71         0          0          0.1528     2.2391     31         76         88         100        112        122        161       
568        61000      61000      163.61     105.08     0.6423     62.99      0.44       0.43       0.37       0          59.44      71         71         0          0          0.1523     2.2421     31         76         88         100        112        122        161       
569        61000      61000      163.60     104.73     0.6401     62.95      0.44       0.43       0.37       0          59.35      71         71         0          0          0.1519     2.2253     31         76         88         100        112        123        162       
570        61000      61000      163.61     103.03     0.6298     62.95      0.44       0.43       0.37       0          59.26      71         71         0          0          0.1514     2.2218     32         76         88         100        112        123        162       
571        61000      61000      163.59     103.91     0.6352     62.65      0.44       0.43       0.37       0          59.17      71         71         0          0          0.1510     2.2186     32         76         88         100        113        123        163       
572        61000      61000      163.60     104.31     0.6376     62.60      0.43       0.43       0.37       0          59.08      70         70         0          0          0.1506     2.2302     32         76         88         101        113        123        163       
573        61000      61000      163.62     104.02     0.6357     62.51      0.43       0.43       0.37       0          58.99      70         70         0          0          0.1502     2.2310     32         76         88         101        113        123        164       
574        61000      61000      163.62     103.05     0.6298     62.38      0.44       0.43       0.37       0          58.90      70         70         0          0          0.1497     2.2246     32         77         88         101        113        123        164       
575        61000      61000      163.62     102.97     0.6293     62.32      0.44       0.43       0.37       0          58.82      70         70         0          0          0.1494     2.2215     32         77         88         101        113        123        164       
576        61000      61000      163.62     102.68     0.6275     61.98      0.43       0.42       0.37       0          58.73      70         70         0          0          0.1489     2.2255     32         77         89         101        113        123        162       
577        61000      61000      163.60     102.88     0.6289     61.93      0.43       0.42       0.37       0          58.65      70         70         0          0          0.1485     2.2160     33         77         89         101        113        123        162       
578        61000      61000      163.60     103.63     0.6334     61.90      0.43       0.42       0.37       0          58.56      69         69         0          0          0.1481     2.2229     32         77         89         101        113        123        162       
579        61000      61000      163.60     102.17     0.6245     61.78      0.43       0.42       0.37       0          58.48      69         69         0          0          0.1478     2.2194     31         77         89         101        113        123        161       
580        61000      61000      163.61     102.43     0.6261     61.73      0.43       0.42       0.37       0          58.40      69         69         0          0          0.1474     2.2149     31         77         89         101        113        123        161       
581        61000      61000      163.59     102.82     0.6285     61.60      0.43       0.42       0.37       0          58.32      68         68         0          0          0.1470     2.2160     31         77         89         101        113        123        161       
582        61000      61000      163.62     102.96     0.6293     61.50      0.43       0.42       0.36       0          58.24      68         68         0          0          0.1466     2.2168     31         78         89         102        113        123        159       
583        61000      61000      163.60     102.66     0.6275     61.39      0.43       0.42       0.36       0          58.15      68         68         0          0          0.1462     2.2198     31         78         89         102        113        123        159       
584        61000      61000      163.61     101.61     0.6211     61.44      0.43       0.42       0.36       0          58.07      68         68         0          0          0.1459     2.2223     31         78         89         102        113        123        159       
585        61000      61000      163.61     102.27     0.6251     61.19      0.43       0.42       0.36       0          57.99      67         67         0          0          0.1455     2.2200     32         78         89         102        113        123        160       
586        61000      61000      163.62     102.16     0.6243     61.19      0.42       0.42       0.36       0          57.91      67         67         0          0          0.1451     2.2232     32         78         89         102        113        123        159       
587        61000      61000      163.59     102.62     0.6273     61.13      0.42       0.42       0.36       0          57.82      67         67         0          0          0.1447     2.2150     32         78         90         102        113        123        159       
588        61000      61000      163.62     101.98     0.6232     61.13      0.43       0.42       0.36       0          57.75      67         67         0          0          0.1443     2.2242     32         79         90         102        114        123        159       
589        61000      61000      163.60     101.90     0.6229     61.01      0.42       0.42       0.36       0          57.67      67         67         0          0          0.1440     2.2165     33         79         90         102        113        123        160       
590        61000      61000      163.59     100.95     0.6171     60.92      0.42       0.41       0.36       0          57.59      67         67         0          0          0.1436     2.2068     34         79         90         102        114        123        160       
591        61000      61000      163.62     101.84     0.6224     60.68      0.42       0.41       0.36       0          57.52      67         67         0          0          0.1433     2.2140     34         79         90         102        114        123        160       
592        61000      61000      163.65     101.21     0.6185     60.66      0.42       0.41       0.36       0          57.45      67         67         0          0          0.1430     2.2233     36         79         90         102        114        123        161       
593        61000      61000      163.62     101.24     0.6187     60.54      0.42       0.41       0.36       0          57.37      67         67         0          0          0.1426     2.2096     36         79         90         102        114        123        160       
594        61000      61000      163.62     101.83     0.6224     60.48      0.41       0.41       0.36       0          57.29      67         67         0          0          0.1422     2.2162     36         79         90         103        114        123        161       
595        61000      61000      163.65     101.00     0.6172     60.40      0.42       0.41       0.36       0          57.21      65         65         0          0          0.1419     2.2120     36         79         90         103        114        123        161       
596        61000      61000      163.60     101.35     0.6195     60.37      0.42       0.41       0.36       0          57.13      65         65         0          0          0.1415     2.2081     36         79         90         103        114        124        162       
597        61000      61000      163.62     100.61     0.6149     60.32      0.42       0.41       0.36       0          57.07      65         65         0          0          0.1412     2.2140     37         80         91         103        114        124        161       
598        61000      61000      163.62     101.33     0.6193     60.21      0.42       0.41       0.36       0          56.99      65         65         0          0          0.1409     2.2200     37         80         91         103        114        124        162       
599        61000      61000      163.61     101.04     0.6176     60.19      0.42       0.41       0.36       0          56.92      65         65         0          0          0.1405     2.2161     37         80         91         103        114        124        162       
600        61000      61000      163.61     100.30     0.6130     60.17      0.42       0.41       0.36       0          56.84      65         65         0          0          0.1402     2.2155     37         80         91         103        114        124        162       
601        61000      61000      163.62     100.29     0.6130     60.01      0.42       0.41       0.35       0          56.78      65         65         0          0          0.1399     2.2057     37         80         91         103        114        124        162       
602        61000      61000      163.62     100.01     0.6113     59.87      0.42       0.41       0.36       0          56.70      65         65         0          0          0.1396     2.2121     37         80         91         103        114        124        162       
603        61000      61000      163.62     100.57     0.6147     59.67      0.41       0.41       0.35       0          56.63      65         65         0          0          0.1392     2.2088     37         80         91         103        114        124        162       
604        61000      61000      163.63     100.34     0.6132     59.68      0.41       0.41       0.35       0          56.56      65         65         0          0          0.1389     2.2041     38         80         91         103        114        124        162       
605        61000      61000      163.62     100.07     0.6116     59.56      0.41       0.40       0.35       0          56.49      65         65         0          0          0.1386     2.2074     39         80         91         103        114        124        161       
606        61000      61000      163.62     99.47      0.6079     59.56      0.41       0.41       0.35       0          56.42      65         65         0          0          0.1383     2.2120     39         81         92         103        114        124        162       
607        61000      61000      163.63     100.83     0.6162     59.51      0.41       0.41       0.35       0          56.35      65         65         0          0          0.1380     2.2058     40         81         92         103        114        124        162       
608        61000      61000      163.62     99.64      0.6089     59.45      0.41       0.41       0.35       0          56.29      65         65         0          0          0.1377     2.2160     40         81         92         104        115        124        161       
609        61000      61000      163.63     99.51      0.6081     59.33      0.41       0.40       0.35       0          56.23      65         65         0          0          0.1374     2.2042     40         81         92         104        115        124        160       
610        61000      61000      163.64     100.17     0.6122     59.22      0.41       0.40       0.35       0          56.16      65         65         0          0          0.1371     2.2120     40         81         92         104        115        124        161       
611        61000      61000      163.63     99.74      0.6095     59.28      0.41       0.40       0.35       0          56.09      65         65         0          0          0.1368     2.2018     40         81         92         104        115        124        161       
612        61000      61000      163.64     99.54      0.6083     59.26      0.41       0.40       0.35       0          56.03      65         65         0          0          0.1365     2.2100     40         81         92         104        115        124        161       
613        61000      61000      163.64     100.33     0.6131     59.12      0.41       0.40       0.35       0          55.96      65         65         0          0          0.1362     2.2002     40         81         92         104        115        124        161       
614        61000      61000      163.66     100.30     0.6129     59.15      0.41       0.40       0.35       0          55.90      65         65         0          0          0.1360     2.2011     40         81         92         104        115        124        161       
615        61000      61000      163.63     98.82      0.6039     59.02      0.41       0.40       0.35       0          55.84      65         65         0          0          0.1357     2.2007     40         82         92         104        115        124        161       
616        61000      61000      163.62     99.52      0.6082     58.91      0.41       0.40       0.35       0          55.77      65         65         0          0          0.1354     2.2091     40         82         92         104        115        124        161       
617        61000      61000      163.63     99.95      0.6108     58.86      0.41       0.40       0.35       0          55.70      65         65         0          0          0.1351     2.2062     40         82         92         104        115        124        161       
618        61000      61000      163.63     99.07      0.6054     58.79      0.41       0.40       0.35       0          55.64      65         65         0          0          0.1348     2.2087     40         82         92         104        115        124        161       
619        61000      61000      163.64     99.22      0.6063     58.77      0.41       0.40       0.35       0          55.59      65         65         0          0          0.1346     2.2020     40         82         93         104        115        124        161       
620        61000      61000      163.63     99.80      0.6099     58.71      0.41       0.40       0.35       0          55.52      65         65         0          0          0.1343     2.2069     41         82         93         104        115        124        161       
621        61000      61000      163.63     99.18      0.6061     58.61      0.41       0.40       0.35       0          55.47      65         65         0          0          0.1340     2.2035     41         82         93         104        115        124        161       
622        61000      61000      163.65     98.72      0.6033     58.55      0.41       0.40       0.35       0          55.41      65         65         0          0          0.1338     2.1971     41         82         93         104        115        124        162       
623        61000      61000      163.64     98.15      0.5998     58.41      0.41       0.40       0.35       0          55.35      65         65         0          0          0.1335     2.1953     41         82         93         104        115        124        162       
624        61000      61000      163.64     98.69      0.6031     58.28      0.41       0.40       0.35       0          55.29      65         65         0          0          0.1333     2.1991     41         82         93         104        115        124        162       
625        61000      61000      163.62     97.98      0.5989     58.20      0.40       0.40       0.35       0          55.24      65         65         0          0          0.1330     2.2034     41         82         93         105        115        124        162       
626        61000      61000      163.65     98.45      0.6016     58.13      0.41       0.40       0.34       0          55.17      65         65         0          0          0.1328     2.1959     41         83         93         105        115        124        162       
627        61000      61000      163.65     98.10      0.5995     58.06      0.41       0.39       0.34       0          55.12      65         65         0          0          0.1325     2.2083     41         83         93         105        115        124        162       
628        61000      61000      163.65     98.52      0.6020     58.14      0.41       0.40       0.34       0          55.06      65         65         0          0          0.1323     2.1955     41         83         93         105        115        124        162       
629        61000      61000      163.65     97.60      0.5964     58.08      0.40       0.39       0.34       0          55.00      65         65         0          0          0.1320     2.1923     41         83         94         105        115        124        161       
630        61000      61000      163.65     98.67      0.6029     57.93      0.40       0.39       0.34       0          54.95      65         65         0          0          0.1318     2.2009     41         83         94         105        115        124        161       
631        61000      61000      163.63     97.39      0.5952     57.75      0.39       0.39       0.34       0          54.89      65         65         0          0          0.1315     2.1892     41         83         94         105        115        124        161       
632        61000      61000      163.64     98.63      0.6027     57.86      0.40       0.39       0.34       0          54.84      65         65         0          0          0.1313     2.1944     41         83         94         105        115        124        161       
633        61000      61000      163.65     97.51      0.5958     57.81      0.40       0.39       0.34       0          54.79      65         65         0          0          0.1310     2.1934     41         83         94         105        115        124        161       
634        61000      61000      163.62     97.78      0.5976     57.74      0.40       0.39       0.34       0          54.73      65         65         0          0          0.1308     2.1916     41         83         94         105        116        124        161       
635        61000      61000      163.65     97.94      0.5985     57.81      0.41       0.39       0.34       0          54.68      65         65         0          0          0.1306     2.1940     41         83         94         105        116        125        161       
636        61000      61000      163.64     97.69      0.5970     57.63      0.40       0.39       0.34       0          54.63      65         65         0          0          0.1303     2.1912     41         84         94         105        115        125        161       
637        61000      61000      163.63     96.76      0.5913     57.52      0.40       0.39       0.34       0          54.57      65         65         0          0          0.1301     2.1983     41         84         94         105        115        124        161       
638        61000      61000      163.65     97.54      0.5960     57.53      0.40       0.39       0.34       0          54.52      65         65         0          0          0.1299     2.1857     41         84         94         105        116        124        162       
639        61000      61000      163.62     96.96      0.5926     57.33      0.40       0.39       0.34       0          54.47      65         65         0          0          0.1297     2.1959     42         84         94         105        116        124        162       
640        61000      61000      163.65     98.90      0.6043     57.39      0.39       0.39       0.34       0          54.42      65         65         0          0          0.1295     2.1927     42         84         94         105        116        124        162       
641        61000      61000      163.63     96.83      0.5918     57.34      0.40       0.39       0.34       0          54.38      64         64         0          0          0.1293     2.1923     42         84         95         105        116        124        161       
642        61000      61000      163.65     97.31      0.5946     57.33      0.40       0.39       0.34       0          54.33      64         64         0          0          0.1291     2.2012     42         84         95         105        116        124        161       
643        61000      61000      163.63     96.15      0.5876     57.17      0.40       0.39       0.34       0          54.28      64         64         0          0          0.1288     2.2012     43         84         95         105        116        124        161       
644        61000      61000      163.64     97.09      0.5933     57.14      0.39       0.39       0.34       0          54.23      64         64         0          0          0.1286     2.1959     43         84         95         105        116        124        161       
645        61000      61000      163.65     96.95      0.5924     57.11      0.39       0.39       0.34       0          54.18      64         64         0          0          0.1284     2.1965     43         84         95         106        116        124        161       
646        61000      61000      163.65     97.39      0.5951     57.12      0.39       0.39       0.34       0          54.13      64         64         0          0          0.1282     2.1937     43         84         95         106        116        125        161       
647        61000      61000      163.65     97.33      0.5948     57.05      0.39       0.39       0.34       0          54.08      64         64         0          0          0.1280     2.1919     43         84         95         106        116        124        161       
648        61000      61000      163.63     97.53      0.5960     57.00      0.40       0.39       0.34       0          54.04      64         64         0          0          0.1278     2.1916     43         85         95         106        116        124        160       
649        61000      61000      163.64     96.55      0.5900     57.04      0.40       0.39       0.34       0          53.99      64         64         0          0          0.1276     2.1945     43         85         95         106        116        124        160       
650        61000      61000      163.63     96.14      0.5875     56.92      0.40       0.39       0.34       0          53.95      64         64         0          0          0.1274     2.1875     43         85         95         106        116        125        160       
651        61000      61000      163.66     95.94      0.5862     56.77      0.39       0.38       0.34       0          53.90      64         64         0          0          0.1272     2.1885     45         85         95         106        116        125        160       
652        61000      61000      163.64     96.44      0.5894     56.70      0.39       0.38       0.34       0          53.85      64         64         0          0          0.1270     2.1873     45         85         95         106        116        125        160       
653        61000      61000      163.62     94.83      0.5796     56.65      0.40       0.38       0.34       0          53.80      64         64         0          0          0.1268     2.1914     45         85         95         106        116        125        160       
654        61000      61000      163.66     96.67      0.5907     56.50      0.39       0.38       0.34       0          53.76      64         64         0          0          0.1266     2.1879     45         85         95         106        116        125        160       
655        61000      61000      163.65     96.58      0.5902     56.42      0.39       0.38       0.34       0          53.71      64         64         0          0          0.1264     2.1897     45         85         95         106        116        125        160       
656        61000      61000      163.64     95.77      0.5852     56.50      0.39       0.38       0.34       0          53.67      64         64         0          0          0.1262     2.1922     46         85         95         106        116        125        161       
657        61000      61000      163.64     94.97      0.5803     56.35      0.39       0.38       0.34       0          53.63      64         64         0          0          0.1260     2.1800     47         85         96         106        116        125        161       
658        61000      61000      163.64     96.08      0.5871     56.38      0.39       0.38       0.34       0          53.58      64         64         0          0          0.1259     2.1906     47         85         96         106        116        125        160       
659        61000      61000      163.66     95.26      0.5821     56.23      0.38       0.38       0.34       0          53.54      64         64         0          0          0.1257     2.1879     48         85         96         106        116        125        160       
660        61000      61000      163.61     95.34      0.5827     56.20      0.38       0.38       0.33       0          53.49      64         64         0          0          0.1255     2.1874     48         86         96         106        116        125        160       
661        61000      61000      163.69     96.02      0.5866     56.13      0.39       0.38       0.33       0          53.45      64         64         0          0          0.1253     2.1928     48         86         96         106        116        125        160       
662        61000      61000      163.65     95.70      0.5848     56.23      0.39       0.38       0.33       0          53.40      64         64         0          0          0.1251     2.1877     48         86         96         106        116        125        160       
663        61000      61000      163.66     96.48      0.5895     56.09      0.39       0.38       0.33       0          53.36      64         64         0          0          0.1249     2.1910     48         86         96         106        116        125        161       
664        61000      61000      163.68     95.71      0.5847     56.21      0.39       0.38       0.33       0          53.32      64         64         0          0          0.1248     2.1814     48         86         96         106        116        125        161       
665        61000      61000      163.67     95.82      0.5855     56.21      0.38       0.38       0.33       0          53.28      64         64         0          0          0.1246     2.1795     49         86         96         106        116        125        160       
666        61000      61000      163.65     95.81      0.5855     56.11      0.39       0.38       0.33       0          53.24      64         64         0          0          0.1244     2.1845     49         86         96         107        116        125        160       
667        61000      61000      163.67     95.15      0.5814     55.98      0.39       0.38       0.33       0          53.20      64         64         0          0          0.1242     2.1846     49         86         96         107        116        125        160       
668        61000      61000      163.66     96.09      0.5871     55.86      0.39       0.38       0.33       0          53.16      63         63         0          0          0.1241     2.1800     49         86         96         107        116        125        160       
669        61000      61000      163.67     95.88      0.5858     55.91      0.38       0.38       0.33       0          53.12      63         63         0          0          0.1239     2.1792     49         86         96         107        116        125        160       
670        61000      61000      163.66     94.36      0.5765     55.92      0.39       0.38       0.33       0          53.08      63         63         0          0          0.1237     2.1788     48         86         96         107        116        125        161       
671        61000      61000      163.62     94.65      0.5785     55.76      0.39       0.38       0.33       0          53.04      63         63         0          0          0.1236     2.1791     48         86         96         107        116        125        161       
672        61000      61000      163.65     94.80      0.5793     55.68      0.39       0.38       0.33       0          53.00      63         63         0          0          0.1234     2.1806     48         86         96         107        116        125        161       
673        61000      61000      163.63     95.15      0.5815     55.64      0.38       0.38       0.33       0          52.96      63         63         0          0          0.1232     2.1785     47         87         96         107        116        125        161       
674        61000      61000      163.67     94.36      0.5766     55.49      0.38       0.37       0.33       0          52.93      63         63         0          0          0.1231     2.1803     47         87         96         107        116        125        161       
675        61000      61000      163.64     94.93      0.5801     55.53      0.38       0.38       0.33       0          52.89      63         63         0          0          0.1229     2.1751     47         87         96         107        116        125        160       
676        61000      61000      163.64     95.46      0.5833     55.45      0.38       0.37       0.33       0          52.86      63         63         0          0          0.1228     2.1767     47         87         97         107        116        125        159       
677        61000      61000      163.67     95.54      0.5837     55.58      0.38       0.38       0.33       0          52.82      63         63         0          0          0.1226     2.1854     47         87         97         107        116        125        159       
678        61000      61000      163.65     93.22      0.5696     55.48      0.38       0.38       0.33       0          52.79      63         63         0          0          0.1225     2.1861     47         87         97         107        116        125        159       
679        61000      61000      163.65     93.73      0.5727     55.41      0.39       0.37       0.33       0          52.75      63         63         0          0          0.1223     2.1878     47         87         97         107        116        125        158       
680        61000      61000      163.66     93.83      0.5733     55.30      0.38       0.37       0.33       0          52.71      63         63         0          0          0.1222     2.1786     47         87         97         107        116        125        158       
681        61000      61000      163.65     95.38      0.5829     55.11      0.38       0.37       0.33       0          52.68      63         63         0          0          0.1220     2.1757     47         87         97         107        116        125        158       
682        61000      61000      163.69     93.87      0.5735     55.21      0.37       0.37       0.33       0          52.64      63         63         0          0          0.1219     2.1770     47         87         97         107        117        125        158       
683        61000      61000      163.66     94.05      0.5747     55.20      0.37       0.37       0.33       0          52.60      63         63         0          0          0.1217     2.1877     47         87         97         107        117        125        157       
684        61000      61000      163.64     95.22      0.5819     55.20      0.38       0.37       0.33       0          52.57      63         63         0          0          0.1216     2.1821     48         87         97         107        117        125        157       
685        61000      61000      163.68     94.73      0.5788     55.23      0.38       0.37       0.33       0          52.53      63         63         0          0          0.1214     2.1774     48         87         97         107        117        125        158       
686        61000      61000      163.65     94.05      0.5747     55.35      0.37       0.38       0.33       0          52.50      63         63         0          0          0.1213     2.1838     48         87         97         107        117        125        158       
687        61000      61000      163.65     94.25      0.5759     55.24      0.38       0.37       0.33       0          52.46      63         63         0          0          0.1211     2.1770     48         88         97         107        117        125        158       
688        61000      61000      163.66     94.17      0.5754     55.18      0.39       0.37       0.33       0          52.43      63         63         0          0          0.1210     2.1765     48         88         97         107        117        125        158       
689        61000      61000      163.65     93.61      0.5720     55.01      0.38       0.37       0.33       0          52.40      63         63         0          0          0.1208     2.1744     48         88         97         107        117        125        158       
690        61000      61000      163.65     94.20      0.5756     55.00      0.38       0.37       0.33       0          52.36      63         63         0          0          0.1207     2.1805     48         88         97         107        117        125        158       
691        61000      61000      163.64     94.71      0.5788     54.93      0.38       0.37       0.33       0          52.33      63         63         0          0          0.1206     2.1707     48         88         97         107        117        125        158       
692        61000      61000      163.67     93.18      0.5693     54.88      0.38       0.37       0.33       0          52.29      63         63         0          0          0.1204     2.1791     48         88         97         107        117        125        158       
693        61000      61000      163.67     93.79      0.5730     54.82      0.38       0.37       0.33       0          52.26      63         63         0          0          0.1203     2.1809     47         88         97         107        117        125        158       
694        61000      61000      163.67     94.51      0.5774     54.85      0.38       0.37       0.33       0          52.23      63         63         0          0          0.1201     2.1786     47         88         98         108        117        125        159       
695        61000      61000      163.64     95.87      0.5859     54.98      0.38       0.37       0.33       0          52.20      62         62         0          0          0.1200     2.1768     47         88         98         108        117        125        159       
696        61000      61000      163.65     94.56      0.5778     54.90      0.38       0.37       0.33       0          52.17      62         62         0          0          0.1199     2.1759     47         88         98         108        117        125        159       
697        61000      61000      163.65     93.80      0.5732     55.00      0.38       0.38       0.33       0          52.14      62         62         0          0          0.1198     2.1787     47         88         98         108        117        125        159       
698        61000      61000      163.66     94.77      0.5791     54.97      0.39       0.37       0.33       0          52.11      61         61         0          0          0.1196     2.1770     47         88         98         108        117        125        159       
699        61000      61000      163.64     94.36      0.5767     55.00      0.38       0.37       0.33       0          52.08      61         61         0          0          0.1195     2.1774     47         89         98         108        117        125        159       
700        61000      61000      163.67     94.16      0.5753     54.93      0.38       0.37       0.33       0          52.05      61         61         0          0          0.1194     2.1827     48         89         98         108        117        125        159       
701        61000      61000      163.66     92.82      0.5672     54.81      0.38       0.37       0.33       0          52.02      61         61         0          0          0.1192     2.1727     48         89         98         108        117        125        159       
702        61000      61000      163.65     94.40      0.5768     54.64      0.38       0.37       0.33       0          51.99      61         61         0          0          0.1191     2.1742     48         89         98         108        117        125        159       
703        61000      61000      163.66     93.55      0.5716     54.69      0.38       0.37       0.33       0          51.96      61         61         0          0          0.1190     2.1740     48         89         98         108        117        125        159       
704        61000      61000      163.65     93.81      0.5732     54.62      0.38       0.37       0.32       0          51.93      61         61         0          0          0.1189     2.1766     48         89         98         108        117        125        159       
705        61000      61000      163.64     93.38      0.5706     54.62      0.38       0.37       0.32       0          51.90      61         61         0          0          0.1188     2.1742     48         89         98         108        117        125        159       
706        61000      61000      163.66     92.95      0.5679     54.58      0.38       0.37       0.32       0          51.86      61         61         0          0          0.1186     2.1781     48         89         98         108        117        125        158       
707        61000      61000      163.65     93.28      0.5700     54.38      0.38       0.37       0.32       0          51.83      61         61         0          0          0.1185     2.1748     48         89         98         108        117        125        158       
708        61000      61000      163.64     93.38      0.5706     54.33      0.37       0.37       0.32       0          51.81      61         61         0          0          0.1184     2.1778     48         89         98         108        117        125        158       
709        61000      61000      163.66     94.27      0.5760     54.45      0.37       0.37       0.32       0          51.78      61         61         0          0          0.1183     2.1766     48         89         98         108        117        125        158       
710        61000      61000      163.65     93.10      0.5689     54.49      0.37       0.37       0.32       0          51.75      61         61         0          0          0.1182     2.1733     48         89         98         108        117        125        158       
711        61000      61000      163.65     93.49      0.5713     54.49      0.38       0.37       0.32       0          51.72      61         61         0          0          0.1180     2.1805     48         89         98         108        117        125        158       
712        61000      61000      163.69     94.11      0.5750     54.47      0.38       0.37       0.32       0          51.69      61         61         0          0          0.1179     2.1803     48         89         98         108        117        125        157       
713        61000      61000      163.64     93.96      0.5742     54.48      0.38       0.37       0.32       0          51.67      61         61         0          0          0.1178     2.1774     48         89         98         108        117        125        157       
714        61000      61000      163.68     93.40      0.5706     54.41      0.38       0.37       0.32       0          51.64      61         61         0          0          0.1177     2.1726     49         89         98         108        117        125        157       
715        61000      61000      163.67     93.08      0.5687     54.31      0.38       0.37       0.32       0          51.61      61         61         0          0          0.1176     2.1744     49         89         98         108        117        125        157       
716        61000      61000      163.66     92.07      0.5626     54.22      0.37       0.37       0.32       0          51.58      61         61         0          0          0.1175     2.1783     49         89         98         108        117        125        157       
717        61000      61000      163.66     92.50      0.5652     54.17      0.37       0.37       0.32       0          51.55      61         61         0          0          0.1173     2.1760     49         89         99         108        117        125        157       
718        61000      61000      163.67     92.88      0.5675     54.09      0.37       0.36       0.32       0          51.53      61         61         0          0          0.1172     2.1746     50         89         99         108        117        125        157       
719        61000      61000      163.65     93.55      0.5716     54.03      0.37       0.36       0.32       0          51.50      61         61         0          0          0.1171     2.1686     50         89         99         108        117        125        157       
720        61000      61000      163.69     92.48      0.5650     54.06      0.37       0.36       0.32       0          51.47      61         61         0          0          0.1170     2.1760     50         90         99         108        117        125        157       
721        61000      61000      163.65     93.19      0.5695     53.98      0.37       0.36       0.32       0          51.45      61         61         0          0          0.1169     2.1741     49         90         99         108        117        125        157       
722        61000      61000      163.65     93.08      0.5688     54.06      0.37       0.37       0.32       0          51.42      61         61         0          0          0.1168     2.1724     49         90         99         108        117        125        157       
723        61000      61000      163.64     93.29      0.5701     54.02      0.37       0.37       0.32       0          51.39      61         61         0          0          0.1167     2.1718     49         90         99         108        117        125        158       
724        61000      61000      163.64     92.86      0.5674     54.04      0.37       0.37       0.32       0          51.37      61         61         0          0          0.1166     2.1707     49         90         99         108        117        125        158       
725        61000      61000      163.67     93.53      0.5714     53.98      0.37       0.37       0.32       0          51.34      61         61         0          0          0.1165     2.1770     49         90         99         108        117        125        157       
726        61000      61000      163.67     92.60      0.5658     53.99      0.37       0.37       0.32       0          51.31      61         61         0          0          0.1163     2.1701     49         90         99         108        117        125        157       
727        61000      61000      163.66     92.42      0.5647     53.90      0.37       0.36       0.32       0          51.29      61         61         0          0          0.1162     2.1699     49         90         99         108        117        125        157       
728        61000      61000      163.67     92.84      0.5672     54.00      0.38       0.37       0.32       0          51.26      61         61         0          0          0.1161     2.1729     49         90         99         108        117        125        158       
729        61000      61000      163.68     92.94      0.5679     53.96      0.37       0.37       0.32       0          51.24      61         61         0          0          0.1160     2.1683     49         90         99         108        117        125        158       
730        61000      61000      163.68     93.29      0.5699     53.98      0.37       0.37       0.32       0          51.22      61         61         0          0          0.1159     2.1709     49         90         99         108        117        125        158       
731        61000      61000      163.66     92.88      0.5675     53.87      0.37       0.37       0.32       0          51.19      61         61         0          0          0.1158     2.1673     49         90         99         108        117        125        157       
732        61000      61000      163.67     92.31      0.5640     53.81      0.37       0.36       0.32       0          51.17      61         61         0          0          0.1158     2.1733     49         90         99         108        117        125        157       
733        61000      61000      163.68     92.01      0.5622     53.78      0.37       0.36       0.32       0          51.15      61         61         0          0          0.1157     2.1694     49         90         99         108        117        125        156       
734        61000      61000      163.66     93.21      0.5696     53.69      0.37       0.36       0.32       0          51.13      61         61         0          0          0.1156     2.1774     49         90         99         108        117        125        156       
735        61000      61000      163.65     92.39      0.5646     53.76      0.37       0.36       0.32       0          51.10      60         60         0          0          0.1155     2.1689     49         90         99         108        117        125        156       
736        61000      61000      163.68     92.06      0.5625     53.64      0.37       0.36       0.32       0          51.08      60         60         0          0          0.1154     2.1697     49         90         99         108        117        125        156       
737        61000      61000      163.67     92.86      0.5673     53.52      0.36       0.36       0.32       0          51.06      60         60         0          0          0.1153     2.1662     50         90         99         108        117        125        156       
738        61000      61000      163.69     91.83      0.5610     53.51      0.36       0.36       0.32       0          51.03      59         59         0          0          0.1152     2.1643     51         91         99         109        117        125        156       
739        61000      61000      163.68     92.71      0.5664     53.61      0.37       0.36       0.32       0          51.01      59         59         0          0          0.1151     2.1741     51         91         99         109        117        125        156       
740        61000      61000      163.67     91.57      0.5595     53.54      0.37       0.36       0.32       0          50.99      59         59         0          0          0.1150     2.1682     51         91         99         109        117        125        156       
741        61000      61000      163.65     93.15      0.5692     53.54      0.37       0.36       0.32       0          50.96      59         59         0          0          0.1149     2.1720     51         91         99         109        117        125        156       
742        61000      61000      163.66     92.42      0.5647     53.60      0.36       0.36       0.32       0          50.94      59         59         0          0          0.1148     2.1698     51         91         99         109        117        125        156       
743        61000      61000      163.65     93.25      0.5698     53.61      0.36       0.36       0.32       0          50.92      59         59         0          0          0.1147     2.1698     51         91         99         109        117        125        156       
744        61000      61000      163.65     91.66      0.5601     53.53      0.37       0.36       0.32       0          50.90      59         59         0          0          0.1147     2.1701     51         91         99         109        117        125        156       
745        61000      61000      163.67     92.34      0.5642     53.45      0.37       0.36       0.32       0          50.88      59         59         0          0          0.1146     2.1638     51         91         99         109        117        125        157       
746        61000      61000      163.67     92.64      0.5660     53.49      0.37       0.36       0.32       0          50.85      59         59         0          0          0.1145     2.1699     51         91         100        109        117        125        157       
747        61000      61000      163.66     92.09      0.5627     53.48      0.37       0.36       0.32       0          50.83      59         59         0          0          0.1144     2.1626     51         91         100        109        117        125        157       
748        61000      61000      163.65     90.57      0.5535     53.44      0.37       0.36       0.32       0          50.82      59         59         0          0          0.1143     2.1636     51         91         100        109        117        125        157       
749        61000      61000      163.68     92.07      0.5625     53.35      0.37       0.36       0.32       0          50.79      59         59         0          0          0.1142     2.1645     51         91         100        109        117        125        157       
750        61000      61000      163.66     91.80      0.5609     53.33      0.36       0.36       0.32       0          50.77      59         59         0          0          0.1141     2.1726     51         91         100        109        117        125        157       
751        61000      61000      163.68     91.56      0.5594     53.38      0.37       0.36       0.32       0          50.75      59         59         0          0          0.1141     2.1652     51         91         100        109        117        125        157       
752        61000      61000      163.65     92.94      0.5679     53.33      0.36       0.36       0.32       0          50.73      59         59         0          0          0.1140     2.1722     53         91         100        109        117        125        157       
753        61000      61000      163.68     91.94      0.5617     53.40      0.37       0.36       0.32       0          50.71      59         59         0          0          0.1139     2.1632     53         91         100        109        117        125        156       
754        61000      61000      163.70     91.90      0.5614     53.38      0.37       0.36       0.32       0          50.69      59         59         0          0          0.1138     2.1703     53         91         100        109        117        125        156       
755        61000      61000      163.67     91.74      0.5605     53.22      0.37       0.36       0.32       0          50.67      59         59         0          0          0.1137     2.1597     53         92         100        109        117        125        156       
756        61000      61000      163.65     91.71      0.5604     53.30      0.38       0.36       0.32       0          50.65      59         59         0          0          0.1136     2.1663     53         92         100        109        117        125        156       
757        61000      61000      163.68     91.51      0.5590     53.14      0.37       0.36       0.32       0          50.63      59         59         0          0          0.1136     2.1602     53         92         100        109        117        125        156       
758        61000      61000      163.66     92.25      0.5637     53.15      0.37       0.36       0.32       0          50.61      59         59         0          0          0.1135     2.1679     53         92         100        109        117        125        156       
759        61000      61000      163.68     91.78      0.5607     53.14      0.37       0.36       0.32       0          50.59      58         58         0          0          0.1134     2.1647     53         92         100        109        117        125        156       
760        61000      61000      163.67     92.89      0.5676     53.18      0.36       0.36       0.32       0          50.57      58         58         0          0          0.1133     2.1634     53         92         100        109        117        125        156       
761        61000      61000      163.67     91.33      0.5580     53.23      0.37       0.36       0.32       0          50.55      58         58         0          0          0.1132     2.1679     53         92         100        109        117        125        156       
762        61000      61000      163.66     91.55      0.5594     53.15      0.37       0.36       0.32       0          50.53      58         58         0          0          0.1131     2.1676     53         92         100        109        117        125        156       
763        61000      61000      163.68     91.28      0.5577     53.07      0.36       0.36       0.32       0          50.51      58         58         0          0          0.1131     2.1658     53         92         100        109        117        125        156       
764        61000      61000      163.68     90.18      0.5509     53.01      0.36       0.36       0.32       0          50.49      58         58         0          0          0.1130     2.1658     53         92         100        109        117        125        157       
765        61000      61000      163.68     92.00      0.5621     52.97      0.37       0.36       0.32       0          50.47      58         58         0          0          0.1129     2.1727     53         92         100        109        117        125        157       
766        61000      61000      163.67     91.21      0.5573     52.94      0.37       0.36       0.32       0          50.45      58         58         0          0          0.1128     2.1709     53         92         100        109        117        125        157       
767        61000      61000      163.65     91.24      0.5575     52.94      0.37       0.36       0.32       0          50.43      58         58         0          0          0.1128     2.1709     53         92         100        109        117        125        156       
768        61000      61000      163.66     90.61      0.5536     52.85      0.37       0.36       0.31       0          50.41      58         58         0          0          0.1127     2.1702     53         92         100        109        117        125        156       
769        61000      61000      163.66     91.24      0.5575     52.74      0.36       0.35       0.32       0          50.39      58         58         0          0          0.1126     2.1644     53         92         100        109        117        125        156       
770        61000      61000      163.67     91.36      0.5582     52.87      0.36       0.36       0.32       0          50.37      58         58         0          0          0.1125     2.1661     53         92         100        109        118        125        156       
771        61000      61000      163.65     91.35      0.5582     52.84      0.36       0.36       0.31       0          50.36      58         58         0          0          0.1125     2.1693     53         92         100        109        118        125        156       
772        61000      61000      163.68     92.16      0.5631     52.83      0.36       0.36       0.31       0          50.34      58         58         0          0          0.1124     2.1665     53         92         100        109        118        125        156       
773        61000      61000      163.68     92.09      0.5626     52.88      0.36       0.36       0.31       0          50.32      58         58         0          0          0.1123     2.1639     53         92         100        109        118        125        156       
774        61000      61000      163.66     90.90      0.5554     52.83      0.36       0.36       0.31       0          50.31      58         58         0          0          0.1123     2.1618     53         92         100        109        118        125        156       
775        61000      61000      163.68     89.94      0.5495     52.84      0.37       0.36       0.31       0          50.29      58         58         0          0          0.1122     2.1677     54         92         100        109        118        125        156       
776        61000      61000      163.68     91.82      0.5610     52.84      0.37       0.36       0.31       0          50.27      58         58         0          0          0.1121     2.1659     54         92         100        109        118        125        156       
777        61000      61000      163.66     91.20      0.5572     52.84      0.36       0.36       0.32       0          50.25      58         58         0          0          0.1120     2.1649     54         92         100        109        118        125        156       
778        61000      61000      163.66     90.62      0.5537     52.73      0.36       0.35       0.31       0          50.23      58         58         0          0          0.1120     2.1608     54         92         100        109        118        125        156       
779        61000      61000      163.66     91.69      0.5602     52.63      0.36       0.36       0.31       0          50.22      58         58         0          0          0.1119     2.1671     55         92         100        109        118        125        156       
780        61000      61000      163.67     91.84      0.5612     52.68      0.36       0.36       0.31       0          50.20      58         58         0          0          0.1118     2.1696     56         92         100        109        118        125        156       
781        61000      61000      163.66     91.70      0.5603     52.70      0.36       0.36       0.31       0          50.19      58         58         0          0          0.1118     2.1626     56         92         101        109        118        125        156       
782        61000      61000      163.67     91.94      0.5617     53.02      0.37       0.36       0.31       0          50.17      58         58         0          0          0.1117     2.1669     56         92         101        109        118        125        157       
783        61000      61000      163.67     91.30      0.5579     52.88      0.37       0.36       0.31       0          50.16      58         58         0          0          0.1117     2.1627     56         93         101        109        118        125        157       
784        61000      61000      163.66     91.36      0.5582     52.89      0.36       0.36       0.31       0          50.14      58         58         0          0          0.1116     2.1669     56         93         101        109        118        125        157       
785        61000      61000      163.69     90.59      0.5534     52.88      0.37       0.36       0.31       0          50.13      58         58         0          0          0.1115     2.1674     56         93         101        109        118        125        157       
786        61000      61000      163.67     91.12      0.5568     52.71      0.36       0.36       0.31       0          50.11      58         58         0          0          0.1115     2.1616     56         93         101        109        118        125        157       
787        61000      61000      163.67     91.55      0.5593     52.67      0.36       0.36       0.31       0          50.09      58         58         0          0          0.1114     2.1660     56         93         101        109        118        125        157       
788        61000      61000      163.66     92.20      0.5634     52.78      0.36       0.36       0.31       0          50.08      58         58         0          0          0.1114     2.1647     56         93         101        109        118        125        157       
789        61000      61000      163.69     91.26      0.5575     52.85      0.36       0.36       0.31       0          50.06      58         58         0          0          0.1113     2.1653     55         93         101        109        118        125        157       
790        61000      61000      163.68     90.10      0.5504     52.70      0.37       0.36       0.31       0          50.05      58         58         0          0          0.1112     2.1620     56         93         101        109        118        125        157       
791        61000      61000      163.65     91.04      0.5563     52.75      0.37       0.36       0.31       0          50.03      58         58         0          0          0.1112     2.1603     56         93         101        109        118        125        157       
792        61000      61000      163.66     92.18      0.5632     52.66      0.36       0.36       0.31       0          50.02      58         58         0          0          0.1111     2.1630     56         93         101        109        118        125        157       
793        61000      61000      163.68     92.78      0.5668     52.69      0.36       0.36       0.31       0          50.00      58         58         0          0          0.1110     2.1648     56         93         101        109        118        125        157       
794        61000      61000      163.68     90.48      0.5528     52.73      0.36       0.36       0.31       0          49.99      58         58         0          0          0.1110     2.1648     56         93         101        110        118        125        157       
795        61000      61000      163.66     91.35      0.5581     52.60      0.36       0.36       0.31       0          49.97      58         58         0          0          0.1109     2.1673     56         93         101        109        118        125        157       
796        61000      61000      163.70     91.24      0.5574     52.64      0.37       0.36       0.31       0          49.96      58         58         0          0          0.1109     2.1607     56         93         101        110        118        125        156       
797        61000      61000      163.66     90.55      0.5533     52.58      0.37       0.36       0.31       0          49.95      58         58         0          0          0.1108     2.1613     56         93         101        110        118        125        156       
798        61000      61000      163.68     90.92      0.5555     52.65      0.36       0.36       0.31       0          49.94      58         58         0          0          0.1108     2.1632     56         93         101        110        118        125        156       
799        61000      61000      163.66     90.67      0.5540     52.63      0.37       0.36       0.31       0          49.92      58         58         0          0          0.1107     2.1644     56         93         101        110        118        125        156       
800        61000      61000      163.68     91.70      0.5602     52.55      0.36       0.36       0.31       0          49.91      58         58         0          0          0.1107     2.1608     56         93         101        110        118        125        156       
801        61000      61000      163.66     90.29      0.5517     52.64      0.36       0.36       0.31       0          49.89      58         58         0          0          0.1106     2.1628     56         93         101        110        118        125        156       
802        61000      61000      163.67     90.81      0.5548     52.54      0.36       0.36       0.31       0          49.88      58         58         0          0          0.1106     2.1662     56         93         101        110        118        125        156       
803        61000      61000      163.67     91.98      0.5620     52.51      0.36       0.36       0.31       0          49.87      58         58         0          0          0.1105     2.1607     56         93         101        110        118        125        156       
804        61000      61000      163.69     91.77      0.5606     52.63      0.36       0.36       0.31       0          49.86      58         58         0          0          0.1105     2.1560     56         93         101        110        118        125        156       
805        61000      61000      163.68     90.99      0.5559     52.66      0.36       0.36       0.31       0          49.84      58         58         0          0          0.1104     2.1578     56         93         101        110        118        125        156       
806        61000      61000      163.66     89.89      0.5493     52.60      0.36       0.36       0.31       0          49.83      58         58         0          0          0.1104     2.1587     56         93         101        110        118        125        156       
807        61000      61000      163.68     91.34      0.5581     52.43      0.36       0.36       0.31       0          49.82      58         58         0          0          0.1103     2.1638     56         93         101        110        118        125        156       
808        61000      61000      163.69     91.03      0.5561     52.47      0.36       0.36       0.31       0          49.81      58         58         0          0          0.1103     2.1663     55         93         101        110        118        125        156       
809        61000      61000      163.67     90.53      0.5531     52.38      0.36       0.35       0.31       0          49.79      58         58         0          0          0.1102     2.1563     55         93         101        110        118        125        156       
810        61000      61000      163.64     89.50      0.5469     52.41      0.36       0.36       0.31       0          49.78      58         58         0          0          0.1102     2.1624     55         93         101        110        118        125        156       
811        61000      61000      163.65     91.75      0.5607     52.37      0.36       0.36       0.31       0          49.77      58         58         0          0          0.1101     2.1602     55         93         101        110        118        125        156       
812        61000      61000      163.67     90.13      0.5506     52.38      0.36       0.35       0.31       0          49.75      58         58         0          0          0.1101     2.1631     55         93         101        110        118        125        156       
813        61000      61000      163.67     90.56      0.5533     52.33      0.36       0.35       0.31       0          49.74      58         58         0          0          0.1100     2.1584     56         93         101        110        118        125        156       
814        61000      61000      163.66     90.56      0.5534     52.30      0.36       0.35       0.31       0          49.73      58         58         0          0          0.1100     2.1632     57         93         101        110        118        125        156       
815        61000      61000      163.68     90.29      0.5517     52.24      0.36       0.35       0.31       0          49.72      58         58         0          0          0.1099     2.1664     57         93         101        110        118        125        156       
816        61000      61000      163.67     91.61      0.5597     52.29      0.36       0.35       0.31       0          49.71      58         58         0          0          0.1099     2.1601     57         94         101        110        118        125        156       
817        61000      61000      163.65     89.64      0.5478     52.26      0.36       0.35       0.31       0          49.70      58         58         0          0          0.1098     2.1655     57         94         101        110        118        125        156       
818        61000      61000      163.66     91.29      0.5578     52.25      0.36       0.35       0.31       0          49.69      58         58         0          0          0.1098     2.1574     57         94         101        110        118        125        156       
819        61000      61000      163.68     90.52      0.5530     52.19      0.37       0.35       0.31       0          49.67      58         58         0          0          0.1097     2.1613     57         94         101        110        118        125        156       
820        61000      61000      163.69     90.17      0.5509     52.12      0.36       0.35       0.31       0          49.67      58         58         0          0          0.1097     2.1642     57         94         101        110        118        125        156       
821        61000      61000      163.69     89.90      0.5492     52.13      0.36       0.35       0.31       0          49.65      58         58         0          0          0.1096     2.1558     58         94         101        110        118        125        156       
822        61000      61000      163.68     90.94      0.5556     52.20      0.35       0.35       0.31       0          49.64      58         58         0          0          0.1096     2.1628     58         94         101        110        118        125        156       
823        61000      61000      163.65     90.02      0.5501     52.22      0.36       0.35       0.31       0          49.63      58         58         0          0          0.1096     2.1592     58         94         101        110        118        125        156       
824        61000      61000      163.70     90.39      0.5522     52.12      0.36       0.35       0.31       0          49.62      58         58         0          0          0.1095     2.1601     58         94         101        110        118        125        156       
825        61000      61000      163.64     90.71      0.5543     52.18      0.36       0.35       0.31       0          49.61      58         58         0          0          0.1095     2.1632     58         94         101        110        118        125        156       
826        61000      61000      163.69     91.07      0.5564     52.18      0.36       0.35       0.31       0          49.60      58         58         0          0          0.1094     2.1608     58         94         101        110        118        125        156       
827        61000      61000      163.68     90.30      0.5517     52.30      0.36       0.36       0.31       0          49.59      58         58         0          0          0.1094     2.1572     58         94         101        110        118        125        156       
828        61000      61000      163.66     89.70      0.5481     52.20      0.36       0.35       0.31       0          49.58      58         58         0          0          0.1094     2.1635     58         94         101        110        118        125        156       
829        61000      61000      163.65     90.38      0.5523     52.17      0.36       0.35       0.31       0          49.57      58         58         0          0          0.1093     2.1588     58         94         101        110        118        125        156       
830        61000      61000      163.69     89.69      0.5479     52.17      0.36       0.35       0.31       0          49.56      58         58         0          0          0.1093     2.1625     58         94         101        110        118        125        156       
831        61000      61000      163.68     91.28      0.5576     52.11      0.36       0.35       0.31       0          49.55      58         58         0          0          0.1092     2.1545     58         94         101        110        118        125        156       
832        61000      61000      163.67     90.81      0.5548     52.13      0.36       0.35       0.31       0          49.54      58         58         0          0          0.1092     2.1564     58         94         101        110        118        125        156       
833        61000      61000      163.66     90.26      0.5515     52.15      0.36       0.35       0.31       0          49.53      58         58         0          0          0.1092     2.1588     58         94         101        110        118        125        156       
834        61000      61000      163.67     90.63      0.5537     52.12      0.36       0.35       0.31       0          49.52      58         58         0          0          0.1091     2.1636     58         94         101        110        118        125        156       
835        61000      61000      163.67     90.65      0.5539     52.11      0.36       0.35       0.31       0          49.51      58         58         0          0          0.1091     2.1570     58         94         101        110        118        125        156       
836        61000      61000      163.69     91.12      0.5567     52.17      0.36       0.35       0.31       0          49.50      58         58         0          0          0.1090     2.1577     58         94         101        110        118        125        156       
837        61000      61000      163.69     91.08      0.5564     52.15      0.36       0.35       0.31       0          49.49      58         58         0          0          0.1090     2.1614     58         94         101        110        118        125        156       
838        61000      61000      163.67     89.10      0.5444     52.23      0.36       0.36       0.31       0          49.48      58         58         0          0          0.1090     2.1649     58         94         102        110        118        125        156       
839        61000      61000      163.67     90.44      0.5526     52.08      0.36       0.35       0.31       0          49.47      58         58         0          0          0.1089     2.1591     58         94         102        110        118        125        156       
840        61000      61000      163.66     91.18      0.5571     52.09      0.36       0.35       0.31       0          49.46      58         58         0          0          0.1089     2.1646     58         94         102        110        118        125        156       
841        61000      61000      163.65     90.71      0.5543     52.20      0.36       0.36       0.31       0          49.45      58         58         0          0          0.1088     2.1512     58         94         102        110        118        125        156       
842        61000      61000      163.68     90.73      0.5543     52.23      0.36       0.36       0.31       0          49.44      58         58         0          0          0.1088     2.1553     58         94         102        110        118        125        156       
843        61000      61000      163.66     89.80      0.5487     52.09      0.36       0.35       0.31       0          49.43      58         58         0          0          0.1088     2.1559     58         94         102        110        118        125        156       
844        61000      61000      163.68     90.34      0.5519     52.15      0.36       0.35       0.31       0          49.42      58         58         0          0          0.1087     2.1597     58         94         102        110        118        125        156       
845        61000      61000      163.68     91.03      0.5562     52.22      0.36       0.36       0.31       0          49.41      58         58         0          0          0.1087     2.1566     58         94         102        110        118        125        156       
846        61000      61000      163.69     89.66      0.5478     52.12      0.36       0.35       0.31       0          49.40      58         58         0          0          0.1087     2.1541     58         94         102        110        118        125        156       
847        61000      61000      163.66     90.69      0.5541     52.07      0.36       0.35       0.31       0          49.39      58         58         0          0          0.1086     2.1604     58         94         102        110        118        125        155       
848        61000      61000      163.65     90.38      0.5523     51.93      0.35       0.35       0.31       0          49.38      58         58         0          0          0.1086     2.1608     58         94         102        110        118        125        155       
849        61000      61000      163.67     90.24      0.5513     52.01      0.36       0.35       0.31       0          49.37      58         58         0          0          0.1085     2.1538     58         95         102        110        118        125        155       
850        61000      61000      163.67     90.40      0.5523     52.17      0.36       0.35       0.31       0          49.37      58         58         0          0          0.1085     2.1555     58         95         102        110        118        125        155       
851        61000      61000      163.68     90.15      0.5507     52.07      0.36       0.35       0.31       0          49.35      58         58         0          0          0.1085     2.1594     58         95         102        110        118        125        155       
852        61000      61000      163.68     90.59      0.5534     52.02      0.36       0.35       0.31       0          49.35      58         58         0          0          0.1084     2.1599     58         95         102        110        118        125        155       
853        61000      61000      163.68     89.93      0.5494     52.03      0.36       0.35       0.31       0          49.34      58         58         0          0          0.1084     2.1578     59         95         102        110        118        125        155       
854        61000      61000      163.68     89.35      0.5459     51.91      0.36       0.35       0.31       0          49.33      58         58         0          0          0.1084     2.1586     59         95         102        110        118        125        155       
855        61000      61000      163.68     89.92      0.5493     51.94      0.35       0.35       0.31       0          49.32      58         58         0          0          0.1083     2.1630     59         95         102        110        118        125        155       
856        61000      61000      163.67     90.01      0.5499     51.92      0.36       0.35       0.31       0          49.31      58         58         0          0          0.1083     2.1625     60         95         102        110        118        125        155       
857        61000      61000      163.67     89.39      0.5462     51.89      0.36       0.35       0.31       0          49.30      58         58         0          0          0.1083     2.1593     60         95         102        110        118        125        155       
858        61000      61000      163.68     89.51      0.5468     51.89      0.36       0.35       0.31       0          49.29      58         58         0          0          0.1082     2.1588     60         95         102        110        118        125        155       
859        61000      61000      163.71     89.41      0.5461     51.80      0.35       0.35       0.31       0          49.28      58         58         0          0          0.1082     2.1617     60         95         102        110        118        125        155       
860        61000      61000      163.69     89.24      0.5452     51.74      0.36       0.35       0.31       0          49.27      58         58         0          0          0.1081     2.1651     60         95         102        110        118        125        155       
861        61000      61000      163.66     89.73      0.5483     51.66      0.35       0.35       0.31       0          49.26      58         58         0          0          0.1081     2.1551     60         95         102        110        118        125        155       
862        61000      61000      163.69     90.14      0.5506     51.77      0.36       0.35       0.31       0          49.26      58         58         0          0          0.1081     2.1568     60         95         102        110        118        125        155       
863        61000      61000      163.65     89.99      0.5499     51.75      0.36       0.35       0.31       0          49.25      58         58         0          0          0.1081     2.1613     61         95         102        110        118        125        155       
864        61000      61000      163.68     89.83      0.5488     51.83      0.35       0.35       0.31       0          49.24      58         58         0          0          0.1080     2.1619     61         95         102        110        118        125        155       
865        61000      61000      163.67     90.22      0.5512     51.90      0.35       0.35       0.31       0          49.23      58         58         0          0          0.1080     2.1574     62         95         102        110        118        125        155       
866        61000      61000      163.69     88.87      0.5430     51.88      0.36       0.35       0.31       0          49.22      58         58         0          0          0.1080     2.1566     62         95         102        110        118        125        155       
867        61000      61000      163.67     89.63      0.5476     51.74      0.36       0.35       0.31       0          49.22      58         58         0          0          0.1079     2.1585     62         95         102        110        118        125        155       
868        61000      61000      163.66     89.79      0.5487     51.63      0.35       0.35       0.31       0          49.21      58         58         0          0          0.1079     2.1582     62         95         102        110        118        125        155       
869        61000      61000      163.69     89.81      0.5487     51.78      0.36       0.35       0.31       0          49.20      58         58         0          0          0.1078     2.1556     62         95         102        110        118        125        155       
870        61000      61000      163.68     90.10      0.5504     51.90      0.36       0.35       0.31       0          49.19      58         58         0          0          0.1078     2.1629     62         95         102        110        118        125        155       
871        61000      61000      163.67     89.93      0.5495     51.77      0.36       0.35       0.31       0          49.18      58         58         0          0          0.1078     2.1611     62         95         102        110        118        125        155       
872        61000      61000      163.67     90.03      0.5501     51.78      0.36       0.35       0.31       0          49.17      58         58         0          0          0.1078     2.1587     62         95         102        110        118        125        155       
873        61000      61000      163.68     90.65      0.5538     51.83      0.36       0.35       0.31       0          49.17      58         58         0          0          0.1077     2.1615     62         95         102        110        118        125        155       
874        61000      61000      163.68     90.60      0.5536     51.76      0.37       0.35       0.31       0          49.16      58         58         0          0          0.1077     2.1605     62         95         102        110        118        125        155       
875        61000      61000      163.68     89.60      0.5474     51.87      0.36       0.35       0.31       0          49.15      58         58         0          0          0.1077     2.1558     62         95         102        110        118        125        155       
876        61000      61000      163.68     90.21      0.5512     51.85      0.36       0.35       0.31       0          49.14      58         58         0          0          0.1076     2.1591     62         95         102        110        118        125        155       
877        61000      61000      163.67     90.11      0.5506     51.86      0.36       0.35       0.31       0          49.14      58         58         0          0          0.1076     2.1550     60         95         102        110        118        125        155       
878        61000      61000      163.69     89.01      0.5437     51.75      0.35       0.35       0.31       0          49.13      58         58         0          0          0.1076     2.1530     60         95         102        110        118        125        155       
879        61000      61000      163.65     90.00      0.5500     51.77      0.36       0.35       0.31       0          49.12      58         58         0          0          0.1076     2.1512     60         95         102        110        118        125        155       
880        61000      61000      163.68     89.79      0.5486     51.74      0.36       0.35       0.31       0          49.11      58         58         0          0          0.1075     2.1603     60         95         102        110        118        125        155       
881        61000      61000      163.69     90.46      0.5527     51.80      0.35       0.35       0.31       0          49.11      58         58         0          0          0.1075     2.1554     60         95         102        110        118        125        155       
882        61000      61000      163.68     89.18      0.5448     51.85      0.36       0.35       0.31       0          49.10      58         58         0          0          0.1075     2.1563     60         95         102        110        118        125        155       
883        61000      61000      163.68     90.19      0.5510     51.84      0.36       0.35       0.31       0          49.09      58         58         0          0          0.1074     2.1581     60         95         102        110        118        125        155       
884        61000      61000      163.68     90.04      0.5501     51.74      0.36       0.35       0.31       0          49.08      58         58         0          0          0.1074     2.1616     60         95         102        110        118        125        155       
885        61000      61000      163.67     89.04      0.5440     51.67      0.35       0.35       0.31       0          49.08      58         58         0          0          0.1074     2.1599     60         95         102        110        118        125        155       
886        61000      61000      163.69     90.33      0.5518     51.75      0.36       0.35       0.31       0          49.07      58         58         0          0          0.1074     2.1572     60         95         102        110        118        125        154       
887        61000      61000      163.69     90.22      0.5512     51.82      0.36       0.35       0.31       0          49.06      58         58         0          0          0.1073     2.1528     60         95         102        110        118        125        154       
888        61000      61000      163.68     88.50      0.5407     51.73      0.37       0.35       0.31       0          49.06      58         58         0          0          0.1073     2.1617     60         95         102        110        118        125        154       
889        61000      61000      163.67     89.81      0.5487     51.71      0.36       0.35       0.31       0          49.05      58         58         0          0          0.1073     2.1589     60         95         102        110        118        125        154       
890        61000      61000      163.66     90.05      0.5502     51.70      0.36       0.35       0.31       0          49.04      58         58         0          0          0.1072     2.1583     60         95         102        110        118        125        154       
891        61000      61000      163.65     89.76      0.5485     51.72      0.36       0.35       0.31       0          49.04      58         58         0          0          0.1072     2.1527     60         95         102        110        118        125        154       
892        61000      61000      163.68     89.39      0.5461     51.66      0.36       0.35       0.31       0          49.03      58         58         0          0          0.1072     2.1632     60         95         102        110        118        125        154       
893        61000      61000      163.67     90.98      0.5559     51.67      0.35       0.35       0.31       0          49.03      58         58         0          0          0.1072     2.1516     60         95         102        110        118        125        154       
894        61000      61000      163.68     89.62      0.5475     51.79      0.36       0.35       0.31       0          49.02      58         58         0          0          0.1072     2.1573     60         95         102        110        118        125        154       
895        61000      61000      163.67     89.77      0.5485     51.76      0.36       0.35       0.31       0          49.01      58         58         0          0          0.1071     2.1598     60         95         102        110        118        125        154       
896        61000      61000      163.68     89.19      0.5449     51.62      0.36       0.35       0.31       0          49.01      58         58         0          0          0.1071     2.1578     60         95         102        110        118        125        154       
897        61000      61000      163.67     90.21      0.5512     51.66      0.36       0.35       0.31       0          49.00      58         58         0          0          0.1071     2.1555     60         95         102        110        118        125        154       
898        61000      61000      163.68     88.88      0.5430     51.65      0.36       0.35       0.31       0          48.99      58         58         0          0          0.1071     2.1606     60         95         102        110        118        125        154       
899        61000      61000      163.69     89.63      0.5476     51.54      0.36       0.35       0.31       0          48.99      58         58         0          0          0.1070     2.1625     60         95         102        110        118        125        154       
900        61000      61000      163.65     89.78      0.5486     51.58      0.35       0.35       0.31       0          48.98      58         58         0          0          0.1070     2.1590     60         95         102        110        118        125        154       
901        61000      61000      163.67     89.54      0.5471     51.44      0.35       0.35       0.31       0          48.98      58         58         0          0          0.1070     2.1586     60         95         102        110        118        125        154       
902        61000      61000      163.67     89.18      0.5449     51.59      0.35       0.35       0.31       0          48.97      58         58         0          0          0.1070     2.1540     60         95         102        110        118        125        154       
903        61000      61000      163.68     88.92      0.5433     51.59      0.35       0.35       0.31       0          48.96      58         58         0          0          0.1069     2.1529     60         95         102        110        118        125        154       
904        61000      61000      163.68     89.00      0.5437     51.51      0.35       0.35       0.31       0          48.96      58         58         0          0          0.1069     2.1600     60         95         102        110        118        125        153       
905        61000      61000      163.67     89.51      0.5469     51.46      0.35       0.35       0.31       0          48.95      58         58         0          0          0.1069     2.1522     60         95         102        110        118        125        153       
906        61000      61000      163.70     90.24      0.5512     51.39      0.35       0.35       0.31       0          48.95      58         58         0          0          0.1069     2.1635     60         96         102        110        118        125        153       
907        61000      61000      163.66     89.31      0.5457     51.50      0.35       0.35       0.31       0          48.94      58         58         0          0          0.1069     2.1553     60         96         102        110        118        125        153       
908        61000      61000      163.70     88.90      0.5430     51.55      0.36       0.35       0.31       0          48.94      58         58         0          0          0.1068     2.1540     60         96         102        110        118        125        153       
909        61000      61000      163.70     89.30      0.5455     51.59      0.35       0.35       0.31       0          48.93      58         58         0          0          0.1068     2.1506     60         96         102        110        118        125        153       
910        61000      61000      163.67     90.63      0.5537     51.51      0.35       0.35       0.31       0          48.93      58         58         0          0          0.1068     2.1539     60         96         102        110        118        125        153       
911        61000      61000      163.68     90.90      0.5553     51.59      0.36       0.35       0.31       0          48.92      58         58         0          0          0.1068     2.1553     60         96         102        110        118        125        153       
912        61000      61000      163.68     89.31      0.5456     51.64      0.36       0.35       0.31       0          48.91      58         58         0          0          0.1067     2.1524     60         96         102        110        118        125        153       
913        61000      61000      163.67     89.80      0.5487     51.64      0.36       0.35       0.31       0          48.91      58         58         0          0          0.1067     2.1549     60         96         102        110        118        125        153       
914        61000      61000      163.68     90.01      0.5499     51.59      0.36       0.35       0.31       0          48.90      58         58         0          0          0.1067     2.1558     60         96         102        110        118        125        153       
915        61000      61000      163.68     89.84      0.5489     51.60      0.36       0.35       0.31       0          48.90      58         58         0          0          0.1067     2.1492     60         96         102        110        118        125        153       
916        61000      61000      163.68     88.61      0.5414     51.51      0.36       0.35       0.31       0          48.89      58         58         0          0          0.1067     2.1592     60         96         102        110        118        125        153       
917        61000      61000      163.67     89.70      0.5480     51.57      0.35       0.35       0.31       0          48.89      58         58         0          0          0.1066     2.1607     60         96         102        110        118        125        153       
918        61000      61000      163.68     89.36      0.5459     51.43      0.35       0.35       0.31       0          48.88      58         58         0          0          0.1066     2.1494     60         96         102        110        118        125        153       
919        61000      61000      163.68     89.48      0.5467     51.46      0.36       0.35       0.31       0          48.88      58         58         0          0          0.1066     2.1564     60         96         102        110        118        125        153       
920        61000      61000      163.67     89.54      0.5470     51.58      0.35       0.35       0.31       0          48.87      58         58         0          0          0.1066     2.1514     60         96         102        110        118        125        153       
921        61000      61000      163.66     90.28      0.5517     51.55      0.36       0.35       0.31       0          48.87      58         58         0          0          0.1065     2.1523     60         96         102        110        118        125        153       
922        61000      61000      163.68     89.52      0.5469     51.54      0.35       0.35       0.31       0          48.86      58         58         0          0          0.1065     2.1519     60         96         102        110        118        125        153       
923        61000      61000      163.67     89.47      0.5467     51.48      0.36       0.35       0.30       0          48.86      58         58         0          0          0.1065     2.1561     60         96         102        110        118        125        153       
924        61000      61000      163.68     89.91      0.5493     51.50      0.35       0.35       0.31       0          48.85      58         58         0          0          0.1065     2.1535     60         96         102        110        118        125        153       
925        61000      61000      163.69     90.50      0.5529     51.61      0.35       0.35       0.31       0          48.84      58         58         0          0          0.1065     2.1557     60         96         103        110        118        125        153       
926        61000      61000      163.68     89.30      0.5456     51.53      0.36       0.35       0.30       0          48.84      58         58         0          0          0.1064     2.1528     60         96         103        110        118        125        153       
927        61000      61000      163.70     89.86      0.5489     51.70      0.36       0.35       0.31       0          48.83      58         58         0          0          0.1064     2.1524     60         96         103        110        118        125        153       
928        61000      61000      163.65     89.94      0.5496     51.62      0.36       0.35       0.31       0          48.83      58         58         0          0          0.1064     2.1555     60         96         103        110        118        125        153       
929        61000      61000      163.69     89.42      0.5462     51.66      0.36       0.35       0.31       0          48.82      58         58         0          0          0.1064     2.1566     60         96         103        110        118        125        153       
930        61000      61000      163.70     89.07      0.5441     51.53      0.36       0.35       0.31       0          48.82      58         58         0          0          0.1064     2.1571     60         96         103        110        118        125        153       
931        61000      61000      163.69     89.54      0.5470     51.55      0.35       0.35       0.31       0          48.81      58         58         0          0          0.1063     2.1529     60         96         103        110        118        125        153       
932        61000      61000      163.69     88.77      0.5423     51.51      0.36       0.35       0.31       0          48.81      58         58         0          0          0.1063     2.1564     60         96         103        110        118        125        153       
933        61000      61000      163.68     89.69      0.5479     51.39      0.35       0.35       0.30       0          48.80      58         58         0          0          0.1063     2.1522     62         96         103        110        118        125        153       
934        61000      61000      163.67     89.65      0.5478     51.43      0.36       0.35       0.31       0          48.80      58         58         0          0          0.1063     2.1553     62         96         103        110        118        125        153       
935        61000      61000      163.68     89.42      0.5463     51.44      0.36       0.35       0.30       0          48.79      58         58         0          0          0.1063     2.1551     62         96         103        110        118        125        153       
936        61000      61000      163.67     88.85      0.5429     51.43      0.35       0.35       0.30       0          48.79      58         58         0          0          0.1062     2.1537     62         96         103        110        118        125        153       
937        61000      61000      163.69     89.05      0.5440     51.48      0.36       0.35       0.30       0          48.78      58         58         0          0          0.1062     2.1511     62         96         103        110        118        125        153       
938        61000      61000      163.69     90.19      0.5510     51.41      0.35       0.35       0.31       0          48.78      58         58         0          0          0.1062     2.1551     62         96         103        110        118        125        153       
939        61000      61000      163.68     89.24      0.5452     51.50      0.35       0.35       0.31       0          48.78      58         58         0          0          0.1062     2.1623     62         96         103        110        118        125        153       
940        61000      61000      163.69     89.05      0.5440     51.50      0.35       0.35       0.30       0          48.77      58         58         0          0          0.1062     2.1479     62         96         103        110        118        125        152       
941        61000      61000      163.65     89.91      0.5494     51.43      0.36       0.35       0.30       0          48.77      58         58         0          0          0.1062     2.1608     62         96         103        110        118        125        152       
942        61000      61000      163.66     89.71      0.5481     51.53      0.35       0.35       0.30       0          48.76      58         58         0          0          0.1061     2.1561     63         96         103        110        118        125        152       
943        61000      61000      163.68     88.84      0.5427     51.50      0.36       0.35       0.30       0          48.76      58         58         0          0          0.1061     2.1593     63         96         103        110        118        125        152       
944        61000      61000      163.68     88.80      0.5425     51.48      0.36       0.35       0.30       0          48.75      58         58         0          0          0.1061     2.1519     63         96         103        110        118        125        152       
945        61000      61000      163.68     89.48      0.5467     51.41      0.36       0.35       0.30       0          48.75      58         58         0          0          0.1061     2.1546     63         96         103        110        118        125        152       
946        61000      61000      163.68     88.85      0.5429     51.42      0.36       0.35       0.31       0          48.75      58         58         0          0          0.1061     2.1617     63         96         103        110        118        125        152       
947        61000      61000      163.68     89.37      0.5460     51.32      0.35       0.35       0.30       0          48.74      58         58         0          0          0.1061     2.1600     63         96         103        110        118        125        152       
948        61000      61000      163.69     89.18      0.5448     51.27      0.35       0.35       0.30       0          48.74      58         58         0          0          0.1060     2.1565     63         96         103        110        118        125        152       
949        61000      61000      163.65     88.13      0.5385     51.28      0.35       0.35       0.30       0          48.73      58         58         0          0          0.1060     2.1576     63         96         103        110        118        125        152       
950        61000      61000      163.67     88.59      0.5413     51.22      0.35       0.35       0.30       0          48.73      58         58         0          0          0.1060     2.1543     63         96         103        110        118        125        152       
951        61000      61000      163.69     88.40      0.5401     51.29      0.35       0.35       0.31       0          48.72      58         58         0          0          0.1060     2.1607     63         96         103        110        118        125        152       
952        61000      61000      163.68     89.46      0.5465     51.18      0.35       0.35       0.30       0          48.72      58         58         0          0          0.1060     2.1589     63         96         103        110        118        125        152       
953        61000      61000      163.69     88.67      0.5417     51.24      0.35       0.35       0.31       0          48.72      58         58         0          0          0.1060     2.1595     63         96         103        110        118        125        152       
954        61000      61000      163.68     89.24      0.5452     51.13      0.35       0.35       0.30       0          48.71      58         58         0          0          0.1059     2.1569     63         96         103        110        118        125        152       
955        61000      61000      163.70     88.72      0.5420     51.20      0.35       0.35       0.30       0          48.71      58         58         0          0          0.1059     2.1572     63         96         103        110        118        125        152       
956        61000      61000      163.67     88.69      0.5419     51.14      0.35       0.35       0.30       0          48.70      58         58         0          0          0.1059     2.1552     63         96         103        110        118        125        152       
957        61000      61000      163.67     88.83      0.5427     51.16      0.35       0.35       0.30       0          48.70      58         58         0          0          0.1059     2.1557     63         96         103        110        118        125        152       
958        61000      61000      163.67     88.80      0.5426     51.33      0.36       0.35       0.31       0          48.70      58         58         0          0          0.1059     2.1548     63         96         103        110        118        125        152       
959        61000      61000      163.68     90.62      0.5536     51.31      0.35       0.35       0.30       0          48.69      58         58         0          0          0.1059     2.1495     63         96         103        110        118        125        152       
960        61000      61000      163.67     89.56      0.5472     51.27      0.36       0.35       0.30       0          48.69      58         58         0          0          0.1058     2.1547     63         96         103        110        118        125        152       
961        61000      61000      163.70     89.53      0.5469     51.36      0.36       0.35       0.30       0          48.68      58         58         0          0          0.1058     2.1500     63         96         103        110        118        125        152       
962        61000      61000      163.68     88.77      0.5423     51.25      0.35       0.35       0.30       0          48.68      58         58         0          0          0.1058     2.1614     63         96         103        110        118        125        152       
963        61000      61000      163.67     88.68      0.5418     51.31      0.36       0.35       0.30       0          48.68      58         58         0          0          0.1058     2.1544     63         96         103        110        118        125        152       
964        61000      61000      163.66     90.07      0.5503     51.40      0.35       0.35       0.30       0          48.67      58         58         0          0          0.1058     2.1591     63         96         103        110        118        125        152       
965        61000      61000      163.69     89.49      0.5467     51.29      0.35       0.35       0.30       0          48.67      58         58         0          0          0.1058     2.1567     62         96         103        110        118        125        152       
966        61000      61000      163.69     88.79      0.5424     51.38      0.35       0.35       0.30       0          48.66      58         58         0          0          0.1058     2.1555     62         96         103        110        118        125        152       
967        61000      61000      163.69     89.11      0.5444     51.33      0.36       0.35       0.30       0          48.66      58         58         0          0          0.1057     2.1591     62         96         103        111        118        125        152       
968        61000      61000      163.69     88.74      0.5421     51.31      0.35       0.35       0.30       0          48.66      58         58         0          0          0.1057     2.1564     62         96         103        111        118        125        152       
969        61000      61000      163.68     89.33      0.5457     51.29      0.35       0.35       0.30       0          48.65      58         58         0          0          0.1057     2.1487     62         96         103        111        118        125        152       
970        61000      61000      163.68     89.43      0.5464     51.25      0.35       0.35       0.30       0          48.65      58         58         0          0          0.1057     2.1578     62         96         103        111        118        125        152       
971        61000      61000      163.68     88.44      0.5403     51.29      0.35       0.35       0.30       0          48.65      58         58         0          0          0.1057     2.1538     62         96         103        111        118        125        152       
972        61000      61000      163.66     89.18      0.5449     51.30      0.35       0.35       0.30       0          48.64      58         58         0          0          0.1057     2.1572     62         96         103        111        118        125        152       
973        61000      61000      163.70     89.42      0.5462     51.30      0.35       0.35       0.30       0          48.64      58         58         0          0          0.1057     2.1602     62         96         103        111        118        125        152       
974        61000      61000      163.66     89.94      0.5495     51.27      0.35       0.35       0.30       0          48.64      58         58         0          0          0.1056     2.1598     62         96         103        111        118        125        152       
975        61000      61000      163.68     89.59      0.5473     51.40      0.36       0.35       0.30       0          48.63      58         58         0          0          0.1056     2.1519     62         96         103        111        118        125        152       
976        61000      61000      163.67     89.50      0.5469     51.40      0.36       0.35       0.30       0          48.63      58         58         0          0          0.1056     2.1473     62         96         103        111        118        125        152       
977        61000      61000      163.68     90.46      0.5527     51.45      0.36       0.35       0.30       0          48.62      58         58         0          0          0.1056     2.1505     62         96         103        111        118        125        152       
978        61000      61000      163.67     88.66      0.5417     51.48      0.36       0.35       0.30       0          48.62      58         58         0          0          0.1056     2.1560     62         96         103        111        118        125        152       
979        61000      61000      163.69     90.41      0.5523     51.42      0.36       0.35       0.30       0          48.62      58         58         0          0          0.1056     2.1544     62         96         103        111        118        125        152       
980        61000      61000      163.67     88.85      0.5429     51.50      0.36       0.35       0.30       0          48.62      58         58         0          0          0.1056     2.1550     62         96         103        111        118        125        152       
981        61000      61000      163.68     88.62      0.5414     51.44      0.36       0.35       0.30       0          48.61      58         58         0          0          0.1056     2.1518     62         96         103        111        118        125        152       
982        61000      61000      163.69     89.55      0.5471     51.40      0.35       0.35       0.30       0          48.61      58         58         0          0          0.1055     2.1541     62         96         103        111        118        125        152       
983        61000      61000      163.67     89.53      0.5470     51.37      0.36       0.35       0.30       0          48.61      58         58         0          0          0.1055     2.1575     62         96         103        111        118        125        152       
984        61000      61000      163.67     89.92      0.5494     51.38      0.36       0.35       0.30       0          48.60      58         58         0          0          0.1055     2.1511     62         96         103        111        118        125        152       
985        61000      61000      163.67     88.90      0.5431     51.39      0.36       0.35       0.30       0          48.60      58         58         0          0          0.1055     2.1533     62         96         103        111        118        125        152       
986        61000      61000      163.67     89.59      0.5474     51.32      0.35       0.35       0.30       0          48.60      58         58         0          0          0.1055     2.1533     62         96         103        111        118        125        152       
987        61000      61000      163.65     89.56      0.5473     51.29      0.35       0.35       0.30       0          48.59      58         58         0          0          0.1055     2.1557     62         96         103        111        118        125        152       
988        61000      61000      163.66     88.82      0.5427     51.33      0.35       0.35       0.30       0          48.59      58         58         0          0          0.1055     2.1600     62         96         103        111        118        125        152       
989        61000      61000      163.70     90.77      0.5545     51.42      0.35       0.35       0.30       0          48.59      58         58         0          0          0.1055     2.1562     62         96         103        111        118        125        152       
990        61000      61000      163.69     89.62      0.5475     51.60      0.36       0.35       0.30       0          48.59      58         58         0          0          0.1055     2.1621     62         96         103        111        118        125        152       
991        61000      61000      163.67     89.94      0.5495     51.60      0.36       0.35       0.30       0          48.58      58         58         0          0          0.1054     2.1510     63         96         103        111        118        125        152       
992        61000      61000      163.68     89.46      0.5466     51.58      0.36       0.35       0.30       0          48.58      58         58         0          0          0.1054     2.1602     63         96         103        111        118        125        152       
993        61000      61000      163.68     90.21      0.5511     51.60      0.36       0.35       0.30       0          48.58      58         58         0          0          0.1054     2.1579     63         96         103        111        118        125        152       
994        61000      61000      163.67     89.01      0.5438     51.54      0.36       0.35       0.30       0          48.57      58         58         0          0          0.1054     2.1553     63         96         103        111        118        125        152       
995        61000      61000      163.66     89.00      0.5438     51.48      0.36       0.35       0.30       0          48.57      58         58         0          0          0.1054     2.1560     63         96         103        111        118        125        152       
996        61000      61000      163.66     89.86      0.5491     51.38      0.36       0.35       0.30       0          48.57      58         58         0          0          0.1054     2.1562     63         96         103        111        118        125        152       
997        61000      61000      163.67     89.12      0.5445     51.38      0.36       0.35       0.30       0          48.56      58         58         0          0          0.1054     2.1539     63         96         103        111        118        125        152       
998        61000      61000      163.69     89.38      0.5461     51.30      0.35       0.35       0.30       0          48.56      58         58         0          0          0.1054     2.1537     63         96         103        111        118        125        152       
999        61000      61000      163.68     89.06      0.5441     51.28      0.35       0.35       0.30       0          48.56      58         58         0          0          0.1053     2.1530     63         96         103        111        118        125        152       
1000       61000      61000      163.67     89.19      0.5449     51.33      0.35       0.35       0.30       0          48.55      58         58         0          0          0.1053     2.1502     64         96         103        111        118        125        152       
1001       61000      61000      163.67     88.34      0.5397     51.45      0.36       0.35       0.30       0          48.55      58         58         0          0          0.1053     2.1538     64         96         103        111        118        125        152       
1002       61000      61000      163.66     89.46      0.5466     51.32      0.35       0.35       0.30       0          48.55      58         58         0          0          0.1053     2.1549     64         96         103        111        118        125        152       
1003       61000      61000      163.66     90.65      0.5539     51.34      0.35       0.35       0.30       0          48.55      58         58         0          0          0.1053     2.1551     64         96         103        111        118        125        152       
1004       61000      61000      163.69     88.84      0.5428     51.36      0.35       0.35       0.30       0          48.54      58         58         0          0          0.1053     2.1553     64         96         103        111        118        125        152       
1005       61000      61000      163.68     89.29      0.5455     51.42      0.36       0.35       0.30       0          48.54      58         58         0          0          0.1053     2.1497     64         96         103        111        118        125        152       
1006       61000      61000      163.69     89.58      0.5473     51.34      0.35       0.35       0.30       0          48.54      58         58         0          0          0.1053     2.1494     64         96         103        111        118        125        152       
1007       61000      61000      163.69     89.40      0.5461     51.34      0.35       0.35       0.30       0          48.54      58         58         0          0          0.1053     2.1565     64         96         103        111        118        125        152       
1008       61000      61000      163.68     89.48      0.5467     51.38      0.36       0.35       0.30       0          48.53      58         58         0          0          0.1052     2.1559     64         96         103        111        118        125        152       
1009       61000      61000      163.67     88.72      0.5421     51.42      0.36       0.35       0.30       0          48.53      57         57         0          0          0.1052     2.1546     64         96         103        111        118        125        152       
1010       61000      61000      163.70     89.39      0.5461     51.45      0.35       0.35       0.30       0          48.53      57         57         0          0          0.1052     2.1593     64         96         103        111        118        125        152       
1011       61000      61000      163.66     89.41      0.5463     51.31      0.35       0.35       0.30       0          48.53      57         57         0          0          0.1052     2.1562     64         96         103        111        118        125        152       
1012       61000      61000      163.69     89.62      0.5475     51.44      0.36       0.35       0.30       0          48.52      57         57         0          0          0.1052     2.1526     64         96         103        111        118        125        152       
1013       61000      61000      163.69     88.82      0.5426     51.44      0.36       0.35       0.30       0          48.52      57         57         0          0          0.1052     2.1558     64         96         103        111        118        125        152       
1014       61000      61000      163.67     89.01      0.5438     51.19      0.36       0.35       0.30       0          48.52      57         57         0          0          0.1052     2.1556     64         97         103        111        118        125        152       
1015       61000      61000      163.70     89.38      0.5460     51.35      0.36       0.35       0.30       0          48.51      57         57         0          0          0.1052     2.1534     64         97         103        111        118        125        152       
1016       61000      61000      163.71     89.21      0.5449     51.32      0.35       0.35       0.30       0          48.51      57         57         0          0          0.1052     2.1516     64         97         103        111        118        125        152       
1017       61000      61000      163.69     89.86      0.5490     51.32      0.35       0.35       0.30       0          48.51      57         57         0          0          0.1051     2.1512     64         97         103        111        118        125        152       
1018       61000      61000      163.68     89.91      0.5493     51.38      0.36       0.35       0.30       0          48.50      57         57         0          0          0.1051     2.1555     64         97         103        111        118        125        152       
1019       61000      61000      163.68     88.88      0.5430     51.33      0.36       0.35       0.30       0          48.50      57         57         0          0          0.1051     2.1554     64         97         103        111        118        125        152       
1020       61000      61000      163.67     88.74      0.5422     51.30      0.36       0.35       0.30       0          48.50      57         57         0          0          0.1051     2.1612     64         97         103        111        118        125        152       
1021       61000      61000      163.71     90.56      0.5532     51.34      0.36       0.35       0.30       0          48.49      57         57         0          0          0.1051     2.1474     64         97         103        111        118        125        152       
1022       61000      61000      163.66     88.45      0.5405     51.39      0.36       0.35       0.30       0          48.49      57         57         0          0          0.1051     2.1541     64         97         103        111        118        125        152       
1023       61000      61000      163.67     89.52      0.5469     51.33      0.36       0.35       0.30       0          48.49      57         57         0          0          0.1051     2.1505     64         97         103        111        118        125        152       
1024       61000      61000      163.69     89.15      0.5446     51.30      0.36       0.35       0.30       0          48.49      57         57         0          0          0.1051     2.1556     64         97         103        111        118        125        152       
1025       61000      61000      163.67     89.21      0.5451     51.41      0.35       0.35       0.30       0          48.48      57         57         0          0          0.1050     2.1500     64         97         103        111        118        125        152       
1026       61000      61000      163.68     90.31      0.5518     51.32      0.35       0.35       0.30       0          48.48      57         57         0          0          0.1050     2.1481     64         97         103        111        118        125        152       
1027       61000      61000      163.67     89.52      0.5470     51.38      0.35       0.35       0.30       0          48.48      57         57         0          0          0.1050     2.1561     64         97         103        111        118        125        152       
1028       61000      61000      163.66     89.17      0.5448     51.47      0.36       0.35       0.30       0          48.48      57         57         0          0          0.1050     2.1510     64         97         103        111        118        125        152       
1029       61000      61000      163.67     90.30      0.5517     51.38      0.36       0.35       0.30       0          48.47      57         57         0          0          0.1050     2.1576     64         97         103        111        118        125        151       
1030       61000      61000      163.68     88.67      0.5417     51.35      0.36       0.35       0.30       0          48.47      57         57         0          0          0.1050     2.1520     64         97         103        111        118        125        151       
1031       61000      61000      163.70     89.49      0.5467     51.34      0.36       0.35       0.30       0          48.47      57         57         0          0          0.1050     2.1531     64         97         103        111        118        125        151       
1032       61000      61000      163.67     88.74      0.5422     51.33      0.36       0.35       0.30       0          48.47      57         57         0          0          0.1050     2.1524     64         97         103        111        118        125        151       
1033       61000      61000      163.69     88.79      0.5425     51.40      0.36       0.35       0.30       0          48.46      57         57         0          0          0.1050     2.1490     64         97         103        111        118        125        151       
1034       61000      61000      163.67     89.04      0.5440     51.24      0.36       0.35       0.30       0          48.46      57         57         0          0          0.1050     2.1566     64         97         103        111        118        125        151       
1035       61000      61000      163.68     89.18      0.5448     51.33      0.36       0.35       0.30       0          48.46      57         57         0          0          0.1050     2.1528     64         97         103        111        118        125        151       
1036       61000      61000      163.68     88.74      0.5422     51.23      0.36       0.35       0.30       0          48.46      57         57         0          0          0.1049     2.1525     64         97         103        111        118        125        151       
1037       61000      61000      163.67     88.23      0.5391     51.17      0.35       0.35       0.30       0          48.46      57         57         0          0          0.1049     2.1555     64         97         103        111        118        125        151       
1038       61000      61000      163.69     88.83      0.5427     51.14      0.35       0.35       0.30       0          48.45      57         57         0          0          0.1049     2.1562     64         97         103        111        118        125        151       
1039       61000      61000      163.67     89.49      0.5468     51.14      0.35       0.35       0.30       0          48.45      57         57         0          0          0.1049     2.1459     64         97         103        111        118        125        151       
1040       61000      61000      163.66     88.75      0.5423     51.25      0.36       0.35       0.30       0          48.45      57         57         0          0          0.1049     2.1555     64         97         103        111        118        125        151       
1041       61000      61000      163.68     88.24      0.5391     51.18      0.35       0.35       0.30       0          48.45      57         57         0          0          0.1049     2.1511     64         97         103        111        118        125        151       
1042       61000      61000      163.67     89.86      0.5490     51.11      0.36       0.35       0.30       0          48.44      57         57         0          0          0.1049     2.1572     64         97         103        111        118        125        151       
1043       61000      61000      163.68     88.52      0.5408     51.19      0.35       0.35       0.30       0          48.44      57         57         0          0          0.1049     2.1509     64         97         103        111        118        125        151       
1044       61000      61000      163.67     88.85      0.5428     51.14      0.35       0.35       0.30       0          48.44      57         57         0          0          0.1049     2.1524     64         97         103        111        118        125        151       
1045       61000      61000      163.70     89.49      0.5467     51.19      0.36       0.35       0.30       0          48.44      57         57         0          0          0.1049     2.1540     64         97         103        111        118        125        151       
1046       61000      61000      163.66     89.22      0.5451     51.29      0.36       0.35       0.30       0          48.44      57         57         0          0          0.1049     2.1551     64         97         103        111        118        125        151       
1047       61000      61000      163.66     89.01      0.5439     51.29      0.36       0.35       0.30       0          48.43      57         57         0          0          0.1049     2.1520     64         97         103        111        118        125        151       
1048       61000      61000      163.67     89.39      0.5462     51.28      0.35       0.35       0.30       0          48.43      57         57         0          0          0.1048     2.1561     64         97         103        111        118        125        151       
1049       61000      61000      163.68     89.65      0.5477     51.23      0.36       0.35       0.30       0          48.43      57         57         0          0          0.1048     2.1550     64         97         103        111        118        125        151       
1050       61000      61000      163.70     88.77      0.5423     51.25      0.36       0.35       0.30       0          48.43      57         57         0          0          0.1048     2.1519     64         97         103        111        118        125        151       
1051       61000      61000      163.68     89.75      0.5483     51.31      0.35       0.35       0.30       0          48.43      57         57         0          0          0.1048     2.1502     64         97         103        111        118        125        151       
1052       61000      61000      163.67     88.46      0.5405     51.23      0.35       0.35       0.30       0          48.42      57         57         0          0          0.1048     2.1618     64         97         103        111        118        125        151       
1053       61000      61000      163.70     88.48      0.5405     51.27      0.36       0.35       0.30       0          48.42      57         57         0          0          0.1048     2.1513     64         97         103        111        118        125        151       
1054       61000      61000      163.67     89.92      0.5494     51.34      0.35       0.35       0.30       0          48.42      57         57         0          0          0.1048     2.1529     64         97         103        111        118        125        151       
1055       61000      61000      163.69     87.95      0.5373     51.34      0.35       0.35       0.30       0          48.42      57         57         0          0          0.1048     2.1541     63         97         103        111        118        125        151       
1056       61000      61000      163.66     88.77      0.5424     51.14      0.36       0.35       0.30       0          48.42      57         57         0          0          0.1048     2.1498     63         97         103        111        118        125        151       
1057       61000      61000      163.70     89.09      0.5442     51.23      0.36       0.35       0.30       0          48.41      57         57         0          0          0.1048     2.1557     63         97         103        111        118        125        151       
1058       61000      61000      163.68     89.44      0.5464     51.23      0.35       0.35       0.30       0          48.41      57         57         0          0          0.1048     2.1549     63         97         103        111        118        125        151       
1059       61000      61000      163.70     89.69      0.5479     51.23      0.36       0.35       0.30       0          48.41      57         57         0          0          0.1048     2.1472     63         97         103        111        118        125        151       
1060       61000      61000      163.69     89.18      0.5448     51.26      0.36       0.35       0.30       0          48.41      57         57         0          0          0.1047     2.1497     63         97         103        111        118        125        151       
1061       61000      61000      163.68     89.31      0.5456     51.32      0.35       0.35       0.30       0          48.41      57         57         0          0          0.1047     2.1540     63         97         103        111        118        125        151       
1062       61000      61000      163.69     89.07      0.5441     51.37      0.36       0.35       0.30       0          48.40      57         57         0          0          0.1047     2.1520     63         97         103        111        118        125        151       
1063       61000      61000      163.70     88.51      0.5407     51.30      0.36       0.35       0.30       0          48.40      57         57         0          0          0.1047     2.1583     63         97         103        111        118        125        151       
1064       61000      61000      163.70     90.70      0.5541     51.26      0.35       0.35       0.30       0          48.40      57         57         0          0          0.1047     2.1489     63         97         103        111        118        125        151       
1065       61000      61000      163.68     88.92      0.5432     51.34      0.36       0.35       0.30       0          48.40      57         57         0          0          0.1047     2.1537     63         97         103        111        118        125        151       
1066       61000      61000      163.68     88.67      0.5417     51.38      0.35       0.35       0.30       0          48.40      57         57         0          0          0.1047     2.1505     63         97         103        111        118        125        151       
1067       61000      61000      163.68     88.99      0.5437     51.35      0.36       0.35       0.30       0          48.39      57         57         0          0          0.1047     2.1508     63         97         103        111        118        125        151       
1068       61000      61000      163.67     90.02      0.5500     51.32      0.36       0.35       0.30       0          48.39      57         57         0          0          0.1047     2.1522     63         97         103        111        118        125        151       
1069       61000      61000      163.68     88.66      0.5417     51.20      0.36       0.35       0.30       0          48.39      57         57         0          0          0.1047     2.1573     63         97         103        111        118        125        151       
1070       61000      61000      163.68     88.51      0.5408     51.18      0.35       0.35       0.30       0          48.39      57         57         0          0          0.1047     2.1525     63         97         103        111        118        125        151       
1071       61000      61000      163.66     88.08      0.5382     51.19      0.36       0.35       0.30       0          48.39      57         57         0          0          0.1047     2.1555     63         97         103        111        118        125        151       
1072       61000      61000      163.67     88.65      0.5417     51.20      0.35       0.35       0.30       0          48.39      57         57         0          0          0.1047     2.1516     64         97         103        111        118        125        151       
1073       61000      61000      163.68     89.36      0.5460     51.24      0.35       0.35       0.30       0          48.38      57         57         0          0          0.1047     2.1546     64         97         103        111        118        125        151       
1074       61000      61000      163.66     89.34      0.5459     51.20      0.36       0.35       0.30       0          48.38      57         57         0          0          0.1047     2.1514     64         97         103        111        118        125        151       
1075       61000      61000      163.66     88.57      0.5412     51.19      0.36       0.35       0.30       0          48.38      57         57         0          0          0.1046     2.1503     64         97         103        111        118        125        151       
1076       61000      61000      163.68     88.48      0.5406     51.18      0.36       0.35       0.30       0          48.38      57         57         0          0          0.1046     2.1522     64         97         103        111        118        125        151       
1077       61000      61000      163.70     89.57      0.5471     51.17      0.35       0.35       0.30       0          48.38      57         57         0          0          0.1046     2.1487     64         97         103        111        118        125        151       
1078       61000      61000      163.69     88.10      0.5382     51.25      0.36       0.35       0.30       0          48.38      57         57         0          0          0.1046     2.1533     64         97         103        111        118        125        151       
1079       61000      61000      163.68     88.55      0.5410     51.29      0.36       0.35       0.30       0          48.37      57         57         0          0          0.1046     2.1485     64         97         103        111        118        125        151       
1080       61000      61000      163.68     88.26      0.5392     51.24      0.35       0.35       0.30       0          48.37      57         57         0          0          0.1046     2.1497     64         97         103        111        118        125        151       
1081       61000      61000      163.68     89.25      0.5453     51.11      0.35       0.35       0.30       0          48.37      57         57         0          0          0.1046     2.1529     64         97         103        111        118        125        151       
1082       61000      61000      163.70     89.21      0.5450     51.07      0.36       0.35       0.30       0          48.37      57         57         0          0          0.1046     2.1516     64         97         103        111        118        125        151       
1083       61000      61000      163.69     89.27      0.5454     51.24      0.35       0.35       0.30       0          48.37      57         57         0          0          0.1046     2.1570     64         97         103        111        118        125        151       
1084       61000      61000      163.68     88.63      0.5415     51.24      0.36       0.35       0.30       0          48.37      57         57         0          0          0.1046     2.1518     64         97         103        111        118        125        151       
1085       61000      61000      163.68     88.96      0.5435     51.26      0.36       0.35       0.30       0          48.36      57         57         0          0          0.1046     2.1512     64         97         103        111        118        125        151       
1086       61000      61000      163.68     89.05      0.5441     51.20      0.36       0.35       0.30       0          48.36      57         57         0          0          0.1046     2.1590     64         97         103        111        118        125        151       
1087       61000      61000      163.68     89.41      0.5462     51.31      0.36       0.35       0.30       0          48.36      57         57         0          0          0.1046     2.1543     64         97         103        111        118        125        151       
1088       61000      61000      163.68     88.40      0.5401     51.27      0.36       0.35       0.30       0          48.36      57         57         0          0          0.1046     2.1486     64         97         103        111        118        125        151       
1089       61000      61000      163.68     88.56      0.5410     51.26      0.36       0.35       0.30       0          48.36      57         57         0          0          0.1045     2.1512     64         97         103        111        118        125        151       
1090       61000      61000      163.68     89.51      0.5469     51.14      0.36       0.35       0.30       0          48.35      57         57         0          0          0.1045     2.1565     64         97         103        111        118        125        151       
1091       61000      61000      163.70     88.59      0.5412     51.17      0.36       0.35       0.30       0          48.35      57         57         0          0          0.1045     2.1484     64         97         103        111        118        125        151       
1092       61000      61000      163.67     88.74      0.5422     51.13      0.35       0.35       0.30       0          48.35      57         57         0          0          0.1045     2.1491     64         97         103        111        118        125        151       
1093       61000      61000      163.67     89.37      0.5461     51.09      0.35       0.35       0.30       0          48.35      57         57         0          0          0.1045     2.1525     64         97         103        111        118        125        151       
1094       61000      61000      163.66     89.57      0.5473     51.23      0.35       0.35       0.30       0          48.35      57         57         0          0          0.1045     2.1504     64         97         103        111        118        125        151       
1095       61000      61000      163.68     88.94      0.5434     51.29      0.35       0.35       0.30       0          48.35      57         57         0          0          0.1045     2.1551     64         97         103        111        118        125        151       
1096       61000      61000      163.68     89.25      0.5453     51.30      0.35       0.35       0.30       0          48.34      57         57         0          0          0.1045     2.1551     64         97         103        111        118        125        151       
1097       61000      61000      163.67     89.23      0.5452     51.18      0.35       0.35       0.30       0          48.34      57         57         0          0          0.1045     2.1522     64         97         103        111        118        125        151       
1098       61000      61000      163.67     89.12      0.5445     51.25      0.35       0.35       0.30       0          48.34      57         57         0          0          0.1045     2.1546     64         97         103        111        118        125        151       
1099       61000      61000      163.67     89.58      0.5473     51.31      0.35       0.35       0.30       0          48.34      57         57         0          0          0.1045     2.1537     64         97         103        111        118        125        151       
1100       61000      61000      163.68     88.66      0.5417     51.29      0.36       0.35       0.30       0          48.34      57         57         0          0          0.1045     2.1543     64         97         103        111        118        125        151       
1101       61000      61000      163.64     88.67      0.5419     51.15      0.36       0.35       0.30       0          48.34      57         57         0          0          0.1045     2.1561     64         97         103        111        118        125        151       
1102       61000      61000      163.68     89.24      0.5452     51.24      0.35       0.35       0.30       0          48.34      57         57         0          0          0.1045     2.1488     64         97         103        111        118        125        151       
1103       61000      61000      163.70     89.11      0.5444     51.32      0.36       0.35       0.30       0          48.33      57         57         0          0          0.1045     2.1529     64         97         103        111        118        125        151       
1104       61000      61000      163.69     89.29      0.5455     51.30      0.36       0.35       0.30       0          48.33      57         57         0          0          0.1045     2.1536     64         97         103        111        118        125        151       
1105       61000      61000      163.66     89.60      0.5475     51.28      0.36       0.35       0.30       0          48.33      57         57         0          0          0.1044     2.1574     64         97         103        111        118        125        151       
1106       61000      61000      163.69     88.71      0.5420     51.30      0.36       0.35       0.30       0          48.33      57         57         0          0          0.1044     2.1514     64         97         103        111        118        125        151       
1107       61000      61000      163.69     89.05      0.5440     51.28      0.36       0.35       0.30       0          48.33      57         57         0          0          0.1044     2.1499     64         97         103        111        118        125        151       
1108       61000      61000      163.69     88.79      0.5425     51.14      0.36       0.35       0.30       0          48.33      57         57         0          0          0.1044     2.1540     64         97         103        111        118        125        151       
1109       61000      61000      163.70     89.91      0.5492     51.19      0.36       0.35       0.30       0          48.32      57         57         0          0          0.1044     2.1545     64         97         103        111        118        125        151       
1110       61000      61000      163.67     88.89      0.5431     51.27      0.36       0.35       0.30       0          48.32      57         57         0          0          0.1044     2.1516     64         97         103        111        118        125        151       
1111       61000      61000      163.70     88.98      0.5435     51.27      0.36       0.35       0.30       0          48.32      57         57         0          0          0.1044     2.1552     65         97         103        111        118        125        151       
1112       61000      61000      163.67     89.23      0.5452     51.18      0.36       0.35       0.30       0          48.32      57         57         0          0          0.1044     2.1522     65         97         103        111        118        125        151       
1113       61000      61000      163.67     89.07      0.5442     51.27      0.36       0.35       0.30       0          48.32      57         57         0          0          0.1044     2.1491     65         97         103        111        118        125        151       
1114       61000      61000      163.67     89.40      0.5462     51.22      0.35       0.35       0.30       0          48.32      57         57         0          0          0.1044     2.1525     65         97         103        111        118        125        151       
1115       61000      61000      163.69     88.44      0.5403     51.23      0.36       0.35       0.30       0          48.32      57         57         0          0          0.1044     2.1577     65         97         103        111        118        125        151       
1116       61000      61000      163.67     88.22      0.5390     51.20      0.36       0.35       0.30       0          48.31      57         57         0          0          0.1044     2.1567     65         97         103        111        118        125        151       
1117       61000      61000      163.69     88.49      0.5406     51.12      0.36       0.35       0.30       0          48.31      57         57         0          0          0.1044     2.1573     65         97         103        111        118        125        151       
1118       61000      61000      163.68     89.59      0.5474     51.16      0.36       0.35       0.30       0          48.31      57         57         0          0          0.1044     2.1533     65         97         103        111        118        125        151       
1119       61000      61000      163.69     90.17      0.5509     51.14      0.35       0.35       0.30       0          48.31      57         57         0          0          0.1044     2.1472     65         97         103        111        118        125        151       
1120       61000      61000      163.67     89.52      0.5469     51.25      0.36       0.35       0.30       0          48.31      57         57         0          0          0.1044     2.1509     65         97         103        111        118        125        151       
1121       61000      61000      163.68     88.27      0.5393     51.27      0.35       0.35       0.30       0          48.31      57         57         0          0          0.1044     2.1530     65         97         103        111        118        125        151       
1122       61000      61000      163.67     88.26      0.5392     51.25      0.36       0.35       0.30       0          48.31      57         57         0          0          0.1044     2.1523     65         97         103        111        118        125        151       
1123       61000      61000      163.67     89.00      0.5438     51.22      0.36       0.35       0.30       0          48.31      57         57         0          0          0.1043     2.1505     65         97         103        111        118        125        151       
1124       61000      61000      163.68     89.59      0.5473     51.19      0.36       0.35       0.30       0          48.30      57         57         0          0          0.1043     2.1556     65         97         103        111        118        125        151       
1125       61000      61000      163.67     88.90      0.5432     51.19      0.35       0.35       0.30       0          48.30      57         57         0          0          0.1043     2.1495     65         97         103        111        118        125        151       
1126       61000      61000      163.70     89.66      0.5477     51.27      0.36       0.35       0.30       0          48.30      57         57         0          0          0.1043     2.1537     65         97         103        111        118        125        151       
1127       61000      61000      163.68     88.25      0.5392     51.28      0.36       0.35       0.30       0          48.30      57         57         0          0          0.1043     2.1532     65         97         103        111        118        125        151       
1128       61000      61000      163.66     89.78      0.5486     51.23      0.36       0.35       0.30       0          48.30      57         57         0          0          0.1043     2.1520     65         97         103        111        118        125        151       
1129       61000      61000      163.67     89.24      0.5453     51.12      0.36       0.35       0.30       0          48.30      57         57         0          0          0.1043     2.1491     66         97         103        111        118        125        151       
1130       61000      61000      163.69     89.27      0.5454     51.35      0.36       0.35       0.30       0          48.30      57         57         0          0          0.1043     2.1560     67         97         103        111        118        125        151       
1131       61000      61000      163.67     89.46      0.5466     51.35      0.36       0.35       0.30       0          48.29      57         57         0          0          0.1043     2.1503     67         97         104        111        118        125        151       
1132       61000      61000      163.71     89.75      0.5482     51.31      0.36       0.35       0.30       0          48.29      57         57         0          0          0.1043     2.1526     67         97         104        111        118        125        151       
1133       61000      61000      163.68     89.63      0.5476     51.35      0.36       0.36       0.30       0          48.29      57         57         0          0          0.1043     2.1525     67         97         104        111        118        125        151       
1134       61000      61000      163.70     88.06      0.5379     51.35      0.35       0.36       0.30       0          48.29      57         57         0          0          0.1043     2.1535     67         97         104        111        118        125        151       
1135       61000      61000      163.68     90.26      0.5515     51.32      0.36       0.35       0.30       0          48.29      57         57         0          0          0.1043     2.1599     67         97         104        111        118        125        151       
1136       61000      61000      163.66     89.09      0.5443     51.40      0.36       0.35       0.30       0          48.29      57         57         0          0          0.1043     2.1547     67         97         103        111        118        125        151       
1137       61000      61000      163.68     88.61      0.5414     51.25      0.36       0.35       0.30       0          48.29      57         57         0          0          0.1043     2.1560     67         97         104        111        118        125        151       
1138       61000      61000      163.69     89.03      0.5439     51.32      0.36       0.35       0.30       0          48.29      57         57         0          0          0.1043     2.1528     67         97         104        111        118        125        151       
1139       61000      61000      163.69     88.89      0.5430     51.15      0.36       0.35       0.30       0          48.29      57         57         0          0          0.1043     2.1544     67         97         104        111        118        125        151       
1140       61000      61000      163.68     89.47      0.5466     51.29      0.35       0.35       0.30       0          48.29      57         57         0          0          0.1043     2.1497     67         97         104        111        118        125        151       
1141       61000      61000      163.70     89.09      0.5443     51.26      0.36       0.35       0.30       0          48.28      57         57         0          0          0.1043     2.1514     67         97         104        111        118        125        151       
1142       61000      61000      163.68     89.37      0.5460     51.22      0.36       0.35       0.30       0          48.28      57         57         0          0          0.1043     2.1502     67         97         104        111        118        125        151       
1143       61000      61000      163.68     88.94      0.5434     51.28      0.36       0.35       0.30       0          48.28      57         57         0          0          0.1042     2.1481     67         97         104        111        118        125        151       
1144       61000      61000      163.67     89.35      0.5459     51.29      0.35       0.35       0.30       0          48.28      57         57         0          0          0.1042     2.1488     67         97         104        111        118        125        151       
1145       61000      61000      163.69     88.05      0.5379     51.25      0.36       0.35       0.30       0          48.28      57         57         0          0          0.1042     2.1545     67         97         104        111        118        125        151       
1146       61000      61000      163.69     88.43      0.5402     51.11      0.36       0.35       0.30       0          48.28      57         57         0          0          0.1042     2.1514     67         97         104        111        118        125        151       
1147       61000      61000      163.67     87.98      0.5376     51.10      0.36       0.35       0.30       0          48.28      57         57         0          0          0.1042     2.1491     67         97         104        111        118        125        151       
1148       61000      61000      163.69     88.05      0.5379     51.08      0.36       0.35       0.30       0          48.28      57         57         0          0          0.1042     2.1459     67         97         104        111        118        125        151       
1149       61000      61000      163.68     89.12      0.5445     51.05      0.35       0.35       0.30       0          48.27      57         57         0          0          0.1042     2.1501     67         97         104        111        118        125        151       
1150       61000      61000      163.68     89.15      0.5446     50.95      0.35       0.35       0.30       0          48.27      57         57         0          0          0.1042     2.1530     67         97         104        111        118        125        151       
1151       61000      61000      163.68     89.27      0.5454     51.00      0.35       0.35       0.30       0          48.27      57         57         0          0          0.1042     2.1516     67         97         104        111        118        125        151       
1152       61000      61000      163.70     89.18      0.5448     51.14      0.35       0.35       0.30       0          48.27      57         57         0          0          0.1042     2.1489     67         97         104        111        118        125        151       
1153       61000      61000      163.69     89.08      0.5442     51.08      0.35       0.35       0.30       0          48.27      57         57         0          0          0.1042     2.1471     67         97         104        111        118        125        151       
1154       61000      61000      163.67     89.43      0.5464     51.20      0.35       0.35       0.30       0          48.27      57         57         0          0          0.1042     2.1560     67         97         104        111        118        125        151       
1155       61000      61000      163.70     88.55      0.5410     51.22      0.35       0.35       0.30       0          48.27      57         57         0          0          0.1042     2.1568     67         97         104        111        118        125        151       
1156       61000      61000      163.68     88.82      0.5427     51.28      0.36       0.35       0.30       0          48.27      57         57         0          0          0.1042     2.1472     67         97         104        111        118        125        151       
1157       61000      61000      163.69     89.59      0.5474     51.23      0.36       0.35       0.30       0          48.27      57         57         0          0          0.1042     2.1517     68         97         104        111        118        125        151       
1158       61000      61000      163.68     89.60      0.5474     51.27      0.36       0.35       0.30       0          48.27      57         57         0          0          0.1042     2.1505     68         97         104        111        118        125        151       
1159       61000      61000      163.70     89.00      0.5437     51.22      0.36       0.35       0.30       0          48.26      57         57         0          0          0.1042     2.1512     68         97         104        111        118        125        151       
1160       61000      61000      163.70     87.62      0.5352     51.23      0.36       0.35       0.30       0          48.26      57         57         0          0          0.1042     2.1535     68         97         104        111        118        125        151       
1161       61000      61000      163.67     89.72      0.5482     51.10      0.36       0.35       0.30       0          48.26      57         57         0          0          0.1042     2.1510     68         97         104        111        118        125        151       
1162       61000      61000      163.71     89.24      0.5451     51.09      0.35       0.35       0.30       0          48.26      57         57         0          0          0.1042     2.1559     68         97         104        111        118        125        151       
1163       61000      61000      163.67     88.50      0.5407     51.18      0.36       0.35       0.30       0          48.26      57         57         0          0          0.1042     2.1536     68         97         104        111        118        125        151       
1164       61000      61000      163.69     89.71      0.5481     51.24      0.35       0.35       0.30       0          48.26      57         57         0          0          0.1042     2.1457     68         97         104        111        118        125        151       
1165       61000      61000      163.69     89.84      0.5489     51.35      0.35       0.35       0.30       0          48.26      57         57         0          0          0.1042     2.1504     68         97         104        111        118        125        151       
1166       61000      61000      163.68     88.91      0.5432     51.36      0.36       0.35       0.30       0          48.26      57         57         0          0          0.1042     2.1551     68         97         104        111        118        125        151       
1167       61000      61000      163.68     88.87      0.5430     51.33      0.36       0.35       0.30       0          48.26      57         57         0          0          0.1041     2.1584     68         97         104        111        118        125        151       
1168       61000      61000      163.68     89.41      0.5463     51.33      0.36       0.35       0.30       0          48.25      57         57         0          0          0.1041     2.1500     68         97         104        111        118        125        151       
1169       61000      61000      163.70     90.44      0.5525     51.29      0.36       0.35       0.30       0          48.25      57         57         0          0          0.1041     2.1498     68         97         104        111        118        125        151       
1170       61000      61000      163.67     89.34      0.5459     51.22      0.36       0.35       0.30       0          48.25      57         57         0          0          0.1041     2.1524     68         97         104        111        118        125        151       
1171       61000      61000      163.69     88.63      0.5414     51.40      0.36       0.35       0.30       0          48.25      57         57         0          0          0.1041     2.1562     68         97         104        111        118        125        151       
1172       61000      61000      163.68     89.06      0.5441     51.38      0.36       0.35       0.30       0          48.25      57         57         0          0          0.1041     2.1533     68         97         104        111        118        125        151       
1173       61000      61000      163.68     89.39      0.5461     51.26      0.36       0.35       0.30       0          48.25      57         57         0          0          0.1041     2.1510     68         97         104        111        118        125        151       
1174       61000      61000      163.68     89.69      0.5479     51.20      0.35       0.35       0.30       0          48.25      57         57         0          0          0.1041     2.1485     68         97         104        111        118        125        151       
1175       61000      61000      163.70     89.18      0.5448     51.31      0.36       0.35       0.30       0          48.25      57         57         0          0          0.1041     2.1555     68         97         104        111        118        125        151       
1176       61000      61000      163.68     88.75      0.5422     51.39      0.36       0.35       0.30       0          48.25      57         57         0          0          0.1041     2.1498     68         97         104        111        118        125        151       
1177       61000      61000      163.65     88.17      0.5388     51.22      0.36       0.35       0.30       0          48.25      57         57         0          0          0.1041     2.1522     68         97         104        111        118        125        151       
1178       61000      61000      163.66     89.40      0.5463     51.14      0.35       0.35       0.30       0          48.25      57         57         0          0          0.1041     2.1426     68         97         104        111        118        125        151       
1179       61000      61000      163.68     88.99      0.5437     51.18      0.35       0.35       0.30       0          48.24      57         57         0          0          0.1041     2.1526     68         97         104        111        118        125        151       
1180       61000      61000      163.69     88.47      0.5405     51.15      0.36       0.35       0.30       0          48.24      57         57         0          0          0.1041     2.1511     68         97         104        111        118        125        151       
1181       61000      61000      163.69     88.94      0.5433     51.26      0.35       0.35       0.30       0          48.24      57         57         0          0          0.1041     2.1500     68         97         104        111        118        125        151       
1182       61000      61000      163.68     89.60      0.5474     51.15      0.36       0.35       0.30       0          48.24      57         57         0          0          0.1041     2.1520     68         97         104        111        118        125        151       
1183       61000      61000      163.73     89.47      0.5464     51.27      0.36       0.35       0.30       0          48.24      57         57         0          0          0.1041     2.1484     68         97         104        111        118        125        151       
1184       61000      61000      163.69     89.86      0.5490     51.27      0.36       0.35       0.30       0          48.24      57         57         0          0          0.1041     2.1475     69         97         104        111        118        125        151       
1185       61000      61000      163.70     89.62      0.5474     51.28      0.36       0.35       0.30       0          48.24      57         57         0          0          0.1041     2.1516     69         97         104        111        118        125        151       
1186       61000      61000      163.70     89.18      0.5448     51.26      0.35       0.35       0.30       0          48.24      57         57         0          0          0.1041     2.1481     69         97         104        111        118        125        151       
1187       61000      61000      163.67     89.17      0.5448     51.22      0.36       0.35       0.30       0          48.24      57         57         0          0          0.1041     2.1520     69         97         104        111        118        125        151       
1188       61000      61000      163.69     89.15      0.5446     51.23      0.36       0.35       0.30       0          48.24      57         57         0          0          0.1041     2.1508     69         97         104        111        118        125        151       
1189       61000      61000      163.68     89.06      0.5442     51.34      0.36       0.35       0.30       0          48.24      57         57         0          0          0.1041     2.1543     69         97         104        111        118        125        151       
1190       61000      61000      163.67     89.74      0.5483     51.38      0.36       0.35       0.30       0          48.24      57         57         0          0          0.1041     2.1589     69         97         104        111        118        125        151       
1191       61000      61000      163.66     89.33      0.5458     51.33      0.36       0.35       0.30       0          48.23      57         57         0          0          0.1041     2.1493     69         97         104        111        118        125        151       
1192       61000      61000      163.67     88.74      0.5422     51.28      0.36       0.35       0.30       0          48.23      57         57         0          0          0.1041     2.1498     69         97         104        111        118        125        151       
1193       61000      61000      163.69     88.66      0.5416     51.19      0.35       0.35       0.30       0          48.23      57         57         0          0          0.1041     2.1573     69         97         104        111        118        125        151       
1194       61000      61000      163.70     88.08      0.5381     51.22      0.36       0.35       0.30       0          48.23      57         57         0          0          0.1041     2.1513     69         97         104        111        118        125        151       
1195       61000      61000      163.67     88.95      0.5435     51.23      0.35       0.35       0.30       0          48.23      57         57         0          0          0.1041     2.1546     69         97         104        111        118        125        151       
1196       61000      61000      163.67     88.64      0.5416     51.12      0.35       0.35       0.30       0          48.23      57         57         0          0          0.1041     2.1547     69         97         104        111        118        125        151       
1197       61000      61000      163.69     89.27      0.5454     51.10      0.36       0.35       0.30       0          48.23      57         57         0          0          0.1040     2.1504     69         97         104        111        118        125        151       
1198       61000      61000      163.67     88.75      0.5423     51.14      0.36       0.35       0.30       0          48.23      57         57         0          0          0.1040     2.1508     69         97         104        111        118        125        151       
1199       61000      61000      163.69     87.72      0.5359     51.17      0.36       0.35       0.30       0          48.23      57         57         0          0          0.1040     2.1502     69         97         104        111        118        125        151       
1200       61000      61000      163.69     89.41      0.5462     51.06      0.35       0.35       0.30       0          48.23      57         57         0          0          0.1040     2.1524     69         97         104        111        118        125        151       
1201       61000      61000      163.68     88.50      0.5407     51.07      0.36       0.35       0.30       0          48.23      57         57         0          0          0.1040     2.1571     69         97         104        111        118        125        151       
1202       61000      61000      163.68     89.47      0.5466     51.03      0.35       0.35       0.30       0          48.23      57         57         0          0          0.1040     2.1590     69         97         104        111        118        125        151       
1203       61000      61000      163.66     88.64      0.5416     51.23      0.35       0.35       0.30       0          48.23      57         57         0          0          0.1040     2.1508     69         97         104        111        118        125        151       
1204       61000      61000      163.66     88.63      0.5416     51.22      0.35       0.35       0.30       0          48.23      57         57         0          0          0.1040     2.1471     69         97         104        111        118        125        151       
1205       61000      61000      163.67     88.84      0.5428     51.14      0.35       0.35       0.30       0          48.22      57         57         0          0          0.1040     2.1539     69         97         104        111        118        125        151       
1206       61000      61000      163.69     88.54      0.5409     51.18      0.36       0.35       0.30       0          48.22      57         57         0          0          0.1040     2.1505     69         97         104        111        118        125        151       
1207       61000      61000      163.72     88.88      0.5429     51.16      0.36       0.35       0.30       0          48.22      57         57         0          0          0.1040     2.1543     69         97         104        111        118        125        151       
1208       61000      61000      163.70     88.86      0.5429     51.07      0.35       0.35       0.30       0          48.22      57         57         0          0          0.1040     2.1522     69         97         104        111        118        125        151       
1209       61000      61000      163.67     89.34      0.5459     51.15      0.36       0.35       0.30       0          48.22      57         57         0          0          0.1040     2.1555     69         97         104        111        118        125        151       
1210       61000      61000      163.67     87.44      0.5343     51.22      0.36       0.35       0.30       0          48.22      57         57         0          0          0.1040     2.1530     69         97         104        111        118        125        151       
1211       61000      61000      163.69     89.65      0.5476     51.17      0.36       0.35       0.30       0          48.22      57         57         0          0          0.1040     2.1502     69         97         104        111        118        125        151       
1212       61000      61000      163.68     88.53      0.5409     51.17      0.36       0.35       0.30       0          48.22      57         57         0          0          0.1040     2.1551     69         97         104        111        118        125        151       
1213       61000      61000      163.66     89.16      0.5448     51.06      0.36       0.35       0.30       0          48.22      57         57         0          0          0.1040     2.1488     69         97         104        111        118        125        151       
1214       61000      61000      163.69     88.30      0.5394     50.97      0.36       0.35       0.30       0          48.22      57         57         0          0          0.1040     2.1553     69         97         104        111        118        125        151       
1215       61000      61000      163.68     88.31      0.5395     51.09      0.35       0.35       0.30       0          48.22      57         57         0          0          0.1040     2.1504     69         97         104        111        118        125        151       
1216       61000      61000      163.70     88.84      0.5427     51.06      0.35       0.35       0.30       0          48.22      57         57         0          0          0.1040     2.1538     69         97         104        111        118        125        151       
1217       61000      61000      163.69     88.24      0.5390     51.05      0.35       0.35       0.30       0          48.22      57         57         0          0          0.1040     2.1588     69         97         104        111        118        125        151       
1218       61000      61000      163.68     88.43      0.5403     50.96      0.36       0.35       0.30       0          48.22      57         57         0          0          0.1040     2.1522     69         97         104        111        118        125        151       
1219       61000      61000      163.72     88.85      0.5427     50.98      0.35       0.35       0.30       0          48.22      57         57         0          0          0.1040     2.1535     69         97         104        111        118        125        151       
1220       61000      61000      163.67     88.25      0.5392     51.01      0.36       0.35       0.30       0          48.21      57         57         0          0          0.1040     2.1523     70         97         104        111        118        125        151       
1221       61000      61000      163.67     88.97      0.5436     51.02      0.35       0.35       0.30       0          48.21      57         57         0          0          0.1040     2.1455     71         97         104        111        118        125        151       
1222       61000      61000      163.69     88.84      0.5428     51.04      0.35       0.35       0.30       0          48.21      57         57         0          0          0.1040     2.1499     71         97         104        111        118        125        151       
1223       61000      61000      163.66     88.04      0.5380     50.99      0.36       0.35       0.30       0          48.21      57         57         0          0          0.1040     2.1502     71         98         104        111        118        125        151       
1224       61000      61000      163.68     88.64      0.5415     50.99      0.36       0.35       0.30       0          48.21      57         57         0          0          0.1040     2.1443     71         98         104        111        118        125        151       
1225       61000      61000      163.70     88.48      0.5405     51.08      0.35       0.35       0.30       0          48.21      57         57         0          0          0.1040     2.1503     71         98         104        111        118        125        151       
1226       61000      61000      163.67     88.51      0.5408     51.15      0.36       0.35       0.30       0          48.21      57         57         0          0          0.1040     2.1583     71         98         104        111        118        125        151       
1227       61000      61000      163.69     88.70      0.5419     50.98      0.36       0.35       0.30       0          48.21      57         57         0          0          0.1040     2.1457     71         98         104        111        118        125        151       
1228       61000      61000      163.67     88.69      0.5419     50.99      0.35       0.35       0.30       0          48.21      57         57         0          0          0.1040     2.1541     71         98         104        111        118        125        151       
1229       61000      61000      163.68     87.62      0.5353     51.02      0.35       0.35       0.30       0          48.21      57         57         0          0          0.1040     2.1541     71         98         104        111        118        125        151       
1230       61000      61000      163.68     88.46      0.5404     51.04      0.36       0.35       0.30       0          48.21      57         57         0          0          0.1040     2.1511     71         98         104        111        118        125        151       
1231       61000      61000      163.68     88.43      0.5403     51.03      0.35       0.35       0.30       0          48.21      57         57         0          0          0.1040     2.1564     71         98         104        111        118        125        151       
1232       61000      61000      163.71     88.90      0.5431     51.01      0.35       0.35       0.30       0          48.21      57         57         0          0          0.1040     2.1493     71         98         104        111        118        125        151       
1233       61000      61000      163.70     88.46      0.5404     51.05      0.35       0.35       0.30       0          48.21      57         57         0          0          0.1040     2.1561     71         98         104        111        118        125        151       
1234       61000      61000      163.68     88.23      0.5390     50.89      0.35       0.35       0.30       0          48.21      57         57         0          0          0.1039     2.1519     71         98         104        111        118        125        151       
1235       61000      61000      163.69     88.45      0.5404     50.95      0.35       0.35       0.30       0          48.20      57         57         0          0          0.1039     2.1461     71         98         104        111        118        125        151       
1236       61000      61000      163.68     87.96      0.5374     51.09      0.35       0.35       0.30       0          48.20      57         57         0          0          0.1039     2.1488     71         98         104        111        118        125        151       
1237       61000      61000      163.69     88.01      0.5377     51.02      0.36       0.35       0.30       0          48.20      57         57         0          0          0.1039     2.1487     71         98         104        111        118        125        151       
1238       61000      61000      163.68     88.98      0.5436     50.98      0.35       0.35       0.30       0          48.20      57         57         0          0          0.1039     2.1530     71         98         104        111        118        125        151       
1239       61000      61000      163.70     88.64      0.5415     50.94      0.35       0.35       0.30       0          48.20      57         57         0          0          0.1039     2.1479     71         98         104        111        118        125        151       
1240       61000      61000      163.69     89.95      0.5495     51.07      0.36       0.35       0.30       0          48.20      57         57         0          0          0.1039     2.1599     71         98         104        111        118        125        151       
1241       61000      61000      163.71     88.50      0.5406     51.16      0.35       0.35       0.30       0          48.20      57         57         0          0          0.1039     2.1542     71         98         104        111        118        125        151       
1242       61000      61000      163.70     88.94      0.5433     51.12      0.36       0.35       0.30       0          48.20      57         57         0          0          0.1039     2.1499     71         98         104        111        118        125        151       
1243       61000      61000      163.69     89.38      0.5460     51.15      0.36       0.35       0.30       0          48.20      57         57         0          0          0.1039     2.1527     71         98         104        111        118        125        151       
1244       61000      61000      163.71     89.11      0.5444     51.18      0.36       0.35       0.30       0          48.20      57         57         0          0          0.1039     2.1493     71         98         104        111        118        125        151       
1245       61000      61000      163.69     89.14      0.5446     51.17      0.36       0.35       0.30       0          48.20      57         57         0          0          0.1039     2.1506     71         98         104        111        118        125        151       
1246       61000      61000      163.68     88.52      0.5408     51.30      0.36       0.35       0.30       0          48.20      57         57         0          0          0.1039     2.1538     71         98         104        111        118        125        151       
1247       61000      61000      163.65     89.22      0.5452     51.26      0.36       0.35       0.30       0          48.20      57         57         0          0          0.1039     2.1533     71         98         104        111        118        125        151       
1248       61000      61000      163.69     88.89      0.5430     51.28      0.36       0.35       0.30       0          48.20      57         57         0          0          0.1039     2.1519     71         98         104        111        118        125        151       
1249       61000      61000      163.68     88.85      0.5428     51.21      0.36       0.35       0.30       0          48.20      57         57         0          0          0.1039     2.1584     71         98         104        111        118        125        151       
1250       61000      61000      163.67     89.58      0.5473     51.24      0.36       0.35       0.30       0          48.20      57         57         0          0          0.1039     2.1549     71         98         104        111        118        125        151       
1251       61000      61000      163.67     88.26      0.5392     51.26      0.36       0.35       0.30       0          48.19      57         57         0          0          0.1039     2.1505     71         98         104        111        118        125        151       
1252       61000      61000      163.69     89.66      0.5478     51.18      0.36       0.35       0.30       0          48.19      57         57         0          0          0.1039     2.1474     71         98         104        111        118        125        151       
1253       61000      61000      163.66     89.04      0.5440     51.16      0.36       0.35       0.30       0          48.19      57         57         0          0          0.1039     2.1552     71         98         104        111        118        125        151       
1254       61000      61000      163.68     87.71      0.5359     51.12      0.36       0.35       0.30       0          48.19      57         57         0          0          0.1039     2.1535     71         98         104        111        118        125        151       
1255       61000      61000      163.69     88.85      0.5428     51.06      0.35       0.35       0.30       0          48.19      57         57         0          0          0.1039     2.1538     71         98         104        111        118        125        151       
1256       61000      61000      163.66     89.36      0.5460     50.99      0.35       0.35       0.30       0          48.19      57         57         0          0          0.1039     2.1527     71         98         104        111        118        125        151       
1257       61000      61000      163.69     89.31      0.5456     51.10      0.36       0.35       0.30       0          48.19      57         57         0          0          0.1039     2.1484     71         98         104        111        118        125        151       
1258       61000      61000      163.67     88.87      0.5430     51.13      0.36       0.35       0.30       0          48.19      57         57         0          0          0.1039     2.1549     71         98         104        111        118        125        151       
1259       61000      61000      163.65     88.34      0.5398     51.15      0.36       0.35       0.30       0          48.19      57         57         0          0          0.1039     2.1556     71         98         104        111        118        125        151       
1260       61000      61000      163.66     88.21      0.5390     51.15      0.36       0.35       0.30       0          48.19      57         57         0          0          0.1039     2.1506     71         98         104        111        118        125        151       
1261       61000      61000      163.70     89.42      0.5462     51.09      0.35       0.35       0.30       0          48.19      57         57         0          0          0.1039     2.1590     71         98         104        111        118        125        151       
1262       61000      61000      163.67     88.97      0.5436     51.11      0.36       0.35       0.30       0          48.19      57         57         0          0          0.1039     2.1553     71         98         104        111        118        125        151       
1263       61000      61000      163.68     88.74      0.5422     51.15      0.36       0.35       0.30       0          48.19      57         57         0          0          0.1039     2.1547     71         98         104        111        118        125        151       
1264       61000      61000      163.70     88.86      0.5429     51.20      0.36       0.35       0.30       0          48.19      57         57         0          0          0.1039     2.1542     71         98         104        111        118        125        151       
1265       61000      61000      163.68     88.41      0.5401     51.05      0.36       0.35       0.30       0          48.19      57         57         0          0          0.1039     2.1492     71         98         104        111        118        125        151       
1266       61000      61000      163.67     88.72      0.5421     50.99      0.35       0.35       0.30       0          48.19      57         57         0          0          0.1039     2.1504     71         98         104        111        118        125        151       
1267       61000      61000      163.65     88.82      0.5427     51.13      0.36       0.35       0.30       0          48.19      57         57         0          0          0.1039     2.1537     71         98         104        111        118        125        151       
1268       61000      61000      163.69     88.25      0.5391     51.09      0.35       0.35       0.30       0          48.19      57         57         0          0          0.1039     2.1497     71         98         104        111        118        125        151       
1269       61000      61000      163.68     88.67      0.5417     51.00      0.35       0.35       0.30       0          48.19      57         57         0          0          0.1039     2.1539     71         98         104        111        118        125        151       
1270       61000      61000      163.68     88.84      0.5427     51.05      0.35       0.35       0.30       0          48.19      57         57         0          0          0.1039     2.1541     71         98         104        111        118        125        151       
1271       61000      61000      163.66     89.43      0.5464     51.08      0.35       0.35       0.30       0          48.19      57         57         0          0          0.1039     2.1542     71         98         104        111        118        125        151       
1272       61000      61000      163.67     89.47      0.5467     51.17      0.36       0.35       0.30       0          48.18      57         57         0          0          0.1039     2.1506     71         98         104        111        118        125        151       
1273       61000      61000      163.70     88.32      0.5395     51.21      0.36       0.35       0.30       0          48.18      57         57         0          0          0.1039     2.1531     71         98         104        111        118        125        151       
1274       61000      61000      163.68     89.94      0.5495     51.07      0.36       0.35       0.30       0          48.18      57         57         0          0          0.1039     2.1552     71         98         104        111        118        125        151       
1275       61000      61000      163.68     88.67      0.5417     51.25      0.36       0.35       0.30       0          48.18      57         57         0          0          0.1039     2.1541     71         98         104        111        118        125        151       
1276       61000      61000      163.68     88.85      0.5428     51.26      0.36       0.35       0.30       0          48.18      57         57         0          0          0.1039     2.1496     71         98         104        111        118        125        151       
1277       61000      61000      163.67     88.28      0.5394     51.17      0.36       0.35       0.30       0          48.18      57         57         0          0          0.1039     2.1499     71         98         104        111        118        125        151       
1278       61000      61000      163.70     89.74      0.5482     51.13      0.36       0.35       0.30       0          48.18      57         57         0          0          0.1039     2.1451     71         98         104        111        118        125        151       
1279       61000      61000      163.68     88.98      0.5437     51.13      0.36       0.35       0.30       0          48.18      57         57         0          0          0.1039     2.1479     71         98         104        111        118        125        151       
1280       61000      61000      163.68     89.53      0.5470     51.19      0.36       0.35       0.30       0          48.18      57         57         0          0          0.1039     2.1547     71         98         104        111        118        125        151       
1281       61000      61000      163.67     89.84      0.5489     51.20      0.36       0.35       0.30       0          48.18      57         57         0          0          0.1039     2.1524     71         98         104        111        118        125        151       
1282       61000      61000      163.70     88.56      0.5410     51.14      0.36       0.35       0.30       0          48.18      57         57         0          0          0.1039     2.1524     71         98         104        111        118        125        151       
1283       61000      61000      163.67     88.09      0.5382     51.25      0.35       0.35       0.30       0          48.18      57         57         0          0          0.1038     2.1495     71         98         104        111        118        125        151       
1284       61000      61000      163.67     89.94      0.5495     51.19      0.35       0.35       0.30       0          48.18      57         57         0          0          0.1038     2.1491     71         98         104        111        118        125        151       
1285       61000      61000      163.69     88.94      0.5433     51.14      0.35       0.35       0.30       0          48.18      57         57         0          0          0.1038     2.1494     71         98         104        111        118        125        151       
1286       61000      61000      163.69     89.42      0.5463     51.06      0.36       0.35       0.30       0          48.18      57         57         0          0          0.1038     2.1573     71         98         104        111        118        125        151       
1287       61000      61000      163.68     88.79      0.5425     51.22      0.36       0.35       0.30       0          48.18      57         57         0          0          0.1038     2.1528     71         98         104        111        118        125        151       
1288       61000      61000      163.68     89.08      0.5442     51.21      0.36       0.35       0.30       0          48.18      57         57         0          0          0.1038     2.1515     71         98         104        111        118        125        151       
1289       61000      61000      163.67     89.49      0.5468     51.10      0.36       0.35       0.30       0          48.18      57         57         0          0          0.1038     2.1504     71         98         104        111        118        125        151       
1290       61000      61000      163.67     89.24      0.5452     51.14      0.36       0.35       0.30       0          48.18      57         57         0          0          0.1038     2.1549     71         98         104        111        118        125        151       
1291       61000      61000      163.67     88.95      0.5435     51.16      0.36       0.35       0.30       0          48.18      57         57         0          0          0.1038     2.1510     71         98         104        111        118        125        151       
1292       61000      61000      163.68     89.77      0.5485     51.15      0.35       0.35       0.30       0          48.18      57         57         0          0          0.1038     2.1528     71         98         104        111        118        125        151       
1293       61000      61000      163.68     89.30      0.5456     51.24      0.36       0.35       0.30       0          48.18      57         57         0          0          0.1038     2.1491     71         98         104        111        118        125        151       
1294       61000      61000      163.70     88.38      0.5399     51.22      0.36       0.35       0.30       0          48.18      57         57         0          0          0.1038     2.1568     71         98         104        111        118        125        151       
1295       61000      61000      163.69     89.40      0.5461     51.28      0.36       0.35       0.30       0          48.18      57         57         0          0          0.1038     2.1480     71         98         104        111        118        125        151       
1296       61000      61000      163.67     89.99      0.5498     51.28      0.36       0.36       0.30       0          48.18      57         57         0          0          0.1038     2.1532     71         98         104        111        118        125        151       
1297       61000      61000      163.66     88.23      0.5391     51.26      0.36       0.35       0.30       0          48.17      57         57         0          0          0.1038     2.1501     71         98         104        111        118        125        151       
1298       61000      61000      163.68     88.83      0.5427     51.33      0.36       0.36       0.30       0          48.17      57         57         0          0          0.1038     2.1583     71         98         104        111        118        125        151       
1299       61000      61000      163.69     88.79      0.5424     51.21      0.36       0.35       0.30       0          48.17      57         57         0          0          0.1038     2.1518     71         98         104        111        118        125        151       
1300       61000      61000      163.71     89.49      0.5467     51.22      0.36       0.35       0.30       0          48.17      57         57         0          0          0.1038     2.1545     71         98         104        111        118        125        151       
1301       61000      61000      163.67     88.68      0.5418     51.18      0.36       0.35       0.30       0          48.17      57         57         0          0          0.1038     2.1497     72         98         104        111        118        125        151       
1302       61000      61000      163.67     88.98      0.5436     51.29      0.36       0.35       0.30       0          48.17      57         57         0          0          0.1038     2.1567     72         98         104        111        118        125        151       
1303       61000      61000      163.68     89.34      0.5458     51.23      0.36       0.35       0.30       0          48.17      57         57         0          0          0.1038     2.1515     72         98         104        111        118        125        151       
1304       61000      61000      163.67     88.11      0.5383     51.28      0.35       0.35       0.30       0          48.17      57         57         0          0          0.1038     2.1528     72         98         104        111        118        125        151       
1305       61000      61000      163.65     89.85      0.5490     51.31      0.36       0.35       0.30       0          48.17      57         57         0          0          0.1038     2.1505     72         98         104        111        118        125        151       
1306       61000      61000      163.67     89.30      0.5456     51.26      0.36       0.35       0.30       0          48.17      57         57         0          0          0.1038     2.1548     72         98         104        111        118        125        151       
1307       61000      61000      163.67     88.56      0.5411     51.20      0.36       0.35       0.30       0          48.17      57         57         0          0          0.1038     2.1573     72         98         104        111        118        125        151       
1308       61000      61000      163.66     89.09      0.5443     51.18      0.36       0.35       0.30       0          48.17      57         57         0          0          0.1038     2.1529     73         98         104        111        118        125        151       
1309       61000      61000      163.69     88.07      0.5380     51.19      0.35       0.35       0.30       0          48.17      57         57         0          0          0.1038     2.1543     73         98         104        111        118        125        151       
1310       61000      61000      163.69     89.20      0.5449     51.21      0.36       0.35       0.30       0          48.17      57         57         0          0          0.1038     2.1502     73         98         104        111        118        125        151       
1311       61000      61000      163.70     89.66      0.5477     51.17      0.35       0.35       0.30       0          48.17      57         57         0          0          0.1038     2.1543     73         98         104        111        118        125        151       
1312       61000      61000      163.70     88.90      0.5430     51.23      0.35       0.35       0.30       0          48.17      57         57         0          0          0.1038     2.1529     73         98         104        111        118        125        151       
1313       61000      61000      163.70     88.79      0.5424     51.19      0.36       0.35       0.30       0          48.17      57         57         0          0          0.1038     2.1483     73         98         104        111        118        125        151       
1314       61000      61000      163.69     88.95      0.5434     51.09      0.36       0.35       0.30       0          48.17      57         57         0          0          0.1038     2.1525     73         98         104        111        118        125        151       
1315       61000      61000      163.68     89.27      0.5454     51.22      0.36       0.35       0.30       0          48.17      57         57         0          0          0.1038     2.1525     73         98         104        111        118        125        151       
1316       61000      61000      163.69     89.45      0.5465     51.29      0.36       0.35       0.30       0          48.17      57         57         0          0          0.1038     2.1551     73         98         104        111        118        125        151       
1317       61000      61000      163.70     89.21      0.5450     51.36      0.36       0.35       0.30       0          48.17      57         57         0          0          0.1038     2.1487     73         98         104        111        118        125        151       
1318       61000      61000      163.69     90.46      0.5526     51.27      0.36       0.35       0.30       0          48.17      57         57         0          0          0.1038     2.1509     73         98         104        111        118        125        151       
1319       61000      61000      163.69     89.28      0.5454     51.38      0.36       0.36       0.30       0          48.17      57         57         0          0          0.1038     2.1556     73         98         104        111        118        125        151       
1320       61000      61000      163.68     89.37      0.5460     51.33      0.36       0.36       0.30       0          48.17      57         57         0          0          0.1038     2.1520     73         98         104        111        118        125        151       
1321       61000      61000      163.69     89.39      0.5461     51.23      0.36       0.35       0.30       0          48.16      57         57         0          0          0.1038     2.1561     73         98         104        111        118        125        151       
1322       61000      61000      163.67     89.06      0.5441     51.24      0.36       0.35       0.30       0          48.16      57         57         0          0          0.1038     2.1462     73         98         104        111        118        125        151       
1323       61000      61000      163.71     87.72      0.5358     51.20      0.36       0.35       0.30       0          48.16      57         57         0          0          0.1038     2.1562     73         98         104        111        118        125        151       
1324       61000      61000      163.67     88.69      0.5419     51.14      0.36       0.35       0.30       0          48.16      57         57         0          0          0.1038     2.1517     73         98         104        111        118        125        151       
1325       61000      61000      163.69     89.82      0.5488     51.01      0.35       0.35       0.30       0          48.16      57         57         0          0          0.1038     2.1561     73         98         104        111        118        125        151       
1326       61000      61000      163.67     88.98      0.5436     51.27      0.36       0.35       0.30       0          48.16      57         57         0          0          0.1038     2.1521     73         98         104        111        118        125        151       
1327       61000      61000      163.69     88.11      0.5383     51.15      0.36       0.35       0.30       0          48.16      57         57         0          0          0.1038     2.1483     73         98         104        111        118        125        151       
1328       61000      61000      163.67     87.52      0.5347     51.08      0.36       0.35       0.30       0          48.16      57         57         0          0          0.1038     2.1540     73         98         104        111        118        125        151       
1329       61000      61000      163.70     89.25      0.5452     51.07      0.35       0.35       0.30       0          48.16      57         57         0          0          0.1038     2.1521     73         98         104        111        118        125        151       
1330       61000      61000      163.68     88.52      0.5408     51.04      0.36       0.35       0.30       0          48.16      57         57         0          0          0.1038     2.1523     73         98         104        111        118        125        151       
1331       61000      61000      163.71     88.72      0.5419     50.97      0.35       0.35       0.30       0          48.16      57         57         0          0          0.1038     2.1510     73         98         104        111        118        125        151       
1332       61000      61000      163.70     88.39      0.5400     50.95      0.36       0.35       0.30       0          48.16      57         57         0          0          0.1038     2.1530     73         98         104        111        118        125        151       
1333       61000      61000      163.66     89.49      0.5468     51.09      0.36       0.35       0.30       0          48.16      57         57         0          0          0.1038     2.1591     73         98         104        111        118        125        151       
1334       61000      61000      163.67     88.62      0.5415     51.04      0.35       0.35       0.30       0          48.16      57         57         0          0          0.1038     2.1482     73         98         104        111        118        125        151       
1335       61000      61000      163.67     89.02      0.5439     51.11      0.35       0.35       0.30       0          48.16      57         57         0          0          0.1038     2.1556     73         98         104        111        118        125        151       
1336       61000      61000      163.68     88.91      0.5432     51.11      0.36       0.35       0.30       0          48.16      57         57         0          0          0.1038     2.1539     73         98         104        111        118        125        151       
1337       61000      61000      163.68     89.34      0.5458     51.06      0.35       0.35       0.30       0          48.16      57         57         0          0          0.1038     2.1495     73         98         104        111        118        125        151       
1338       61000      61000      163.69     87.88      0.5369     51.12      0.36       0.35       0.30       0          48.16      57         57         0          0          0.1038     2.1485     73         98         104        111        118        125        151       
1339       61000      61000      163.68     88.55      0.5410     51.16      0.36       0.35       0.30       0          48.16      57         57         0          0          0.1038     2.1524     73         98         104        111        118        125        151       
1340       61000      61000      163.68     89.59      0.5474     51.11      0.35       0.35       0.30       0          48.16      57         57         0          0          0.1038     2.1474     73         98         104        111        118        125        151       
1341       61000      61000      163.69     89.49      0.5467     51.17      0.36       0.35       0.30       0          48.16      57         57         0          0          0.1038     2.1497     73         98         104        111        118        125        151       
1342       61000      61000      163.66     89.13      0.5446     51.12      0.36       0.35       0.30       0          48.16      57         57         0          0          0.1038     2.1533     73         98         104        111        118        125        151       
1343       61000      61000      163.67     88.58      0.5412     51.22      0.36       0.35       0.30       0          48.16      57         57         0          0          0.1038     2.1515     73         98         104        111        118        125        151       
1344       61000      61000      163.67     88.28      0.5394     51.20      0.36       0.35       0.30       0          48.15      57         57         0          0          0.1038     2.1551     73         98         104        111        118        125        151       
1345       61000      61000      163.67     89.09      0.5443     51.08      0.35       0.35       0.30       0          48.15      57         57         0          0          0.1037     2.1528     73         98         104        111        118        125        151       
1346       61000      61000      163.66     88.80      0.5426     51.05      0.35       0.35       0.30       0          48.15      57         57         0          0          0.1037     2.1524     73         98         104        111        118        125        151       
1347       61000      61000      163.68     87.85      0.5367     51.06      0.36       0.35       0.30       0          48.15      57         57         0          0          0.1037     2.1511     73         98         104        111        118        125        151       
1348       61000      61000      163.67     88.38      0.5400     51.03      0.36       0.35       0.30       0          48.15      57         57         0          0          0.1037     2.1468     73         98         104        111        118        125        151       
1349       61000      61000      163.70     89.11      0.5444     51.09      0.36       0.35       0.30       0          48.15      57         57         0          0          0.1037     2.1544     73         98         104        111        118        125        151       
1350       61000      61000      163.67     88.63      0.5415     51.08      0.36       0.35       0.30       0          48.15      57         57         0          0          0.1037     2.1465     73         98         104        111        118        125        151       
1351       61000      61000      163.68     90.09      0.5504     51.03      0.36       0.35       0.30       0          48.15      57         57         0          0          0.1037     2.1543     73         98         104        111        118        125        151       
1352       61000      61000      163.69     89.29      0.5455     51.12      0.35       0.35       0.30       0          48.15      57         57         0          0          0.1037     2.1503     73         98         104        111        118        125        151       
1353       61000      61000      163.68     88.78      0.5424     51.15      0.36       0.35       0.30       0          48.15      57         57         0          0          0.1037     2.1535     73         98         104        111        118        125        151       
1354       61000      61000      163.70     88.57      0.5411     51.17      0.36       0.35       0.30       0          48.15      57         57         0          0          0.1037     2.1525     73         98         104        111        118        125        151       
1355       61000      61000      163.67     89.53      0.5471     51.20      0.35       0.35       0.30       0          48.15      57         57         0          0          0.1037     2.1585     73         98         104        111        118        125        151       
1356       61000      61000      163.65     89.87      0.5492     51.29      0.35       0.35       0.30       0          48.15      57         57         0          0          0.1037     2.1579     73         98         104        111        118        125        151       
1357       61000      61000      163.65     88.07      0.5382     51.29      0.35       0.35       0.30       0          48.15      57         57         0          0          0.1037     2.1501     73         98         104        111        118        125        151       
1358       61000      61000      163.66     88.84      0.5428     51.20      0.35       0.35       0.30       0          48.15      57         57         0          0          0.1037     2.1515     73         98         104        111        118        125        151       
1359       61000      61000      163.68     88.23      0.5391     51.11      0.35       0.35       0.30       0          48.15      57         57         0          0          0.1037     2.1545     73         98         104        111        118        125        151       
1360       61000      61000      163.70     89.08      0.5442     51.16      0.35       0.35       0.30       0          48.15      57         57         0          0          0.1037     2.1506     73         98         104        111        118        125        151       
1361       61000      61000      163.67     89.00      0.5437     51.21      0.36       0.35       0.30       0          48.15      57         57         0          0          0.1037     2.1515     73         98         104        111        118        125        151       
1362       61000      61000      163.66     89.22      0.5451     51.10      0.36       0.35       0.30       0          48.15      57         57         0          0          0.1037     2.1525     73         98         104        111        118        125        151       
1363       61000      61000      163.67     88.32      0.5396     51.17      0.35       0.35       0.30       0          48.15      57         57         0          0          0.1037     2.1505     73         98         104        111        118        125        151       
1364       61000      61000      163.69     88.72      0.5420     51.14      0.36       0.35       0.30       0          48.15      57         57         0          0          0.1037     2.1497     73         98         104        111        118        125        151       
1365       61000      61000      163.68     87.53      0.5347     51.09      0.36       0.35       0.30       0          48.15      57         57         0          0          0.1037     2.1485     73         98         104        111        118        125        151       
1366       61000      61000      163.68     87.84      0.5367     51.05      0.36       0.35       0.30       0          48.15      57         57         0          0          0.1037     2.1504     73         98         104        111        118        125        151       
1367       61000      61000      163.70     88.81      0.5425     50.97      0.35       0.35       0.30       0          48.15      57         57         0          0          0.1037     2.1492     73         98         104        111        118        125        151       
1368       61000      61000      163.67     89.61      0.5475     51.00      0.35       0.35       0.30       0          48.15      57         57         0          0          0.1037     2.1530     73         98         104        111        118        125        151       
1369       61000      61000      163.66     89.04      0.5440     51.04      0.35       0.35       0.30       0          48.15      57         57         0          0          0.1037     2.1515     73         98         104        111        118        125        151       
1370       61000      61000      163.68     87.82      0.5365     51.14      0.35       0.35       0.30       0          48.15      57         57         0          0          0.1037     2.1520     73         98         104        111        118        125        151       
1371       61000      61000      163.67     89.60      0.5474     51.10      0.35       0.35       0.30       0          48.15      57         57         0          0          0.1037     2.1512     73         98         104        111        118        125        151       
1372       61000      61000      163.68     89.94      0.5495     51.22      0.36       0.35       0.30       0          48.15      57         57         0          0          0.1037     2.1545     73         98         104        111        118        125        151       
1373       61000      61000      163.67     88.45      0.5404     51.18      0.35       0.35       0.30       0          48.15      57         57         0          0          0.1037     2.1538     73         98         104        111        118        125        151       
1374       61000      61000      163.69     88.88      0.5429     51.21      0.36       0.35       0.30       0          48.15      57         57         0          0          0.1037     2.1507     73         98         104        111        118        125        151       
1375       61000      61000      163.69     89.22      0.5450     51.13      0.36       0.35       0.30       0          48.15      57         57         0          0          0.1037     2.1506     73         98         104        111        118        125        151       
1376       61000      61000      163.69     88.32      0.5396     51.14      0.35       0.35       0.30       0          48.15      57         57         0          0          0.1037     2.1507     73         98         104        111        118        125        151       
1377       61000      61000      163.66     89.45      0.5466     51.24      0.36       0.35       0.30       0          48.15      57         57         0          0          0.1037     2.1483     73         98         104        111        118        125        151       
1378       61000      61000      163.69     88.79      0.5424     51.11      0.36       0.35       0.30       0          48.15      57         57         0          0          0.1037     2.1537     73         98         104        111        118        125        151       
1379       61000      61000      163.66     89.37      0.5461     51.09      0.36       0.35       0.30       0          48.15      57         57         0          0          0.1037     2.1484     73         98         104        111        118        125        151       
1380       61000      61000      163.68     88.47      0.5405     51.09      0.36       0.35       0.30       0          48.15      57         57         0          0          0.1037     2.1502     73         98         104        111        118        125        151       
1381       61000      61000      163.68     89.14      0.5446     51.10      0.36       0.35       0.30       0          48.15      57         57         0          0          0.1037     2.1535     73         98         104        111        118        125        151       
1382       61000      61000      163.69     88.98      0.5436     51.06      0.36       0.35       0.30       0          48.15      57         57         0          0          0.1037     2.1566     73         98         104        111        118        125        151       
1383       61000      61000      163.68     88.02      0.5378     51.16      0.35       0.35       0.30       0          48.14      57         57         0          0          0.1037     2.1488     73         98         104        111        118        125        151       
1384       61000      61000      163.69     89.33      0.5457     51.12      0.35       0.35       0.30       0          48.14      57         57         0          0          0.1037     2.1465     73         98         104        111        118        125        151       
1385       61000      61000      163.69     89.04      0.5440     51.05      0.36       0.35       0.30       0          48.14      57         57         0          0          0.1037     2.1477     73         98         104        111        118        125        151       
1386       61000      61000      163.69     89.91      0.5493     51.10      0.36       0.35       0.30       0          48.14      57         57         0          0          0.1037     2.1512     73         98         104        111        118        125        151       
1387       61000      61000      163.69     88.76      0.5423     51.20      0.36       0.35       0.30       0          48.14      57         57         0          0          0.1037     2.1503     73         98         104        111        118        125        151       
1388       61000      61000      163.66     88.69      0.5419     51.15      0.36       0.35       0.30       0          48.14      57         57         0          0          0.1037     2.1515     73         98         104        111        118        125        151       
1389       61000      61000      163.67     88.10      0.5382     51.19      0.36       0.35       0.30       0          48.14      57         57         0          0          0.1037     2.1475     73         98         104        111        118        125        151       
1390       61000      61000      163.69     89.08      0.5442     51.03      0.35       0.35       0.30       0          48.14      57         57         0          0          0.1037     2.1512     73         98         104        111        118        125        151       
1391       61000      61000      163.69     88.91      0.5432     51.05      0.35       0.35       0.30       0          48.14      57         57         0          0          0.1037     2.1460     73         98         104        111        118        125        151       
1392       61000      61000      163.68     88.05      0.5379     51.02      0.36       0.35       0.30       0          48.14      57         57         0          0          0.1037     2.1524     73         98         104        111        118        125        151       
1393       61000      61000      163.69     88.86      0.5429     51.13      0.36       0.35       0.30       0          48.14      57         57         0          0          0.1037     2.1501     73         98         104        111        118        125        151       
1394       61000      61000      163.68     88.52      0.5408     50.95      0.36       0.35       0.30       0          48.14      57         57         0          0          0.1037     2.1519     73         98         104        111        118        125        151       
1395       61000      61000      163.65     89.00      0.5438     50.98      0.36       0.35       0.30       0          48.14      57         57         0          0          0.1037     2.1533     73         98         104        111        118        125        151       
1396       61000      61000      163.70     88.72      0.5420     51.04      0.35       0.35       0.30       0          48.14      57         57         0          0          0.1037     2.1490     73         98         104        111        118        125        151       
1397       61000      61000      163.70     89.07      0.5441     51.10      0.36       0.35       0.30       0          48.14      57         57         0          0          0.1037     2.1524     73         98         104        111        118        125        151       
1398       61000      61000      163.69     89.47      0.5466     51.05      0.35       0.35       0.30       0          48.14      57         57         0          0          0.1037     2.1510     73         98         104        111        118        125        151       
1399       61000      61000      163.68     89.86      0.5490     51.10      0.36       0.35       0.30       0          48.14      57         57         0          0          0.1037     2.1500     73         98         104        111        118        125        151       
1400       61000      61000      163.68     88.77      0.5423     51.09      0.36       0.35       0.30       0          48.14      57         57         0          0          0.1037     2.1583     73         98         104        111        118        125        151       
1401       61000      61000      163.67     88.49      0.5406     51.10      0.35       0.35       0.30       0          48.14      57         57         0          0          0.1037     2.1526     73         98         104        111        118        125        151       
1402       61000      61000      163.68     89.30      0.5456     51.07      0.35       0.35       0.30       0          48.14      57         57         0          0          0.1037     2.1539     73         98         104        111        118        125        151       
1403       61000      61000      163.67     88.94      0.5434     51.19      0.36       0.35       0.30       0          48.14      57         57         0          0          0.1037     2.1475     73         98         104        111        118        125        151       
1404       61000      61000      163.69     88.91      0.5432     51.12      0.36       0.35       0.30       0          48.14      57         57         0          0          0.1037     2.1522     73         98         104        111        118        125        151       
1405       61000      61000      163.65     89.67      0.5479     51.15      0.35       0.35       0.30       0          48.14      57         57         0          0          0.1037     2.1521     74         98         104        111        118        125        151       
1406       61000      61000      163.66     88.82      0.5427     51.18      0.36       0.35       0.30       0          48.14      57         57         0          0          0.1037     2.1530     74         98         104        111        118        125        151       
1407       61000      61000      163.67     88.52      0.5409     51.09      0.36       0.35       0.30       0          48.14      57         57         0          0          0.1037     2.1503     74         98         104        111        118        125        151       
1408       61000      61000      163.67     89.00      0.5438     51.17      0.35       0.35       0.30       0          48.14      57         57         0          0          0.1037     2.1534     74         98         104        111        118        125        151       
1409       61000      61000      163.69     89.27      0.5454     51.18      0.36       0.35       0.30       0          48.14      57         57         0          0          0.1037     2.1489     74         98         104        111        118        125        151       
1410       61000      61000      163.67     89.30      0.5456     51.08      0.36       0.35       0.30       0          48.14      57         57         0          0          0.1037     2.1504     74         98         104        111        118        125        151       
1411       61000      61000      163.67     88.25      0.5392     51.14      0.36       0.35       0.30       0          48.14      57         57         0          0          0.1037     2.1521     74         98         104        111        118        125        151       
1412       61000      61000      163.66     89.45      0.5465     51.10      0.37       0.35       0.30       0          48.14      57         57         0          0          0.1037     2.1524     74         98         104        111        118        125        151       
1413       61000      61000      163.68     89.28      0.5455     51.11      0.37       0.35       0.30       0          48.14      57         57         0          0          0.1037     2.1520     74         98         104        111        118        125        151       
1414       61000      61000      163.66     88.22      0.5391     51.07      0.36       0.35       0.30       0          48.14      57         57         0          0          0.1037     2.1505     74         98         104        111        118        125        151       
1415       61000      61000      163.68     89.76      0.5484     51.14      0.36       0.35       0.30       0          48.14      57         57         0          0          0.1037     2.1497     74         98         104        111        118        125        151       
1416       61000      61000      163.69     89.84      0.5488     51.30      0.36       0.35       0.30       0          48.14      57         57         0          0          0.1037     2.1509     74         98         104        111        118        125        151       
1417       61000      61000      163.68     88.67      0.5418     51.22      0.36       0.35       0.30       0          48.13      57         57         0          0          0.1037     2.1508     75         98         104        111        118        125        151       
1418       61000      61000      163.65     88.41      0.5403     51.23      0.35       0.35       0.30       0          48.13      57         57         0          0          0.1037     2.1572     75         98         104        111        118        125        151       
1419       61000      61000      163.69     89.79      0.5485     51.11      0.36       0.35       0.30       0          48.13      57         57         0          0          0.1037     2.1530     75         98         104        111        118        125        151       
1420       61000      61000      163.67     88.29      0.5394     51.17      0.36       0.35       0.30       0          48.13      57         57         0          0          0.1037     2.1504     75         98         104        111        118        125        151       
1421       61000      61000      163.69     88.96      0.5435     51.18      0.36       0.35       0.30       0          48.13      57         57         0          0          0.1037     2.1471     75         98         104        111        118        125        151       
1422       61000      61000      163.69     88.61      0.5413     51.13      0.36       0.35       0.30       0          48.13      57         57         0          0          0.1037     2.1514     75         98         104        111        118        125        151       
1423       61000      61000      163.69     88.91      0.5432     51.11      0.35       0.35       0.30       0          48.13      57         57         0          0          0.1037     2.1527     75         98         104        111        118        125        151       
1424       61000      61000      163.68     89.46      0.5465     51.19      0.36       0.35       0.30       0          48.13      57         57         0          0          0.1037     2.1477     75         98         104        111        118        125        151       
1425       61000      61000      163.68     88.85      0.5428     51.13      0.36       0.35       0.30       0          48.13      57         57         0          0          0.1037     2.1535     75         98         104        111        118        125        151       
1426       61000      61000      163.69     89.12      0.5445     51.13      0.36       0.35       0.30       0          48.13      57         57         0          0          0.1037     2.1481     75         98         104        111        118        125        151       
1427       61000      61000      163.69     89.81      0.5487     51.11      0.36       0.35       0.30       0          48.13      57         57         0          0          0.1037     2.1505     75         98         104        111        118        125        151       
1428       61000      61000      163.67     89.78      0.5485     51.16      0.35       0.35       0.30       0          48.13      57         57         0          0          0.1037     2.1482     75         98         104        111        118        125        151       
1429       61000      61000      163.68     88.92      0.5432     51.24      0.35       0.35       0.30       0          48.13      57         57         0          0          0.1037     2.1492     75         98         104        111        118        125        151       
1430       61000      61000      163.68     89.23      0.5452     51.31      0.36       0.35       0.30       0          48.13      57         57         0          0          0.1037     2.1508     75         98         104        111        118        125        151       
1431       61000      61000      163.68     89.07      0.5442     51.21      0.36       0.35       0.30       0          48.13      57         57         0          0          0.1037     2.1494     75         98         104        111        118        125        151       
1432       61000      61000      163.69     89.02      0.5438     51.22      0.36       0.35       0.30       0          48.13      57         57         0          0          0.1037     2.1520     75         98         104        111        118        125        151       
1433       61000      61000      163.67     89.45      0.5465     51.22      0.35       0.35       0.30       0          48.13      57         57         0          0          0.1037     2.1515     75         98         104        111        118        125        151       
1434       61000      61000      163.66     88.23      0.5391     51.27      0.36       0.35       0.30       0          48.13      57         57         0          0          0.1037     2.1507     75         98         104        111        118        125        151       
1435       61000      61000      163.70     87.87      0.5368     51.21      0.36       0.35       0.30       0          48.13      57         57         0          0          0.1037     2.1494     75         98         104        111        118        125        151       
1436       61000      61000      163.69     88.85      0.5428     51.18      0.35       0.35       0.30       0          48.13      57         57         0          0          0.1037     2.1529     75         98         104        111        118        125        151       
1437       61000      61000      163.68     89.57      0.5473     51.10      0.36       0.35       0.30       0          48.13      57         57         0          0          0.1037     2.1556     75         98         104        111        118        125        151       
1438       61000      61000      163.69     89.41      0.5462     51.18      0.36       0.35       0.30       0          48.13      57         57         0          0          0.1037     2.1561     75         98         104        111        118        125        151       
1439       61000      61000      163.67     89.09      0.5443     51.24      0.36       0.35       0.30       0          48.13      57         57         0          0          0.1037     2.1522     75         98         104        111        118        125        151       
1440       61000      61000      163.68     90.19      0.5510     51.19      0.36       0.35       0.30       0          48.13      57         57         0          0          0.1037     2.1527     75         98         104        111        118        125        151       
1441       61000      61000      163.70     89.08      0.5442     51.24      0.36       0.35       0.30       0          48.13      57         57         0          0          0.1037     2.1529     75         98         104        111        118        125        151       
1442       61000      61000      163.68     88.71      0.5420     51.28      0.36       0.36       0.30       0          48.13      57         57         0          0          0.1037     2.1502     75         98         104        111        118        125        151       
1443       61000      61000      163.66     90.18      0.5510     51.25      0.36       0.35       0.30       0          48.13      57         57         0          0          0.1037     2.1502     75         98         104        111        118        125        151       
1444       61000      61000      163.67     89.00      0.5438     51.21      0.36       0.35       0.30       0          48.13      57         57         0          0          0.1037     2.1494     75         98         104        111        118        125        151       
1445       61000      61000      163.70     88.37      0.5399     51.22      0.35       0.35       0.30       0          48.13      57         57         0          0          0.1037     2.1515     75         98         104        111        118        125        151       
1446       61000      61000      163.67     88.10      0.5383     51.21      0.35       0.35       0.30       0          48.13      57         57         0          0          0.1036     2.1491     75         98         104        111        118        125        151       
1447       61000      61000      163.67     89.68      0.5480     51.15      0.35       0.35       0.30       0          48.13      57         57         0          0          0.1036     2.1527     75         98         104        111        118        125        151       
1448       61000      61000      163.69     89.75      0.5483     51.24      0.36       0.35       0.30       0          48.13      57         57         0          0          0.1036     2.1539     75         98         104        111        118        125        151       
1449       61000      61000      163.67     88.87      0.5430     51.10      0.36       0.35       0.30       0          48.13      57         57         0          0          0.1036     2.1548     75         98         104        111        118        125        151       
1450       61000      61000      163.65     88.88      0.5431     51.02      0.35       0.35       0.30       0          48.13      57         57         0          0          0.1036     2.1509     75         98         104        111        118        125        151       
1451       61000      61000      163.69     88.54      0.5409     51.08      0.35       0.35       0.30       0          48.13      57         57         0          0          0.1036     2.1490     75         98         104        111        118        125        151       
1452       61000      61000      163.68     88.47      0.5405     51.12      0.35       0.35       0.30       0          48.13      57         57         0          0          0.1036     2.1506     75         98         104        111        118        125        151       
1453       61000      61000      163.68     89.62      0.5475     51.07      0.36       0.35       0.30       0          48.13      57         57         0          0          0.1036     2.1495     75         98         104        111        118        125        151       
1454       61000      61000      163.69     90.49      0.5528     51.33      0.35       0.35       0.30       0          48.13      57         57         0          0          0.1036     2.1537     75         98         104        111        118        125        151       
1455       61000      61000      163.68     90.27      0.5515     51.25      0.35       0.35       0.30       0          48.13      57         57         0          0          0.1036     2.1498     75         98         104        111        118        125        151       
1456       61000      61000      163.67     89.48      0.5467     51.25      0.36       0.35       0.30       0          48.13      57         57         0          0          0.1036     2.1517     75         98         104        111        118        125        151       
1457       61000      61000      163.71     88.93      0.5432     51.34      0.36       0.36       0.30       0          48.13      57         57         0          0          0.1036     2.1505     75         98         104        111        118        125        151       
1458       61000      61000      163.69     90.22      0.5512     51.27      0.36       0.35       0.30       0          48.13      57         57         0          0          0.1036     2.1498     75         98         104        111        118        125        151       
1459       61000      61000      163.69     89.35      0.5458     51.21      0.35       0.35       0.30       0          48.13      57         57         0          0          0.1036     2.1557     75         98         104        111        118        125        151       
1460       61000      61000      163.71     89.06      0.5440     51.29      0.36       0.35       0.30       0          48.13      57         57         0          0          0.1036     2.1519     75         98         104        111        118        125        151       
1461       61000      61000      163.67     90.58      0.5535     51.31      0.35       0.36       0.30       0          48.13      57         57         0          0          0.1036     2.1515     75         98         104        111        118        125        151       
1462       61000      61000      163.66     90.16      0.5509     51.35      0.37       0.36       0.30       0          48.13      57         57         0          0          0.1036     2.1485     75         98         104        111        118        125        151       
1463       61000      61000      163.68     90.34      0.5519     51.46      0.37       0.36       0.30       0          48.13      57         57         0          0          0.1036     2.1462     75         98         104        111        118        125        151       
1464       61000      61000      163.66     89.53      0.5470     51.37      0.36       0.36       0.30       0          48.13      57         57         0          0          0.1036     2.1482     75         98         104        111        118        125        151       
1465       61000      61000      163.68     88.43      0.5403     51.29      0.36       0.36       0.30       0          48.13      57         57         0          0          0.1036     2.1495     75         98         104        111        118        125        151       
1466       61000      61000      163.67     89.71      0.5481     51.37      0.36       0.36       0.30       0          48.13      57         57         0          0          0.1036     2.1491     75         98         104        111        118        125        151       
1467       61000      61000      163.65     89.59      0.5474     51.30      0.36       0.36       0.30       0          48.13      57         57         0          0          0.1036     2.1503     75         98         104        111        118        125        151       
1468       61000      61000      163.68     89.71      0.5481     51.27      0.36       0.36       0.30       0          48.13      57         57         0          0          0.1036     2.1507     75         98         104        111        118        125        151       
1469       61000      61000      163.67     89.61      0.5475     51.35      0.36       0.36       0.30       0          48.13      57         57         0          0          0.1036     2.1523     75         98         104        111        118        125        151       
1470       61000      61000      163.67     89.25      0.5453     51.36      0.36       0.36       0.30       0          48.13      57         57         0          0          0.1036     2.1502     75         98         104        111        118        125        151       
1471       61000      61000      163.68     89.05      0.5441     51.36      0.36       0.36       0.30       0          48.13      57         57         0          0          0.1036     2.1520     75         98         104        111        118        125        151       
1472       61000      61000      163.68     89.99      0.5498     51.31      0.36       0.35       0.30       0          48.13      57         57         0          0          0.1036     2.1564     75         98         104        111        118        125        151       
1473       61000      61000      163.67     89.59      0.5474     51.27      0.36       0.36       0.30       0          48.13      57         57         0          0          0.1036     2.1490     75         98         104        111        118        125        151       
1474       61000      61000      163.69     89.12      0.5444     51.22      0.36       0.35       0.30       0          48.13      57         57         0          0          0.1036     2.1484     75         98         104        111        118        125        151       
1475       61000      61000      163.66     88.83      0.5428     51.24      0.36       0.35       0.30       0          48.13      57         57         0          0          0.1036     2.1527     75         98         104        111        118        125        151       
1476       61000      61000      163.70     89.61      0.5474     51.22      0.36       0.35       0.30       0          48.13      57         57         0          0          0.1036     2.1497     75         98         104        111        118        125        151       
1477       61000      61000      163.66     89.44      0.5465     51.15      0.36       0.35       0.30       0          48.13      57         57         0          0          0.1036     2.1477     75         98         104        111        118        125        151       
1478       61000      61000      163.68     89.17      0.5447     51.24      0.36       0.35       0.30       0          48.12      57         57         0          0          0.1036     2.1504     75         98         104        111        118        125        151       
1479       61000      61000      163.65     90.32      0.5519     51.39      0.36       0.36       0.30       0          48.12      57         57         0          0          0.1036     2.1525     75         98         104        111        118        125        151       
1480       61000      61000      163.68     89.24      0.5452     51.24      0.36       0.35       0.30       0          48.12      57         57         0          0          0.1036     2.1502     75         98         104        111        118        125        151       
1481       61000      61000      163.71     88.65      0.5415     51.30      0.36       0.35       0.30       0          48.12      57         57         0          0          0.1036     2.1513     75         98         104        111        118        125        151       
1482       61000      61000      163.67     89.86      0.5490     51.16      0.36       0.35       0.30       0          48.12      57         57         0          0          0.1036     2.1509     75         98         104        111        118        125        151       
1483       61000      61000      163.67     88.75      0.5422     51.35      0.36       0.35       0.30       0          48.12      57         57         0          0          0.1036     2.1519     75         98         104        111        118        125        151       
1484       61000      61000      163.68     90.07      0.5503     51.32      0.36       0.35       0.30       0          48.12      57         57         0          0          0.1036     2.1469     75         98         104        111        118        125        151       
1485       61000      61000      163.69     89.28      0.5454     51.29      0.36       0.35       0.30       0          48.12      57         57         0          0          0.1036     2.1575     75         98         104        111        118        125        151       
1486       61000      61000      163.67     90.05      0.5502     51.33      0.36       0.36       0.30       0          48.12      57         57         0          0          0.1036     2.1539     75         98         104        111        118        125        151       
1487       61000      61000      163.69     89.16      0.5447     51.29      0.36       0.36       0.30       0          48.12      57         57         0          0          0.1036     2.1544     75         98         104        111        118        125        151       
1488       61000      61000      163.69     89.87      0.5490     51.24      0.36       0.35       0.30       0          48.12      57         57         0          0          0.1036     2.1563     75         98         104        111        118        125        151       
1489       61000      61000      163.68     88.32      0.5396     51.25      0.36       0.35       0.30       0          48.12      57         57         0          0          0.1036     2.1523     75         98         104        111        118        125        151       
1490       61000      61000      163.68     89.73      0.5482     51.26      0.36       0.35       0.30       0          48.12      57         57         0          0          0.1036     2.1498     75         98         104        111        118        125        151       
1491       61000      61000      163.68     89.97      0.5497     51.24      0.36       0.35       0.30       0          48.12      57         57         0          0          0.1036     2.1527     75         98         104        111        118        125        151       
1492       61000      61000      163.68     89.34      0.5459     51.32      0.36       0.36       0.30       0          48.12      57         57         0          0          0.1036     2.1478     75         98         104        111        118        125        151       
1493       61000      61000      163.69     88.22      0.5390     51.28      0.36       0.35       0.30       0          48.12      57         57         0          0          0.1036     2.1453     75         98         104        111        118        125        151       
1494       61000      61000      163.70     89.37      0.5459     51.28      0.36       0.35       0.30       0          48.12      57         57         0          0          0.1036     2.1501     76         98         104        111        118        125        151       
1495       61000      61000      163.68     88.80      0.5425     51.12      0.36       0.35       0.30       0          48.12      57         57         0          0          0.1036     2.1502     76         98         104        111        118        125        151       
1496       61000      61000      163.68     88.96      0.5435     51.00      0.35       0.35       0.30       0          48.12      57         57         0          0          0.1036     2.1478     76         98         104        111        118        125        151       
1497       61000      61000      163.70     88.65      0.5415     51.00      0.36       0.35       0.30       0          48.12      57         57         0          0          0.1036     2.1512     76         98         104        111        118        125        151       
1498       61000      61000      163.69     88.07      0.5380     51.10      0.36       0.35       0.30       0          48.12      57         57         0          0          0.1036     2.1532     76         98         104        111        118        125        151       
1499       61000      61000      163.66     89.00      0.5438     51.06      0.36       0.35       0.30       0          48.12      57         57         0          0          0.1036     2.1508     76         98         104        111        118        125        151       
1500       61000      61000      163.66     88.60      0.5413     51.02      0.36       0.35       0.30       0          48.12      57         57         0          0          0.1036     2.1534     76         98         104        111        118        125        151       
1501       61000      61000      163.70     88.67      0.5416     50.99      0.35       0.35       0.30       0          48.12      57         57         0          0          0.1036     2.1572     76         98         104        111        118        125        151       
1502       61000      61000      163.66     89.10      0.5444     51.02      0.35       0.35       0.30       0          48.12      57         57         0          0          0.1036     2.1465     76         98         104        111        118        125        151       
1503       61000      61000      163.67     88.81      0.5426     51.05      0.35       0.35       0.30       0          48.12      57         57         0          0          0.1036     2.1501     76         98         104        111        118        125        151       
1504       61000      61000      163.70     89.00      0.5437     51.07      0.35       0.35       0.30       0          48.12      57         57         0          0          0.1036     2.1557     76         98         104        111        118        125        151       
1505       61000      61000      163.70     89.41      0.5462     51.12      0.36       0.35       0.30       0          48.12      57         57         0          0          0.1036     2.1500     76         98         104        111        118        125        151       
1506       61000      61000      163.67     89.04      0.5440     51.23      0.36       0.35       0.30       0          48.12      57         57         0          0          0.1036     2.1515     76         98         104        111        118        125        151       
1507       61000      61000      163.67     89.72      0.5482     51.11      0.36       0.35       0.30       0          48.12      57         57         0          0          0.1036     2.1485     76         98         104        111        118        125        151       
1508       61000      61000      163.70     89.71      0.5481     51.21      0.35       0.35       0.30       0          48.12      57         57         0          0          0.1036     2.1484     76         98         104        111        118        125        151       
1509       61000      61000      163.68     88.54      0.5409     51.15      0.36       0.35       0.30       0          48.12      57         57         0          0          0.1036     2.1489     76         98         104        111        118        125        151       
1510       61000      61000      163.67     89.26      0.5454     51.13      0.36       0.35       0.30       0          48.12      57         57         0          0          0.1036     2.1500     76         98         104        111        118        125        151       
1511       61000      61000      163.66     90.20      0.5512     51.21      0.36       0.35       0.30       0          48.12      57         57         0          0          0.1036     2.1532     76         98         104        111        118        125        151       
1512       61000      61000      163.68     89.71      0.5481     51.27      0.36       0.35       0.30       0          48.12      57         57         0          0          0.1036     2.1575     76         98         104        111        118        125        151       
1513       61000      61000      163.69     89.37      0.5460     51.25      0.36       0.36       0.30       0          48.12      57         57         0          0          0.1036     2.1548     76         98         104        111        118        125        151       
1514       61000      61000      163.66     89.81      0.5488     51.28      0.36       0.35       0.30       0          48.12      57         57         0          0          0.1036     2.1528     76         98         104        111        118        125        151       
1515       61000      61000      163.69     89.99      0.5498     51.41      0.36       0.36       0.30       0          48.12      57         57         0          0          0.1036     2.1553     76         98         104        111        118        125        151       
1516       61000      61000      163.69     89.15      0.5446     51.38      0.36       0.36       0.30       0          48.12      57         57         0          0          0.1036     2.1501     76         98         104        111        118        125        151       
1517       61000      61000      163.67     89.06      0.5441     51.34      0.36       0.36       0.30       0          48.12      57         57         0          0          0.1036     2.1490     76         98         104        111        118        125        151       
1518       61000      61000      163.67     88.62      0.5415     51.30      0.36       0.36       0.30       0          48.12      57         57         0          0          0.1036     2.1544     76         98         104        111        118        125        151       
1519       61000      61000      163.68     89.28      0.5455     51.21      0.36       0.35       0.30       0          48.12      57         57         0          0          0.1036     2.1542     76         98         104        111        118        125        151       
1520       61000      61000      163.67     89.69      0.5480     51.10      0.36       0.35       0.30       0          48.12      57         57         0          0          0.1036     2.1522     76         98         104        111        118        125        151       
1521       61000      61000      163.68     89.67      0.5478     51.21      0.36       0.35       0.30       0          48.12      57         57         0          0          0.1036     2.1438     76         98         104        111        118        125        151       
1522       61000      61000      163.68     89.12      0.5445     51.19      0.36       0.35       0.30       0          48.12      57         57         0          0          0.1036     2.1491     76         98         104        111        118        125        151       
1523       61000      61000      163.65     89.19      0.5450     51.28      0.36       0.35       0.30       0          48.12      57         57         0          0          0.1036     2.1522     76         98         104        111        118        125        151       
1524       61000      61000      163.68     89.25      0.5453     51.28      0.36       0.35       0.30       0          48.12      57         57         0          0          0.1036     2.1470     76         98         104        111        118        125        151       
1525       61000      61000      163.70     88.88      0.5429     51.26      0.36       0.35       0.30       0          48.12      57         57         0          0          0.1036     2.1502     76         98         104        111        118        125        151       
1526       61000      61000      163.68     88.58      0.5412     51.17      0.36       0.35       0.30       0          48.12      57         57         0          0          0.1036     2.1498     76         98         104        111        118        125        151       
1527       61000      61000      163.67     89.07      0.5442     51.26      0.36       0.35       0.30       0          48.12      57         57         0          0          0.1036     2.1513     76         98         104        111        118        125        151       
1528       61000      61000      163.69     88.97      0.5435     51.06      0.36       0.35       0.30       0          48.12      57         57         0          0          0.1036     2.1526     76         98         104        111        118        125        151       
1529       61000      61000      163.68     88.99      0.5437     51.13      0.36       0.35       0.30       0          48.12      57         57         0          0          0.1036     2.1471     76         98         104        111        118        125        151       
1530       61000      61000      163.70     89.82      0.5487     51.13      0.35       0.35       0.30       0          48.12      57         57         0          0          0.1036     2.1539     76         98         104        111        118        125        151       
1531       61000      61000      163.68     88.92      0.5433     51.20      0.35       0.35       0.30       0          48.12      57         57         0          0          0.1036     2.1519     76         98         104        111        118        125        151       
1532       61000      61000      163.68     89.42      0.5463     51.20      0.36       0.35       0.30       0          48.12      57         57         0          0          0.1036     2.1522     76         98         104        111        118        125        151       
1533       61000      61000      163.68     88.90      0.5432     51.11      0.36       0.35       0.30       0          48.12      57         57         0          0          0.1036     2.1485     76         98         104        111        118        125        151       
1534       61000      61000      163.66     88.90      0.5432     51.10      0.35       0.35       0.30       0          48.12      57         57         0          0          0.1036     2.1533     76         98         104        111        118        125        151       
1535       61000      61000      163.69     89.03      0.5439     51.15      0.36       0.35       0.30       0          48.12      57         57         0          0          0.1036     2.1537     76         98         104        111        118        125        151       
1536       61000      61000      163.69     88.77      0.5423     51.12      0.36       0.35       0.30       0          48.12      57         57         0          0          0.1036     2.1515     76         98         104        111        118        125        151       
1537       61000      61000      163.67     88.45      0.5404     51.00      0.35       0.35       0.30       0          48.12      57         57         0          0          0.1036     2.1484     76         98         104        111        118        125        151       
1538       61000      61000      163.69     87.83      0.5366     50.94      0.35       0.35       0.30       0          48.12      57         57         0          0          0.1036     2.1527     76         98         104        111        118        125        151       
1539       61000      61000      163.68     89.17      0.5448     50.88      0.35       0.35       0.30       0          48.12      57         57         0          0          0.1036     2.1527     76         98         104        111        118        125        151       
1540       61000      61000      163.67     88.98      0.5437     50.89      0.35       0.35       0.30       0          48.12      57         57         0          0          0.1036     2.1539     76         98         104        111        118        125        151       
1541       61000      61000      163.70     88.10      0.5382     50.98      0.35       0.35       0.30       0          48.12      57         57         0          0          0.1036     2.1488     76         98         104        111        118        125        151       
1542       61000      61000      163.69     88.28      0.5393     50.92      0.35       0.35       0.30       0          48.12      57         57         0          0          0.1036     2.1587     76         98         104        111        118        125        151       
1543       61000      61000      163.67     87.65      0.5356     51.00      0.35       0.35       0.30       0          48.12      57         57         0          0          0.1036     2.1546     76         98         104        111        118        125        151       
1544       61000      61000      163.70     87.16      0.5325     50.83      0.35       0.35       0.30       0          48.12      57         57         0          0          0.1036     2.1528     76         98         104        111        118        125        151       
1545       61000      61000      163.69     88.63      0.5414     50.71      0.36       0.35       0.30       0          48.12      57         57         0          0          0.1036     2.1516     76         98         104        111        118        125        151       
1546       61000      61000      163.68     88.11      0.5383     50.74      0.35       0.35       0.30       0          48.12      57         57         0          0          0.1036     2.1534     76         98         104        111        118        125        151       
1547       61000      61000      163.67     88.41      0.5401     50.87      0.35       0.35       0.30       0          48.12      57         57         0          0          0.1036     2.1492     76         98         104        111        118        125        151       
1548       61000      61000      163.68     89.68      0.5479     50.86      0.35       0.35       0.30       0          48.12      57         57         0          0          0.1036     2.1447     76         98         104        111        118        125        151       
1549       61000      61000      163.69     87.64      0.5354     50.86      0.35       0.35       0.30       0          48.12      57         57         0          0          0.1036     2.1529     76         98         104        111        118        125        151       
1550       61000      61000      163.67     88.58      0.5412     50.92      0.35       0.35       0.30       0          48.12      57         57         0          0          0.1036     2.1524     76         98         104        111        118        125        151       
1551       61000      61000      163.67     87.84      0.5367     50.99      0.35       0.35       0.30       0          48.12      57         57         0          0          0.1036     2.1573     76         98         104        111        118        125        151       
1552       61000      61000      163.71     89.06      0.5440     50.93      0.36       0.35       0.30       0          48.12      57         57         0          0          0.1036     2.1545     76         98         104        111        118        125        151       
1553       61000      61000      163.69     88.94      0.5433     50.95      0.35       0.35       0.30       0          48.12      57         57         0          0          0.1036     2.1508     76         98         104        111        118        125        151       
1554       61000      61000      163.67     90.19      0.5511     51.03      0.36       0.35       0.30       0          48.12      57         57         0          0          0.1036     2.1504     76         98         104        111        118        125        151       
1555       61000      61000      163.69     89.02      0.5439     51.11      0.36       0.35       0.30       0          48.12      57         57         0          0          0.1036     2.1484     76         98         104        111        118        125        151       
1556       61000      61000      163.68     88.61      0.5414     51.19      0.36       0.35       0.30       0          48.12      57         57         0          0          0.1036     2.1565     76         98         104        111        118        125        151       
1557       61000      61000      163.69     90.00      0.5498     51.15      0.36       0.35       0.30       0          48.12      57         57         0          0          0.1036     2.1540     76         98         104        111        118        125        151       
1558       61000      61000      163.68     88.78      0.5424     51.08      0.36       0.35       0.30       0          48.12      57         57         0          0          0.1036     2.1539     76         98         104        111        118        125        151       
1559       61000      61000      163.69     88.93      0.5433     51.07      0.35       0.35       0.30       0          48.12      57         57         0          0          0.1036     2.1484     76         98         104        111        118        125        151       
1560       61000      61000      163.67     88.69      0.5419     51.12      0.36       0.35       0.30       0          48.11      57         57         0          0          0.1036     2.1511     76         98         104        111        118        125        151       
1561       61000      61000      163.67     88.88      0.5431     50.99      0.36       0.35       0.30       0          48.11      57         57         0          0          0.1036     2.1485     76         98         104        111        118        125        151       
1562       61000      61000      163.70     88.56      0.5410     51.01      0.35       0.35       0.30       0          48.11      57         57         0          0          0.1036     2.1492     76         98         104        111        118        125        151       
1563       61000      61000      163.68     88.45      0.5404     51.01      0.36       0.35       0.30       0          48.11      57         57         0          0          0.1036     2.1555     76         98         104        111        118        125        151       
1564       61000      61000      163.70     89.25      0.5452     50.87      0.35       0.35       0.30       0          48.11      57         57         0          0          0.1036     2.1520     76         98         104        111        118        125        151       
1565       61000      61000      163.68     88.25      0.5392     50.97      0.35       0.35       0.30       0          48.11      57         57         0          0          0.1036     2.1500     76         98         104        111        118        125        151       
1566       61000      61000      163.67     87.68      0.5357     50.91      0.35       0.35       0.30       0          48.11      57         57         0          0          0.1036     2.1523     76         98         104        111        118        125        151       
1567       61000      61000      163.69     89.37      0.5460     50.88      0.35       0.35       0.30       0          48.11      57         57         0          0          0.1036     2.1507     76         98         104        111        118        125        151       
1568       61000      61000      163.68     90.42      0.5524     50.92      0.35       0.35       0.30       0          48.11      57         57         0          0          0.1036     2.1518     76         98         104        111        118        125        151       
1569       61000      61000      163.69     88.25      0.5391     50.85      0.35       0.35       0.30       0          48.11      57         57         0          0          0.1036     2.1519     76         98         104        111        118        125        151       
1570       61000      61000      163.69     90.01      0.5499     50.93      0.35       0.35       0.30       0          48.11      57         57         0          0          0.1036     2.1512     76         98         104        111        118        125        151       
1571       61000      61000      163.68     88.87      0.5429     51.09      0.36       0.35       0.30       0          48.11      57         57         0          0          0.1036     2.1514     76         98         104        111        118        125        151       
1572       61000      61000      163.69     88.74      0.5422     51.13      0.36       0.35       0.30       0          48.11      57         57         0          0          0.1036     2.1515     76         98         104        111        118        125        151       
1573       61000      61000      163.70     88.24      0.5390     51.06      0.35       0.35       0.30       0          48.11      57         57         0          0          0.1036     2.1490     76         98         104        111        118        125        151       
1574       61000      61000      163.67     88.15      0.5386     50.89      0.36       0.35       0.30       0          48.11      57         57         0          0          0.1036     2.1491     76         98         104        111        118        125        151       
1575       61000      61000      163.70     89.38      0.5460     51.06      0.36       0.35       0.30       0          48.11      57         57         0          0          0.1036     2.1564     76         98         104        111        118        125        151       
1576       61000      61000      163.68     87.32      0.5335     50.92      0.35       0.35       0.30       0          48.11      57         57         0          0          0.1036     2.1491     76         98         104        111        118        125        151       
1577       61000      61000      163.71     89.41      0.5461     50.92      0.35       0.35       0.30       0          48.11      57         57         0          0          0.1036     2.1534     76         98         104        111        118        125        151       
1578       61000      61000      163.67     89.16      0.5447     50.91      0.35       0.35       0.30       0          48.11      57         57         0          0          0.1036     2.1550     76         98         104        111        118        125        151       
1579       61000      61000      163.68     88.47      0.5405     50.91      0.35       0.35       0.30       0          48.11      57         57         0          0          0.1036     2.1526     76         98         104        111        118        125        151       
1580       61000      61000      163.69     88.42      0.5402     50.94      0.35       0.35       0.30       0          48.11      57         57         0          0          0.1036     2.1484     76         98         104        111        118        125        151       
1581       61000      61000      163.67     88.68      0.5419     50.94      0.36       0.35       0.30       0          48.11      57         57         0          0          0.1036     2.1468     76         98         104        111        118        125        151       
1582       61000      61000      163.68     87.46      0.5344     50.90      0.35       0.35       0.30       0          48.11      57         57         0          0          0.1036     2.1501     76         98         104        111        118        125        151       
1583       61000      61000      163.67     87.65      0.5356     50.81      0.35       0.35       0.30       0          48.11      57         57         0          0          0.1036     2.1559     76         98         104        111        118        125        151       
1584       61000      61000      163.67     88.10      0.5383     50.70      0.35       0.34       0.30       0          48.11      57         57         0          0          0.1036     2.1502     76         98         104        111        118        125        151       
1585       61000      61000      163.69     89.14      0.5446     50.85      0.35       0.35       0.30       0          48.11      57         57         0          0          0.1036     2.1550     76         98         104        111        118        125        151       
1586       61000      61000      163.67     87.70      0.5358     50.77      0.34       0.35       0.30       0          48.11      57         57         0          0          0.1036     2.1522     76         98         104        111        118        125        151       
1587       61000      61000      163.68     87.96      0.5374     50.78      0.35       0.35       0.30       0          48.11      57         57         0          0          0.1036     2.1492     76         98         104        111        118        125        151       
1588       61000      61000      163.68     88.52      0.5408     50.73      0.35       0.34       0.30       0          48.11      57         57         0          0          0.1036     2.1520     76         98         104        111        118        125        151       
1589       61000      61000      163.67     89.09      0.5443     50.63      0.35       0.34       0.30       0          48.11      57         57         0          0          0.1036     2.1525     76         98         104        111        118        125        151       
1590       61000      61000      163.70     88.54      0.5409     50.82      0.35       0.35       0.30       0          48.11      57         57         0          0          0.1036     2.1489     76         98         104        111        118        125        151       
1591       61000      61000      163.69     87.65      0.5355     50.77      0.35       0.35       0.30       0          48.11      57         57         0          0          0.1036     2.1525     76         98         104        111        118        125        151       
1592       61000      61000      163.68     88.09      0.5382     50.76      0.35       0.35       0.30       0          48.11      57         57         0          0          0.1036     2.1490     76         98         104        111        118        125        151       
1593       61000      61000      163.69     88.15      0.5385     50.79      0.35       0.35       0.30       0          48.11      57         57         0          0          0.1036     2.1571     76         98         104        111        118        125        151       
1594       61000      61000      163.69     88.25      0.5391     50.85      0.36       0.35       0.30       0          48.11      57         57         0          0          0.1036     2.1547     76         98         104        111        118        125        151       
1595       61000      61000      163.68     88.32      0.5396     50.89      0.36       0.35       0.30       0          48.11      57         57         0          0          0.1036     2.1463     76         98         104        111        118        125        151       
1596       61000      61000      163.70     88.06      0.5379     50.77      0.35       0.35       0.30       0          48.11      57         57         0          0          0.1036     2.1504     76         98         104        111        118        125        151       
1597       61000      61000      163.66     87.95      0.5374     50.70      0.35       0.35       0.30       0          48.11      57         57         0          0          0.1036     2.1508     76         98         104        111        118        125        151       
1598       61000      61000      163.71     88.90      0.5430     50.85      0.35       0.35       0.30       0          48.11      57         57         0          0          0.1036     2.1515     76         98         104        111        118        125        151       
1599       61000      61000      163.67     88.02      0.5378     50.81      0.35       0.35       0.30       0          48.11      57         57         0          0          0.1036     2.1456     76         98         104        111        118        125        151       
1600       61000      61000      163.68     87.86      0.5368     50.74      0.35       0.35       0.30       0          48.11      57         57         0          0          0.1036     2.1471     76         98         104        111        118        125        151       
1601       61000      61000      163.69     88.00      0.5376     50.87      0.35       0.35       0.30       0          48.11      57         57         0          0          0.1036     2.1472     76         98         104        111        118        125        151       
1602       61000      61000      163.68     89.21      0.5450     50.81      0.35       0.35       0.30       0          48.11      57         57         0          0          0.1036     2.1568     76         98         104        111        118        125        151       
1603       61000      61000      163.69     87.82      0.5365     50.80      0.35       0.35       0.30       0          48.11      57         57         0          0          0.1036     2.1447     76         98         104        111        118        125        151       
1604       61000      61000      163.67     90.22      0.5512     50.80      0.35       0.35       0.30       0          48.11      57         57         0          0          0.1036     2.1549     76         98         104        111        118        125        151       
1605       61000      61000      163.70     88.16      0.5385     50.78      0.36       0.35       0.30       0          48.11      57         57         0          0          0.1036     2.1521     76         98         104        111        118        125        151       
1606       61000      61000      163.68     88.29      0.5394     50.88      0.35       0.35       0.30       0          48.11      57         57         0          0          0.1036     2.1501     76         98         104        111        118        125        151       
1607       61000      61000      163.68     88.16      0.5386     50.86      0.35       0.35       0.30       0          48.11      57         57         0          0          0.1036     2.1549     76         98         104        111        118        125        151       
1608       61000      61000      163.69     87.99      0.5375     50.85      0.35       0.35       0.30       0          48.11      57         57         0          0          0.1036     2.1462     76         98         104        111        118        125        151       
1609       61000      61000      163.67     88.90      0.5432     50.82      0.35       0.35       0.30       0          48.11      57         57         0          0          0.1036     2.1516     76         98         104        111        118        125        151       
1610       61000      61000      163.67     87.75      0.5361     50.86      0.35       0.35       0.30       0          48.11      57         57         0          0          0.1036     2.1483     76         98         104        111        118        125        151       
1611       61000      61000      163.70     89.88      0.5491     50.85      0.35       0.35       0.30       0          48.11      57         57         0          0          0.1036     2.1526     76         98         104        111        118        125        151       
1612       61000      61000      163.67     88.92      0.5433     50.99      0.35       0.35       0.30       0          48.11      57         57         0          0          0.1036     2.1548     76         98         104        111        118        125        151       
1613       61000      61000      163.68     88.59      0.5412     50.88      0.35       0.35       0.30       0          48.11      57         57         0          0          0.1036     2.1500     76         98         104        111        118        125        151       
1614       61000      61000      163.66     88.13      0.5385     50.90      0.35       0.35       0.30       0          48.11      57         57         0          0          0.1036     2.1502     76         98         104        111        118        125        151       
1615       61000      61000      163.68     88.57      0.5411     50.98      0.36       0.35       0.30       0          48.11      57         57         0          0          0.1036     2.1536     76         98         104        111        118        125        151       
1616       61000      61000      163.67     89.64      0.5477     50.98      0.35       0.35       0.30       0          48.11      57         57         0          0          0.1036     2.1493     76         98         104        111        118        125        151       
1617       61000      61000      163.68     88.77      0.5423     51.00      0.35       0.35       0.30       0          48.11      57         57         0          0          0.1036     2.1480     76         98         104        111        118        125        151       
1618       61000      61000      163.70     87.77      0.5362     51.04      0.35       0.35       0.30       0          48.11      57         57         0          0          0.1036     2.1526     76         98         104        111        118        125        151       
1619       61000      61000      163.69     87.84      0.5366     50.89      0.36       0.35       0.30       0          48.11      57         57         0          0          0.1036     2.1521     76         98         104        111        118        125        151       
1620       61000      61000      163.67     88.70      0.5420     50.89      0.35       0.35       0.30       0          48.11      57         57         0          0          0.1036     2.1548     76         98         104        111        118        125        151       
1621       61000      61000      163.68     89.00      0.5438     50.84      0.35       0.35       0.30       0          48.11      57         57         0          0          0.1036     2.1509     76         98         104        111        118        125        151       
1622       61000      61000      163.71     88.55      0.5409     50.97      0.35       0.35       0.30       0          48.11      57         57         0          0          0.1036     2.1547     76         98         104        111        118        125        151       
1623       61000      61000      163.70     89.50      0.5467     50.97      0.35       0.35       0.30       0          48.11      57         57         0          0          0.1036     2.1505     76         98         104        111        118        125        151       
1624       61000      61000      163.69     88.79      0.5424     50.95      0.36       0.35       0.30       0          48.11      57         57         0          0          0.1036     2.1482     76         98         104        111        118        125        151       
1625       61000      61000      163.70     88.99      0.5436     50.96      0.35       0.35       0.30       0          48.11      57         57         0          0          0.1036     2.1453     76         98         104        111        118        125        151       
1626       61000      61000      163.70     87.65      0.5354     50.85      0.35       0.35       0.30       0          48.11      57         57         0          0          0.1036     2.1494     76         98         104        111        118        125        151       
1627       61000      61000      163.68     88.12      0.5384     50.81      0.35       0.35       0.30       0          48.11      57         57         0          0          0.1036     2.1527     76         98         104        111        118        125        151       
1628       61000      61000      163.69     89.00      0.5437     50.87      0.35       0.35       0.30       0          48.11      57         57         0          0          0.1036     2.1495     76         98         104        111        118        125        151       
1629       61000      61000      163.67     87.71      0.5359     50.93      0.35       0.35       0.30       0          48.11      57         57         0          0          0.1036     2.1470     76         98         104        111        118        125        151       
1630       61000      61000      163.68     89.03      0.5439     50.88      0.35       0.35       0.30       0          48.11      57         57         0          0          0.1036     2.1558     76         98         104        111        118        125        151       
1631       61000      61000      163.68     88.84      0.5428     50.91      0.35       0.35       0.30       0          48.11      57         57         0          0          0.1036     2.1485     76         98         104        111        118        125        151       
1632       61000      61000      163.67     88.66      0.5417     50.97      0.35       0.35       0.30       0          48.11      57         57         0          0          0.1036     2.1489     76         98         104        111        118        125        151       
1633       61000      61000      163.69     88.61      0.5413     51.01      0.35       0.35       0.30       0          48.11      57         57         0          0          0.1036     2.1519     76         98         104        111        118        125        151       
1634       61000      61000      163.69     88.92      0.5432     51.06      0.36       0.35       0.30       0          48.11      57         57         0          0          0.1036     2.1577     76         98         104        111        118        125        151       
1635       61000      61000      163.69     89.46      0.5465     51.08      0.35       0.35       0.30       0          48.11      57         57         0          0          0.1036     2.1462     76         98         104        111        118        125        151       
1636       61000      61000      163.67     89.15      0.5447     51.10      0.35       0.35       0.30       0          48.11      57         57         0          0          0.1036     2.1484     76         98         104        111        118        125        151       
1637       61000      61000      163.68     88.61      0.5413     51.04      0.35       0.35       0.30       0          48.11      57         57         0          0          0.1036     2.1572     76         98         104        111        118        125        151       
1638       61000      61000      163.69     89.66      0.5478     50.97      0.35       0.35       0.30       0          48.11      57         57         0          0          0.1036     2.1536     76         98         104        111        118        125        151       
1639       61000      61000      163.65     88.94      0.5435     51.01      0.35       0.35       0.30       0          48.11      57         57         0          0          0.1036     2.1534     76         98         104        111        118        125        151       
1640       61000      61000      163.69     87.58      0.5351     51.02      0.36       0.35       0.30       0          48.11      57         57         0          0          0.1036     2.1535     76         98         104        111        118        125        151       
1641       61000      61000      163.70     88.75      0.5421     50.99      0.36       0.35       0.30       0          48.11      57         57         0          0          0.1036     2.1495     76         98         104        111        118        125        151       
1642       61000      61000      163.67     87.69      0.5358     50.94      0.35       0.35       0.30       0          48.11      57         57         0          0          0.1036     2.1544     76         98         104        111        118        125        151       
1643       61000      61000      163.69     88.03      0.5378     50.77      0.35       0.35       0.30       0          48.11      57         57         0          0          0.1036     2.1532     76         98         104        111        118        125        151       
1644       61000      61000      163.69     87.51      0.5346     50.76      0.35       0.35       0.30       0          48.11      57         57         0          0          0.1036     2.1501     76         98         104        111        118        125        151       
1645       61000      61000      163.68     88.75      0.5423     50.75      0.35       0.35       0.30       0          48.11      57         57         0          0          0.1036     2.1494     76         98         104        111        118        125        151       
1646       61000      61000      163.70     87.67      0.5355     50.80      0.35       0.35       0.30       0          48.11      57         57         0          0          0.1036     2.1512     76         98         104        111        118        125        151       
1647       61000      61000      163.70     88.65      0.5415     50.81      0.35       0.35       0.30       0          48.11      57         57         0          0          0.1036     2.1475     76         98         104        111        118        125        151       
1648       61000      61000      163.69     87.37      0.5338     50.75      0.36       0.35       0.30       0          48.11      57         57         0          0          0.1036     2.1492     76         98         104        111        118        125        151       
1649       61000      61000      163.68     88.51      0.5407     50.67      0.35       0.34       0.30       0          48.11      57         57         0          0          0.1036     2.1550     76         98         104        111        118        125        151       
1650       61000      61000      163.68     89.30      0.5456     50.77      0.35       0.35       0.30       0          48.11      57         57         0          0          0.1036     2.1574     76         98         104        111        118        125        151       
1651       61000      61000      163.67     87.67      0.5356     50.72      0.35       0.35       0.30       0          48.11      57         57         0          0          0.1036     2.1509     76         98         104        111        118        125        151       
1652       61000      61000      163.69     88.68      0.5418     50.66      0.35       0.35       0.30       0          48.11      57         57         0          0          0.1036     2.1568     76         98         104        111        118        125        151       
1653       61000      61000      163.69     88.93      0.5433     50.85      0.35       0.35       0.30       0          48.11      57         57         0          0          0.1036     2.1480     76         98         104        111        118        125        151       
1654       61000      61000      163.70     88.18      0.5386     50.89      0.35       0.35       0.30       0          48.11      57         57         0          0          0.1036     2.1536     76         98         104        111        118        125        151       
1655       61000      61000      163.68     87.40      0.5339     50.88      0.35       0.35       0.30       0          48.11      57         57         0          0          0.1036     2.1520     76         98         104        111        118        125        151       
1656       61000      61000      163.69     88.71      0.5420     50.83      0.36       0.35       0.30       0          48.11      57         57         0          0          0.1036     2.1519     76         98         104        111        118        125        151       
1657       61000      61000      163.68     88.58      0.5412     50.88      0.35       0.35       0.30       0          48.11      57         57         0          0          0.1036     2.1521     76         98         104        111        118        125        151       
1658       61000      61000      163.68     89.19      0.5449     50.92      0.35       0.35       0.30       0          48.11      57         57         0          0          0.1036     2.1472     76         98         104        111        118        125        151       
1659       61000      61000      163.71     88.32      0.5395     50.85      0.35       0.35       0.30       0          48.11      57         57         0          0          0.1036     2.1555     76         98         104        111        118        125        151       
1660       61000      61000      163.69     89.00      0.5437     50.96      0.36       0.35       0.30       0          48.11      57         57         0          0          0.1036     2.1566     76         98         104        111        118        125        151       
1661       61000      61000      163.66     89.27      0.5455     50.84      0.35       0.35       0.30       0          48.11      57         57         0          0          0.1036     2.1532     76         98         104        111        118        125        151       
1662       61000      61000      163.68     88.58      0.5412     50.97      0.35       0.35       0.30       0          48.11      57         57         0          0          0.1036     2.1487     76         98         104        111        118        125        151       
1663       61000      61000      163.68     87.83      0.5366     51.04      0.36       0.35       0.30       0          48.11      57         57         0          0          0.1036     2.1573     76         98         104        111        118        125        151       
1664       61000      61000      163.68     89.05      0.5440     50.97      0.35       0.35       0.30       0          48.11      57         57         0          0          0.1036     2.1547     76         98         104        111        118        125        151       
1665       61000      61000      163.69     89.98      0.5497     51.08      0.36       0.35       0.30       0          48.11      57         57         0          0          0.1036     2.1565     76         98         104        111        118        125        151       
1666       61000      61000      163.69     88.17      0.5386     51.04      0.36       0.35       0.30       0          48.11      57         57         0          0          0.1036     2.1529     76         98         104        111        118        125        151       
1667       61000      61000      163.66     88.95      0.5435     51.13      0.35       0.35       0.30       0          48.11      57         57         0          0          0.1036     2.1496     76         98         104        111        118        125        151       
1668       61000      61000      163.67     88.83      0.5427     51.10      0.36       0.35       0.30       0          48.11      57         57         0          0          0.1036     2.1491     76         98         104        111        118        125        151       
1669       61000      61000      163.70     89.86      0.5489     51.05      0.36       0.35       0.30       0          48.11      57         57         0          0          0.1036     2.1502     76         98         104        111        118        125        151       
1670       61000      61000      163.68     88.58      0.5411     51.01      0.36       0.35       0.30       0          48.11      57         57         0          0          0.1036     2.1501     76         98         104        111        118        125        151       
1671       61000      61000      163.69     87.82      0.5365     50.93      0.36       0.35       0.30       0          48.11      57         57         0          0          0.1036     2.1518     76         98         104        111        118        125        151       
1672       61000      61000      163.67     88.33      0.5397     50.90      0.35       0.35       0.30       0          48.11      57         57         0          0          0.1036     2.1500     76         98         104        111        118        125        151       
1673       61000      61000      163.67     89.88      0.5492     50.88      0.36       0.35       0.30       0          48.11      57         57         0          0          0.1036     2.1541     76         98         104        111        118        125        151       
1674       61000      61000      163.69     88.68      0.5418     50.91      0.36       0.35       0.30       0          48.11      57         57         0          0          0.1036     2.1519     76         98         104        111        118        125        151       
1675       61000      61000      163.69     88.02      0.5377     50.98      0.36       0.35       0.30       0          48.11      57         57         0          0          0.1036     2.1580     76         98         104        111        118        125        151       
1676       61000      61000      163.69     89.29      0.5455     50.93      0.35       0.35       0.30       0          48.11      57         57         0          0          0.1036     2.1497     76         98         104        111        118        125        151       
1677       61000      61000      163.69     88.58      0.5412     50.99      0.35       0.35       0.30       0          48.11      57         57         0          0          0.1036     2.1442     76         98         104        111        118        125        151       
1678       61000      61000      163.69     89.99      0.5498     51.02      0.36       0.35       0.30       0          48.11      57         57         0          0          0.1036     2.1478     76         98         104        111        118        125        151       
1679       61000      61000      163.70     87.82      0.5364     51.05      0.36       0.35       0.30       0          48.11      57         57         0          0          0.1035     2.1556     76         98         104        111        118        125        151       
1680       61000      61000      163.69     88.33      0.5397     50.90      0.34       0.35       0.30       0          48.11      57         57         0          0          0.1035     2.1534     76         98         104        111        118        125        151       
1681       61000      61000      163.69     88.09      0.5381     50.74      0.35       0.35       0.30       0          48.11      57         57         0          0          0.1035     2.1514     76         98         104        111        118        125        151       
1682       61000      61000      163.69     88.85      0.5428     50.82      0.35       0.35       0.30       0          48.11      57         57         0          0          0.1035     2.1503     76         98         104        111        118        125        151       
1683       61000      61000      163.69     88.36      0.5398     50.80      0.35       0.35       0.30       0          48.10      57         57         0          0          0.1035     2.1555     76         98         104        111        118        125        151       
1684       61000      61000      163.68     89.11      0.5444     50.72      0.35       0.35       0.30       0          48.10      57         57         0          0          0.1035     2.1540     76         98         104        111        118        125        151       
1685       61000      61000      163.69     88.17      0.5386     50.88      0.35       0.35       0.30       0          48.10      57         57         0          0          0.1035     2.1508     76         98         104        111        118        125        151       
1686       61000      61000      163.66     87.96      0.5375     50.88      0.35       0.35       0.30       0          48.10      57         57         0          0          0.1035     2.1508     76         98         104        111        118        125        151       
1687       61000      61000      163.65     89.37      0.5461     50.91      0.35       0.35       0.30       0          48.10      57         57         0          0          0.1035     2.1512     76         98         104        111        118        125        151       
1688       61000      61000      163.68     89.00      0.5437     50.82      0.35       0.35       0.30       0          48.10      57         57         0          0          0.1035     2.1529     76         98         104        111        118        125        151       
1689       61000      61000      163.68     87.88      0.5369     50.90      0.35       0.35       0.30       0          48.10      57         57         0          0          0.1035     2.1515     76         98         104        111        118        125        151       
1690       61000      61000      163.68     88.88      0.5430     50.98      0.36       0.35       0.30       0          48.10      57         57         0          0          0.1035     2.1533     76         98         104        111        118        125        151       
1691       61000      61000      163.70     88.96      0.5434     50.91      0.35       0.35       0.30       0          48.10      57         57         0          0          0.1035     2.1531     76         98         104        111        118        125        151       
1692       61000      61000      163.70     88.42      0.5402     51.03      0.36       0.35       0.30       0          48.10      57         57         0          0          0.1035     2.1485     76         98         104        111        118        125        151       
1693       61000      61000      163.69     88.85      0.5428     50.92      0.35       0.35       0.30       0          48.10      57         57         0          0          0.1035     2.1526     76         98         104        111        118        125        151       
1694       61000      61000      163.70     89.49      0.5466     50.96      0.35       0.35       0.30       0          48.10      57         57         0          0          0.1035     2.1518     76         98         104        111        118        125        151       
1695       61000      61000      163.68     88.60      0.5413     50.98      0.36       0.35       0.30       0          48.10      57         57         0          0          0.1035     2.1522     76         98         104        111        118        125        151       
1696       61000      61000      163.68     88.75      0.5422     50.97      0.35       0.35       0.30       0          48.10      57         57         0          0          0.1035     2.1528     76         98         104        111        118        125        151       
1697       61000      61000      163.69     89.16      0.5447     50.99      0.35       0.35       0.30       0          48.10      57         57         0          0          0.1035     2.1490     76         98         104        111        118        125        151       
1698       61000      61000      163.67     88.48      0.5406     51.02      0.35       0.35       0.30       0          48.10      57         57         0          0          0.1035     2.1480     76         98         104        111        118        125        151       
1699       61000      61000      163.69     88.95      0.5434     50.95      0.35       0.35       0.30       0          48.10      57         57         0          0          0.1035     2.1517     76         98         104        111        118        125        151       
1700       61000      61000      163.67     88.22      0.5390     50.88      0.35       0.35       0.30       0          48.10      57         57         0          0          0.1035     2.1525     76         98         104        111        118        125        151       
1701       61000      61000      163.68     87.51      0.5346     50.91      0.35       0.35       0.30       0          48.10      57         57         0          0          0.1035     2.1564     76         98         104        111        118        125        151       
1702       61000      61000      163.68     89.54      0.5471     50.78      0.35       0.35       0.30       0          48.10      57         57         0          0          0.1035     2.1481     76         98         104        111        118        125        151       
1703       61000      61000      163.70     88.63      0.5414     50.75      0.35       0.35       0.30       0          48.10      57         57         0          0          0.1035     2.1542     76         98         104        111        118        125        151       
1704       61000      61000      163.71     88.71      0.5419     50.95      0.36       0.35       0.30       0          48.10      57         57         0          0          0.1035     2.1493     76         98         104        111        118        125        151       
1705       61000      61000      163.69     88.39      0.5400     50.94      0.36       0.35       0.30       0          48.10      57         57         0          0          0.1035     2.1519     76         98         104        111        118        125        151       
1706       61000      61000      163.66     89.10      0.5444     50.90      0.35       0.35       0.30       0          48.10      57         57         0          0          0.1035     2.1535     76         98         104        111        118        125        151       
1707       61000      61000      163.66     89.18      0.5449     50.91      0.35       0.35       0.30       0          48.10      57         57         0          0          0.1035     2.1521     76         98         104        111        118        125        151       
1708       61000      61000      163.70     87.86      0.5367     50.95      0.35       0.35       0.30       0          48.10      57         57         0          0          0.1035     2.1510     76         98         104        111        118        125        151       
1709       61000      61000      163.68     88.44      0.5403     50.97      0.36       0.35       0.30       0          48.10      57         57         0          0          0.1035     2.1529     76         98         104        111        118        125        151       
1710       61000      61000      163.69     88.15      0.5385     50.84      0.35       0.35       0.30       0          48.10      57         57         0          0          0.1035     2.1514     76         98         104        111        118        125        151       
1711       61000      61000      163.68     88.51      0.5407     50.85      0.35       0.35       0.30       0          48.10      57         57         0          0          0.1035     2.1492     76         98         104        111        118        125        151       
1712       61000      61000      163.68     88.89      0.5431     50.78      0.35       0.35       0.30       0          48.10      57         57         0          0          0.1035     2.1509     76         98         104        111        118        125        151       
1713       61000      61000      163.67     87.91      0.5371     50.81      0.35       0.35       0.30       0          48.10      57         57         0          0          0.1035     2.1507     76         98         104        111        118        125        151       
1714       61000      61000      163.69     89.23      0.5451     50.70      0.35       0.35       0.30       0          48.10      57         57         0          0          0.1035     2.1489     76         98         104        111        118        125        151       
1715       61000      61000      163.69     89.09      0.5443     50.80      0.35       0.35       0.30       0          48.10      57         57         0          0          0.1035     2.1555     76         98         104        111        118        125        151       
1716       61000      61000      163.66     88.33      0.5397     50.96      0.35       0.35       0.30       0          48.10      57         57         0          0          0.1035     2.1540     76         98         104        111        118        125        151       
1717       61000      61000      163.67     87.54      0.5348     50.91      0.35       0.35       0.30       0          48.10      57         57         0          0          0.1035     2.1495     76         98         104        111        118        125        151       
1718       61000      61000      163.71     89.05      0.5439     50.84      0.36       0.35       0.30       0          48.10      57         57         0          0          0.1035     2.1531     76         98         104        111        118        125        151       
1719       61000      61000      163.67     87.80      0.5365     50.81      0.35       0.35       0.30       0          48.10      57         57         0          0          0.1035     2.1510     76         98         104        111        118        125        151       
1720       61000      61000      163.68     87.14      0.5324     50.78      0.36       0.35       0.30       0          48.10      57         57         0          0          0.1035     2.1538     76         98         104        111        118        125        151       
1721       61000      61000      163.67     88.43      0.5403     50.77      0.35       0.35       0.30       0          48.10      57         57         0          0          0.1035     2.1522     76         98         104        111        118        125        151       
1722       61000      61000      163.68     87.76      0.5361     50.75      0.35       0.35       0.30       0          48.10      57         57         0          0          0.1035     2.1566     76         98         104        111        118        125        151       
1723       61000      61000      163.68     87.76      0.5361     50.69      0.35       0.34       0.30       0          48.10      57         57         0          0          0.1035     2.1561     76         98         104        111        118        125        151       
1724       61000      61000      163.70     87.73      0.5360     50.76      0.35       0.35       0.30       0          48.10      57         57         0          0          0.1035     2.1471     76         98         104        111        118        125        151       
1725       61000      61000      163.70     88.68      0.5417     50.72      0.35       0.34       0.30       0          48.10      57         57         0          0          0.1035     2.1488     76         98         104        111        118        125        151       
1726       61000      61000      163.66     87.52      0.5347     50.65      0.34       0.34       0.30       0          48.10      57         57         0          0          0.1035     2.1512     76         98         104        111        118        125        151       
1727       61000      61000      163.67     88.94      0.5434     50.65      0.34       0.35       0.30       0          48.10      57         57         0          0          0.1035     2.1471     76         98         104        111        118        125        151       
1728       61000      61000      163.69     87.62      0.5353     50.70      0.34       0.35       0.30       0          48.10      57         57         0          0          0.1035     2.1524     76         98         104        111        118        125        151       
1729       61000      61000      163.68     88.87      0.5429     50.67      0.35       0.35       0.30       0          48.10      57         57         0          0          0.1035     2.1501     76         98         104        111        118        125        151       
1730       61000      61000      163.67     89.49      0.5468     50.71      0.35       0.34       0.30       0          48.10      57         57         0          0          0.1035     2.1520     76         98         104        111        118        125        151       
1731       61000      61000      163.68     88.19      0.5388     50.85      0.36       0.35       0.30       0          48.10      57         57         0          0          0.1035     2.1506     76         98         104        111        118        125        151       
1732       61000      61000      163.67     88.26      0.5393     50.85      0.35       0.35       0.30       0          48.10      57         57         0          0          0.1035     2.1492     76         98         104        111        118        125        151       
1733       61000      61000      163.66     89.54      0.5471     50.76      0.36       0.35       0.30       0          48.10      57         57         0          0          0.1035     2.1456     76         98         104        111        118        125        151       
1734       61000      61000      163.69     88.69      0.5418     50.94      0.36       0.35       0.30       0          48.10      57         57         0          0          0.1035     2.1464     76         98         104        111        118        125        151       
1735       61000      61000      163.70     88.25      0.5391     50.96      0.35       0.35       0.30       0          48.10      57         57         0          0          0.1035     2.1547     76         98         104        111        118        125        151       
1736       61000      61000      163.67     88.76      0.5423     50.78      0.35       0.35       0.30       0          48.10      57         57         0          0          0.1035     2.1552     76         98         104        111        118        125        151       
1737       61000      61000      163.68     88.05      0.5379     50.82      0.35       0.35       0.30       0          48.10      57         57         0          0          0.1035     2.1486     76         98         104        111        118        125        151       
1738       61000      61000      163.70     88.48      0.5405     50.85      0.35       0.35       0.30       0          48.10      57         57         0          0          0.1035     2.1532     76         98         104        111        118        125        151       
1739       61000      61000      163.69     88.32      0.5396     50.80      0.35       0.35       0.30       0          48.10      57         57         0          0          0.1035     2.1544     76         98         104        111        118        125        151       
1740       61000      61000      163.68     88.53      0.5409     50.70      0.35       0.35       0.30       0          48.10      57         57         0          0          0.1035     2.1511     76         98         104        111        118        125        151       
1741       61000      61000      163.69     87.68      0.5356     50.72      0.35       0.35       0.30       0          48.10      57         57         0          0          0.1035     2.1562     76         98         104        111        118        125        151       
1742       61000      61000      163.69     88.59      0.5412     50.75      0.35       0.35       0.30       0          48.10      57         57         0          0          0.1035     2.1525     76         98         104        111        118        125        151       
1743       61000      61000      163.69     88.64      0.5415     50.83      0.35       0.35       0.30       0          48.10      57         57         0          0          0.1035     2.1537     76         98         104        111        118        125        151       
1744       61000      61000      163.70     89.09      0.5442     50.86      0.36       0.35       0.30       0          48.10      57         57         0          0          0.1035     2.1492     76         98         104        111        118        125        151       
1745       61000      61000      163.68     89.63      0.5476     51.00      0.35       0.35       0.30       0          48.10      57         57         0          0          0.1035     2.1506     76         98         104        111        118        125        151       
1746       61000      61000      163.70     88.90      0.5431     51.01      0.36       0.35       0.30       0          48.10      57         57         0          0          0.1035     2.1509     76         98         104        111        118        125        151       
1747       61000      61000      163.69     88.67      0.5417     51.06      0.35       0.35       0.30       0          48.10      57         57         0          0          0.1035     2.1503     76         98         104        111        118        125        151       
1748       61000      61000      163.66     89.03      0.5440     51.00      0.35       0.35       0.30       0          48.10      57         57         0          0          0.1035     2.1510     76         98         104        111        118        125        151       
1749       61000      61000      163.67     90.36      0.5521     51.00      0.35       0.35       0.30       0          48.10      57         57         0          0          0.1035     2.1484     76         98         104        111        118        125        151       
1750       61000      61000      163.68     89.33      0.5457     51.02      0.35       0.35       0.30       0          48.10      57         57         0          0          0.1035     2.1523     76         98         104        111        118        125        151       
1751       61000      61000      163.66     88.17      0.5388     51.09      0.35       0.35       0.30       0          48.10      57         57         0          0          0.1035     2.1476     76         98         104        111        118        125        151       
1752       61000      61000      163.68     89.37      0.5460     51.08      0.35       0.35       0.30       0          48.10      57         57         0          0          0.1035     2.1485     76         98         104        111        118        125        151       
1753       61000      61000      163.68     88.88      0.5430     51.14      0.35       0.35       0.30       0          48.10      57         57         0          0          0.1035     2.1568     76         98         104        111        118        125        151       
1754       61000      61000      163.68     90.02      0.5500     51.07      0.35       0.35       0.30       0          48.10      57         57         0          0          0.1035     2.1492     76         98         104        111        118        125        151       
1755       61000      61000      163.71     89.87      0.5490     51.14      0.35       0.35       0.30       0          48.10      57         57         0          0          0.1035     2.1470     76         98         104        111        118        125        151       
1756       61000      61000      163.69     88.71      0.5419     51.17      0.36       0.35       0.30       0          48.10      57         57         0          0          0.1035     2.1512     76         98         104        111        118        125        151       
1757       61000      61000      163.69     90.06      0.5502     51.13      0.36       0.35       0.30       0          48.10      57         57         0          0          0.1035     2.1542     76         98         104        111        118        125        151       
1758       61000      61000      163.68     88.13      0.5385     51.18      0.36       0.35       0.30       0          48.10      57         57         0          0          0.1035     2.1515     76         98         104        111        118        125        151       
1759       61000      61000      163.69     89.34      0.5458     51.13      0.36       0.35       0.30       0          48.10      57         57         0          0          0.1035     2.1508     76         98         104        111        118        125        151       
1760       61000      61000      163.67     89.81      0.5487     51.06      0.35       0.35       0.30       0          48.10      57         57         0          0          0.1035     2.1463     76         98         104        111        118        125        151       
1761       61000      61000      163.68     89.72      0.5482     51.11      0.36       0.35       0.30       0          48.10      57         57         0          0          0.1035     2.1490     76         98         104        111        118        125        151       
1762       61000      61000      163.70     88.54      0.5409     51.07      0.35       0.35       0.30       0          48.10      57         57         0          0          0.1035     2.1462     76         98         104        111        118        125        151       
1763       61000      61000      163.65     88.39      0.5401     51.13      0.35       0.35       0.30       0          48.10      57         57         0          0          0.1035     2.1521     76         98         104        111        118        125        151       
1764       61000      61000      163.68     89.57      0.5472     51.15      0.36       0.35       0.30       0          48.10      57         57         0          0          0.1035     2.1510     76         98         104        111        118        125        151       
1765       61000      61000      163.69     88.86      0.5429     51.06      0.36       0.35       0.30       0          48.10      57         57         0          0          0.1035     2.1484     76         98         104        111        118        125        151       
1766       61000      61000      163.67     88.90      0.5432     51.10      0.36       0.35       0.30       0          48.10      57         57         0          0          0.1035     2.1494     76         98         104        111        118        125        151       
1767       61000      61000      163.68     89.58      0.5473     51.04      0.35       0.35       0.30       0          48.10      57         57         0          0          0.1035     2.1458     76         98         104        111        118        125        151       
1768       61000      61000      163.66     90.13      0.5507     51.08      0.35       0.35       0.30       0          48.10      57         57         0          0          0.1035     2.1538     76         98         104        111        118        125        151       
1769       61000      61000      163.65     89.18      0.5449     51.09      0.35       0.35       0.30       0          48.10      57         57         0          0          0.1035     2.1576     76         98         104        111        118        125        151       
1770       61000      61000      163.69     89.24      0.5452     51.13      0.36       0.35       0.30       0          48.10      57         57         0          0          0.1035     2.1553     76         98         104        111        118        125        151       
1771       61000      61000      163.67     88.49      0.5406     51.11      0.36       0.35       0.30       0          48.10      57         57         0          0          0.1035     2.1547     76         98         104        111        118        125        151       
1772       61000      61000      163.67     88.72      0.5421     51.10      0.35       0.35       0.30       0          48.10      57         57         0          0          0.1035     2.1521     76         98         104        111        118        125        151       
1773       61000      61000      163.69     88.29      0.5394     51.13      0.35       0.35       0.30       0          48.10      57         57         0          0          0.1035     2.1537     76         98         104        111        118        125        151       
1774       61000      61000      163.69     88.81      0.5426     51.00      0.35       0.35       0.30       0          48.10      57         57         0          0          0.1035     2.1535     76         98         104        111        118        125        151       
1775       61000      61000      163.68     89.25      0.5453     51.01      0.36       0.35       0.30       0          48.10      57         57         0          0          0.1035     2.1521     76         98         104        111        118        125        151       
1776       61000      61000      163.68     87.38      0.5338     51.03      0.36       0.35       0.30       0          48.10      57         57         0          0          0.1035     2.1496     76         98         104        111        118        125        151       
1777       61000      61000      163.69     88.34      0.5396     50.96      0.35       0.35       0.30       0          48.10      57         57         0          0          0.1035     2.1498     76         98         104        111        118        125        151       
1778       61000      61000      163.70     88.85      0.5428     50.95      0.36       0.35       0.30       0          48.10      57         57         0          0          0.1035     2.1534     76         98         104        111        118        125        151       
1779       61000      61000      163.68     89.54      0.5470     50.93      0.35       0.35       0.30       0          48.10      57         57         0          0          0.1035     2.1562     76         98         104        111        118        125        151       
1780       61000      61000      163.69     88.25      0.5392     50.98      0.35       0.35       0.30       0          48.10      57         57         0          0          0.1035     2.1463     76         98         104        111        118        125        151       
1781       61000      61000      163.68     88.64      0.5416     50.97      0.35       0.35       0.30       0          48.10      57         57         0          0          0.1035     2.1537     76         98         104        111        118        125        151       
1782       61000      61000      163.67     88.71      0.5420     50.94      0.36       0.35       0.30       0          48.10      57         57         0          0          0.1035     2.1517     76         98         104        111        118        125        151       
1783       61000      61000      163.69     88.48      0.5406     50.98      0.35       0.35       0.30       0          48.10      57         57         0          0          0.1035     2.1520     76         98         104        111        118        125        151       
1784       61000      61000      163.71     88.38      0.5399     50.85      0.36       0.35       0.30       0          48.10      57         57         0          0          0.1035     2.1528     76         98         104        111        118        125        151       
1785       61000      61000      163.70     88.22      0.5389     50.81      0.36       0.35       0.30       0          48.10      57         57         0          0          0.1035     2.1516     76         98         104        111        118        125        151       
1786       61000      61000      163.70     87.32      0.5334     50.87      0.36       0.35       0.30       0          48.10      57         57         0          0          0.1035     2.1524     76         98         104        111        118        125        151       
1787       61000      61000      163.69     88.97      0.5435     50.88      0.35       0.35       0.30       0          48.10      57         57         0          0          0.1035     2.1442     76         98         104        111        118        125        151       
1788       61000      61000      163.68     88.38      0.5400     50.81      0.35       0.35       0.30       0          48.10      57         57         0          0          0.1035     2.1454     76         98         104        111        118        125        151       
1789       61000      61000      163.69     89.01      0.5438     50.87      0.35       0.35       0.30       0          48.10      57         57         0          0          0.1035     2.1430     76         98         104        111        118        125        151       
1790       61000      61000      163.69     87.29      0.5332     50.82      0.35       0.35       0.30       0          48.10      57         57         0          0          0.1035     2.1517     76         98         104        111        118        125        151       
1791       61000      61000      163.69     89.01      0.5438     50.83      0.35       0.35       0.30       0          48.10      57         57         0          0          0.1035     2.1477     76         98         104        111        118        125        151       
1792       61000      61000      163.68     89.59      0.5474     50.74      0.35       0.35       0.30       0          48.10      57         57         0          0          0.1035     2.1492     76         98         104        111        118        125        151       
1793       61000      61000      163.69     87.73      0.5360     50.88      0.35       0.35       0.30       0          48.10      57         57         0          0          0.1035     2.1536     76         98         104        111        118        125        151       
1794       61000      61000      163.68     87.90      0.5370     50.81      0.35       0.35       0.30       0          48.10      57         57         0          0          0.1035     2.1542     76         98         104        111        118        125        151       
1795       61000      61000      163.69     88.32      0.5396     50.85      0.35       0.35       0.30       0          48.10      57         57         0          0          0.1035     2.1473     76         98         104        111        118        125        151       
1796       61000      61000      163.67     88.06      0.5380     50.74      0.35       0.35       0.30       0          48.10      57         57         0          0          0.1035     2.1496     76         98         104        111        118        125        151       
1797       61000      61000      163.69     89.14      0.5446     50.72      0.35       0.35       0.30       0          48.10      57         57         0          0          0.1035     2.1537     76         98         104        111        118        125        151       
1798       61000      61000      163.69     88.69      0.5418     50.75      0.35       0.35       0.30       0          48.10      57         57         0          0          0.1035     2.1487     76         98         104        111        118        125        151       
1799       61000      61000      163.68     88.17      0.5386     50.79      0.36       0.35       0.30       0          48.10      57         57         0          0          0.1035     2.1474     76         98         104        111        118        125        151       
1800       61000      61000      163.64     88.60      0.5415     50.90      0.35       0.35       0.30       0          48.10      57         57         0          0          0.1035     2.1496     76         98         104        111        118        125        151       
1801       61000      61000      163.69     88.59      0.5412     50.86      0.35       0.35       0.30       0          48.10      57         57         0          0          0.1035     2.1492     76         98         104        111        118        125        151       
1802       61000      61000      163.68     87.94      0.5372     50.87      0.35       0.35       0.30       0          48.10      57         57         0          0          0.1035     2.1519     76         98         104        111        118        125        151       
1803       61000      61000      163.68     88.51      0.5407     50.97      0.35       0.35       0.30       0          48.10      57         57         0          0          0.1035     2.1507     76         98         104        111        118        125        151       
1804       61000      61000      163.68     88.49      0.5406     50.83      0.35       0.35       0.30       0          48.10      57         57         0          0          0.1035     2.1542     76         98         104        111        118        125        151       
1805       61000      61000      163.70     88.99      0.5436     50.88      0.35       0.35       0.30       0          48.10      57         57         0          0          0.1035     2.1519     76         98         104        111        118        125        151       
1806       61000      61000      163.67     87.91      0.5371     50.89      0.35       0.35       0.30       0          48.10      57         57         0          0          0.1035     2.1521     76         98         104        111        118        125        151       
1807       61000      61000      163.70     89.48      0.5466     50.86      0.35       0.35       0.30       0          48.10      57         57         0          0          0.1035     2.1570     76         98         104        111        118        125        151       
1808       61000      61000      163.68     88.29      0.5394     50.93      0.35       0.35       0.30       0          48.10      57         57         0          0          0.1035     2.1485     76         98         104        111        118        125        151       
1809       61000      61000      163.69     87.58      0.5350     50.94      0.35       0.35       0.30       0          48.10      57         57         0          0          0.1035     2.1507     76         98         104        111        118        125        151       
1810       61000      61000      163.70     87.88      0.5368     50.88      0.35       0.35       0.30       0          48.10      57         57         0          0          0.1035     2.1463     76         98         104        111        118        125        151       
1811       61000      61000      163.68     88.48      0.5406     50.84      0.35       0.35       0.30       0          48.10      57         57         0          0          0.1035     2.1557     76         98         104        111        118        125        151       
1812       61000      61000      163.70     88.47      0.5405     50.92      0.35       0.35       0.30       0          48.10      57         57         0          0          0.1035     2.1555     76         98         104        111        118        125        151       
1813       61000      61000      163.66     88.19      0.5389     50.77      0.35       0.35       0.30       0          48.10      57         57         0          0          0.1035     2.1480     76         98         104        111        118        125        151       
1814       61000      61000      163.70     88.87      0.5429     50.91      0.35       0.35       0.30       0          48.10      57         57         0          0          0.1035     2.1524     76         98         104        111        118        125        151       
1815       61000      61000      163.68     88.06      0.5380     50.79      0.35       0.35       0.30       0          48.10      57         57         0          0          0.1035     2.1511     76         98         104        111        118        125        151       
1816       61000      61000      163.67     88.01      0.5377     50.67      0.35       0.35       0.30       0          48.10      57         57         0          0          0.1035     2.1555     76         98         104        111        118        125        151       
1817       61000      61000      163.68     87.85      0.5367     50.70      0.35       0.35       0.30       0          48.10      57         57         0          0          0.1035     2.1538     76         98         104        111        118        125        151       
1818       61000      61000      163.69     87.30      0.5333     50.73      0.35       0.35       0.30       0          48.10      57         57         0          0          0.1035     2.1540     76         98         104        111        118        125        151       
1819       61000      61000      163.68     88.74      0.5421     50.87      0.35       0.35       0.30       0          48.10      57         57         0          0          0.1035     2.1483     76         98         104        111        118        125        151       
1820       61000      61000      163.67     88.20      0.5389     50.74      0.35       0.35       0.30       0          48.10      57         57         0          0          0.1035     2.1522     76         98         104        111        118        125        151       
1821       61000      61000      163.70     88.27      0.5393     50.72      0.35       0.35       0.30       0          48.10      57         57         0          0          0.1035     2.1502     76         98         104        111        118        125        151       
1822       61000      61000      163.66     88.50      0.5407     50.68      0.35       0.35       0.30       0          48.10      57         57         0          0          0.1035     2.1579     76         98         104        111        118        125        151       
1823       61000      61000      163.67     88.02      0.5378     50.78      0.35       0.35       0.30       0          48.10      57         57         0          0          0.1035     2.1506     76         98         104        111        118        125        151       
1824       61000      61000      163.68     87.97      0.5375     50.79      0.35       0.35       0.30       0          48.10      57         57         0          0          0.1035     2.1510     76         98         104        111        118        125        151       
1825       61000      61000      163.67     87.62      0.5354     50.77      0.35       0.35       0.30       0          48.10      57         57         0          0          0.1035     2.1531     76         98         104        111        118        125        151       
1826       61000      61000      163.68     88.18      0.5387     50.77      0.35       0.35       0.30       0          48.10      57         57         0          0          0.1035     2.1498     76         98         104        111        118        125        151       
1827       61000      61000      163.69     87.67      0.5355     50.77      0.35       0.35       0.30       0          48.10      57         57         0          0          0.1035     2.1458     76         98         104        111        118        125        151       
1828       61000      61000      163.66     88.86      0.5430     50.79      0.36       0.35       0.30       0          48.10      57         57         0          0          0.1035     2.1513     76         98         104        111        118        125        151       
1829       61000      61000      163.68     88.45      0.5403     50.84      0.35       0.35       0.30       0          48.10      57         57         0          0          0.1035     2.1479     76         98         104        111        118        125        151       
1830       61000      61000      163.70     89.17      0.5447     50.83      0.35       0.35       0.30       0          48.10      57         57         0          0          0.1035     2.1486     76         98         104        111        118        125        151       
1831       61000      61000      163.68     88.91      0.5432     50.97      0.35       0.35       0.30       0          48.10      57         57         0          0          0.1035     2.1449     76         98         104        111        118        125        151       
1832       61000      61000      163.68     87.50      0.5346     50.89      0.35       0.35       0.30       0          48.10      57         57         0          0          0.1035     2.1496     76         98         104        111        118        125        151       
1833       61000      61000      163.69     88.87      0.5429     50.85      0.35       0.35       0.30       0          48.10      57         57         0          0          0.1035     2.1484     76         98         104        111        118        125        151       
1834       61000      61000      163.69     88.91      0.5431     50.90      0.35       0.35       0.30       0          48.10      57         57         0          0          0.1035     2.1457     76         98         104        111        118        125        151       
1835       61000      61000      163.68     88.25      0.5391     51.04      0.36       0.35       0.30       0          48.10      57         57         0          0          0.1035     2.1468     76         98         104        111        118        125        151       
1836       61000      61000      163.67     88.39      0.5400     51.10      0.36       0.35       0.30       0          48.10      57         57         0          0          0.1035     2.1521     76         98         104        111        118        125        151       
1837       61000      61000      163.67     89.47      0.5466     50.96      0.35       0.35       0.30       0          48.10      57         57         0          0          0.1035     2.1528     76         98         104        111        118        125        151       
1838       61000      61000      163.67     87.56      0.5350     50.98      0.35       0.35       0.30       0          48.10      57         57         0          0          0.1035     2.1525     76         98         104        111        118        125        151       
1839       61000      61000      163.69     89.36      0.5459     50.97      0.35       0.35       0.30       0          48.10      57         57         0          0          0.1035     2.1522     76         98         104        111        118        125        151       
1840       61000      61000      163.68     88.65      0.5416     50.95      0.35       0.35       0.30       0          48.10      57         57         0          0          0.1035     2.1485     76         98         104        111        118        125        151       
1841       61000      61000      163.68     89.85      0.5490     50.78      0.35       0.35       0.30       0          48.10      57         57         0          0          0.1035     2.1570     76         98         104        111        118        125        151       
1842       61000      61000      163.67     89.03      0.5440     51.02      0.36       0.35       0.30       0          48.10      57         57         0          0          0.1035     2.1524     76         98         104        111        118        125        151       
1843       61000      61000      163.66     87.85      0.5368     50.92      0.35       0.35       0.30       0          48.10      57         57         0          0          0.1035     2.1526     76         98         104        111        118        125        151       
1844       61000      61000      163.68     87.93      0.5372     50.89      0.36       0.35       0.30       0          48.10      57         57         0          0          0.1035     2.1508     76         98         104        111        118        125        151       
1845       61000      61000      163.68     89.00      0.5437     50.99      0.36       0.35       0.30       0          48.10      57         57         0          0          0.1035     2.1503     76         98         104        111        118        125        151       
1846       61000      61000      163.67     88.84      0.5428     51.01      0.35       0.35       0.30       0          48.10      57         57         0          0          0.1035     2.1518     76         98         104        111        118        125        151       
1847       61000      61000      163.70     87.92      0.5371     51.02      0.35       0.35       0.30       0          48.10      57         57         0          0          0.1035     2.1489     76         98         104        111        118        125        151       
1848       61000      61000      163.68     89.57      0.5472     51.03      0.35       0.35       0.30       0          48.10      57         57         0          0          0.1035     2.1495     77         98         104        111        118        125        151       
1849       61000      61000      163.70     89.39      0.5461     51.01      0.35       0.35       0.30       0          48.10      57         57         0          0          0.1035     2.1502     77         98         104        111        118        125        151       
1850       61000      61000      163.66     89.14      0.5447     50.99      0.36       0.35       0.30       0          48.10      57         57         0          0          0.1035     2.1488     77         98         104        111        118        125        151       
1851       61000      61000      163.68     89.35      0.5459     51.13      0.36       0.35       0.30       0          48.10      57         57         0          0          0.1035     2.1472     77         98         104        111        118        125        151       
1852       61000      61000      163.67     88.86      0.5429     51.25      0.36       0.35       0.30       0          48.10      57         57         0          0          0.1035     2.1521     77         98         104        111        118        125        151       
1853       61000      61000      163.68     89.51      0.5468     51.13      0.35       0.35       0.30       0          48.10      57         57         0          0          0.1035     2.1488     77         98         104        111        118        125        151       
1854       61000      61000      163.68     88.83      0.5427     51.13      0.35       0.35       0.30       0          48.10      57         57         0          0          0.1035     2.1540     77         98         104        111        118        125        151       
1855       61000      61000      163.68     88.35      0.5398     51.10      0.36       0.35       0.30       0          48.10      57         57         0          0          0.1035     2.1492     77         98         104        111        118        125        151       
1856       61000      61000      163.68     88.50      0.5407     51.03      0.36       0.35       0.30       0          48.10      57         57         0          0          0.1035     2.1551     77         98         104        111        118        125        151       
1857       61000      61000      163.68     88.97      0.5436     51.01      0.35       0.35       0.30       0          48.10      57         57         0          0          0.1035     2.1534     77         98         104        111        118        125        151       
1858       61000      61000      163.69     88.78      0.5424     50.97      0.35       0.35       0.30       0          48.10      57         57         0          0          0.1035     2.1543     77         98         104        111        118        125        151       
1859       61000      61000      163.68     88.43      0.5403     51.00      0.36       0.35       0.30       0          48.10      57         57         0          0          0.1035     2.1534     77         98         104        111        118        125        151       
1860       61000      61000      163.69     89.06      0.5441     50.98      0.35       0.35       0.30       0          48.10      57         57         0          0          0.1035     2.1556     77         98         104        111        118        125        151       
1861       61000      61000      163.70     88.34      0.5397     50.92      0.35       0.35       0.30       0          48.10      57         57         0          0          0.1035     2.1501     77         98         104        111        118        125        151       
1862       61000      61000      163.70     89.00      0.5436     50.90      0.35       0.35       0.30       0          48.10      57         57         0          0          0.1035     2.1526     77         98         104        111        118        125        151       
1863       61000      61000      163.68     87.79      0.5363     50.99      0.35       0.35       0.30       0          48.10      57         57         0          0          0.1035     2.1516     77         98         104        111        118        125        151       
1864       61000      61000      163.69     86.75      0.5299     50.89      0.35       0.35       0.30       0          48.10      57         57         0          0          0.1035     2.1584     77         98         104        111        118        125        151       
1865       61000      61000      163.68     88.48      0.5406     50.76      0.35       0.35       0.30       0          48.10      57         57         0          0          0.1035     2.1508     77         98         104        111        118        125        151       
1866       61000      61000      163.68     88.16      0.5386     50.74      0.36       0.35       0.30       0          48.10      57         57         0          0          0.1035     2.1508     77         98         104        111        118        125        151       
1867       61000      61000      163.66     88.37      0.5399     50.71      0.35       0.35       0.30       0          48.10      57         57         0          0          0.1035     2.1521     77         98         104        111        118        125        151       
1868       61000      61000      163.67     88.39      0.5401     50.78      0.35       0.35       0.30       0          48.10      57         57         0          0          0.1035     2.1590     77         98         104        111        118        125        151       
1869       61000      61000      163.70     89.22      0.5450     50.95      0.35       0.35       0.30       0          48.10      57         57         0          0          0.1035     2.1508     77         98         104        111        118        125        151       
1870       61000      61000      163.68     88.91      0.5432     51.04      0.36       0.35       0.30       0          48.10      57         57         0          0          0.1035     2.1504     77         98         104        111        118        125        151       
1871       61000      61000      163.69     88.80      0.5425     50.95      0.35       0.35       0.30       0          48.10      57         57         0          0          0.1035     2.1525     77         98         104        111        118        125        151       
1872       61000      61000      163.68     88.43      0.5402     50.95      0.36       0.35       0.30       0          48.10      57         57         0          0          0.1035     2.1524     77         98         104        111        118        125        151       
1873       61000      61000      163.68     88.00      0.5377     50.89      0.35       0.35       0.30       0          48.10      57         57         0          0          0.1035     2.1528     77         98         104        111        118        125        151       
1874       61000      61000      163.68     88.57      0.5411     50.93      0.35       0.35       0.30       0          48.10      57         57         0          0          0.1035     2.1482     77         98         104        111        118        125        151       
1875       61000      61000      163.70     88.77      0.5423     50.86      0.35       0.35       0.30       0          48.10      57         57         0          0          0.1035     2.1502     77         98         104        111        118        125        151       
1876       61000      61000      163.68     88.38      0.5400     50.86      0.35       0.35       0.30       0          48.10      57         57         0          0          0.1035     2.1551     77         98         104        111        118        125        151       
1877       61000      61000      163.70     89.21      0.5450     50.90      0.35       0.35       0.30       0          48.10      57         57         0          0          0.1035     2.1474     77         98         104        111        118        125        151       
1878       61000      61000      163.68     88.81      0.5426     51.01      0.35       0.35       0.30       0          48.10      57         57         0          0          0.1035     2.1546     77         98         104        111        118        125        151       
1879       61000      61000      163.65     88.99      0.5438     50.96      0.36       0.35       0.30       0          48.10      57         57         0          0          0.1035     2.1505     77         98         104        111        118        125        151       
1880       61000      61000      163.69     88.38      0.5399     51.06      0.35       0.35       0.30       0          48.10      57         57         0          0          0.1035     2.1553     77         98         104        111        118        125        151       
1881       61000      61000      163.69     88.50      0.5407     51.05      0.35       0.35       0.30       0          48.10      57         57         0          0          0.1035     2.1518     77         98         104        111        118        125        151       
1882       61000      61000      163.70     89.39      0.5461     51.15      0.36       0.35       0.30       0          48.10      57         57         0          0          0.1035     2.1470     77         98         104        111        118        125        151       
1883       61000      61000      163.68     88.58      0.5412     51.10      0.35       0.35       0.30       0          48.10      57         57         0          0          0.1035     2.1482     77         98         104        111        118        125        151       
1884       61000      61000      163.70     88.49      0.5406     51.07      0.35       0.35       0.30       0          48.10      57         57         0          0          0.1035     2.1547     77         98         104        111        118        125        151       
1885       61000      61000      163.68     89.59      0.5473     51.17      0.36       0.35       0.30       0          48.10      57         57         0          0          0.1035     2.1493     77         98         104        111        118        125        151       
1886       61000      61000      163.69     89.41      0.5462     51.15      0.35       0.35       0.30       0          48.10      57         57         0          0          0.1035     2.1451     77         98         104        111        118        125        151       
1887       61000      61000      163.69     88.39      0.5399     51.07      0.35       0.35       0.30       0          48.10      57         57         0          0          0.1035     2.1479     77         98         104        111        118        125        151       
1888       61000      61000      163.69     89.76      0.5484     51.12      0.35       0.35       0.30       0          48.10      57         57         0          0          0.1035     2.1510     77         98         104        111        118        125        151       
1889       61000      61000      163.70     89.18      0.5448     51.17      0.35       0.35       0.30       0          48.10      57         57         0          0          0.1035     2.1474     77         98         104        111        118        125        151       
1890       61000      61000      163.68     89.81      0.5487     51.13      0.35       0.35       0.30       0          48.10      57         57         0          0          0.1035     2.1477     77         98         104        111        118        125        151       
1891       61000      61000      163.67     88.83      0.5427     51.13      0.36       0.35       0.30       0          48.10      57         57         0          0          0.1035     2.1536     77         98         104        111        118        125        151       
1892       61000      61000      163.68     88.42      0.5402     51.21      0.36       0.35       0.30       0          48.10      57         57         0          0          0.1035     2.1516     77         98         104        111        118        125        151       
1893       61000      61000      163.69     88.61      0.5414     51.16      0.36       0.35       0.30       0          48.10      57         57         0          0          0.1035     2.1539     77         98         104        111        118        125        151       
1894       61000      61000      163.68     88.73      0.5421     51.13      0.36       0.35       0.30       0          48.10      57         57         0          0          0.1035     2.1490     77         98         104        111        118        125        151       
1895       61000      61000      163.68     88.31      0.5395     51.15      0.36       0.35       0.30       0          48.10      57         57         0          0          0.1035     2.1440     77         98         104        111        118        125        151       
1896       61000      61000      163.68     89.14      0.5446     51.10      0.36       0.35       0.30       0          48.10      57         57         0          0          0.1035     2.1493     77         98         104        111        118        125        151       
1897       61000      61000      163.70     89.05      0.5440     51.01      0.36       0.35       0.30       0          48.10      57         57         0          0          0.1035     2.1535     77         98         104        111        118        125        151       
1898       61000      61000      163.66     89.25      0.5454     51.15      0.36       0.35       0.30       0          48.10      57         57         0          0          0.1035     2.1526     77         98         104        111        118        125        151       
1899       61000      61000      163.68     89.57      0.5472     51.22      0.36       0.35       0.30       0          48.10      57         57         0          0          0.1035     2.1522     77         98         104        111        118        125        151       
1900       61000      61000      163.70     88.03      0.5378     51.22      0.36       0.35       0.30       0          48.10      57         57         0          0          0.1035     2.1483     77         98         104        111        118        125        151       
1901       61000      61000      163.69     89.09      0.5443     51.19      0.35       0.35       0.30       0          48.10      57         57         0          0          0.1035     2.1535     77         98         104        111        118        125        151       
1902       61000      61000      163.64     89.56      0.5473     51.16      0.36       0.35       0.30       0          48.10      57         57         0          0          0.1035     2.1498     77         98         104        111        118        125        151       
1903       61000      61000      163.66     90.07      0.5504     51.15      0.36       0.35       0.30       0          48.10      57         57         0          0          0.1035     2.1483     77         98         104        111        118        125        151       
1904       61000      61000      163.69     89.20      0.5449     51.22      0.35       0.35       0.30       0          48.10      57         57         0          0          0.1035     2.1469     77         98         104        111        118        125        151       
1905       61000      61000      163.68     90.02      0.5500     51.23      0.35       0.35       0.30       0          48.10      57         57         0          0          0.1035     2.1570     77         98         104        111        118        125        151       
1906       61000      61000      163.68     87.81      0.5364     51.34      0.37       0.36       0.30       0          48.10      57         57         0          0          0.1035     2.1520     77         98         104        111        118        125        151       
1907       61000      61000      163.67     88.93      0.5434     51.29      0.36       0.36       0.30       0          48.10      57         57         0          0          0.1035     2.1497     77         98         104        111        118        125        151       
1908       61000      61000      163.66     89.23      0.5452     51.17      0.35       0.35       0.30       0          48.10      57         57         0          0          0.1035     2.1530     77         98         104        111        118        125        151       
1909       61000      61000      163.67     88.89      0.5431     51.21      0.36       0.35       0.30       0          48.10      57         57         0          0          0.1035     2.1517     77         98         104        111        118        125        151       
1910       61000      61000      163.69     88.04      0.5378     51.23      0.35       0.35       0.30       0          48.10      57         57         0          0          0.1035     2.1587     77         98         104        111        118        125        151       
1911       61000      61000      163.67     88.72      0.5421     51.20      0.36       0.35       0.30       0          48.10      57         57         0          0          0.1035     2.1467     77         98         104        111        118        125        151       
1912       61000      61000      163.67     89.27      0.5454     51.28      0.36       0.35       0.30       0          48.10      57         57         0          0          0.1035     2.1523     77         98         104        111        118        125        151       
1913       61000      61000      163.68     88.35      0.5398     51.19      0.36       0.35       0.30       0          48.10      57         57         0          0          0.1035     2.1500     77         98         104        111        118        125        151       
1914       61000      61000      163.67     89.32      0.5457     51.13      0.35       0.35       0.30       0          48.10      57         57         0          0          0.1035     2.1517     77         98         104        111        118        125        151       
1915       61000      61000      163.70     90.33      0.5518     51.32      0.36       0.36       0.30       0          48.10      57         57         0          0          0.1035     2.1497     77         98         104        111        118        125        151       
1916       61000      61000      163.67     88.87      0.5430     51.29      0.35       0.36       0.30       0          48.10      57         57         0          0          0.1035     2.1495     77         98         104        111        118        125        151       
1917       61000      61000      163.69     88.44      0.5403     51.23      0.35       0.35       0.30       0          48.10      57         57         0          0          0.1035     2.1450     77         98         104        111        118        125        151       
1918       61000      61000      163.68     88.02      0.5377     51.16      0.36       0.35       0.30       0          48.10      57         57         0          0          0.1035     2.1576     77         98         104        111        118        125        151       
1919       61000      61000      163.69     89.35      0.5459     51.11      0.36       0.35       0.30       0          48.10      57         57         0          0          0.1035     2.1457     77         98         104        111        118        125        151       
1920       61000      61000      163.68     90.08      0.5503     51.25      0.36       0.35       0.30       0          48.10      57         57         0          0          0.1035     2.1536     77         98         104        111        118        125        151       
1921       61000      61000      163.68     88.23      0.5390     51.25      0.35       0.35       0.30       0          48.10      57         57         0          0          0.1035     2.1553     77         98         104        111        118        125        151       
1922       61000      61000      163.70     89.12      0.5444     51.22      0.36       0.35       0.30       0          48.10      57         57         0          0          0.1035     2.1498     77         98         104        111        118        125        151       
1923       61000      61000      163.69     90.04      0.5501     51.19      0.36       0.35       0.30       0          48.10      57         57         0          0          0.1035     2.1564     77         98         104        111        118        125        151       
1924       61000      61000      163.66     89.00      0.5438     51.29      0.35       0.36       0.30       0          48.10      57         57         0          0          0.1035     2.1471     77         98         104        111        118        125        151       
1925       61000      61000      163.68     89.55      0.5471     51.53      0.36       0.36       0.30       0          48.10      57         57         0          0          0.1035     2.1510     77         98         104        111        118        125        151       
1926       61000      61000      163.69     88.84      0.5427     51.38      0.36       0.36       0.30       0          48.10      57         57         0          0          0.1035     2.1583     77         98         104        111        118        125        151       
1927       61000      61000      163.67     89.64      0.5477     51.39      0.36       0.36       0.30       0          48.10      57         57         0          0          0.1035     2.1502     77         98         104        111        118        125        151       
1928       61000      61000      163.69     89.78      0.5485     51.33      0.37       0.36       0.30       0          48.10      57         57         0          0          0.1035     2.1497     77         98         104        111        118        125        151       
1929       61000      61000      163.68     90.52      0.5530     51.42      0.36       0.36       0.30       0          48.10      57         57         0          0          0.1035     2.1505     77         98         104        111        118        125        151       
1930       61000      61000      163.65     90.60      0.5536     51.42      0.36       0.36       0.30       0          48.10      57         57         0          0          0.1035     2.1520     77         98         104        111        118        125        151       
1931       61000      61000      163.66     88.79      0.5425     51.44      0.36       0.36       0.30       0          48.10      57         57         0          0          0.1035     2.1496     77         98         104        111        118        125        151       
1932       61000      61000      163.66     90.09      0.5504     51.49      0.36       0.36       0.30       0          48.10      57         57         0          0          0.1035     2.1490     77         98         104        111        118        125        151       
1933       61000      61000      163.68     89.47      0.5466     51.60      0.37       0.36       0.30       0          48.10      57         57         0          0          0.1035     2.1542     77         98         104        111        118        125        151       
1934       61000      61000      163.65     89.57      0.5473     51.56      0.36       0.36       0.30       0          48.10      57         57         0          0          0.1035     2.1533     77         98         104        111        118        125        151       
1935       61000      61000      163.69     90.26      0.5514     51.44      0.36       0.36       0.30       0          48.10      57         57         0          0          0.1035     2.1521     77         98         104        111        118        125        151       
1936       61000      61000      163.68     90.37      0.5521     51.53      0.36       0.36       0.30       0          48.10      57         57         0          0          0.1035     2.1520     77         98         104        111        118        125        151       
1937       61000      61000      163.69     89.71      0.5481     51.50      0.37       0.36       0.30       0          48.10      57         57         0          0          0.1035     2.1536     77         98         104        111        118        125        151       
1938       61000      61000      163.67     89.09      0.5444     51.49      0.36       0.36       0.30       0          48.10      57         57         0          0          0.1035     2.1487     77         98         104        111        118        125        151       
1939       61000      61000      163.65     89.75      0.5485     51.51      0.36       0.36       0.30       0          48.10      57         57         0          0          0.1035     2.1488     77         98         104        111        118        125        151       
1940       61000      61000      163.67     90.37      0.5522     51.49      0.36       0.36       0.30       0          48.10      57         57         0          0          0.1035     2.1504     77         98         104        111        118        125        151       
1941       61000      61000      163.66     88.84      0.5428     51.44      0.36       0.36       0.30       0          48.10      57         57         0          0          0.1035     2.1535     77         98         104        111        118        125        151       
1942       61000      61000      163.68     89.86      0.5490     51.41      0.36       0.36       0.30       0          48.10      57         57         0          0          0.1035     2.1502     77         98         104        111        118        125        151       
1943       61000      61000      163.67     89.56      0.5472     51.47      0.36       0.36       0.30       0          48.10      57         57         0          0          0.1035     2.1508     77         98         104        111        118        125        151       
1944       61000      61000      163.66     89.73      0.5482     51.54      0.37       0.36       0.30       0          48.10      57         57         0          0          0.1035     2.1500     77         98         104        111        118        125        151       
1945       61000      61000      163.68     89.59      0.5473     51.54      0.36       0.36       0.30       0          48.10      57         57         0          0          0.1035     2.1519     77         98         104        111        118        125        151       
1946       61000      61000      163.67     89.00      0.5438     51.58      0.36       0.36       0.30       0          48.10      57         57         0          0          0.1035     2.1525     77         98         104        111        118        125        151       
1947       61000      61000      163.68     89.39      0.5461     51.56      0.36       0.36       0.30       0          48.10      57         57         0          0          0.1035     2.1566     77         98         104        111        118        125        151       
1948       61000      61000      163.69     89.55      0.5471     51.40      0.36       0.36       0.30       0          48.10      57         57         0          0          0.1035     2.1515     77         98         104        111        118        125        151       
1949       61000      61000      163.70     89.12      0.5444     51.45      0.36       0.36       0.30       0          48.10      57         57         0          0          0.1035     2.1518     77         98         104        111        118        125        151       
1950       61000      61000      163.67     89.81      0.5487     51.42      0.37       0.36       0.30       0          48.10      57         57         0          0          0.1035     2.1508     77         98         104        111        118        125        151       
1951       61000      61000      163.66     88.89      0.5432     51.54      0.37       0.36       0.30       0          48.10      57         57         0          0          0.1035     2.1538     77         98         104        111        118        125        151       
1952       61000      61000      163.68     89.23      0.5452     51.38      0.36       0.36       0.30       0          48.10      57         57         0          0          0.1035     2.1520     77         98         104        111        118        125        151       
1953       61000      61000      163.71     89.60      0.5473     51.39      0.36       0.36       0.30       0          48.10      57         57         0          0          0.1035     2.1530     77         98         104        111        118        125        151       
1954       61000      61000      163.66     90.45      0.5527     51.47      0.36       0.36       0.30       0          48.10      57         57         0          0          0.1035     2.1549     77         98         104        111        118        125        151       
1955       61000      61000      163.68     87.97      0.5375     51.45      0.36       0.36       0.30       0          48.10      57         57         0          0          0.1035     2.1512     77         98         104        111        118        125        151       
1956       61000      61000      163.66     89.24      0.5453     51.48      0.36       0.36       0.30       0          48.10      57         57         0          0          0.1035     2.1512     77         98         104        111        118        125        151       
1957       61000      61000      163.68     88.90      0.5431     51.49      0.36       0.36       0.30       0          48.10      57         57         0          0          0.1035     2.1504     77         98         104        111        118        125        151       
1958       61000      61000      163.67     88.63      0.5415     51.45      0.36       0.36       0.30       0          48.10      57         57         0          0          0.1035     2.1514     77         98         104        111        118        125        151       
1959       61000      61000      163.66     89.57      0.5473     51.39      0.36       0.36       0.30       0          48.10      57         57         0          0          0.1035     2.1458     77         98         104        111        118        125        151       
1960       61000      61000      163.70     88.88      0.5429     51.41      0.36       0.36       0.30       0          48.10      57         57         0          0          0.1035     2.1451     77         98         104        111        118        125        151       
1961       61000      61000      163.67     90.12      0.5506     51.39      0.36       0.36       0.30       0          48.10      57         57         0          0          0.1035     2.1578     77         98         104        111        118        125        151       
1962       61000      61000      163.69     88.94      0.5433     51.39      0.36       0.36       0.30       0          48.10      57         57         0          0          0.1035     2.1499     77         98         104        111        118        125        151       
1963       61000      61000      163.67     88.96      0.5435     51.40      0.36       0.36       0.30       0          48.10      57         57         0          0          0.1035     2.1477     77         98         104        111        118        125        151       
1964       61000      61000      163.68     90.15      0.5507     51.49      0.36       0.36       0.30       0          48.10      57         57         0          0          0.1035     2.1483     77         98         104        111        118        125        151       
1965       61000      61000      163.68     88.28      0.5393     51.43      0.36       0.36       0.30       0          48.10      57         57         0          0          0.1035     2.1511     77         98         104        111        118        125        151       
1966       61000      61000      163.69     87.89      0.5369     51.40      0.36       0.36       0.30       0          48.10      57         57         0          0          0.1035     2.1490     77         98         104        111        118        125        151       
1967       61000      61000      163.67     88.22      0.5390     51.28      0.36       0.36       0.30       0          48.10      57         57         0          0          0.1035     2.1500     77         98         104        111        118        125        151       
1968       61000      61000      163.67     89.56      0.5472     51.23      0.35       0.35       0.30       0          48.10      57         57         0          0          0.1035     2.1540     77         98         104        111        118        125        151       
1969       61000      61000      163.68     89.41      0.5463     51.20      0.35       0.35       0.30       0          48.10      57         57         0          0          0.1035     2.1470     77         98         104        111        118        125        151       
1970       61000      61000      163.68     90.37      0.5521     51.37      0.36       0.36       0.30       0          48.10      57         57         0          0          0.1035     2.1571     77         98         104        111        118        125        151       
1971       61000      61000      163.67     90.03      0.5501     51.43      0.36       0.36       0.30       0          48.10      57         57         0          0          0.1035     2.1547     77         98         104        111        118        125        151       
1972       61000      61000      163.67     88.50      0.5407     51.43      0.36       0.36       0.30       0          48.10      57         57         0          0          0.1035     2.1473     77         98         104        111        118        125        151       
1973       61000      61000      163.68     89.47      0.5466     51.39      0.37       0.36       0.30       0          48.10      57         57         0          0          0.1035     2.1501     77         98         104        111        118        125        151       
1974       61000      61000      163.65     89.20      0.5451     51.40      0.36       0.36       0.30       0          48.10      57         57         0          0          0.1035     2.1499     77         98         104        111        118        125        151       
1975       61000      61000      163.68     89.46      0.5465     51.49      0.36       0.36       0.30       0          48.10      57         57         0          0          0.1035     2.1545     77         98         104        111        118        125        151       
1976       61000      61000      163.68     89.79      0.5486     51.53      0.36       0.36       0.30       0          48.10      57         57         0          0          0.1035     2.1483     77         98         104        111        118        125        151       
1977       61000      61000      163.67     89.55      0.5472     51.49      0.37       0.36       0.30       0          48.10      57         57         0          0          0.1035     2.1573     77         98         104        111        118        125        151       
1978       61000      61000      163.68     90.49      0.5528     51.53      0.36       0.36       0.30       0          48.10      57         57         0          0          0.1035     2.1467     77         98         104        111        118        125        151       
1979       61000      61000      163.70     89.85      0.5489     51.55      0.36       0.36       0.30       0          48.10      57         57         0          0          0.1035     2.1491     77         98         104        111        118        125        151       
1980       61000      61000      163.67     89.69      0.5480     51.51      0.37       0.36       0.30       0          48.10      57         57         0          0          0.1035     2.1530     77         98         104        111        118        125        151       
1981       61000      61000      163.68     88.81      0.5426     51.60      0.36       0.36       0.30       0          48.10      57         57         0          0          0.1035     2.1467     77         98         104        111        118        125        151       
1982       61000      61000      163.67     90.23      0.5513     51.57      0.36       0.36       0.30       0          48.10      57         57         0          0          0.1035     2.1470     77         98         104        111        118        125        151       
1983       61000      61000      163.67     89.94      0.5495     51.60      0.36       0.36       0.30       0          48.10      57         57         0          0          0.1035     2.1533     77         98         104        111        118        125        151       
1984       61000      61000      163.69     89.04      0.5439     51.59      0.36       0.36       0.30       0          48.10      57         57         0          0          0.1035     2.1558     77         98         104        111        118        125        151       
1985       61000      61000      163.69     88.34      0.5397     51.67      0.37       0.36       0.30       0          48.10      57         57         0          0          0.1035     2.1528     77         98         104        111        118        125        151       
1986       61000      61000      163.68     90.89      0.5552     51.51      0.36       0.36       0.30       0          48.10      57         57         0          0          0.1035     2.1495     77         98         104        111        118        125        151       
1987       61000      61000      163.68     89.27      0.5454     51.55      0.36       0.36       0.30       0          48.10      57         57         0          0          0.1035     2.1540     77         98         104        111        118        125        151       
1988       61000      61000      163.69     88.81      0.5425     51.44      0.36       0.36       0.30       0          48.10      57         57         0          0          0.1035     2.1547     77         98         104        111        118        125        151       
1989       61000      61000      163.67     89.38      0.5461     51.51      0.36       0.36       0.30       0          48.10      57         57         0          0          0.1035     2.1520     77         98         104        111        118        125        151       
1990       61000      61000      163.69     89.31      0.5456     51.51      0.36       0.36       0.30       0          48.10      57         57         0          0          0.1035     2.1536     77         98         104        111        118        125        151       
1991       61000      61000      163.68     89.54      0.5470     51.56      0.36       0.36       0.30       0          48.10      57         57         0          0          0.1035     2.1490     77         98         104        111        118        125        151       
1992       61000      61000      163.68     89.77      0.5484     51.51      0.36       0.36       0.30       0          48.10      57         57         0          0          0.1035     2.1509     77         98         104        111        118        125        151       
1993       61000      61000      163.69     90.22      0.5512     51.50      0.37       0.36       0.30       0          48.10      57         57         0          0          0.1035     2.1464     77         98         104        111        118        125        151       
1994       61000      61000      163.68     88.33      0.5397     51.48      0.37       0.36       0.30       0          48.10      57         57         0          0          0.1035     2.1527     77         98         104        111        118        125        151       
1995       61000      61000      163.67     89.72      0.5482     51.53      0.37       0.36       0.30       0          48.10      57         57         0          0          0.1035     2.1507     77         98         104        111        118        125        151       
1996       61000      61000      163.66     89.96      0.5496     51.53      0.36       0.36       0.30       0          48.10      57         57         0          0          0.1035     2.1516     77         98         104        111        118        125        151       
1997       61000      61000      163.66     89.37      0.5461     51.64      0.36       0.36       0.30       0          48.10      57         57         0          0          0.1035     2.1531     77         98         104        111        118        125        151       
1998       61000      61000      163.65     89.36      0.5460     51.53      0.37       0.36       0.30       0          48.10      57         57         0          0          0.1035     2.1463     77         98         104        111        118        125        151       
1999       61000      61000      163.69     90.38      0.5522     51.54      0.37       0.36       0.30       0          48.10      57         57         0          0          0.1035     2.1516     77         98         104        111        118        125        151       
2000       61000      61000      163.67     89.49      0.5468     51.65      0.37       0.36       0.30       0          48.10      57         57         0          0          0.1035     2.1537     77         98         104        111        118        125        151       
