time       n_sent     n_recv     avgRecv    avgByzRecv pByzRecv   avgByzN    pushByzN   pullByzN   sampByzN   n_isolated avgByzSamp min        max        n_fullbyz  n_fbi      cluscoeff  MPL        id_min     id_d1      id_q1      id_med     id_q3      id_d9      id_max    
0          10000      0          0.00       0.00       NaN        48.07      0.00       0.00       0.00       0          48.16      46         46         0          0          0.1005     2.4662     42         60         65         71         76         82         104       
1          54000      10000      0.00       0.00       NaN        48.07      0.00       0.00       0.00       0          48.16      46         46         0          0          0.1005     2.4705     42         60         65         71         76         82         104       
2          61000      54000      3.69       2.99       0.8107     48.07      0.00       0.00       0.00       0          48.16      46         46         0          0          0.1005     2.4680     42         60         65         71         76         82         104       
3          61000      61000      163.70     84.05      0.5134     54.43      0.21       0.31       0.20       0          65.21      46         46         0          0          0.2018     2.4990     36         57         62         69         75         81         106       
4          61000      61000      163.64     86.80      0.5304     66.61      0.43       0.50       0.37       0          74.14      54         54         0          0          0.2503     2.4462     39         58         64         71         77         84         109       
5          61000      61000      163.57     97.50      0.5961     77.47      0.53       0.56       0.44       0          79.04      85         85         0          0          0.2768     2.5315     37         57         63         70         77         84         112       
6          61000      61000      163.51     112.19     0.6862     85.44      0.60       0.63       0.48       0          84.51      85         85         0          0          0.3105     2.5424     33         54         60         67         74         81         108       
7          61000      61000      163.45     122.62     0.7502     93.16      0.67       0.70       0.52       0          89.90      84         84         0          0          0.3462     2.5270     30         51         57         63         70         77         110       
8          61000      61000      163.41     130.71     0.7998     100.15     0.73       0.76       0.55       0          94.82      76         76         0          0          0.3802     2.6099     28         48         53         60         66         73         100       
9          61000      61000      163.39     136.30     0.8342     105.94     0.78       0.80       0.58       0          98.96      72         72         0          0          0.4101     2.6517     27         45         50         56         63         69         96        
10         61000      61000      163.34     141.47     0.8661     110.82     0.83       0.84       0.61       0          102.64     75         75         0          0          0.4377     2.6488     23         42         47         53         60         66         93        
11         61000      61000      163.31     145.11     0.8886     114.77     0.85       0.86       0.64       0          105.83     87         87         0          0          0.4623     2.6891     22         40         45         51         57         63         91        
12         61000      61000      163.30     148.61     0.9100     118.18     0.88       0.89       0.66       1          108.74     87         87         0          0          0.4854     2.6751     20         37         42         48         54         61         90        
13         61000      61000      163.25     150.73     0.9233     121.30     0.90       0.91       0.68       0          111.21     92         92         0          0          0.5056     2.7216     18         35         40         46         52         58         84        
14         61000      61000      163.26     152.70     0.9353     123.72     0.91       0.92       0.69       0          113.39     95         95         0          0          0.5238     2.7537     17         34         38         44         50         56         82        
15         61000      61000      163.23     153.78     0.9421     125.74     0.93       0.93       0.71       0          115.27     100        100        0          0          0.5397     2.7607     16         32         37         42         48         54         80        
16         61000      61000      163.25     154.68     0.9475     127.48     0.94       0.94       0.72       0          116.91     108        108        0          0          0.5539     2.8066     15         31         36         41         47         52         78        
17         61000      61000      163.22     155.59     0.9533     128.79     0.94       0.94       0.73       0          118.37     110        110        0          0          0.5668     2.7923     15         30         34         40         45         51         75        
18         61000      61000      163.20     156.65     0.9599     130.09     0.95       0.95       0.74       1          119.66     111        111        0          0          0.5783     2.7914     14         29         33         38         44         49         74        
19         61000      61000      163.19     157.07     0.9625     131.13     0.95       0.95       0.75       0          120.82     114        114        0          0          0.5887     2.8079     14         28         32         37         43         48         76        
20         61000      61000      163.17     157.42     0.9648     132.11     0.95       0.96       0.75       0          121.86     117        117        0          0          0.5982     2.8373     13         27         31         36         42         47         76        
21         61000      61000      163.20     157.98     0.9680     133.02     0.96       0.96       0.76       1          122.79     119        119        0          0          0.6067     2.8385     13         26         31         36         41         46         76        
22         61000      61000      163.17     158.30     0.9702     133.73     0.96       0.96       0.77       1          123.62     119        119        0          0          0.6144     2.8380     13         26         30         35         40         45         75        
23         61000      61000      163.17     158.55     0.9717     134.37     0.96       0.96       0.77       0          124.37     120        120        0          0          0.6214     2.8502     12         25         29         34         39         44         72        
24         61000      61000      163.15     158.58     0.9719     134.93     0.97       0.97       0.78       1          125.04     122        122        0          0          0.6277     2.9077     12         25         29         34         39         44         70        
25         61000      61000      163.15     158.81     0.9734     135.38     0.97       0.97       0.78       0          125.65     122        122        0          0          0.6335     2.8875     12         24         28         33         38         43         68        
26         61000      61000      163.17     159.09     0.9750     135.79     0.97       0.97       0.78       0          126.20     122        122        0          0          0.6387     2.8756     11         24         28         33         38         42         68        
27         61000      61000      163.13     159.10     0.9753     136.20     0.97       0.97       0.79       1          126.71     122        122        0          0          0.6435     2.8748     11         23         27         32         37         42         69        
28         61000      61000      163.17     159.35     0.9766     136.59     0.97       0.97       0.79       1          127.16     122        122        0          0          0.6479     2.9038     11         23         27         32         37         41         68        
29         61000      61000      163.15     159.43     0.9772     136.91     0.97       0.97       0.79       0          127.54     122        122        0          0          0.6515     2.9175     11         22         26         31         36         41         68        
30         61000      61000      163.15     159.64     0.9784     137.18     0.97       0.97       0.80       2          127.91     122        122        0          0          0.6551     2.9091     11         22         26         31         36         41         66        
31         61000      61000      163.14     159.50     0.9777     137.49     0.97       0.97       0.80       4          128.25     121        121        0          0          0.6583     2.9083     10         22         26         31         36         40         65        
32         61000      61000      163.14     159.73     0.9791     137.72     0.97       0.97       0.80       2          128.53     121        121        0          0          0.6611     2.9249     8          22         25         30         35         40         65        
33         61000      61000      163.14     159.61     0.9784     137.82     0.97       0.97       0.80       2          128.82     121        121        0          0          0.6639     2.9223     7          22         25         30         35         40         68        
34         61000      61000      163.12     159.85     0.9799     138.07     0.97       0.97       0.80       4          129.06     121        121        0          0          0.6662     2.9545     7          21         25         30         35         39         65        
35         61000      61000      163.15     159.93     0.9803     138.25     0.97       0.97       0.81       0          129.29     121        121        0          0          0.6685     2.9372     7          21         25         30         34         39         65        
36         61000      61000      163.13     160.05     0.9811     138.43     0.97       0.97       0.81       1          129.51     121        121        0          0          0.6707     2.8992     7          21         25         29         34         39         65        
37         61000      61000      163.13     160.04     0.9811     138.60     0.97       0.97       0.81       3          129.70     121        121        0          0          0.6724     2.9269     6          21         25         29         34         39         64        
38         61000      61000      163.12     159.90     0.9802     138.70     0.97       0.97       0.81       1          129.87     122        122        0          0          0.6741     2.9177     6          21         24         29         34         38         64        
39         61000      61000      163.13     160.01     0.9808     138.71     0.97       0.97       0.81       2          130.02     122        122        0          0          0.6756     2.9505     5          21         24         29         34         38         64        
40         61000      61000      163.15     160.14     0.9816     138.79     0.97       0.97       0.81       3          130.15     122        122        0          0          0.6768     2.9585     5          20         24         29         34         38         66        
41         61000      61000      163.12     160.00     0.9809     138.85     0.97       0.97       0.81       2          130.29     122        122        0          0          0.6782     2.9502     5          20         24         29         34         38         66        
42         61000      61000      163.11     160.18     0.9820     138.95     0.97       0.97       0.81       1          130.40     122        122        0          0          0.6793     2.9515     5          20         24         28         33         38         66        
43         61000      61000      163.12     160.15     0.9818     139.00     0.97       0.97       0.81       0          130.51     123        123        0          0          0.6804     2.9525     5          20         24         28         33         38         66        
44         61000      61000      163.13     160.35     0.9830     139.13     0.97       0.97       0.82       2          130.61     124        124        0          0          0.6814     2.9333     5          20         24         28         33         38         66        
45         61000      61000      163.13     160.24     0.9822     139.18     0.97       0.97       0.82       1          130.71     124        124        0          0          0.6823     2.9377     5          20         24         28         33         38         67        
46         61000      61000      163.12     160.28     0.9826     139.19     0.97       0.97       0.82       3          130.78     124        124        0          0          0.6830     2.9738     5          20         24         28         33         38         67        
47         61000      61000      163.13     160.17     0.9819     139.30     0.97       0.97       0.82       4          130.84     125        125        0          0          0.6836     2.9627     5          20         23         28         33         38         68        
48         61000      61000      163.12     160.32     0.9829     139.30     0.97       0.97       0.82       1          130.89     126        126        0          0          0.6841     2.9907     5          20         23         28         33         38         68        
49         61000      61000      163.14     160.24     0.9822     139.27     0.97       0.97       0.82       3          130.93     126        126        0          0          0.6845     2.9489     5          20         23         28         33         38         68        
50         61000      61000      163.12     160.40     0.9833     139.30     0.96       0.97       0.82       2          130.98     128        128        0          0          0.6850     2.9333     5          20         23         28         33         38         68        
51         61000      61000      163.16     160.33     0.9827     139.32     0.97       0.97       0.82       0          131.00     128        128        0          0          0.6852     2.9685     5          20         23         28         33         37         69        
52         61000      61000      163.12     160.38     0.9832     139.34     0.97       0.97       0.82       3          131.04     128        128        0          0          0.6856     2.9619     5          20         23         28         33         37         69        
53         61000      61000      163.11     160.42     0.9835     139.37     0.97       0.97       0.82       2          131.07     128        128        0          0          0.6859     2.9401     5          20         23         28         33         37         70        
54         61000      61000      163.11     160.34     0.9830     139.36     0.97       0.97       0.82       1          131.09     128        128        0          0          0.6861     2.9244     5          20         23         28         33         37         70        
55         61000      61000      163.14     160.36     0.9830     139.33     0.97       0.96       0.82       0          131.10     128        128        0          0          0.6862     2.9409     5          20         23         28         33         37         69        
56         61000      61000      163.13     160.31     0.9827     139.31     0.97       0.96       0.82       0          131.11     128        128        0          0          0.6863     2.9442     5          20         23         28         33         37         69        
57         61000      61000      163.14     160.41     0.9833     139.27     0.97       0.96       0.82       2          131.12     128        128        0          0          0.6864     2.9746     5          19         23         28         33         38         69        
58         61000      61000      163.14     160.45     0.9835     139.23     0.97       0.96       0.82       1          131.12     128        128        0          0          0.6864     2.9998     5          19         23         28         33         38         70        
59         61000      61000      163.13     160.22     0.9822     139.15     0.97       0.96       0.82       1          131.12     129        129        0          0          0.6864     2.9400     5          19         23         28         33         38         70        
60         61000      61000      163.11     160.31     0.9828     139.14     0.96       0.96       0.82       3          131.10     129        129        0          0          0.6862     2.9464     5          19         23         28         33         37         70        
61         61000      61000      163.16     160.29     0.9824     139.07     0.96       0.96       0.82       2          131.08     128        128        0          0          0.6860     2.9454     5          19         23         28         33         38         71        
62         61000      61000      163.13     160.26     0.9824     139.01     0.96       0.96       0.82       1          131.06     128        128        0          0          0.6858     2.9559     5          20         23         28         33         38         71        
63         61000      61000      163.12     159.99     0.9808     138.94     0.96       0.96       0.82       2          131.04     128        128        0          0          0.6856     2.9662     5          19         23         28         33         38         72        
64         61000      61000      163.11     160.23     0.9823     138.81     0.96       0.96       0.82       1          131.01     128        128        0          0          0.6852     2.9441     5          19         23         28         33         38         73        
65         61000      61000      163.13     160.12     0.9815     138.82     0.96       0.96       0.82       0          130.98     128        128        0          0          0.6849     2.9436     5          19         23         28         33         38         73        
66         61000      61000      163.11     160.14     0.9818     138.73     0.96       0.96       0.82       3          130.94     128        128        0          0          0.6846     2.9639     5          20         23         28         33         38         74        
67         61000      61000      163.14     160.35     0.9829     138.67     0.95       0.96       0.82       3          130.91     128        128        0          0          0.6843     2.9489     5          19         23         28         33         38         75        
68         61000      61000      163.12     160.17     0.9819     138.65     0.95       0.96       0.82       0          130.89     128        128        0          0          0.6840     2.9445     5          19         23         28         33         38         75        
69         61000      61000      163.13     160.19     0.9819     138.61     0.96       0.95       0.82       2          130.85     127        127        0          0          0.6836     2.9802     5          19         23         28         33         38         75        
70         61000      61000      163.14     160.08     0.9812     138.49     0.96       0.95       0.82       1          130.81     127        127        0          0          0.6832     2.9327     5          20         23         28         33         38         76        
71         61000      61000      163.17     160.08     0.9811     138.48     0.95       0.95       0.82       1          130.76     128        128        0          0          0.6828     2.9785     5          20         23         28         33         38         78        
72         61000      61000      163.14     159.94     0.9804     138.37     0.95       0.95       0.82       2          130.72     128        128        0          0          0.6823     2.9602     5          20         23         28         33         38         77        
73         61000      61000      163.14     160.19     0.9819     138.22     0.95       0.95       0.82       1          130.68     128        128        0          0          0.6820     2.9446     5          20         23         28         33         38         78        
74         61000      61000      163.15     160.07     0.9811     138.14     0.95       0.95       0.82       1          130.62     128        128        0          0          0.6814     2.9584     5          20         23         28         33         38         78        
75         61000      61000      163.13     160.05     0.9811     138.16     0.95       0.95       0.82       0          130.57     128        128        0          0          0.6809     2.9374     5          20         23         28         34         38         78        
76         61000      61000      163.13     159.97     0.9806     138.06     0.95       0.95       0.82       1          130.52     128        128        0          0          0.6804     2.9408     5          20         23         28         34         39         78        
77         61000      61000      163.15     160.08     0.9812     137.95     0.95       0.95       0.82       2          130.46     128        128        0          0          0.6799     2.9431     5          20         24         29         34         39         78        
78         61000      61000      163.10     160.01     0.9811     137.86     0.95       0.95       0.82       2          130.40     128        128        0          0          0.6793     2.9345     5          20         24         29         34         39         78        
79         61000      61000      163.14     159.91     0.9802     137.88     0.95       0.95       0.82       2          130.34     128        128        0          0          0.6787     3.0199     5          20         24         29         34         39         78        
80         61000      61000      163.14     160.02     0.9809     137.75     0.95       0.95       0.81       1          130.29     128        128        0          0          0.6781     2.9414     5          20         24         29         34         39         78        
81         61000      61000      163.14     159.92     0.9803     137.54     0.94       0.94       0.81       3          130.23     128        128        0          0          0.6775     2.9830     5          20         24         29         34         39         78        
82         61000      61000      163.14     159.86     0.9799     137.54     0.94       0.94       0.81       2          130.16     128        128        0          0          0.6768     2.9207     5          20         24         29         34         39         78        
83         61000      61000      163.12     159.71     0.9791     137.42     0.95       0.94       0.81       4          130.09     128        128        0          0          0.6762     2.9644     5          20         24         29         34         39         78        
84         61000      61000      163.14     159.81     0.9796     137.29     0.94       0.94       0.81       2          130.02     128        128        0          0          0.6755     2.9532     5          20         24         29         34         39         78        
85         61000      61000      163.13     159.90     0.9802     137.14     0.94       0.94       0.81       2          129.96     128        128        0          0          0.6748     2.9462     5          20         24         29         34         39         78        
86         61000      61000      163.13     159.65     0.9786     137.15     0.94       0.94       0.81       2          129.88     128        128        0          0          0.6741     2.9413     5          20         24         29         35         40         77        
87         61000      61000      163.15     159.85     0.9797     137.08     0.94       0.94       0.81       1          129.80     128        128        0          0          0.6734     2.9701     5          20         24         29         35         40         77        
88         61000      61000      163.16     159.68     0.9787     136.86     0.94       0.94       0.81       0          129.74     128        128        0          0          0.6727     2.9345     5          20         24         29         35         40         77        
89         61000      61000      163.14     159.81     0.9796     136.80     0.94       0.94       0.81       3          129.66     128        128        0          0          0.6720     2.9650     5          20         24         29         35         40         77        
90         61000      61000      163.14     159.64     0.9785     136.68     0.94       0.93       0.81       2          129.59     128        128        0          0          0.6712     2.9339     5          20         24         29         35         40         77        
91         61000      61000      163.15     159.63     0.9785     136.60     0.94       0.93       0.81       1          129.51     128        128        0          0          0.6705     2.9167     5          20         24         29         35         40         77        
92         61000      61000      163.16     159.50     0.9776     136.49     0.93       0.93       0.81       1          129.43     127        127        0          0          0.6697     2.9627     5          20         24         29         35         40         78        
93         61000      61000      163.15     159.62     0.9783     136.33     0.93       0.93       0.81       0          129.35     127        127        0          0          0.6689     2.9183     5          20         24         30         35         40         78        
94         61000      61000      163.14     159.46     0.9774     136.22     0.93       0.93       0.81       2          129.27     127        127        0          0          0.6681     2.9195     5          20         25         30         35         40         78        
95         61000      61000      163.16     159.48     0.9774     136.04     0.93       0.93       0.81       0          129.19     126        126        0          0          0.6673     2.9555     5          20         25         30         35         41         78        
96         61000      61000      163.14     159.38     0.9769     135.96     0.93       0.93       0.81       0          129.10     126        126        0          0          0.6665     2.9219     5          20         25         30         35         41         78        
97         61000      61000      163.14     159.20     0.9758     135.80     0.93       0.93       0.81       2          129.02     126        126        0          0          0.6657     2.9238     5          21         25         30         35         41         79        
98         61000      61000      163.16     159.35     0.9767     135.65     0.93       0.92       0.81       2          128.94     126        126        0          0          0.6649     2.8980     5          21         25         30         36         41         79        
99         61000      61000      163.16     159.22     0.9759     135.50     0.92       0.92       0.81       1          128.85     126        126        0          0          0.6640     2.9300     5          21         25         30         36         41         79        
100        61000      61000      163.13     159.28     0.9764     135.27     0.92       0.92       0.81       1          128.76     126        126        0          0          0.6631     2.9183     5          21         25         30         36         41         79        
101        61000      61000      163.15     159.34     0.9767     135.28     0.92       0.92       0.81       1          128.67     126        126        0          0          0.6623     2.8828     5          21         25         30         36         41         79        
102        61000      61000      163.13     159.03     0.9749     135.15     0.92       0.92       0.80       0          128.58     126        126        0          0          0.6614     2.9170     5          21         25         30         36         41         79        
103        61000      61000      163.18     159.14     0.9753     134.99     0.92       0.92       0.80       1          128.49     126        126        0          0          0.6605     2.9210     5          21         25         30         36         42         79        
104        61000      61000      163.13     159.25     0.9762     134.89     0.91       0.92       0.80       1          128.40     126        126        0          0          0.6596     2.9259     5          21         25         30         36         42         79        
105        61000      61000      163.16     159.02     0.9746     134.68     0.91       0.91       0.80       3          128.30     126        126        0          0          0.6587     2.8916     5          21         25         30         36         42         79        
106        61000      61000      163.17     159.14     0.9753     134.53     0.91       0.91       0.80       2          128.21     126        126        0          0          0.6578     2.9078     5          21         25         31         36         42         79        
107        61000      61000      163.15     159.20     0.9758     134.46     0.91       0.91       0.80       0          128.12     126        126        0          0          0.6568     2.9123     5          21         25         31         37         42         79        
108        61000      61000      163.15     158.71     0.9728     134.27     0.91       0.91       0.80       1          128.02     126        126        0          0          0.6559     2.8891     5          21         25         31         37         42         79        
109        61000      61000      163.16     158.98     0.9744     134.06     0.91       0.91       0.80       3          127.92     126        126        0          0          0.6550     2.8837     5          21         26         31         37         42         79        
110        61000      61000      163.17     158.84     0.9735     134.00     0.91       0.91       0.80       1          127.83     126        126        0          0          0.6540     2.9007     5          21         26         31         37         42         81        
111        61000      61000      163.17     158.63     0.9721     133.92     0.91       0.91       0.80       1          127.73     126        126        0          0          0.6531     2.8971     5          21         26         31         37         43         84        
112        61000      61000      163.15     158.75     0.9730     133.70     0.91       0.90       0.80       2          127.62     126        126        0          0          0.6520     2.8934     5          21         26         31         37         43         84        
113        61000      61000      163.15     158.68     0.9726     133.43     0.91       0.90       0.80       2          127.51     125        125        0          0          0.6510     2.8895     5          21         26         31         37         43         84        
114        61000      61000      163.16     158.57     0.9719     133.34     0.90       0.90       0.80       3          127.41     125        125        0          0          0.6500     2.9212     5          21         26         31         37         43         85        
115        61000      61000      163.15     158.43     0.9711     133.25     0.90       0.90       0.80       2          127.30     125        125        0          0          0.6489     2.8861     5          21         26         31         38         43         86        
116        61000      61000      163.17     158.45     0.9711     132.97     0.90       0.90       0.80       3          127.19     124        124        0          0          0.6478     2.8753     4          22         26         32         38         43         86        
117        61000      61000      163.17     158.42     0.9709     132.76     0.89       0.89       0.79       2          127.08     124        124        0          0          0.6467     2.8990     4          22         26         32         38         43         86        
118        61000      61000      163.17     158.34     0.9704     132.58     0.90       0.89       0.79       1          126.98     124        124        0          0          0.6457     2.8752     4          22         26         32         38         44         87        
119        61000      61000      163.19     158.18     0.9693     132.50     0.89       0.89       0.79       1          126.86     124        124        0          0          0.6446     2.8930     4          22         26         32         38         44         86        
120        61000      61000      163.19     158.53     0.9715     132.24     0.89       0.89       0.79       0          126.76     124        124        0          0          0.6436     2.8629     4          22         26         32         38         44         86        
121        61000      61000      163.18     158.21     0.9696     132.10     0.89       0.89       0.79       2          126.64     124        124        0          0          0.6425     2.8625     4          22         27         32         38         44         86        
122        61000      61000      163.16     157.91     0.9678     131.93     0.89       0.88       0.79       1          126.53     124        124        0          0          0.6414     2.8742     4          22         27         32         38         44         86        
123        61000      61000      163.18     158.02     0.9683     131.72     0.89       0.88       0.79       1          126.41     124        124        0          0          0.6402     2.8760     4          22         27         32         39         45         86        
124        61000      61000      163.17     157.88     0.9676     131.40     0.89       0.88       0.79       1          126.29     123        123        0          0          0.6392     2.8957     4          22         27         32         39         45         86        
125        61000      61000      163.19     158.02     0.9683     131.20     0.88       0.88       0.79       1          126.18     123        123        0          0          0.6381     2.8609     4          22         27         33         39         45         86        
126        61000      61000      163.18     157.67     0.9662     131.11     0.88       0.88       0.79       1          126.07     123        123        0          0          0.6370     2.8765     4          22         27         33         39         45         86        
127        61000      61000      163.17     157.91     0.9677     130.93     0.88       0.87       0.79       2          125.93     123        123        0          0          0.6357     2.8839     4          22         27         33         39         45         87        
128        61000      61000      163.17     157.58     0.9658     130.71     0.87       0.87       0.79       1          125.80     123        123        0          0          0.6344     2.8587     4          22         27         33         39         45         87        
129        61000      61000      163.17     157.42     0.9648     130.46     0.87       0.87       0.79       0          125.67     123        123        0          0          0.6332     2.8843     4          23         27         33         39         46         87        
130        61000      61000      163.19     157.56     0.9654     130.21     0.87       0.86       0.79       1          125.55     122        122        0          0          0.6320     2.8664     4          23         27         33         40         46         87        
131        61000      61000      163.18     157.56     0.9655     130.08     0.87       0.86       0.78       0          125.42     122        122        0          0          0.6309     2.8749     4          23         27         33         40         46         88        
132        61000      61000      163.21     157.38     0.9643     129.88     0.86       0.86       0.78       2          125.30     122        122        0          0          0.6297     2.8660     4          23         28         33         40         46         89        
133        61000      61000      163.20     157.27     0.9637     129.73     0.87       0.86       0.78       0          125.17     122        122        0          0          0.6285     2.8623     4          23         28         34         40         46         89        
134        61000      61000      163.17     157.07     0.9626     129.40     0.86       0.86       0.78       0          125.04     122        122        0          0          0.6272     2.8677     4          23         28         34         40         46         90        
135        61000      61000      163.20     157.30     0.9639     129.13     0.86       0.85       0.78       1          124.91     122        122        0          0          0.6260     2.8640     4          23         28         34         40         47         90        
136        61000      61000      163.18     156.98     0.9620     129.04     0.86       0.85       0.78       0          124.77     122        122        0          0          0.6247     2.8461     4          23         28         34         41         47         91        
137        61000      61000      163.18     156.98     0.9620     128.73     0.85       0.85       0.78       0          124.64     122        122        0          0          0.6234     2.8661     4          23         28         34         41         47         92        
138        61000      61000      163.17     156.81     0.9610     128.53     0.85       0.85       0.78       1          124.50     122        122        0          0          0.6220     2.8747     4          23         28         34         41         47         92        
139        61000      61000      163.19     156.65     0.9599     128.28     0.85       0.84       0.78       0          124.35     122        122        0          0          0.6207     2.8675     4          23         28         34         41         47         93        
140        61000      61000      163.22     156.65     0.9597     127.94     0.85       0.84       0.78       0          124.21     122        122        0          0          0.6193     2.8710     4          23         28         35         41         48         93        
141        61000      61000      163.22     156.60     0.9594     127.80     0.84       0.84       0.78       1          124.06     122        122        0          0          0.6179     2.8722     4          23         28         35         41         48         93        
142        61000      61000      163.19     156.44     0.9587     127.51     0.84       0.84       0.77       0          123.91     122        122        0          0          0.6165     2.8499     4          24         29         35         42         48         92        
143        61000      61000      163.18     156.35     0.9581     127.33     0.84       0.83       0.77       0          123.77     122        122        0          0          0.6152     2.8902     4          24         29         35         42         48         92        
144        61000      61000      163.18     156.32     0.9580     127.10     0.84       0.83       0.77       2          123.63     122        122        0          0          0.6138     2.8400     4          24         29         35         42         48         92        
145        61000      61000      163.21     156.08     0.9563     126.87     0.84       0.83       0.77       0          123.48     122        122        0          0          0.6124     2.8349     4          24         29         35         42         49         92        
146        61000      61000      163.21     156.44     0.9585     126.55     0.83       0.82       0.77       1          123.33     122        122        0          0          0.6110     2.8829     4          24         29         35         42         49         92        
147        61000      61000      163.22     156.01     0.9559     126.40     0.83       0.82       0.77       0          123.18     122        122        0          0          0.6097     2.8193     4          24         29         36         42         49         91        
148        61000      61000      163.21     155.94     0.9555     126.09     0.83       0.82       0.77       0          123.03     122        122        0          0          0.6082     2.8496     4          24         29         36         43         49         90        
149        61000      61000      163.22     155.65     0.9536     125.75     0.82       0.82       0.77       0          122.88     122        122        0          0          0.6068     2.8555     4          24         29         36         43         49         90        
150        61000      61000      163.22     155.99     0.9558     125.54     0.82       0.81       0.77       0          122.72     122        122        0          0          0.6053     2.8578     4          24         30         36         43         50         90        
151        61000      61000      163.23     155.39     0.9519     125.26     0.82       0.81       0.77       0          122.56     122        122        0          0          0.6038     2.8331     4          24         30         36         43         50         91        
152        61000      61000      163.20     155.61     0.9535     124.92     0.81       0.81       0.77       1          122.40     122        122        0          0          0.6023     2.8148     4          24         30         36         43         50         91        
153        61000      61000      163.25     155.40     0.9519     124.63     0.80       0.80       0.76       1          122.23     122        122        0          0          0.6007     2.8019     4          25         30         36         43         50         91        
154        61000      61000      163.21     155.27     0.9514     124.44     0.81       0.80       0.76       2          122.08     122        122        0          0          0.5993     2.8287     4          25         30         37         44         51         92        
155        61000      61000      163.25     155.18     0.9506     124.14     0.80       0.80       0.76       1          121.90     122        122        0          0          0.5977     2.8043     4          25         30         37         44         51         92        
156        61000      61000      163.23     155.06     0.9500     123.86     0.80       0.80       0.76       0          121.73     122        122        0          0          0.5960     2.8067     4          25         30         37         44         51         92        
157        61000      61000      163.25     155.23     0.9508     123.56     0.80       0.79       0.76       0          121.56     122        122        0          0          0.5945     2.8218     4          25         30         37         44         51         92        
158        61000      61000      163.23     154.78     0.9482     123.45     0.80       0.79       0.76       0          121.40     122        122        0          0          0.5930     2.8242     4          25         31         37         45         52         93        
159        61000      61000      163.22     154.87     0.9488     123.06     0.79       0.79       0.76       0          121.22     122        122        0          0          0.5913     2.8115     4          25         31         37         45         52         94        
160        61000      61000      163.22     154.78     0.9483     122.91     0.79       0.79       0.76       1          121.05     122        122        0          0          0.5897     2.8189     4          25         31         38         45         52         95        
161        61000      61000      163.22     154.56     0.9470     122.51     0.79       0.78       0.76       1          120.88     122        122        0          0          0.5881     2.8192     4          25         31         38         45         52         95        
162        61000      61000      163.22     154.20     0.9448     122.17     0.79       0.78       0.76       0          120.71     122        122        0          0          0.5866     2.7931     4          25         31         38         45         53         95        
163        61000      61000      163.22     154.36     0.9457     121.96     0.79       0.78       0.75       1          120.53     122        122        0          0          0.5849     2.8160     4          26         31         38         45         53         96        
164        61000      61000      163.21     153.96     0.9433     121.65     0.78       0.77       0.75       0          120.35     122        122        0          0          0.5833     2.8085     4          26         31         38         46         53         97        
165        61000      61000      163.24     153.97     0.9432     121.27     0.77       0.77       0.75       1          120.16     122        122        0          0          0.5816     2.8177     5          26         32         38         46         53         96        
166        61000      61000      163.24     153.88     0.9426     121.07     0.78       0.77       0.75       1          119.98     122        122        0          0          0.5799     2.8253     5          26         32         39         46         54         96        
167        61000      61000      163.26     153.92     0.9428     120.61     0.77       0.76       0.75       0          119.79     122        122        0          0          0.5782     2.7945     5          26         32         39         46         54         96        
168        61000      61000      163.26     153.36     0.9393     120.30     0.77       0.76       0.75       0          119.60     122        122        0          0          0.5765     2.7772     5          26         32         39         47         54         96        
169        61000      61000      163.26     152.93     0.9368     119.84     0.76       0.75       0.75       0          119.40     122        122        0          0          0.5746     2.8063     5          26         32         39         47         54         98        
170        61000      61000      163.27     152.65     0.9349     119.45     0.75       0.75       0.75       0          119.19     122        122        0          0          0.5727     2.7879     5          26         32         39         47         55         98        
171        61000      61000      163.25     152.73     0.9355     119.09     0.75       0.74       0.75       0          118.98     122        122        0          0          0.5709     2.7985     5          26         32         39         47         55         98        
172        61000      61000      163.24     152.68     0.9353     118.72     0.74       0.74       0.74       0          118.77     122        122        0          0          0.5689     2.7900     5          27         33         40         48         55         98        
173        61000      61000      163.26     152.64     0.9349     118.34     0.74       0.73       0.74       0          118.57     122        122        0          0          0.5671     2.8055     5          27         33         40         48         56         100       
174        61000      61000      163.25     152.31     0.9330     118.01     0.73       0.73       0.74       0          118.35     122        122        0          0          0.5651     2.7817     5          27         33         40         48         56         99        
175        61000      61000      163.27     152.25     0.9325     117.68     0.73       0.73       0.74       1          118.14     122        122        0          0          0.5632     2.7926     5          27         33         40         48         56         100       
176        61000      61000      163.27     151.69     0.9291     117.30     0.73       0.72       0.74       0          117.93     122        122        0          0          0.5614     2.7743     5          27         33         41         49         56         100       
177        61000      61000      163.26     151.53     0.9282     116.80     0.73       0.72       0.74       0          117.71     121        121        0          0          0.5593     2.7706     5          27         33         41         49         57         100       
178        61000      61000      163.27     151.32     0.9268     116.42     0.72       0.71       0.74       0          117.50     121        121        0          0          0.5574     2.8022     5          27         33         41         49         57         100       
179        61000      61000      163.28     151.09     0.9254     116.03     0.72       0.71       0.73       0          117.27     121        121        0          0          0.5554     2.7637     5          27         34         41         49         57         100       
180        61000      61000      163.30     151.03     0.9249     115.55     0.71       0.70       0.73       1          117.04     121        121        0          0          0.5533     2.7903     5          28         34         41         50         57         101       
181        61000      61000      163.28     151.12     0.9256     115.20     0.71       0.70       0.73       1          116.81     121        121        0          0          0.5512     2.7631     5          28         34         42         50         58         102       
182        61000      61000      163.28     150.56     0.9221     114.83     0.71       0.69       0.73       0          116.57     121        121        0          0          0.5491     2.7364     5          28         34         42         50         58         102       
183        61000      61000      163.28     149.98     0.9185     114.37     0.70       0.69       0.73       1          116.32     121        121        0          0          0.5468     2.7655     6          28         34         42         51         59         103       
184        61000      61000      163.29     150.10     0.9193     113.84     0.70       0.68       0.73       1          116.09     121        121        0          0          0.5447     2.7501     6          28         35         42         51         59         104       
185        61000      61000      163.27     149.70     0.9169     113.34     0.69       0.68       0.73       0          115.83     121        121        0          0          0.5424     2.7697     6          28         35         43         51         59         107       
186        61000      61000      163.29     149.41     0.9150     112.91     0.68       0.67       0.72       0          115.56     121        121        0          0          0.5401     2.7582     6          29         35         43         52         60         106       
187        61000      61000      163.29     149.43     0.9151     112.58     0.68       0.67       0.72       0          115.32     121        121        0          0          0.5379     2.7436     6          29         35         43         52         60         105       
188        61000      61000      163.30     148.32     0.9082     112.07     0.67       0.66       0.72       0          115.07     121        121        0          0          0.5357     2.7550     6          29         36         43         52         60         105       
189        61000      61000      163.30     149.27     0.9141     111.49     0.67       0.65       0.72       0          114.80     121        121        0          0          0.5333     2.7512     6          29         36         44         52         61         105       
190        61000      61000      163.29     148.33     0.9083     111.13     0.67       0.65       0.72       0          114.54     121        121        0          0          0.5310     2.7492     6          29         36         44         53         61         107       
191        61000      61000      163.31     148.12     0.9070     110.60     0.65       0.65       0.72       1          114.29     119        119        0          0          0.5288     2.7243     7          29         36         44         53         61         108       
192        61000      61000      163.30     147.50     0.9033     110.12     0.65       0.64       0.71       0          114.01     119        119        0          0          0.5264     2.7474     7          30         36         44         53         62         107       
193        61000      61000      163.29     147.47     0.9031     109.62     0.65       0.63       0.71       0          113.72     119        119        0          0          0.5238     2.7498     7          30         37         45         54         62         106       
194        61000      61000      163.30     147.05     0.9005     109.01     0.64       0.63       0.71       0          113.43     119        119        0          0          0.5213     2.7296     7          30         37         45         54         63         107       
195        61000      61000      163.33     146.56     0.8973     108.48     0.63       0.62       0.71       0          113.15     119        119        0          0          0.5188     2.7378     7          30         37         45         54         63         108       
196        61000      61000      163.32     146.93     0.8996     107.82     0.63       0.61       0.71       0          112.86     118        118        0          0          0.5163     2.7249     7          30         37         46         55         64         108       
197        61000      61000      163.33     145.88     0.8932     107.47     0.62       0.61       0.71       0          112.57     118        118        0          0          0.5138     2.7257     7          30         37         46         55         64         109       
198        61000      61000      163.35     146.45     0.8966     107.15     0.62       0.61       0.70       1          112.29     118        118        0          0          0.5113     2.7023     7          31         38         46         55         64         110       
199        61000      61000      163.32     146.07     0.8944     106.67     0.61       0.60       0.70       1          111.99     118        118        0          0          0.5088     2.6995     7          31         38         46         56         65         109       
200        61000      61000      163.31     145.25     0.8894     106.31     0.61       0.60       0.70       0          111.70     118        118        0          0          0.5062     2.7212     7          31         38         47         56         65         108       
201        61000      61000      163.32     144.32     0.8837     105.67     0.60       0.59       0.70       0          111.39     118        118        0          0          0.5036     2.7163     7          31         38         47         56         66         108       
202        61000      61000      163.36     144.21     0.8827     105.01     0.59       0.58       0.70       0          111.08     118        118        0          0          0.5009     2.6951     7          31         38         47         57         66         110       
203        61000      61000      163.34     144.31     0.8835     104.41     0.59       0.58       0.69       0          110.76     118        118        0          0          0.4981     2.7177     7          31         39         48         57         66         110       
204        61000      61000      163.33     143.84     0.8807     103.95     0.59       0.57       0.69       0          110.45     118        118        0          0          0.4955     2.7159     7          32         39         48         57         67         110       
205        61000      61000      163.36     143.24     0.8769     103.43     0.58       0.57       0.69       0          110.13     118        118        0          0          0.4927     2.7184     8          32         39         48         58         67         110       
206        61000      61000      163.37     142.92     0.8748     102.86     0.57       0.56       0.69       0          109.80     118        118        0          0          0.4899     2.6993     8          32         40         49         58         68         110       
207        61000      61000      163.37     143.18     0.8765     102.30     0.57       0.55       0.69       0          109.48     118        118        0          0          0.4872     2.7070     8          32         40         49         59         68         111       
208        61000      61000      163.36     142.76     0.8739     101.93     0.56       0.55       0.68       0          109.15     118        118        0          0          0.4844     2.7205     8          32         40         49         59         69         111       
209        61000      61000      163.37     142.36     0.8714     101.43     0.56       0.54       0.68       0          108.82     118        118        0          0          0.4816     2.7292     8          33         40         50         59         69         110       
210        61000      61000      163.38     141.33     0.8650     100.90     0.55       0.54       0.68       0          108.47     118        118        0          0          0.4787     2.6615     8          33         41         50         60         70         111       
211        61000      61000      163.34     140.82     0.8621     100.25     0.55       0.53       0.68       0          108.11     117        117        0          0          0.4757     2.6960     8          33         41         50         60         70         113       
212        61000      61000      163.38     140.72     0.8613     99.54      0.54       0.52       0.68       1          107.76     117        117        0          0          0.4728     2.6902     8          33         41         51         60         70         114       
213        61000      61000      163.39     140.41     0.8593     99.02      0.54       0.52       0.67       0          107.42     117        117        0          0          0.4699     2.6888     9          34         42         51         61         71         115       
214        61000      61000      163.40     140.43     0.8594     98.42      0.53       0.51       0.67       0          107.06     117        117        0          0          0.4669     2.6754     9          34         42         51         61         71         115       
215        61000      61000      163.40     138.98     0.8506     97.93      0.52       0.51       0.67       0          106.72     117        117        0          0          0.4641     2.6821     9          34         42         52         62         72         116       
216        61000      61000      163.39     138.52     0.8478     97.30      0.51       0.50       0.67       0          106.34     117        117        0          0          0.4609     2.6673     9          34         42         52         62         72         116       
217        61000      61000      163.37     139.29     0.8526     96.78      0.51       0.49       0.67       1          105.99     117        117        0          0          0.4580     2.6661     10         35         43         52         63         73         116       
218        61000      61000      163.39     138.16     0.8456     96.23      0.50       0.49       0.66       0          105.63     117        117        0          0          0.4551     2.6662     10         35         43         53         63         73         116       
219        61000      61000      163.38     138.09     0.8452     95.70      0.50       0.48       0.66       0          105.27     117        117        0          0          0.4521     2.6578     11         35         43         53         63         74         118       
220        61000      61000      163.40     137.09     0.8390     95.25      0.50       0.48       0.66       0          104.90     117        117        0          0          0.4491     2.6383     11         35         44         53         64         74         117       
221        61000      61000      163.42     137.05     0.8386     94.64      0.49       0.47       0.66       0          104.53     117        117        0          0          0.4461     2.6438     11         36         44         54         64         74         119       
222        61000      61000      163.41     136.23     0.8337     94.01      0.48       0.47       0.65       0          104.16     117        117        0          0          0.4430     2.6363     11         36         44         54         65         75         119       
223        61000      61000      163.41     135.60     0.8298     93.31      0.47       0.46       0.65       0          103.76     117        117        0          0          0.4398     2.6653     11         36         45         55         65         75         121       
224        61000      61000      163.44     136.03     0.8323     92.85      0.47       0.46       0.65       0          103.37     116        116        0          0          0.4366     2.6393     11         36         45         55         66         76         122       
225        61000      61000      163.43     134.57     0.8234     92.11      0.46       0.45       0.65       0          102.99     116        116        0          0          0.4335     2.6416     11         37         45         55         66         76         122       
226        61000      61000      163.41     133.77     0.8186     91.56      0.46       0.44       0.64       0          102.58     116        116        0          0          0.4303     2.6272     11         37         46         56         66         77         123       
227        61000      61000      163.41     133.91     0.8195     91.03      0.45       0.44       0.64       0          102.18     116        116        0          0          0.4271     2.6352     11         37         46         56         67         78         123       
228        61000      61000      163.45     133.62     0.8175     90.47      0.45       0.43       0.64       0          101.80     116        116        0          0          0.4240     2.6109     11         37         46         56         67         78         123       
229        61000      61000      163.42     133.60     0.8175     89.99      0.44       0.43       0.64       0          101.41     116        116        0          0          0.4209     2.6082     11         38         46         57         68         79         125       
230        61000      61000      163.43     132.39     0.8101     89.49      0.44       0.42       0.63       0          101.02     116        116        0          0          0.4178     2.6037     11         38         47         57         68         79         125       
231        61000      61000      163.45     132.24     0.8090     88.87      0.44       0.42       0.63       0          100.63     116        116        0          0          0.4147     2.5787     11         38         47         58         69         80         126       
232        61000      61000      163.44     131.79     0.8064     88.36      0.43       0.41       0.63       1          100.22     116        116        0          0          0.4115     2.6059     11         38         48         58         69         80         126       
233        61000      61000      163.46     132.07     0.8080     87.84      0.42       0.41       0.63       0          99.82      114        114        0          0          0.4083     2.6114     11         39         48         58         69         81         127       
234        61000      61000      163.47     130.94     0.8010     87.37      0.42       0.40       0.62       1          99.42      112        112        0          0          0.4052     2.6059     11         39         48         59         70         81         128       
235        61000      61000      163.46     130.49     0.7983     86.76      0.41       0.40       0.62       0          99.02      111        111        0          0          0.4020     2.5833     12         39         48         59         70         82         130       
236        61000      61000      163.48     130.76     0.7999     86.25      0.41       0.39       0.62       0          98.61      111        111        0          0          0.3989     2.5767     12         40         49         60         71         82         132       
237        61000      61000      163.43     129.30     0.7912     85.74      0.40       0.39       0.62       0          98.21      111        111        0          0          0.3958     2.5946     13         40         49         60         71         83         132       
238        61000      61000      163.45     128.27     0.7848     85.17      0.40       0.38       0.61       0          97.79      111        111        0          0          0.3925     2.5671     12         40         50         60         72         83         133       
239        61000      61000      163.51     128.02     0.7830     84.43      0.39       0.38       0.61       0          97.35      110        110        0          0          0.3891     2.5751     12         40         50         61         72         84         135       
240        61000      61000      163.46     127.46     0.7798     83.85      0.38       0.37       0.61       0          96.94      109        109        0          0          0.3860     2.5943     12         41         50         61         73         84         137       
241        61000      61000      163.50     126.98     0.7767     83.29      0.38       0.36       0.61       0          96.52      109        109        0          0          0.3828     2.5883     12         41         51         62         73         85         138       
242        61000      61000      163.47     126.88     0.7762     82.76      0.37       0.36       0.60       0          96.11      109        109        0          0          0.3797     2.5657     12         41         51         62         74         85         140       
243        61000      61000      163.47     125.69     0.7689     82.30      0.37       0.36       0.60       0          95.69      109        109        0          0          0.3764     2.5327     12         42         51         63         74         86         140       
244        61000      61000      163.48     125.25     0.7661     81.66      0.36       0.35       0.60       0          95.27      109        109        0          0          0.3733     2.5436     12         42         52         63         75         86         142       
245        61000      61000      163.47     124.92     0.7642     81.06      0.36       0.34       0.60       0          94.84      109        109        0          0          0.3701     2.5521     12         42         52         64         75         87         143       
246        61000      61000      163.49     124.34     0.7606     80.50      0.36       0.34       0.59       0          94.43      108        108        0          0          0.3670     2.5347     11         43         52         64         76         87         143       
247        61000      61000      163.51     124.33     0.7604     80.03      0.35       0.34       0.59       1          94.00      107        107        0          0          0.3638     2.5665     11         43         53         64         76         88         142       
248        61000      61000      163.49     122.84     0.7513     79.58      0.34       0.33       0.59       0          93.57      107        107        0          0          0.3606     2.5295     11         43         53         65         77         88         143       
249        61000      61000      163.50     123.16     0.7532     79.00      0.34       0.33       0.59       0          93.17      107        107        0          0          0.3576     2.5446     10         43         54         65         77         89         145       
250        61000      61000      163.50     122.81     0.7511     78.53      0.33       0.33       0.58       0          92.75      105        105        0          0          0.3545     2.5292     10         44         54         66         78         89         145       
251        61000      61000      163.52     121.49     0.7430     77.90      0.33       0.32       0.58       0          92.33      104        104        0          0          0.3514     2.5381     10         44         54         66         78         90         144       
252        61000      61000      163.53     120.90     0.7393     77.34      0.33       0.31       0.58       0          91.90      104        104        0          0          0.3482     2.5275     10         44         55         67         79         90         143       
253        61000      61000      163.53     120.17     0.7349     76.81      0.32       0.31       0.58       0          91.49      103        103        0          0          0.3452     2.5127     11         45         55         67         79         91         146       
254        61000      61000      163.52     120.94     0.7396     76.34      0.32       0.31       0.57       0          91.08      103        103        0          0          0.3422     2.5059     11         45         56         67         79         91         147       
255        61000      61000      163.54     119.59     0.7313     75.92      0.31       0.30       0.57       0          90.66      101        101        0          0          0.3392     2.5227     11         45         56         68         80         92         149       
256        61000      61000      163.50     117.56     0.7190     75.32      0.31       0.30       0.57       0          90.23      101        101        0          0          0.3361     2.4971     11         46         56         68         80         92         148       
257        61000      61000      163.52     118.39     0.7240     74.66      0.31       0.29       0.56       0          89.81      101        101        0          0          0.3331     2.5157     11         46         57         69         81         93         149       
258        61000      61000      163.54     117.34     0.7175     74.16      0.31       0.29       0.56       0          89.38      100        100        0          0          0.3300     2.4840     12         46         57         69         81         93         151       
259        61000      61000      163.51     116.78     0.7142     73.78      0.30       0.28       0.56       0          88.96      98         98         0          0          0.3271     2.5156     12         47         58         69         82         93         153       
260        61000      61000      163.54     117.18     0.7165     73.30      0.29       0.28       0.56       0          88.54      96         96         0          0          0.3241     2.4860     12         47         58         70         82         94         155       
261        61000      61000      163.54     116.74     0.7138     72.86      0.29       0.28       0.55       0          88.14      95         95         0          0          0.3212     2.4830     13         47         58         70         83         95         157       
262        61000      61000      163.55     115.96     0.7090     72.38      0.29       0.28       0.55       0          87.73      95         95         0          0          0.3184     2.4754     13         48         59         71         83         95         157       
263        61000      61000      163.55     115.42     0.7057     71.93      0.29       0.27       0.55       0          87.31      95         95         0          0          0.3154     2.5051     13         48         59         71         84         96         158       
264        61000      61000      163.55     114.44     0.6997     71.56      0.28       0.27       0.55       0          86.89      95         95         0          0          0.3125     2.4741     13         49         60         72         84         96         160       
265        61000      61000      163.56     115.07     0.7035     71.04      0.28       0.26       0.54       0          86.49      95         95         0          0          0.3098     2.4847     13         49         60         72         85         96         161       
266        61000      61000      163.57     113.32     0.6928     70.50      0.27       0.26       0.54       0          86.09      95         95         0          0          0.3070     2.4835     13         49         60         73         85         97         159       
267        61000      61000      163.54     112.86     0.6901     70.10      0.27       0.26       0.54       0          85.68      95         95         0          0          0.3042     2.4507     13         50         61         73         86         97         159       
268        61000      61000      163.57     112.64     0.6886     69.54      0.27       0.25       0.54       0          85.27      95         95         0          0          0.3013     2.4476     13         50         61         73         86         98         161       
269        61000      61000      163.58     112.29     0.6865     69.16      0.26       0.25       0.53       0          84.86      95         95         0          0          0.2986     2.4224     13         50         61         74         86         98         161       
270        61000      61000      163.58     111.62     0.6824     68.71      0.27       0.25       0.53       0          84.46      94         94         0          0          0.2958     2.4451     13         50         62         74         87         99         161       
271        61000      61000      163.56     110.37     0.6748     68.33      0.26       0.24       0.53       0          84.07      94         94         0          0          0.2932     2.4363     13         51         62         75         87         99         161       
272        61000      61000      163.57     109.49     0.6693     67.85      0.26       0.24       0.53       0          83.68      94         94         0          0          0.2906     2.4202     13         51         62         75         88         100        162       
273        61000      61000      163.57     110.13     0.6733     67.44      0.25       0.24       0.52       0          83.27      94         94         0          0          0.2879     2.4661     13         51         63         75         88         100        164       
274        61000      61000      163.57     109.75     0.6710     67.09      0.24       0.24       0.52       0          82.88      94         94         0          0          0.2852     2.4484     13         52         63         76         89         101        167       
275        61000      61000      163.57     109.54     0.6697     66.70      0.24       0.23       0.52       0          82.50      94         94         0          0          0.2827     2.4180     13         52         64         76         89         101        167       
276        61000      61000      163.59     108.43     0.6628     66.17      0.25       0.23       0.52       0          82.09      94         94         0          0          0.2800     2.4130     13         52         64         77         90         101        167       
277        61000      61000      163.59     108.78     0.6650     65.88      0.24       0.23       0.51       0          81.72      93         93         0          0          0.2776     2.4184     13         53         64         77         90         102        167       
278        61000      61000      163.58     107.53     0.6574     65.56      0.24       0.23       0.51       0          81.33      93         93         0          0          0.2751     2.4165     13         53         65         77         90         102        167       
279        61000      61000      163.61     108.59     0.6637     65.14      0.24       0.22       0.51       0          80.96      93         93         0          0          0.2726     2.4183     13         53         65         78         91         103        169       
280        61000      61000      163.57     107.50     0.6572     64.89      0.23       0.22       0.51       0          80.59      92         92         0          0          0.2703     2.4218     13         54         65         78         91         103        170       
281        61000      61000      163.58     106.77     0.6527     64.45      0.23       0.22       0.50       0          80.22      92         92         0          0          0.2679     2.4025     13         54         66         79         92         103        171       
282        61000      61000      163.58     106.14     0.6488     64.03      0.23       0.22       0.50       0          79.85      90         90         0          0          0.2655     2.3974     13         54         66         79         92         104        171       
283        61000      61000      163.61     105.88     0.6471     63.78      0.23       0.22       0.50       0          79.49      90         90         0          0          0.2632     2.4123     15         55         67         79         92         104        172       
284        61000      61000      163.62     105.66     0.6457     63.34      0.22       0.21       0.50       0          79.13      90         90         0          0          0.2609     2.4052     15         55         67         80         93         105        172       
285        61000      61000      163.61     104.68     0.6398     62.95      0.22       0.21       0.49       0          78.78      89         89         0          0          0.2587     2.3968     15         55         67         80         93         105        172       
286        61000      61000      163.61     105.18     0.6429     62.65      0.22       0.21       0.49       0          78.43      88         88         0          0          0.2565     2.3927     16         56         68         80         93         105        172       
287        61000      61000      163.59     104.02     0.6359     62.33      0.22       0.21       0.49       0          78.07      86         86         0          0          0.2543     2.3959     16         56         68         81         94         106        171       
288        61000      61000      163.60     103.83     0.6347     62.08      0.22       0.21       0.49       0          77.73      86         86         0          0          0.2521     2.3782     16         56         68         81         94         106        169       
289        61000      61000      163.62     102.69     0.6276     61.65      0.22       0.20       0.49       0          77.38      84         84         0          0          0.2500     2.3810     16         56         69         81         95         107        169       
290        61000      61000      163.62     102.84     0.6285     61.26      0.21       0.20       0.48       0          77.04      84         84         0          0          0.2479     2.3848     16         57         69         82         95         107        171       
291        61000      61000      163.62     101.96     0.6232     60.96      0.21       0.20       0.48       1          76.70      84         84         0          0          0.2458     2.3859     16         57         69         82         95         107        172       
292        61000      61000      163.62     101.90     0.6228     60.62      0.21       0.20       0.48       0          76.37      84         84         0          0          0.2437     2.3712     16         58         70         82         96         108        172       
293        61000      61000      163.64     102.25     0.6248     60.31      0.21       0.19       0.48       0          76.05      84         84         0          0          0.2418     2.3537     16         58         70         83         96         108        172       
294        61000      61000      163.60     100.50     0.6143     60.00      0.20       0.19       0.48       0          75.71      84         84         0          0          0.2397     2.3613     16         58         70         83         96         108        173       
295        61000      61000      163.64     101.34     0.6193     59.57      0.21       0.19       0.47       0          75.38      83         83         0          0          0.2377     2.3637     16         58         71         83         97         109        174       
296        61000      61000      163.62     101.18     0.6184     59.25      0.20       0.19       0.47       0          75.06      83         83         0          0          0.2358     2.3611     17         59         71         84         97         109        174       
297        61000      61000      163.66     100.54     0.6143     59.05      0.20       0.19       0.47       0          74.75      82         82         0          0          0.2339     2.3588     17         59         71         84         97         109        175       
298        61000      61000      163.64     99.42      0.6076     58.83      0.20       0.19       0.47       0          74.43      82         82         0          0          0.2320     2.3681     17         59         72         84         98         110        176       
299        61000      61000      163.65     98.90      0.6043     58.48      0.20       0.19       0.47       0          74.13      82         82         0          0          0.2302     2.3516     18         60         72         85         98         110        176       
300        61000      61000      163.61     98.52      0.6021     58.16      0.19       0.18       0.46       0          73.81      81         81         0          0          0.2283     2.3449     18         60         72         85         99         110        175       
301        61000      61000      163.64     98.47      0.6017     57.81      0.19       0.18       0.46       0          73.50      80         80         0          0          0.2265     2.3486     17         60         73         85         99         110        175       
302        61000      61000      163.62     97.56      0.5962     57.61      0.19       0.18       0.46       0          73.18      79         79         0          0          0.2246     2.3412     18         60         73         86         99         111        176       
303        61000      61000      163.63     97.09      0.5933     57.16      0.19       0.18       0.46       0          72.87      79         79         0          0          0.2228     2.3374     18         61         73         86         99         111        175       
304        61000      61000      163.63     97.82      0.5979     56.90      0.19       0.18       0.46       0          72.59      77         77         0          0          0.2211     2.3364     18         61         74         87         100        111        175       
305        61000      61000      163.66     96.94      0.5923     56.69      0.19       0.18       0.45       0          72.29      77         77         0          0          0.2194     2.3351     18         62         74         87         100        112        175       
306        61000      61000      163.64     96.30      0.5885     56.53      0.18       0.18       0.45       0          72.00      77         77         0          0          0.2177     2.3401     18         62         74         87         100        112        175       
307        61000      61000      163.64     96.18      0.5877     56.28      0.19       0.17       0.45       0          71.70      77         77         0          0          0.2160     2.3250     18         62         75         88         100        112        173       
308        61000      61000      163.62     95.57      0.5841     55.85      0.18       0.17       0.45       0          71.41      77         77         0          0          0.2144     2.3265     18         63         75         88         101        112        172       
309        61000      61000      163.62     95.39      0.5830     55.67      0.18       0.17       0.45       0          71.13      77         77         0          0          0.2127     2.3283     18         63         75         88         101        113        172       
310        61000      61000      163.68     94.96      0.5802     55.39      0.18       0.17       0.44       0          70.84      77         77         0          0          0.2111     2.3016     18         63         75         88         101        113        172       
311        61000      61000      163.66     93.83      0.5733     55.18      0.18       0.17       0.44       0          70.56      77         77         0          0          0.2095     2.3136     18         63         76         89         102        113        173       
312        61000      61000      163.65     94.03      0.5746     54.81      0.18       0.17       0.44       0          70.28      77         77         0          0          0.2079     2.3065     18         64         76         89         102        113        173       
313        61000      61000      163.66     93.85      0.5735     54.51      0.17       0.16       0.44       0          70.01      77         77         0          0          0.2064     2.3188     19         64         76         89         102        113        175       
314        61000      61000      163.67     93.74      0.5727     54.33      0.17       0.16       0.44       0          69.75      77         77         0          0          0.2050     2.3054     18         64         76         90         102        114        175       
315        61000      61000      163.68     93.36      0.5704     54.04      0.17       0.16       0.44       0          69.49      76         76         0          0          0.2035     2.2982     18         65         77         90         103        114        176       
316        61000      61000      163.70     94.14      0.5751     53.89      0.17       0.16       0.43       0          69.22      76         76         0          0          0.2020     2.3114     19         65         77         90         103        115        177       
317        61000      61000      163.66     92.54      0.5655     53.66      0.17       0.16       0.43       0          68.96      73         73         0          0          0.2005     2.2990     19         65         77         90         103        115        176       
318        61000      61000      163.67     92.55      0.5655     53.42      0.17       0.16       0.43       0          68.71      73         73         0          0          0.1992     2.3119     19         66         77         91         104        115        176       
319        61000      61000      163.65     92.27      0.5638     53.22      0.17       0.16       0.43       0          68.46      72         72         0          0          0.1978     2.3033     19         66         78         91         104        115        177       
320        61000      61000      163.67     91.53      0.5592     53.07      0.17       0.16       0.43       0          68.22      72         72         0          0          0.1965     2.2971     19         66         78         91         104        115        177       
321        61000      61000      163.66     91.89      0.5615     52.81      0.17       0.16       0.43       0          67.97      72         72         0          0          0.1951     2.2940     20         66         78         91         104        115        177       
322        61000      61000      163.66     91.93      0.5617     52.63      0.17       0.16       0.43       0          67.73      71         71         0          0          0.1938     2.2901     20         67         79         92         105        116        177       
323        61000      61000      163.67     90.69      0.5541     52.39      0.16       0.16       0.42       0          67.48      71         71         0          0          0.1924     2.2950     20         67         79         92         105        116        175       
324        61000      61000      163.65     90.61      0.5537     52.22      0.17       0.15       0.42       0          67.25      71         71         0          0          0.1912     2.2868     20         67         79         92         105        116        174       
325        61000      61000      163.67     90.45      0.5526     51.96      0.16       0.15       0.42       0          67.02      70         70         0          0          0.1900     2.2854     20         68         79         93         105        116        175       
326        61000      61000      163.70     90.09      0.5503     51.78      0.16       0.15       0.42       0          66.77      69         69         0          0          0.1887     2.2871     21         68         79         93         105        117        175       
327        61000      61000      163.69     90.29      0.5516     51.48      0.16       0.15       0.42       0          66.53      69         69         0          0          0.1874     2.2837     22         68         80         93         105        117        176       
328        61000      61000      163.68     89.99      0.5498     51.31      0.16       0.15       0.42       0          66.29      69         69         0          0          0.1861     2.2834     22         68         80         93         106        117        175       
329        61000      61000      163.67     90.48      0.5528     51.06      0.16       0.15       0.41       0          66.08      69         69         0          0          0.1850     2.2887     22         69         81         94         106        117        174       
330        61000      61000      163.67     90.00      0.5499     51.05      0.16       0.15       0.41       0          65.85      69         69         0          0          0.1838     2.2787     22         69         81         94         106        117        173       
331        61000      61000      163.64     88.78      0.5425     50.73      0.16       0.15       0.41       0          65.63      69         69         0          0          0.1826     2.2716     21         69         81         94         106        117        172       
332        61000      61000      163.68     89.06      0.5441     50.54      0.16       0.15       0.41       0          65.41      68         68         0          0          0.1815     2.2777     21         69         81         94         107        117        172       
333        61000      61000      163.66     88.61      0.5414     50.43      0.16       0.15       0.41       0          65.21      67         67         0          0          0.1804     2.2658     22         70         81         95         107        117        170       
334        61000      61000      163.70     88.49      0.5405     50.26      0.16       0.15       0.41       0          65.00      67         67         0          0          0.1793     2.2592     22         70         82         95         107        118        170       
335        61000      61000      163.70     87.55      0.5348     50.05      0.15       0.14       0.41       0          64.79      67         67         0          0          0.1783     2.2736     21         70         82         95         107        118        169       
336        61000      61000      163.68     87.83      0.5366     49.94      0.15       0.14       0.41       0          64.59      67         67         0          0          0.1772     2.2826     21         70         82         95         107        118        171       
337        61000      61000      163.68     87.69      0.5358     49.68      0.15       0.14       0.40       0          64.39      67         67         0          0          0.1762     2.2653     22         70         82         95         108        118        170       
338        61000      61000      163.72     87.14      0.5322     49.51      0.15       0.14       0.40       0          64.18      67         67         0          0          0.1751     2.2661     22         71         83         95         108        118        170       
339        61000      61000      163.68     86.57      0.5289     49.31      0.15       0.14       0.40       0          63.99      67         67         0          0          0.1741     2.2743     22         71         83         96         108        118        170       
340        61000      61000      163.68     86.99      0.5315     49.18      0.15       0.14       0.40       0          63.80      67         67         0          0          0.1732     2.2556     21         71         83         96         108        118        169       
341        61000      61000      163.69     86.63      0.5292     49.04      0.15       0.14       0.40       0          63.62      66         66         0          0          0.1722     2.2566     21         72         83         96         108        118        169       
342        61000      61000      163.68     86.56      0.5289     48.86      0.15       0.14       0.40       0          63.42      66         66         0          0          0.1713     2.2761     21         72         83         96         108        119        168       
343        61000      61000      163.70     86.82      0.5304     48.66      0.15       0.14       0.40       0          63.24      66         66         0          0          0.1703     2.2559     21         72         84         96         108        119        168       
344        61000      61000      163.70     85.80      0.5241     48.51      0.15       0.14       0.40       0          63.05      66         66         0          0          0.1694     2.2581     22         72         84         96         109        119        168       
345        61000      61000      163.68     86.15      0.5264     48.42      0.15       0.14       0.39       0          62.86      66         66         0          0          0.1684     2.2587     22         73         84         97         109        119        169       
346        61000      61000      163.72     84.99      0.5191     48.28      0.14       0.14       0.39       0          62.67      66         66         0          0          0.1675     2.2557     22         73         85         97         109        119        168       
347        61000      61000      163.69     84.60      0.5168     48.12      0.15       0.14       0.39       0          62.50      66         66         0          0          0.1666     2.2623     22         73         85         97         109        119        168       
348        61000      61000      163.69     84.47      0.5160     47.85      0.14       0.13       0.39       0          62.32      66         66         0          0          0.1658     2.2467     22         73         85         97         109        119        168       
349        61000      61000      163.70     84.62      0.5169     47.75      0.15       0.13       0.39       0          62.15      66         66         0          0          0.1649     2.2521     22         74         85         97         109        120        170       
350        61000      61000      163.70     84.72      0.5175     47.62      0.15       0.13       0.39       0          61.98      65         65         0          0          0.1641     2.2429     22         74         85         98         110        120        170       
351        61000      61000      163.70     85.25      0.5208     47.48      0.14       0.13       0.39       0          61.80      65         65         0          0          0.1632     2.2490     22         74         85         98         110        120        170       
352        61000      61000      163.70     84.43      0.5158     47.31      0.14       0.13       0.39       0          61.64      65         65         0          0          0.1624     2.2398     22         74         86         98         110        120        170       
353        61000      61000      163.70     84.09      0.5137     47.26      0.14       0.13       0.39       0          61.47      65         65         0          0          0.1615     2.2497     21         75         86         98         110        120        168       
354        61000      61000      163.73     83.64      0.5109     47.04      0.14       0.13       0.38       0          61.31      65         65         0          0          0.1607     2.2483     21         75         86         98         110        120        168       
355        61000      61000      163.70     83.70      0.5113     47.03      0.14       0.13       0.38       0          61.14      64         64         0          0          0.1600     2.2461     21         75         86         99         110        120        169       
356        61000      61000      163.70     82.23      0.5023     46.76      0.14       0.13       0.38       0          60.99      64         64         0          0          0.1592     2.2537     21         75         87         99         110        120        169       
357        61000      61000      163.72     83.63      0.5108     46.67      0.14       0.13       0.38       0          60.82      64         64         0          0          0.1584     2.2442     21         76         87         99         110        121        168       
358        61000      61000      163.72     83.18      0.5081     46.53      0.14       0.13       0.38       0          60.66      64         64         0          0          0.1576     2.2418     22         76         87         99         111        121        168       
359        61000      61000      163.73     82.91      0.5064     46.37      0.14       0.13       0.38       0          60.50      63         63         0          0          0.1569     2.2369     22         76         87         99         111        121        168       
360        61000      61000      163.72     83.51      0.5101     46.25      0.14       0.13       0.38       0          60.35      63         63         0          0          0.1561     2.2370     22         76         87         99         111        121        168       
361        61000      61000      163.70     82.95      0.5068     46.26      0.14       0.13       0.38       0          60.21      63         63         0          0          0.1555     2.2382     22         76         87         99         111        121        168       
362        61000      61000      163.71     81.07      0.4952     45.96      0.14       0.13       0.38       0          60.06      63         63         0          0          0.1547     2.2350     22         76         88         100        111        121        167       
363        61000      61000      163.71     82.26      0.5025     45.90      0.13       0.13       0.38       0          59.91      62         62         0          0          0.1540     2.2296     22         77         88         100        111        121        167       
364        61000      61000      163.73     82.11      0.5015     45.85      0.14       0.13       0.37       0          59.77      62         62         0          0          0.1533     2.2355     22         77         88         100        111        121        167       
365        61000      61000      163.72     81.87      0.5001     45.72      0.14       0.13       0.37       0          59.62      62         62         0          0          0.1527     2.2320     21         77         88         100        111        121        167       
366        61000      61000      163.71     82.54      0.5042     45.67      0.14       0.13       0.37       0          59.47      62         62         0          0          0.1520     2.2260     21         77         89         100        111        121        167       
367        61000      61000      163.71     81.44      0.4974     45.50      0.14       0.13       0.37       0          59.33      62         62         0          0          0.1513     2.2274     23         77         89         100        111        121        168       
368        61000      61000      163.73     81.12      0.4955     45.40      0.14       0.13       0.37       0          59.20      62         62         0          0          0.1507     2.2307     23         78         89         101        112        121        167       
369        61000      61000      163.72     81.07      0.4952     45.27      0.14       0.13       0.37       0          59.06      62         62         0          0          0.1500     2.2274     23         78         89         101        112        122        168       
370        61000      61000      163.71     80.42      0.4912     45.05      0.14       0.13       0.37       0          58.93      62         62         0          0          0.1494     2.2299     23         78         89         101        112        122        167       
371        61000      61000      163.71     81.84      0.4999     44.93      0.13       0.12       0.37       0          58.81      62         62         0          0          0.1488     2.2226     23         78         89         101        112        122        167       
372        61000      61000      163.72     80.19      0.4898     44.88      0.13       0.12       0.37       0          58.68      62         62         0          0          0.1482     2.2267     23         78         89         101        112        122        167       
373        61000      61000      163.71     79.76      0.4872     44.77      0.13       0.12       0.37       0          58.55      62         62         0          0          0.1476     2.2210     23         79         90         101        112        122        166       
374        61000      61000      163.70     80.12      0.4894     44.67      0.13       0.12       0.37       0          58.42      62         62         0          0          0.1470     2.2214     24         79         90         101        112        122        166       
375        61000      61000      163.71     79.01      0.4826     44.50      0.13       0.12       0.37       0          58.29      62         62         0          0          0.1464     2.2186     24         79         90         101        113        122        166       
376        61000      61000      163.72     80.09      0.4892     44.40      0.14       0.12       0.36       0          58.17      62         62         0          0          0.1458     2.2203     24         79         90         102        113        122        166       
377        61000      61000      163.72     79.60      0.4862     44.31      0.13       0.12       0.36       0          58.05      62         62         0          0          0.1453     2.2237     24         79         90         102        113        122        165       
378        61000      61000      163.71     78.54      0.4797     44.24      0.13       0.12       0.36       0          57.93      62         62         0          0          0.1448     2.2146     24         79         90         102        113        122        165       
379        61000      61000      163.75     80.00      0.4886     44.05      0.13       0.12       0.36       0          57.82      62         62         0          0          0.1442     2.2131     24         79         90         102        113        123        164       
380        61000      61000      163.73     79.60      0.4862     44.02      0.13       0.12       0.36       0          57.70      62         62         0          0          0.1437     2.2199     25         79         91         102        113        123        164       
381        61000      61000      163.72     77.71      0.4746     43.96      0.13       0.12       0.36       0          57.58      62         62         0          0          0.1431     2.2165     26         80         91         102        113        123        164       
382        61000      61000      163.74     80.27      0.4903     43.79      0.13       0.12       0.36       0          57.47      62         62         0          0          0.1426     2.2191     26         80         91         102        113        123        163       
383        61000      61000      163.74     79.27      0.4841     43.74      0.13       0.12       0.36       0          57.35      62         62         0          0          0.1421     2.2139     27         80         91         102        113        123        163       
384        61000      61000      163.72     78.86      0.4817     43.70      0.13       0.12       0.36       0          57.24      61         61         0          0          0.1416     2.2123     27         80         91         103        113        123        163       
385        61000      61000      163.72     78.32      0.4784     43.59      0.13       0.12       0.36       0          57.13      61         61         0          0          0.1411     2.2105     27         80         91         103        113        123        163       
386        61000      61000      163.75     79.24      0.4839     43.47      0.13       0.12       0.36       0          57.02      61         61         0          0          0.1406     2.2053     27         80         91         103        113        123        163       
387        61000      61000      163.75     78.08      0.4768     43.52      0.13       0.12       0.36       0          56.91      61         61         0          0          0.1401     2.2102     27         81         92         103        113        123        162       
388        61000      61000      163.73     77.65      0.4743     43.31      0.13       0.12       0.36       0          56.80      61         61         0          0          0.1396     2.2117     27         81         92         103        114        123        162       
389        61000      61000      163.76     77.86      0.4754     43.23      0.12       0.12       0.35       0          56.70      61         61         0          0          0.1392     2.2083     27         81         92         103        114        123        162       
390        61000      61000      163.73     77.59      0.4739     43.17      0.12       0.12       0.35       0          56.60      61         61         0          0          0.1387     2.2096     28         81         92         103        114        123        162       
391        61000      61000      163.73     76.71      0.4685     43.03      0.13       0.12       0.35       0          56.50      61         61         0          0          0.1383     2.2057     28         81         92         103        114        123        162       
392        61000      61000      163.74     76.75      0.4687     42.95      0.13       0.12       0.35       0          56.40      60         60         0          0          0.1378     2.2106     28         81         92         103        114        123        162       
393        61000      61000      163.72     77.64      0.4742     42.89      0.12       0.12       0.35       0          56.29      60         60         0          0          0.1373     2.2024     29         82         93         104        114        123        162       
394        61000      61000      163.75     77.01      0.4703     42.87      0.12       0.12       0.35       0          56.20      60         60         0          0          0.1369     2.2122     29         82         93         104        114        123        162       
395        61000      61000      163.72     77.42      0.4729     42.78      0.12       0.12       0.35       0          56.10      60         60         0          0          0.1365     2.2001     29         82         93         104        114        123        162       
396        61000      61000      163.73     76.96      0.4700     42.80      0.13       0.12       0.35       0          56.01      60         60         0          0          0.1361     2.2000     29         82         93         104        114        123        162       
397        61000      61000      163.73     76.07      0.4646     42.63      0.13       0.12       0.35       0          55.92      59         59         0          0          0.1357     2.1991     29         82         93         104        114        123        163       
398        61000      61000      163.74     76.68      0.4683     42.44      0.13       0.11       0.35       0          55.82      59         59         0          0          0.1352     2.2018     29         82         93         104        114        123        163       
399        61000      61000      163.75     76.22      0.4655     42.45      0.12       0.12       0.35       0          55.73      59         59         0          0          0.1348     2.2040     29         83         93         104        114        123        162       
400        61000      61000      163.76     76.83      0.4692     42.35      0.12       0.12       0.35       0          55.64      59         59         0          0          0.1344     2.2012     29         83         93         104        114        124        162       
401        61000      61000      163.74     76.99      0.4702     42.30      0.12       0.12       0.35       0          55.55      59         59         0          0          0.1340     2.2009     29         83         94         104        114        124        162       
402        61000      61000      163.74     77.10      0.4709     42.32      0.12       0.12       0.35       0          55.46      59         59         0          0          0.1336     2.1981     29         83         94         104        114        124        162       
403        61000      61000      163.76     76.56      0.4675     42.21      0.12       0.12       0.35       0          55.37      58         58         0          0          0.1333     2.1954     29         83         94         104        115        124        162       
404        61000      61000      163.73     76.58      0.4677     42.24      0.12       0.12       0.35       0          55.29      57         57         0          0          0.1329     2.2005     31         83         94         104        115        124        162       
405        61000      61000      163.72     76.79      0.4690     42.18      0.13       0.12       0.35       0          55.21      57         57         0          0          0.1326     2.1992     31         83         94         104        115        124        161       
406        61000      61000      163.74     76.20      0.4654     42.13      0.12       0.12       0.35       0          55.12      57         57         0          0          0.1322     2.1993     31         84         94         104        115        124        161       
407        61000      61000      163.74     74.22      0.4533     41.99      0.12       0.12       0.35       0          55.03      57         57         0          0          0.1318     2.1998     31         84         94         105        115        124        161       
408        61000      61000      163.73     75.42      0.4606     41.95      0.12       0.11       0.34       0          54.95      57         57         0          0          0.1314     2.2001     31         84         94         105        115        124        161       
409        61000      61000      163.73     75.42      0.4606     41.82      0.12       0.11       0.34       0          54.86      57         57         0          0          0.1311     2.2010     31         84         94         105        115        124        161       
410        61000      61000      163.75     75.86      0.4633     41.72      0.12       0.11       0.34       0          54.78      57         57         0          0          0.1307     2.2005     31         84         95         105        115        124        161       
411        61000      61000      163.71     75.30      0.4599     41.67      0.12       0.11       0.34       0          54.70      57         57         0          0          0.1303     2.1997     31         84         95         105        115        124        161       
412        61000      61000      163.73     75.55      0.4614     41.62      0.13       0.11       0.34       0          54.62      57         57         0          0          0.1300     2.1954     31         84         95         105        115        124        161       
413        61000      61000      163.73     74.90      0.4575     41.59      0.12       0.11       0.34       0          54.54      56         56         0          0          0.1297     2.1924     31         84         95         105        115        124        161       
414        61000      61000      163.74     75.22      0.4594     41.51      0.12       0.11       0.34       0          54.47      56         56         0          0          0.1293     2.1895     31         85         95         105        115        124        161       
415        61000      61000      163.74     76.25      0.4657     41.53      0.12       0.11       0.34       0          54.39      56         56         0          0          0.1290     2.2020     31         85         95         105        115        124        162       
416        61000      61000      163.75     74.96      0.4578     41.44      0.12       0.11       0.34       0          54.32      56         56         0          0          0.1287     2.1940     31         85         95         105        115        124        162       
417        61000      61000      163.74     74.94      0.4577     41.43      0.12       0.11       0.34       0          54.25      55         55         0          0          0.1284     2.1883     31         85         95         105        115        124        162       
418        61000      61000      163.75     74.51      0.4550     41.39      0.12       0.11       0.34       0          54.18      55         55         0          0          0.1281     2.1934     31         85         95         105        115        124        163       
419        61000      61000      163.73     74.31      0.4538     41.31      0.12       0.11       0.34       0          54.10      55         55         0          0          0.1278     2.1913     31         85         95         105        115        124        163       
420        61000      61000      163.74     74.52      0.4551     41.29      0.13       0.11       0.34       0          54.04      55         55         0          0          0.1275     2.1904     31         85         96         105        116        124        163       
421        61000      61000      163.73     74.83      0.4570     41.10      0.12       0.11       0.34       0          53.97      55         55         0          0          0.1272     2.1888     32         85         96         106        116        124        163       
422        61000      61000      163.73     74.75      0.4566     40.97      0.12       0.11       0.34       0          53.90      55         55         0          0          0.1269     2.1843     32         85         96         106        116        124        163       
423        61000      61000      163.73     74.21      0.4533     41.05      0.12       0.11       0.34       0          53.84      54         54         0          0          0.1266     2.1907     32         86         96         106        116        124        163       
424        61000      61000      163.75     75.13      0.4588     41.05      0.12       0.11       0.34       0          53.77      54         54         0          0          0.1263     2.1873     33         86         96         106        116        124        163       
425        61000      61000      163.75     75.02      0.4581     40.99      0.12       0.11       0.34       0          53.70      54         54         0          0          0.1260     2.1927     32         86         96         106        116        124        164       
426        61000      61000      163.75     73.63      0.4497     40.95      0.12       0.11       0.34       0          53.63      54         54         0          0          0.1258     2.1849     32         86         96         106        116        124        164       
427        61000      61000      163.76     74.67      0.4560     40.86      0.12       0.11       0.34       0          53.57      54         54         0          0          0.1255     2.1889     32         86         96         106        116        124        164       
428        61000      61000      163.74     74.08      0.4524     40.87      0.12       0.11       0.33       0          53.51      54         54         0          0          0.1252     2.1839     32         86         96         106        116        124        163       
429        61000      61000      163.73     74.51      0.4551     40.87      0.12       0.11       0.33       0          53.44      54         54         0          0          0.1250     2.1805     32         86         96         106        116        124        163       
430        61000      61000      163.77     74.22      0.4532     40.82      0.12       0.11       0.33       0          53.38      54         54         0          0          0.1247     2.1851     32         86         96         106        116        124        163       
431        61000      61000      163.74     73.84      0.4510     40.77      0.12       0.11       0.33       0          53.32      54         54         0          0          0.1245     2.1874     32         87         96         106        116        124        163       
432        61000      61000      163.75     74.41      0.4544     40.69      0.12       0.11       0.33       0          53.26      54         54         0          0          0.1242     2.1867     33         87         96         106        116        124        163       
433        61000      61000      163.75     74.41      0.4544     40.62      0.12       0.11       0.33       0          53.21      54         54         0          0          0.1240     2.1834     33         87         96         106        116        124        163       
434        61000      61000      163.74     74.03      0.4521     40.58      0.12       0.11       0.33       0          53.15      54         54         0          0          0.1237     2.1874     33         87         97         106        116        124        163       
435        61000      61000      163.74     73.81      0.4508     40.57      0.12       0.11       0.33       0          53.09      54         54         0          0          0.1235     2.1825     33         87         97         106        116        124        163       
436        61000      61000      163.72     73.34      0.4479     40.50      0.12       0.11       0.33       0          53.04      54         54         0          0          0.1233     2.1784     33         87         97         107        116        124        163       
437        61000      61000      163.76     73.64      0.4497     40.49      0.12       0.11       0.33       0          52.98      54         54         0          0          0.1230     2.1899     33         87         97         107        116        124        163       
438        61000      61000      163.73     74.83      0.4570     40.51      0.12       0.11       0.33       0          52.92      54         54         0          0          0.1228     2.1805     33         88         97         107        116        124        163       
439        61000      61000      163.74     73.13      0.4466     40.46      0.12       0.11       0.33       0          52.87      54         54         0          0          0.1226     2.1829     33         88         97         107        116        124        163       
440        61000      61000      163.75     74.18      0.4530     40.45      0.12       0.11       0.33       0          52.81      54         54         0          0          0.1223     2.1853     33         88         97         107        116        124        164       
441        61000      61000      163.76     73.33      0.4478     40.44      0.12       0.11       0.33       0          52.76      54         54         0          0          0.1221     2.1840     33         88         97         107        116        125        164       
442        61000      61000      163.75     73.84      0.4509     40.38      0.12       0.11       0.33       0          52.70      54         54         0          0          0.1219     2.1850     33         88         97         107        116        125        164       
443        61000      61000      163.73     74.42      0.4545     40.29      0.12       0.11       0.33       0          52.65      54         54         0          0          0.1217     2.1827     33         88         97         107        116        125        164       
444        61000      61000      163.74     74.42      0.4545     40.26      0.12       0.11       0.33       0          52.59      54         54         0          0          0.1214     2.1855     33         88         97         107        116        125        164       
445        61000      61000      163.74     72.87      0.4451     40.27      0.12       0.11       0.33       0          52.54      54         54         0          0          0.1212     2.1852     33         88         97         107        116        124        164       
446        61000      61000      163.77     73.57      0.4492     40.15      0.12       0.11       0.33       0          52.49      54         54         0          0          0.1210     2.1817     33         88         97         107        116        125        164       
447        61000      61000      163.74     73.88      0.4512     40.17      0.12       0.11       0.33       0          52.44      54         54         0          0          0.1208     2.1754     33         88         97         107        117        125        164       
448        61000      61000      163.74     73.60      0.4495     40.12      0.12       0.11       0.33       0          52.39      54         54         0          0          0.1206     2.1744     33         89         98         107        117        125        164       
449        61000      61000      163.75     73.15      0.4467     40.11      0.12       0.11       0.33       0          52.34      54         54         0          0          0.1204     2.1771     33         89         98         107        117        125        164       
450        61000      61000      163.74     73.66      0.4499     40.03      0.12       0.11       0.33       0          52.29      54         54         0          0          0.1202     2.1790     33         89         98         107        117        125        164       
451        61000      61000      163.76     73.15      0.4467     40.09      0.12       0.11       0.33       0          52.24      54         54         0          0          0.1200     2.1779     33         89         98         107        117        125        164       
452        61000      61000      163.76     72.88      0.4450     40.06      0.13       0.11       0.33       0          52.20      54         54         0          0          0.1198     2.1755     33         89         98         107        117        125        164       
453        61000      61000      163.75     73.45      0.4486     39.92      0.12       0.11       0.33       0          52.15      54         54         0          0          0.1196     2.1732     33         89         98         107        117        125        164       
454        61000      61000      163.74     73.01      0.4459     39.87      0.12       0.11       0.33       0          52.10      54         54         0          0          0.1194     2.1800     33         89         98         108        117        125        164       
455        61000      61000      163.74     72.31      0.4416     39.92      0.12       0.11       0.33       0          52.06      54         54         0          0          0.1192     2.1768     34         89         98         107        117        125        163       
456        61000      61000      163.74     73.26      0.4474     39.88      0.12       0.11       0.32       0          52.01      54         54         0          0          0.1190     2.1808     34         89         98         107        117        125        162       
457        61000      61000      163.77     73.27      0.4474     39.83      0.12       0.11       0.32       0          51.97      54         54         0          0          0.1189     2.1832     34         89         98         108        117        125        162       
458        61000      61000      163.75     73.21      0.4471     39.85      0.12       0.11       0.32       0          51.92      54         54         0          0          0.1187     2.1846     34         90         98         108        117        125        162       
459        61000      61000      163.77     72.78      0.4444     39.84      0.12       0.11       0.33       0          51.88      54         54         0          0          0.1185     2.1776     34         90         98         108        117        125        162       
460        61000      61000      163.75     73.06      0.4462     39.75      0.12       0.11       0.32       0          51.84      54         54         0          0          0.1183     2.1793     34         90         98         108        117        125        162       
461        61000      61000      163.76     72.63      0.4435     39.75      0.12       0.11       0.32       0          51.80      54         54         0          0          0.1182     2.1794     34         90         98         108        117        125        162       
462        61000      61000      163.74     72.44      0.4424     39.71      0.12       0.11       0.32       0          51.76      54         54         0          0          0.1180     2.1718     34         90         98         108        117        125        162       
463        61000      61000      163.73     73.05      0.4461     39.74      0.12       0.11       0.32       0          51.72      54         54         0          0          0.1178     2.1709     34         90         98         108        117        125        162       
464        61000      61000      163.74     72.69      0.4440     39.73      0.12       0.11       0.32       0          51.68      54         54         0          0          0.1177     2.1654     34         90         98         108        117        125        162       
465        61000      61000      163.77     73.34      0.4478     39.66      0.12       0.11       0.32       0          51.64      54         54         0          0          0.1175     2.1795     35         90         99         108        117        125        162       
466        61000      61000      163.76     71.80      0.4385     39.59      0.12       0.11       0.32       0          51.60      54         54         0          0          0.1173     2.1733     35         90         99         108        117        125        162       
467        61000      61000      163.76     72.86      0.4449     39.48      0.12       0.11       0.32       0          51.56      54         54         0          0          0.1172     2.1791     36         90         99         108        117        125        162       
468        61000      61000      163.75     72.19      0.4408     39.47      0.12       0.11       0.32       0          51.52      54         54         0          0          0.1170     2.1738     37         90         99         108        117        125        162       
469        61000      61000      163.75     72.12      0.4404     39.50      0.12       0.11       0.32       0          51.48      54         54         0          0          0.1169     2.1746     37         90         99         108        117        125        162       
470        61000      61000      163.74     72.71      0.4441     39.46      0.12       0.11       0.32       0          51.44      54         54         0          0          0.1167     2.1712     37         91         99         108        117        125        162       
471        61000      61000      163.75     72.75      0.4443     39.47      0.12       0.11       0.32       0          51.40      54         54         0          0          0.1165     2.1723     37         91         99         108        117        125        162       
472        61000      61000      163.74     72.30      0.4415     39.47      0.12       0.11       0.32       0          51.36      54         54         0          0          0.1164     2.1724     37         91         99         108        117        125        162       
473        61000      61000      163.76     71.65      0.4375     39.45      0.12       0.11       0.32       0          51.33      54         54         0          0          0.1162     2.1729     37         91         99         108        117        125        162       
474        61000      61000      163.75     71.80      0.4385     39.41      0.12       0.11       0.32       0          51.29      54         54         0          0          0.1161     2.1651     37         91         99         108        117        125        162       
475        61000      61000      163.73     72.51      0.4429     39.36      0.12       0.11       0.32       0          51.26      54         54         0          0          0.1160     2.1730     38         91         99         108        117        125        162       
476        61000      61000      163.74     72.23      0.4411     39.44      0.12       0.11       0.32       0          51.23      54         54         0          0          0.1158     2.1671     38         91         99         108        117        125        162       
477        61000      61000      163.75     71.64      0.4375     39.36      0.12       0.11       0.32       0          51.19      54         54         0          0          0.1157     2.1704     38         91         99         108        117        125        162       
478        61000      61000      163.75     72.39      0.4420     39.29      0.12       0.11       0.32       0          51.16      54         54         0          0          0.1155     2.1720     38         91         99         108        117        125        162       
479        61000      61000      163.76     71.73      0.4380     39.26      0.12       0.11       0.32       0          51.12      54         54         0          0          0.1154     2.1680     38         91         99         108        117        125        162       
480        61000      61000      163.76     71.39      0.4359     39.20      0.12       0.11       0.32       0          51.09      54         54         0          0          0.1153     2.1638     38         91         99         108        117        125        162       
481        61000      61000      163.77     72.32      0.4416     39.23      0.12       0.11       0.32       0          51.05      54         54         0          0          0.1151     2.1625     38         91         99         108        117        125        162       
482        61000      61000      163.76     71.74      0.4381     39.14      0.12       0.11       0.32       0          51.02      53         53         0          0          0.1150     2.1718     38         91         99         109        117        125        162       
483        61000      61000      163.76     72.10      0.4403     39.16      0.12       0.11       0.32       0          50.99      53         53         0          0          0.1149     2.1691     38         91         99         109        117        125        162       
484        61000      61000      163.76     71.41      0.4361     39.14      0.12       0.11       0.32       0          50.95      52         52         0          0          0.1147     2.1644     38         91         100        109        117        125        162       
485        61000      61000      163.76     73.01      0.4459     39.13      0.12       0.11       0.32       0          50.92      52         52         0          0          0.1146     2.1707     38         92         100        109        117        125        162       
486        61000      61000      163.74     70.92      0.4331     39.06      0.12       0.11       0.32       0          50.89      52         52         0          0          0.1145     2.1721     38         92         100        109        117        125        162       
487        61000      61000      163.74     70.76      0.4322     39.11      0.12       0.11       0.32       0          50.86      52         52         0          0          0.1144     2.1610     39         92         100        109        117        125        162       
488        61000      61000      163.74     72.13      0.4405     38.98      0.12       0.11       0.32       0          50.83      52         52         0          0          0.1142     2.1683     39         92         100        109        117        125        162       
489        61000      61000      163.75     71.70      0.4379     39.07      0.12       0.11       0.32       0          50.81      52         52         0          0          0.1141     2.1728     39         92         100        109        117        125        162       
490        61000      61000      163.77     71.73      0.4380     39.09      0.12       0.11       0.32       0          50.77      52         52         0          0          0.1140     2.1698     39         92         100        109        117        125        162       
491        61000      61000      163.75     71.35      0.4357     38.99      0.11       0.11       0.32       0          50.75      52         52         0          0          0.1139     2.1732     39         92         100        109        117        125        162       
492        61000      61000      163.73     71.27      0.4353     38.99      0.12       0.11       0.32       0          50.72      52         52         0          0          0.1138     2.1697     39         92         100        109        117        125        162       
493        61000      61000      163.75     72.00      0.4397     39.02      0.12       0.11       0.32       0          50.69      52         52         0          0          0.1137     2.1750     38         92         100        109        117        125        162       
494        61000      61000      163.75     72.10      0.4403     38.94      0.12       0.11       0.32       0          50.66      52         52         0          0          0.1135     2.1661     38         92         100        109        117        125        162       
495        61000      61000      163.75     71.40      0.4361     38.97      0.12       0.11       0.32       0          50.64      52         52         0          0          0.1134     2.1719     38         92         100        109        117        125        162       
496        61000      61000      163.75     71.34      0.4356     38.86      0.12       0.11       0.32       0          50.61      52         52         0          0          0.1133     2.1689     39         92         100        109        117        125        162       
497        61000      61000      163.77     71.34      0.4356     38.91      0.12       0.11       0.32       0          50.58      52         52         0          0          0.1132     2.1699     39         92         100        109        117        125        162       
498        61000      61000      163.78     71.84      0.4386     38.90      0.12       0.11       0.32       0          50.56      52         52         0          0          0.1131     2.1700     39         92         100        109        117        125        162       
499        61000      61000      163.73     71.06      0.4340     38.95      0.12       0.11       0.32       0          50.54      52         52         0          0          0.1130     2.1690     39         92         100        109        117        125        162       
500        61000      61000      163.75     71.42      0.4361     38.91      0.12       0.11       0.32       0          50.51      52         52         0          0          0.1129     2.1643     39         92         100        109        118        125        162       
501        61000      61000      163.76     72.03      0.4399     38.85      0.12       0.11       0.32       0          50.49      52         52         0          0          0.1128     2.1697     40         92         100        109        118        125        161       
502        61000      61000      163.77     71.99      0.4396     38.90      0.12       0.11       0.32       0          50.46      52         52         0          0          0.1127     2.1673     41         92         100        109        118        125        161       
503        61000      61000      163.74     70.93      0.4332     38.85      0.12       0.11       0.32       0          50.43      52         52         0          0          0.1126     2.1671     42         92         100        109        118        125        161       
504        61000      61000      163.77     71.76      0.4382     38.80      0.12       0.11       0.32       0          50.40      52         52         0          0          0.1125     2.1642     42         93         100        109        118        125        161       
505        61000      61000      163.75     70.59      0.4311     38.76      0.12       0.11       0.31       0          50.38      52         52         0          0          0.1124     2.1680     43         93         100        109        118        125        161       
506        61000      61000      163.76     70.70      0.4317     38.82      0.12       0.11       0.32       0          50.35      52         52         0          0          0.1123     2.1698     43         93         100        109        118        125        161       
507        61000      61000      163.77     71.69      0.4378     38.82      0.12       0.11       0.32       0          50.33      52         52         0          0          0.1122     2.1702     43         93         100        109        118        125        161       
508        61000      61000      163.78     71.95      0.4393     38.70      0.12       0.11       0.31       0          50.31      52         52         0          0          0.1121     2.1678     43         93         100        109        118        125        161       
509        61000      61000      163.76     72.40      0.4421     38.73      0.12       0.11       0.31       0          50.28      52         52         0          0          0.1120     2.1655     43         93         101        109        118        125        161       
510        61000      61000      163.76     70.71      0.4318     38.79      0.12       0.11       0.31       0          50.26      52         52         0          0          0.1119     2.1642     43         93         101        109        118        125        161       
511        61000      61000      163.74     70.83      0.4326     38.74      0.12       0.11       0.31       0          50.24      52         52         0          0          0.1118     2.1644     43         93         101        109        118        125        161       
512        61000      61000      163.77     70.96      0.4333     38.75      0.12       0.11       0.31       0          50.22      52         52         0          0          0.1118     2.1717     43         93         101        109        118        125        161       
513        61000      61000      163.76     70.56      0.4309     38.69      0.12       0.11       0.31       0          50.19      52         52         0          0          0.1117     2.1700     43         93         101        109        118        125        161       
514        61000      61000      163.75     71.03      0.4338     38.65      0.12       0.11       0.31       0          50.17      52         52         0          0          0.1116     2.1666     43         93         101        109        118        125        160       
515        61000      61000      163.77     71.37      0.4358     38.57      0.12       0.11       0.31       0          50.15      52         52         0          0          0.1115     2.1612     43         93         101        109        118        125        160       
516        61000      61000      163.77     71.09      0.4341     38.67      0.12       0.11       0.31       0          50.13      52         52         0          0          0.1114     2.1659     43         93         101        109        118        125        160       
517        61000      61000      163.76     70.77      0.4322     38.71      0.12       0.11       0.31       0          50.11      52         52         0          0          0.1113     2.1629     43         93         101        109        118        125        160       
518        61000      61000      163.77     71.54      0.4369     38.65      0.12       0.11       0.31       0          50.09      52         52         0          0          0.1113     2.1682     43         93         101        109        118        125        159       
519        61000      61000      163.76     70.64      0.4314     38.60      0.12       0.11       0.31       0          50.07      52         52         0          0          0.1112     2.1675     43         93         101        109        118        125        159       
520        61000      61000      163.76     70.78      0.4322     38.64      0.12       0.11       0.31       0          50.05      52         52         0          0          0.1111     2.1616     43         93         101        109        118        125        159       
521        61000      61000      163.78     69.56      0.4247     38.53      0.12       0.11       0.31       0          50.02      52         52         0          0          0.1110     2.1626     43         93         101        109        118        125        159       
522        61000      61000      163.75     72.06      0.4401     38.54      0.12       0.11       0.31       0          50.00      52         52         0          0          0.1109     2.1716     43         93         101        109        118        125        159       
523        61000      61000      163.76     71.49      0.4366     38.59      0.12       0.11       0.31       0          49.98      52         52         0          0          0.1108     2.1618     43         93         101        109        118        125        158       
524        61000      61000      163.75     71.14      0.4345     38.64      0.12       0.11       0.31       0          49.96      52         52         0          0          0.1107     2.1638     44         93         101        109        118        125        157       
525        61000      61000      163.76     70.92      0.4331     38.69      0.12       0.12       0.31       0          49.94      52         52         0          0          0.1107     2.1643     44         93         101        109        118        125        157       
526        61000      61000      163.78     71.10      0.4341     38.66      0.12       0.11       0.31       0          49.92      52         52         0          0          0.1106     2.1609     44         94         101        109        118        125        157       
527        61000      61000      163.77     70.49      0.4304     38.60      0.12       0.11       0.31       0          49.90      52         52         0          0          0.1105     2.1675     44         94         101        109        118        125        157       
528        61000      61000      163.75     72.03      0.4398     38.64      0.12       0.11       0.31       0          49.88      52         52         0          0          0.1104     2.1592     45         94         101        109        118        125        157       
529        61000      61000      163.74     71.06      0.4340     38.68      0.12       0.11       0.31       0          49.86      52         52         0          0          0.1104     2.1610     45         94         101        109        118        125        157       
530        61000      61000      163.74     70.41      0.4300     38.52      0.12       0.11       0.31       0          49.84      52         52         0          0          0.1103     2.1596     45         94         101        109        118        125        157       
531        61000      61000      163.75     70.38      0.4298     38.51      0.12       0.11       0.31       0          49.83      52         52         0          0          0.1102     2.1663     45         94         101        110        118        125        157       
532        61000      61000      163.75     70.14      0.4283     38.50      0.12       0.11       0.31       0          49.81      52         52         0          0          0.1102     2.1620     45         94         101        110        118        125        157       
533        61000      61000      163.76     70.69      0.4317     38.45      0.12       0.11       0.31       0          49.79      52         52         0          0          0.1101     2.1626     45         94         101        110        118        125        157       
534        61000      61000      163.78     70.69      0.4316     38.38      0.12       0.11       0.31       0          49.77      52         52         0          0          0.1100     2.1604     45         94         101        110        118        125        157       
535        61000      61000      163.77     70.85      0.4326     38.39      0.12       0.11       0.31       0          49.76      52         52         0          0          0.1099     2.1656     45         94         101        110        118        125        157       
536        61000      61000      163.76     70.32      0.4294     38.40      0.12       0.11       0.31       0          49.74      52         52         0          0          0.1099     2.1602     46         94         101        110        118        125        157       
537        61000      61000      163.77     70.92      0.4330     38.49      0.12       0.11       0.31       0          49.72      52         52         0          0          0.1098     2.1632     47         94         101        110        118        125        157       
538        61000      61000      163.76     70.54      0.4308     38.42      0.12       0.11       0.31       0          49.70      52         52         0          0          0.1097     2.1655     47         94         101        110        118        125        157       
539        61000      61000      163.76     70.71      0.4318     38.38      0.12       0.11       0.31       0          49.69      52         52         0          0          0.1097     2.1652     47         94         101        110        118        125        157       
540        61000      61000      163.76     69.71      0.4257     38.34      0.12       0.11       0.31       0          49.67      51         51         0          0          0.1096     2.1620     47         94         101        110        118        125        157       
541        61000      61000      163.74     71.48      0.4365     38.43      0.12       0.11       0.31       0          49.65      51         51         0          0          0.1095     2.1583     47         94         101        110        118        125        157       
542        61000      61000      163.76     71.11      0.4342     38.44      0.12       0.11       0.31       0          49.63      51         51         0          0          0.1095     2.1652     47         94         101        110        118        125        157       
543        61000      61000      163.77     69.00      0.4213     38.40      0.12       0.11       0.31       0          49.62      51         51         0          0          0.1094     2.1636     47         94         102        110        118        125        157       
544        61000      61000      163.78     71.00      0.4335     38.31      0.12       0.11       0.31       0          49.60      51         51         0          0          0.1093     2.1598     47         94         102        110        118        125        157       
545        61000      61000      163.78     71.16      0.4345     38.27      0.12       0.11       0.31       0          49.58      51         51         0          0          0.1093     2.1640     48         94         102        110        118        125        157       
546        61000      61000      163.76     69.28      0.4230     38.29      0.12       0.11       0.31       0          49.57      51         51         0          0          0.1092     2.1604     48         94         102        110        118        125        157       
547        61000      61000      163.77     71.08      0.4340     38.36      0.13       0.11       0.31       0          49.55      51         51         0          0          0.1091     2.1612     48         94         102        110        118        125        157       
548        61000      61000      163.76     70.60      0.4311     38.31      0.12       0.11       0.31       0          49.54      51         51         0          0          0.1091     2.1556     48         94         102        110        118        125        157       
549        61000      61000      163.79     70.19      0.4285     38.38      0.12       0.11       0.31       0          49.52      51         51         0          0          0.1090     2.1682     48         94         102        110        118        125        157       
550        61000      61000      163.75     70.64      0.4314     38.32      0.12       0.12       0.31       0          49.51      51         51         0          0          0.1090     2.1613     49         94         102        110        118        125        157       
551        61000      61000      163.78     70.43      0.4300     38.24      0.12       0.11       0.31       0          49.49      51         51         0          0          0.1089     2.1613     50         94         102        110        118        125        157       
552        61000      61000      163.77     71.00      0.4336     38.27      0.12       0.12       0.31       0          49.48      51         51         0          0          0.1089     2.1603     50         95         102        110        118        125        157       
553        61000      61000      163.77     69.33      0.4234     38.28      0.12       0.11       0.31       0          49.46      51         51         0          0          0.1088     2.1573     51         95         102        110        118        125        157       
554        61000      61000      163.76     71.27      0.4352     38.35      0.12       0.12       0.31       0          49.45      51         51         0          0          0.1088     2.1527     51         95         102        110        118        125        157       
555        61000      61000      163.76     70.87      0.4328     38.36      0.12       0.12       0.31       0          49.44      51         51         0          0          0.1087     2.1610     51         95         102        110        118        125        157       
556        61000      61000      163.75     70.83      0.4325     38.39      0.12       0.12       0.31       0          49.42      51         51         0          0          0.1086     2.1658     51         95         102        110        118        125        157       
557        61000      61000      163.75     70.38      0.4298     38.29      0.12       0.12       0.31       0          49.41      51         51         0          0          0.1086     2.1606     51         95         102        110        118        125        157       
558        61000      61000      163.75     69.65      0.4253     38.25      0.12       0.12       0.31       0          49.39      51         51         0          0          0.1085     2.1643     51         95         102        110        118        125        157       
559        61000      61000      163.76     70.37      0.4297     38.21      0.12       0.11       0.31       0          49.38      51         51         0          0          0.1085     2.1659     51         95         102        110        118        125        157       
560        61000      61000      163.76     70.87      0.4328     38.25      0.12       0.12       0.31       0          49.37      51         51         0          0          0.1084     2.1626     51         95         102        110        118        125        157       
561        61000      61000      163.78     71.35      0.4357     38.35      0.12       0.12       0.31       0          49.36      51         51         0          0          0.1084     2.1592     51         95         102        110        118        125        157       
562        61000      61000      163.77     70.39      0.4298     38.33      0.12       0.12       0.31       0          49.35      51         51         0          0          0.1083     2.1562     52         95         102        110        118        125        157       
563        61000      61000      163.76     70.50      0.4305     38.34      0.12       0.12       0.31       0          49.33      51         51         0          0          0.1083     2.1575     52         95         102        110        118        125        157       
564        61000      61000      163.75     69.88      0.4267     38.32      0.12       0.12       0.31       0          49.32      51         51         0          0          0.1082     2.1552     52         95         102        110        118        125        157       
565        61000      61000      163.80     70.43      0.4300     38.32      0.12       0.12       0.31       0          49.31      51         51         0          0          0.1082     2.1591     52         95         102        110        118        125        157       
566        61000      61000      163.76     70.93      0.4331     38.27      0.12       0.12       0.31       0          49.30      51         51         0          0          0.1081     2.1572     52         95         102        110        118        125        157       
567        61000      61000      163.76     69.10      0.4220     38.29      0.12       0.12       0.31       0          49.28      51         51         0          0          0.1081     2.1604     52         95         102        110        118        125        157       
568        61000      61000      163.76     70.71      0.4318     38.23      0.12       0.12       0.31       0          49.27      51         51         0          0          0.1080     2.1532     52         95         102        110        118        125        157       
569        61000      61000      163.75     70.48      0.4304     38.18      0.12       0.12       0.31       0          49.25      51         51         0          0          0.1080     2.1580     52         95         102        110        118        125        157       
570        61000      61000      163.77     71.28      0.4352     38.26      0.12       0.12       0.31       0          49.24      51         51         0          0          0.1079     2.1602     52         95         102        110        118        125        157       
571        61000      61000      163.78     71.09      0.4340     38.26      0.12       0.12       0.31       0          49.23      51         51         0          0          0.1079     2.1665     52         95         102        110        118        125        157       
572        61000      61000      163.78     70.29      0.4292     38.25      0.12       0.12       0.31       0          49.22      51         51         0          0          0.1078     2.1611     51         95         102        110        118        125        157       
573        61000      61000      163.78     70.30      0.4292     38.27      0.13       0.12       0.31       0          49.21      51         51         0          0          0.1078     2.1560     51         95         102        110        118        125        157       
574        61000      61000      163.76     71.02      0.4337     38.36      0.12       0.12       0.31       0          49.20      51         51         0          0          0.1078     2.1580     52         95         102        110        118        125        157       
575        61000      61000      163.76     69.28      0.4231     38.31      0.12       0.12       0.31       0          49.19      51         51         0          0          0.1077     2.1594     51         95         102        110        118        125        157       
576        61000      61000      163.76     70.58      0.4310     38.26      0.13       0.12       0.31       0          49.18      51         51         0          0          0.1077     2.1556     51         95         102        110        118        125        157       
577        61000      61000      163.76     70.84      0.4326     38.30      0.13       0.12       0.31       0          49.17      51         51         0          0          0.1076     2.1552     51         95         102        110        118        125        157       
578        61000      61000      163.75     70.62      0.4313     38.22      0.13       0.12       0.31       0          49.15      51         51         0          0          0.1076     2.1575     51         95         102        110        118        125        157       
579        61000      61000      163.75     70.77      0.4322     38.26      0.13       0.12       0.31       0          49.14      51         51         0          0          0.1075     2.1525     52         95         102        110        118        125        156       
580        61000      61000      163.74     70.28      0.4292     38.31      0.12       0.12       0.31       0          49.13      51         51         0          0          0.1075     2.1541     53         95         102        110        118        125        156       
581        61000      61000      163.74     71.82      0.4386     38.27      0.12       0.12       0.31       0          49.12      51         51         0          0          0.1075     2.1609     54         95         102        110        118        125        156       
582        61000      61000      163.79     69.36      0.4235     38.25      0.12       0.12       0.31       0          49.11      51         51         0          0          0.1074     2.1539     54         95         102        110        118        125        156       
583        61000      61000      163.76     71.08      0.4341     38.27      0.13       0.12       0.31       0          49.10      51         51         0          0          0.1074     2.1626     54         95         102        110        118        125        156       
584        61000      61000      163.76     69.01      0.4214     38.23      0.12       0.12       0.31       0          49.09      51         51         0          0          0.1073     2.1546     54         95         102        110        118        125        156       
585        61000      61000      163.77     69.99      0.4274     38.08      0.12       0.12       0.31       0          49.08      50         50         0          0          0.1073     2.1611     54         95         102        110        118        125        156       
586        61000      61000      163.77     70.06      0.4278     38.12      0.12       0.12       0.31       0          49.07      50         50         0          0          0.1073     2.1602     54         95         102        110        118        125        156       
587        61000      61000      163.77     69.94      0.4271     38.12      0.12       0.12       0.31       0          49.06      50         50         0          0          0.1072     2.1567     54         95         102        110        118        125        156       
588        61000      61000      163.75     70.52      0.4306     38.17      0.12       0.12       0.31       0          49.05      50         50         0          0          0.1072     2.1563     54         95         102        110        118        125        156       
589        61000      61000      163.76     69.16      0.4223     38.14      0.12       0.12       0.31       0          49.04      50         50         0          0          0.1072     2.1566     54         95         102        110        118        125        156       
590        61000      61000      163.76     69.33      0.4234     38.14      0.12       0.12       0.31       0          49.03      50         50         0          0          0.1071     2.1538     54         95         102        110        118        125        156       
591        61000      61000      163.74     70.30      0.4293     38.14      0.12       0.12       0.31       0          49.02      50         50         0          0          0.1071     2.1584     54         95         102        110        118        125        156       
592        61000      61000      163.75     70.83      0.4325     38.12      0.13       0.12       0.31       0          49.01      50         50         0          0          0.1070     2.1578     54         95         102        110        118        125        156       
593        61000      61000      163.75     70.38      0.4298     38.10      0.13       0.12       0.31       0          49.00      50         50         0          0          0.1070     2.1597     54         96         102        110        118        125        156       
594        61000      61000      163.75     71.62      0.4374     38.12      0.13       0.12       0.31       0          48.99      50         50         0          0          0.1070     2.1579     54         96         102        110        118        125        155       
595        61000      61000      163.77     69.96      0.4272     38.19      0.13       0.12       0.31       0          48.98      50         50         0          0          0.1069     2.1621     54         96         102        110        118        125        155       
596        61000      61000      163.77     69.59      0.4249     38.35      0.13       0.12       0.31       0          48.97      50         50         0          0          0.1069     2.1583     54         96         102        110        118        125        155       
597        61000      61000      163.76     70.57      0.4309     38.26      0.13       0.12       0.31       0          48.96      50         50         0          0          0.1069     2.1490     54         96         102        110        118        125        155       
598        61000      61000      163.75     70.76      0.4321     38.19      0.12       0.12       0.31       0          48.96      50         50         0          0          0.1068     2.1521     54         96         102        110        118        125        155       
599        61000      61000      163.76     70.15      0.4283     38.17      0.12       0.12       0.31       0          48.95      50         50         0          0          0.1068     2.1575     54         96         102        110        118        125        155       
600        61000      61000      163.75     70.61      0.4312     38.21      0.13       0.12       0.31       0          48.94      50         50         0          0          0.1068     2.1606     54         96         103        110        118        125        155       
601        61000      61000      163.79     69.32      0.4232     38.16      0.13       0.12       0.31       0          48.93      50         50         0          0          0.1067     2.1553     54         96         103        110        118        125        155       
602        61000      61000      163.78     70.37      0.4297     38.13      0.12       0.12       0.31       0          48.92      50         50         0          0          0.1067     2.1517     55         96         103        110        118        125        155       
603        61000      61000      163.75     69.64      0.4253     38.12      0.12       0.12       0.31       0          48.91      50         50         0          0          0.1066     2.1571     55         96         103        110        118        125        155       
604        61000      61000      163.76     70.08      0.4279     38.10      0.12       0.12       0.31       0          48.90      50         50         0          0          0.1066     2.1541     55         96         103        110        118        125        155       
605        61000      61000      163.79     71.44      0.4362     38.14      0.12       0.12       0.31       0          48.90      50         50         0          0          0.1066     2.1608     55         96         103        110        118        125        155       
606        61000      61000      163.75     68.82      0.4203     38.11      0.13       0.12       0.31       0          48.89      50         50         0          0          0.1066     2.1596     55         96         103        110        118        125        155       
607        61000      61000      163.77     69.51      0.4245     38.19      0.13       0.12       0.31       0          48.88      50         50         0          0          0.1065     2.1601     55         96         103        110        118        125        155       
608        61000      61000      163.77     70.37      0.4297     38.07      0.13       0.12       0.31       0          48.87      50         50         0          0          0.1065     2.1539     55         96         103        110        118        125        155       
609        61000      61000      163.77     69.95      0.4271     38.08      0.12       0.12       0.31       0          48.86      50         50         0          0          0.1064     2.1629     55         96         103        110        118        125        155       
610        61000      61000      163.75     69.55      0.4247     38.10      0.12       0.12       0.31       0          48.85      50         50         0          0          0.1064     2.1583     55         96         103        110        118        125        155       
611        61000      61000      163.75     70.17      0.4285     38.01      0.12       0.12       0.30       0          48.85      50         50         0          0          0.1064     2.1566     56         96         103        110        118        125        155       
612        61000      61000      163.77     70.53      0.4307     38.02      0.12       0.12       0.31       0          48.84      49         49         0          0          0.1064     2.1558     56         96         103        110        118        125        155       
613        61000      61000      163.77     68.99      0.4212     38.10      0.12       0.12       0.31       0          48.83      49         49         0          0          0.1063     2.1587     56         96         103        110        118        125        155       
614        61000      61000      163.76     69.50      0.4244     38.07      0.12       0.12       0.31       0          48.82      49         49         0          0          0.1063     2.1577     56         96         103        110        118        125        155       
615        61000      61000      163.76     70.43      0.4301     38.11      0.13       0.12       0.31       0          48.82      49         49         0          0          0.1063     2.1532     56         96         103        110        118        125        155       
616        61000      61000      163.76     71.27      0.4352     38.10      0.12       0.12       0.30       0          48.81      49         49         0          0          0.1062     2.1491     56         96         103        110        118        125        155       
617        61000      61000      163.75     70.33      0.4295     38.14      0.12       0.12       0.31       0          48.80      49         49         0          0          0.1062     2.1531     56         96         103        110        118        125        155       
618        61000      61000      163.75     70.47      0.4304     38.12      0.12       0.12       0.30       0          48.80      49         49         0          0          0.1062     2.1519     56         96         103        110        118        125        155       
619        61000      61000      163.76     70.86      0.4327     38.20      0.12       0.12       0.30       0          48.79      49         49         0          0          0.1062     2.1565     56         96         103        110        118        125        155       
620        61000      61000      163.76     69.77      0.4261     38.15      0.13       0.12       0.30       0          48.78      49         49         0          0          0.1061     2.1579     56         96         103        110        118        125        155       
621        61000      61000      163.80     71.26      0.4350     38.17      0.13       0.12       0.30       0          48.78      49         49         0          0          0.1061     2.1588     56         96         103        110        118        125        155       
622        61000      61000      163.75     70.45      0.4302     38.24      0.13       0.12       0.31       0          48.77      49         49         0          0          0.1061     2.1522     56         96         103        110        118        125        155       
623        61000      61000      163.78     71.48      0.4364     38.15      0.12       0.12       0.30       0          48.76      49         49         0          0          0.1061     2.1580     56         96         103        110        118        125        155       
624        61000      61000      163.76     70.64      0.4313     38.23      0.13       0.12       0.30       0          48.76      49         49         0          0          0.1060     2.1569     56         96         103        110        118        125        155       
625        61000      61000      163.75     70.94      0.4332     38.20      0.13       0.12       0.30       0          48.75      49         49         0          0          0.1060     2.1604     56         96         103        110        118        125        155       
626        61000      61000      163.76     71.70      0.4378     38.31      0.13       0.12       0.30       0          48.74      49         49         0          0          0.1060     2.1551     56         96         103        110        118        125        155       
627        61000      61000      163.76     71.26      0.4351     38.33      0.13       0.12       0.31       0          48.74      49         49         0          0          0.1060     2.1580     56         96         103        110        118        125        155       
628        61000      61000      163.77     70.00      0.4274     38.30      0.13       0.12       0.30       0          48.73      49         49         0          0          0.1059     2.1537     56         96         103        110        118        125        155       
629        61000      61000      163.77     71.24      0.4350     38.29      0.13       0.12       0.30       0          48.72      49         49         0          0          0.1059     2.1592     56         96         103        110        118        125        155       
630        61000      61000      163.76     70.74      0.4320     38.31      0.13       0.12       0.31       0          48.72      49         49         0          0          0.1059     2.1505     58         96         103        110        118        125        155       
631        61000      61000      163.76     69.20      0.4226     38.30      0.13       0.12       0.31       0          48.71      49         49         0          0          0.1059     2.1531     58         96         103        110        118        125        155       
632        61000      61000      163.76     70.44      0.4301     38.14      0.13       0.12       0.30       0          48.70      49         49         0          0          0.1058     2.1606     58         96         103        110        118        125        155       
633        61000      61000      163.75     70.09      0.4280     38.17      0.13       0.12       0.30       0          48.70      49         49         0          0          0.1058     2.1528     58         96         103        110        118        125        155       
634        61000      61000      163.75     70.58      0.4310     38.08      0.13       0.12       0.30       0          48.69      49         49         0          0          0.1058     2.1593     58         96         103        110        118        125        155       
635        61000      61000      163.79     69.75      0.4259     38.18      0.13       0.12       0.30       0          48.69      49         49         0          0          0.1058     2.1550     58         96         103        110        118        125        155       
636        61000      61000      163.77     68.98      0.4212     38.12      0.13       0.12       0.30       0          48.68      49         49         0          0          0.1057     2.1541     58         96         103        110        118        125        155       
637        61000      61000      163.76     71.04      0.4338     38.12      0.12       0.12       0.30       0          48.67      49         49         0          0          0.1057     2.1539     58         96         103        110        118        125        155       
638        61000      61000      163.77     69.46      0.4241     38.12      0.12       0.12       0.30       0          48.67      49         49         0          0          0.1057     2.1599     58         96         103        110        118        125        155       
639        61000      61000      163.77     69.96      0.4272     38.08      0.12       0.12       0.30       0          48.66      49         49         0          0          0.1057     2.1541     58         96         103        110        118        125        155       
640        61000      61000      163.76     70.34      0.4296     38.11      0.13       0.12       0.30       0          48.66      49         49         0          0          0.1057     2.1546     59         96         103        110        118        125        155       
641        61000      61000      163.75     70.10      0.4281     38.09      0.13       0.12       0.30       0          48.65      49         49         0          0          0.1056     2.1587     59         96         103        110        118        125        155       
642        61000      61000      163.77     70.22      0.4288     37.99      0.12       0.12       0.30       0          48.65      49         49         0          0          0.1056     2.1558     59         96         103        110        118        125        155       
643        61000      61000      163.75     69.60      0.4250     38.06      0.12       0.12       0.30       0          48.64      49         49         0          0          0.1056     2.1568     59         96         103        110        118        125        155       
644        61000      61000      163.77     70.38      0.4297     38.13      0.13       0.12       0.30       0          48.63      49         49         0          0          0.1056     2.1527     59         96         103        110        118        125        155       
645        61000      61000      163.77     70.07      0.4278     38.18      0.13       0.12       0.30       0          48.63      49         49         0          0          0.1055     2.1558     59         96         103        110        118        125        155       
646        61000      61000      163.74     69.66      0.4254     38.08      0.13       0.12       0.30       0          48.62      49         49         0          0          0.1055     2.1540     59         96         103        110        118        125        155       
647        61000      61000      163.74     70.22      0.4289     38.18      0.13       0.12       0.30       0          48.62      49         49         0          0          0.1055     2.1544     60         96         103        110        118        125        155       
648        61000      61000      163.76     69.06      0.4217     38.05      0.13       0.12       0.30       0          48.61      49         49         0          0          0.1055     2.1528     60         96         103        110        118        125        155       
649        61000      61000      163.77     69.88      0.4267     38.08      0.13       0.12       0.30       0          48.61      49         49         0          0          0.1055     2.1579     61         96         103        110        118        125        155       
650        61000      61000      163.75     69.72      0.4258     38.03      0.13       0.12       0.30       0          48.60      49         49         0          0          0.1054     2.1581     61         96         103        110        118        125        155       
651        61000      61000      163.77     68.92      0.4209     38.04      0.13       0.12       0.30       0          48.60      49         49         0          0          0.1054     2.1525     61         96         103        110        118        125        155       
652        61000      61000      163.75     69.41      0.4239     37.99      0.13       0.12       0.30       0          48.59      49         49         0          0          0.1054     2.1547     61         96         103        110        118        125        155       
653        61000      61000      163.77     69.91      0.4269     38.03      0.13       0.12       0.30       0          48.58      49         49         0          0          0.1054     2.1536     61         96         103        110        118        125        155       
654        61000      61000      163.76     70.45      0.4302     38.14      0.13       0.12       0.30       0          48.58      49         49         0          0          0.1054     2.1518     61         96         103        110        118        125        155       
655        61000      61000      163.74     69.74      0.4259     38.09      0.13       0.12       0.30       0          48.58      49         49         0          0          0.1053     2.1522     61         96         103        110        118        125        155       
656        61000      61000      163.74     69.76      0.4260     38.07      0.13       0.12       0.30       0          48.57      49         49         0          0          0.1053     2.1600     61         96         103        110        118        125        155       
657        61000      61000      163.76     70.89      0.4329     38.14      0.13       0.12       0.30       0          48.56      49         49         0          0          0.1053     2.1541     61         96         103        110        118        125        155       
658        61000      61000      163.75     69.83      0.4265     38.14      0.13       0.12       0.30       0          48.56      49         49         0          0          0.1053     2.1534     61         96         103        110        118        125        155       
659        61000      61000      163.76     70.12      0.4282     38.08      0.13       0.12       0.30       0          48.55      49         49         0          0          0.1053     2.1578     61         96         103        110        118        125        155       
660        61000      61000      163.78     71.23      0.4349     38.21      0.13       0.12       0.30       0          48.55      49         49         0          0          0.1052     2.1542     61         96         103        110        118        125        155       
661        61000      61000      163.77     69.72      0.4257     38.22      0.13       0.12       0.30       0          48.55      49         49         0          0          0.1052     2.1574     61         96         103        110        118        125        155       
662        61000      61000      163.75     70.57      0.4309     38.21      0.13       0.12       0.30       0          48.54      49         49         0          0          0.1052     2.1572     61         96         103        110        118        125        155       
663        61000      61000      163.76     68.92      0.4208     38.16      0.13       0.12       0.30       0          48.54      49         49         0          0          0.1052     2.1490     61         96         103        110        118        125        155       
664        61000      61000      163.78     70.58      0.4309     38.09      0.13       0.12       0.30       0          48.53      49         49         0          0          0.1052     2.1488     61         96         103        110        118        125        155       
665        61000      61000      163.76     70.24      0.4289     38.09      0.12       0.12       0.30       0          48.53      49         49         0          0          0.1051     2.1560     61         96         103        110        118        125        155       
666        61000      61000      163.75     68.84      0.4204     38.13      0.13       0.12       0.30       0          48.52      49         49         0          0          0.1051     2.1542     61         96         103        110        118        125        155       
667        61000      61000      163.77     69.76      0.4260     38.06      0.13       0.12       0.30       0          48.52      49         49         0          0          0.1051     2.1541     61         97         103        110        118        125        155       
668        61000      61000      163.74     71.07      0.4340     38.09      0.13       0.12       0.30       0          48.52      49         49         0          0          0.1051     2.1572     61         97         103        110        118        125        155       
669        61000      61000      163.74     70.04      0.4277     38.15      0.13       0.12       0.30       0          48.51      49         49         0          0          0.1051     2.1517     61         97         103        110        118        125        155       
670        61000      61000      163.77     69.88      0.4267     38.15      0.13       0.12       0.30       0          48.51      49         49         0          0          0.1051     2.1466     61         97         103        110        118        125        155       
671        61000      61000      163.76     71.27      0.4352     38.16      0.13       0.12       0.30       0          48.50      49         49         0          0          0.1051     2.1520     61         97         103        110        118        125        155       
672        61000      61000      163.76     70.19      0.4286     38.11      0.13       0.12       0.30       0          48.50      49         49         0          0          0.1050     2.1541     61         97         103        110        118        125        155       
673        61000      61000      163.76     71.21      0.4348     38.21      0.13       0.12       0.30       0          48.49      49         49         0          0          0.1050     2.1563     61         97         103        110        118        125        155       
674        61000      61000      163.76     70.60      0.4311     38.21      0.13       0.12       0.30       0          48.49      49         49         0          0          0.1050     2.1559     61         97         103        110        118        125        155       
675        61000      61000      163.74     70.02      0.4276     38.12      0.13       0.12       0.30       0          48.48      49         49         0          0          0.1050     2.1464     62         97         103        111        118        125        155       
676        61000      61000      163.77     70.19      0.4286     38.07      0.13       0.12       0.30       0          48.48      49         49         0          0          0.1050     2.1522     62         97         103        111        118        125        155       
677        61000      61000      163.77     70.65      0.4314     38.17      0.12       0.12       0.30       0          48.48      49         49         0          0          0.1050     2.1560     63         97         103        111        118        125        155       
678        61000      61000      163.75     69.36      0.4235     38.13      0.13       0.12       0.30       0          48.47      49         49         0          0          0.1049     2.1541     63         97         103        111        118        125        155       
679        61000      61000      163.75     69.54      0.4247     38.10      0.13       0.12       0.30       0          48.47      49         49         0          0          0.1049     2.1556     63         97         103        111        118        125        155       
680        61000      61000      163.76     71.52      0.4368     38.09      0.12       0.12       0.30       0          48.46      49         49         0          0          0.1049     2.1536     63         97         103        111        118        125        155       
681        61000      61000      163.76     70.82      0.4325     38.10      0.13       0.12       0.30       0          48.46      49         49         0          0          0.1049     2.1569     63         97         103        111        118        125        155       
682        61000      61000      163.76     69.89      0.4268     38.15      0.13       0.12       0.30       0          48.46      49         49         0          0          0.1049     2.1521     63         97         103        111        118        125        155       
683        61000      61000      163.76     70.24      0.4289     38.24      0.13       0.12       0.30       0          48.45      49         49         0          0          0.1049     2.1516     63         97         103        111        118        125        155       
684        61000      61000      163.79     70.04      0.4276     38.12      0.13       0.12       0.30       0          48.45      49         49         0          0          0.1049     2.1513     63         97         103        111        118        125        155       
685        61000      61000      163.76     69.62      0.4251     38.16      0.13       0.12       0.30       0          48.45      49         49         0          0          0.1048     2.1530     63         97         103        111        118        125        155       
686        61000      61000      163.78     69.11      0.4220     38.15      0.13       0.12       0.30       0          48.44      49         49         0          0          0.1048     2.1577     63         97         103        111        118        125        155       
687        61000      61000      163.75     69.17      0.4224     38.02      0.13       0.12       0.30       0          48.44      49         49         0          0          0.1048     2.1588     63         97         103        111        118        125        155       
688        61000      61000      163.75     70.26      0.4290     38.01      0.13       0.12       0.30       0          48.43      49         49         0          0          0.1048     2.1538     63         97         103        111        118        125        155       
689        61000      61000      163.76     70.53      0.4307     38.18      0.13       0.12       0.30       0          48.43      49         49         0          0          0.1048     2.1523     63         97         103        111        118        125        154       
690        61000      61000      163.77     70.15      0.4284     38.21      0.13       0.12       0.30       0          48.43      49         49         0          0          0.1048     2.1528     63         97         103        111        118        125        154       
691        61000      61000      163.77     69.47      0.4242     38.06      0.13       0.12       0.30       0          48.42      49         49         0          0          0.1047     2.1503     63         97         103        111        118        125        154       
692        61000      61000      163.77     70.19      0.4286     38.09      0.13       0.12       0.30       0          48.42      49         49         0          0          0.1047     2.1493     63         97         103        111        118        125        154       
693        61000      61000      163.74     69.79      0.4262     38.08      0.13       0.12       0.30       0          48.42      49         49         0          0          0.1047     2.1515     63         97         103        111        118        125        154       
694        61000      61000      163.76     69.99      0.4274     38.06      0.13       0.12       0.30       0          48.41      49         49         0          0          0.1047     2.1524     63         97         103        111        118        125        154       
695        61000      61000      163.76     69.92      0.4270     38.07      0.13       0.12       0.30       0          48.41      49         49         0          0          0.1047     2.1531     63         97         103        111        118        125        154       
696        61000      61000      163.78     69.72      0.4257     38.11      0.13       0.12       0.30       0          48.41      49         49         0          0          0.1047     2.1550     63         97         103        111        118        125        154       
697        61000      61000      163.76     71.07      0.4340     38.12      0.13       0.12       0.30       0          48.41      49         49         0          0          0.1047     2.1546     63         97         103        111        118        125        154       
698        61000      61000      163.73     69.75      0.4260     38.11      0.13       0.12       0.30       0          48.40      49         49         0          0          0.1047     2.1537     63         97         103        111        118        125        154       
699        61000      61000      163.75     69.53      0.4246     38.17      0.13       0.12       0.30       0          48.40      49         49         0          0          0.1047     2.1470     63         97         103        111        118        125        154       
700        61000      61000      163.77     69.55      0.4247     38.13      0.13       0.12       0.30       0          48.40      49         49         0          0          0.1046     2.1566     63         97         103        111        118        125        154       
701        61000      61000      163.76     70.28      0.4291     38.21      0.13       0.12       0.30       0          48.39      49         49         0          0          0.1046     2.1528     63         97         103        111        118        125        154       
702        61000      61000      163.78     69.75      0.4259     38.14      0.13       0.12       0.30       0          48.39      49         49         0          0          0.1046     2.1541     63         97         103        111        118        125        154       
703        61000      61000      163.77     71.92      0.4392     38.18      0.13       0.12       0.30       0          48.39      49         49         0          0          0.1046     2.1508     63         97         103        111        118        125        154       
704        61000      61000      163.77     69.33      0.4233     38.19      0.13       0.12       0.30       0          48.38      49         49         0          0          0.1046     2.1536     63         97         103        111        118        125        154       
705        61000      61000      163.77     70.74      0.4319     38.20      0.13       0.12       0.30       0          48.38      49         49         0          0          0.1046     2.1560     63         97         103        111        118        125        154       
706        61000      61000      163.77     70.16      0.4284     38.16      0.13       0.12       0.30       0          48.38      49         49         0          0          0.1046     2.1512     63         97         103        111        118        125        154       
707        61000      61000      163.76     68.98      0.4213     38.10      0.13       0.12       0.30       0          48.38      49         49         0          0          0.1046     2.1565     63         97         103        111        118        125        154       
708        61000      61000      163.76     69.68      0.4255     38.08      0.13       0.12       0.30       0          48.37      49         49         0          0          0.1046     2.1565     63         97         103        111        118        125        154       
709        61000      61000      163.78     69.74      0.4258     38.07      0.13       0.12       0.30       0          48.37      49         49         0          0          0.1045     2.1551     63         97         103        111        118        125        154       
710        61000      61000      163.79     69.41      0.4238     38.22      0.13       0.12       0.30       0          48.37      49         49         0          0          0.1045     2.1542     63         97         103        111        118        125        154       
711        61000      61000      163.78     71.39      0.4359     38.14      0.13       0.12       0.30       0          48.36      49         49         0          0          0.1045     2.1584     63         97         103        111        118        125        154       
712        61000      61000      163.78     69.80      0.4262     38.16      0.13       0.12       0.30       0          48.36      49         49         0          0          0.1045     2.1564     63         97         103        111        118        125        154       
713        61000      61000      163.76     70.28      0.4292     38.10      0.13       0.12       0.30       0          48.36      49         49         0          0          0.1045     2.1564     63         97         103        111        118        125        154       
714        61000      61000      163.77     70.73      0.4319     38.10      0.13       0.12       0.30       0          48.35      49         49         0          0          0.1045     2.1499     63         97         103        111        118        125        154       
715        61000      61000      163.77     69.53      0.4245     38.15      0.13       0.12       0.30       0          48.35      49         49         0          0          0.1045     2.1527     63         97         103        111        118        125        154       
716        61000      61000      163.75     69.61      0.4251     38.17      0.13       0.13       0.30       0          48.35      49         49         0          0          0.1045     2.1529     63         97         103        111        118        125        154       
717        61000      61000      163.75     70.71      0.4318     38.25      0.13       0.13       0.30       0          48.34      49         49         0          0          0.1044     2.1498     63         97         103        111        118        125        154       
718        61000      61000      163.76     70.27      0.4291     38.19      0.13       0.13       0.30       0          48.34      49         49         0          0          0.1044     2.1555     63         97         103        111        118        125        154       
719        61000      61000      163.76     70.62      0.4313     38.22      0.13       0.13       0.30       0          48.34      49         49         0          0          0.1044     2.1528     63         97         103        111        118        125        154       
720        61000      61000      163.79     70.35      0.4296     38.26      0.13       0.13       0.30       0          48.33      49         49         0          0          0.1044     2.1520     63         97         103        111        118        125        154       
721        61000      61000      163.76     69.71      0.4257     38.15      0.13       0.12       0.30       0          48.33      49         49         0          0          0.1044     2.1527     63         97         103        111        118        125        154       
722        61000      61000      163.77     70.48      0.4304     38.22      0.13       0.13       0.30       0          48.33      49         49         0          0          0.1044     2.1506     63         97         103        111        118        125        154       
723        61000      61000      163.77     69.18      0.4224     38.06      0.13       0.12       0.30       0          48.33      49         49         0          0          0.1044     2.1509     63         97         103        111        118        125        154       
724        61000      61000      163.78     69.75      0.4259     38.14      0.13       0.12       0.30       0          48.32      49         49         0          0          0.1044     2.1530     63         97         103        111        118        125        154       
725        61000      61000      163.80     70.86      0.4326     38.12      0.13       0.12       0.30       0          48.32      49         49         0          0          0.1044     2.1554     63         97         103        111        118        125        154       
726        61000      61000      163.78     70.87      0.4327     38.22      0.13       0.13       0.30       0          48.32      49         49         0          0          0.1043     2.1560     63         97         103        111        118        125        154       
727        61000      61000      163.77     69.35      0.4235     38.20      0.13       0.13       0.30       0          48.32      49         49         0          0          0.1043     2.1539     63         97         103        111        118        125        154       
728        61000      61000      163.77     69.75      0.4259     38.15      0.13       0.12       0.30       0          48.31      49         49         0          0          0.1043     2.1509     63         97         103        111        118        125        154       
729        61000      61000      163.78     70.14      0.4283     38.21      0.13       0.13       0.30       0          48.31      49         49         0          0          0.1043     2.1530     63         97         103        111        118        125        154       
730        61000      61000      163.78     70.15      0.4283     38.14      0.13       0.12       0.30       0          48.31      49         49         0          0          0.1043     2.1549     64         97         103        111        118        125        154       
731        61000      61000      163.77     70.30      0.4293     38.10      0.13       0.12       0.30       0          48.31      49         49         0          0          0.1043     2.1510     64         97         103        111        118        125        154       
732        61000      61000      163.76     69.63      0.4252     38.11      0.13       0.12       0.30       0          48.30      49         49         0          0          0.1043     2.1545     65         97         103        111        118        125        154       
733        61000      61000      163.78     69.94      0.4271     38.17      0.13       0.13       0.30       0          48.30      49         49         0          0          0.1043     2.1519     65         97         103        111        118        125        154       
734        61000      61000      163.75     70.46      0.4303     38.15      0.13       0.12       0.30       0          48.30      49         49         0          0          0.1043     2.1542     65         97         103        111        118        125        154       
735        61000      61000      163.74     70.03      0.4277     38.20      0.13       0.13       0.30       0          48.30      49         49         0          0          0.1043     2.1508     65         97         103        111        118        125        154       
736        61000      61000      163.76     71.05      0.4339     38.09      0.13       0.12       0.30       0          48.30      49         49         0          0          0.1043     2.1533     65         97         103        111        118        125        154       
737        61000      61000      163.76     68.78      0.4200     38.14      0.13       0.12       0.30       0          48.29      49         49         0          0          0.1043     2.1580     65         97         103        111        118        125        154       
738        61000      61000      163.77     69.76      0.4260     38.14      0.13       0.13       0.30       0          48.29      49         49         0          0          0.1042     2.1520     65         97         103        111        118        125        154       
739        61000      61000      163.75     70.19      0.4286     38.18      0.13       0.12       0.30       0          48.29      49         49         0          0          0.1042     2.1528     65         97         103        111        118        125        154       
740        61000      61000      163.75     69.42      0.4239     38.16      0.13       0.13       0.30       0          48.29      49         49         0          0          0.1042     2.1478     65         97         103        111        118        125        154       
741        61000      61000      163.78     69.90      0.4268     38.10      0.13       0.12       0.30       0          48.29      49         49         0          0          0.1042     2.1516     65         97         103        111        118        125        154       
742        61000      61000      163.77     69.51      0.4244     38.07      0.13       0.12       0.30       0          48.28      49         49         0          0          0.1042     2.1535     65         97         103        111        118        125        154       
743        61000      61000      163.78     69.48      0.4242     38.06      0.13       0.12       0.30       0          48.28      49         49         0          0          0.1042     2.1520     65         97         103        111        118        125        154       
744        61000      61000      163.77     70.45      0.4302     38.12      0.13       0.12       0.30       0          48.28      49         49         0          0          0.1042     2.1562     65         97         103        111        118        125        154       
745        61000      61000      163.77     69.96      0.4272     38.12      0.13       0.12       0.30       0          48.28      49         49         0          0          0.1042     2.1515     66         97         103        111        118        125        154       
746        61000      61000      163.78     70.49      0.4304     38.06      0.13       0.12       0.30       0          48.27      49         49         0          0          0.1042     2.1548     66         97         103        111        118        125        154       
747        61000      61000      163.75     71.20      0.4348     38.15      0.13       0.13       0.30       0          48.27      49         49         0          0          0.1042     2.1481     67         97         103        111        118        125        154       
748        61000      61000      163.78     69.63      0.4251     38.21      0.13       0.13       0.30       0          48.27      49         49         0          0          0.1042     2.1484     67         97         103        111        118        125        154       
749        61000      61000      163.77     70.13      0.4282     38.22      0.14       0.13       0.30       0          48.27      49         49         0          0          0.1042     2.1493     67         97         103        111        118        125        154       
750        61000      61000      163.77     70.05      0.4277     38.30      0.13       0.13       0.30       0          48.27      49         49         0          0          0.1041     2.1578     67         97         103        111        118        125        154       
751        61000      61000      163.78     69.49      0.4243     38.11      0.13       0.13       0.30       0          48.26      49         49         0          0          0.1041     2.1528     67         97         104        111        118        125        154       
752        61000      61000      163.78     71.17      0.4345     38.15      0.13       0.13       0.30       0          48.26      49         49         0          0          0.1041     2.1518     67         97         104        111        118        125        154       
753        61000      61000      163.75     70.12      0.4282     38.16      0.13       0.13       0.30       0          48.26      49         49         0          0          0.1041     2.1483     67         97         104        111        118        125        154       
754        61000      61000      163.77     70.38      0.4298     38.19      0.14       0.13       0.30       0          48.26      49         49         0          0          0.1041     2.1530     67         97         104        111        118        125        154       
755        61000      61000      163.76     69.41      0.4239     38.20      0.13       0.13       0.30       0          48.26      49         49         0          0          0.1041     2.1480     67         97         104        111        118        125        154       
756        61000      61000      163.76     70.12      0.4282     38.21      0.13       0.13       0.30       0          48.25      49         49         0          0          0.1041     2.1578     68         97         104        111        118        125        154       
757        61000      61000      163.76     70.46      0.4303     38.24      0.13       0.13       0.30       0          48.25      49         49         0          0          0.1041     2.1532     68         97         104        111        118        125        154       
758        61000      61000      163.76     70.15      0.4284     38.27      0.13       0.13       0.30       0          48.25      49         49         0          0          0.1041     2.1500     68         97         104        111        118        125        154       
759        61000      61000      163.77     69.83      0.4264     38.21      0.13       0.13       0.30       0          48.25      49         49         0          0          0.1041     2.1553     68         97         104        111        118        125        154       
760        61000      61000      163.77     69.76      0.4260     38.17      0.13       0.13       0.30       0          48.25      49         49         0          0          0.1041     2.1531     68         97         104        111        118        125        154       
761        61000      61000      163.74     70.44      0.4302     38.23      0.13       0.13       0.30       0          48.24      49         49         0          0          0.1041     2.1500     68         97         104        111        118        125        154       
762        61000      61000      163.75     70.61      0.4312     38.19      0.13       0.13       0.30       0          48.24      49         49         0          0          0.1041     2.1485     68         97         104        111        118        125        154       
763        61000      61000      163.76     70.83      0.4325     38.29      0.13       0.13       0.30       0          48.24      49         49         0          0          0.1040     2.1530     68         97         104        111        118        125        154       
764        61000      61000      163.77     70.35      0.4295     38.32      0.13       0.13       0.30       0          48.24      49         49         0          0          0.1040     2.1534     68         97         104        111        118        125        154       
765        61000      61000      163.75     69.99      0.4274     38.30      0.14       0.13       0.30       0          48.24      49         49         0          0          0.1040     2.1498     68         97         104        111        118        125        154       
766        61000      61000      163.74     70.04      0.4278     38.23      0.13       0.13       0.30       0          48.24      49         49         0          0          0.1040     2.1518     68         97         104        111        118        125        154       
767        61000      61000      163.75     70.32      0.4294     38.20      0.13       0.13       0.30       0          48.23      49         49         0          0          0.1040     2.1580     68         97         104        111        118        125        154       
768        61000      61000      163.74     70.44      0.4302     38.29      0.13       0.13       0.30       0          48.23      49         49         0          0          0.1040     2.1488     68         98         104        111        118        125        154       
769        61000      61000      163.76     71.99      0.4396     38.41      0.13       0.13       0.30       0          48.23      49         49         0          0          0.1040     2.1523     68         97         104        111        118        125        154       
770        61000      61000      163.76     70.76      0.4321     38.40      0.13       0.13       0.30       0          48.23      49         49         0          0          0.1040     2.1507     68         97         104        111        118        125        154       
771        61000      61000      163.78     70.90      0.4329     38.33      0.13       0.13       0.30       0          48.23      49         49         0          0          0.1040     2.1525     68         98         104        111        118        125        154       
772        61000      61000      163.77     71.23      0.4349     38.33      0.14       0.13       0.30       0          48.23      49         49         0          0          0.1040     2.1575     68         98         104        111        118        125        154       
773        61000      61000      163.75     71.92      0.4392     38.37      0.14       0.13       0.30       0          48.22      49         49         0          0          0.1040     2.1509     68         98         104        111        118        125        154       
774        61000      61000      163.77     69.68      0.4254     38.43      0.13       0.13       0.30       0          48.22      49         49         0          0          0.1040     2.1479     68         98         104        111        118        125        154       
775        61000      61000      163.78     70.26      0.4290     38.30      0.13       0.13       0.30       0          48.22      49         49         0          0          0.1040     2.1505     69         98         104        111        118        125        154       
776        61000      61000      163.74     70.13      0.4283     38.28      0.14       0.13       0.30       0          48.22      49         49         0          0          0.1040     2.1496     69         98         104        111        118        125        154       
777        61000      61000      163.77     70.31      0.4293     38.20      0.13       0.13       0.30       0          48.22      49         49         0          0          0.1039     2.1580     69         98         104        111        118        125        154       
778        61000      61000      163.75     70.34      0.4296     38.26      0.13       0.13       0.30       0          48.22      49         49         0          0          0.1039     2.1537     69         98         104        111        118        125        154       
779        61000      61000      163.75     70.73      0.4319     38.33      0.13       0.13       0.30       0          48.21      49         49         0          0          0.1039     2.1550     69         98         104        111        118        125        154       
780        61000      61000      163.75     70.30      0.4293     38.28      0.14       0.13       0.30       0          48.21      49         49         0          0          0.1039     2.1489     69         98         104        111        118        125        154       
781        61000      61000      163.76     71.54      0.4369     38.29      0.14       0.13       0.30       0          48.21      49         49         0          0          0.1039     2.1521     69         98         104        111        118        125        154       
782        61000      61000      163.75     71.37      0.4358     38.30      0.14       0.13       0.30       0          48.21      49         49         0          0          0.1039     2.1555     69         98         104        111        118        125        154       
783        61000      61000      163.76     70.97      0.4334     38.39      0.13       0.13       0.30       0          48.21      49         49         0          0          0.1039     2.1527     69         98         104        111        118        125        154       
784        61000      61000      163.75     71.23      0.4350     38.43      0.14       0.13       0.30       0          48.20      49         49         0          0          0.1039     2.1490     69         98         104        111        118        125        154       
785        61000      61000      163.76     72.02      0.4398     38.47      0.13       0.13       0.30       0          48.20      49         49         0          0          0.1039     2.1511     69         98         104        111        118        125        154       
786        61000      61000      163.75     71.22      0.4350     38.47      0.14       0.13       0.30       0          48.20      49         49         0          0          0.1039     2.1493     69         98         104        111        118        125        154       
787        61000      61000      163.77     70.39      0.4298     38.49      0.13       0.13       0.30       0          48.20      49         49         0          0          0.1039     2.1530     69         98         104        111        118        125        154       
788        61000      61000      163.77     71.43      0.4362     38.42      0.14       0.13       0.30       0          48.20      49         49         0          0          0.1039     2.1531     69         98         104        111        118        125        154       
789        61000      61000      163.75     71.04      0.4338     38.39      0.13       0.13       0.30       0          48.20      49         49         0          0          0.1039     2.1510     69         98         104        111        118        125        154       
790        61000      61000      163.77     71.24      0.4350     38.43      0.14       0.13       0.30       0          48.20      49         49         0          0          0.1039     2.1543     69         98         104        111        118        125        154       
791        61000      61000      163.78     70.60      0.4311     38.44      0.14       0.13       0.30       0          48.20      49         49         0          0          0.1039     2.1521     69         98         104        111        118        125        154       
792        61000      61000      163.75     71.00      0.4336     38.46      0.14       0.13       0.30       0          48.19      49         49         0          0          0.1039     2.1568     69         98         104        111        118        125        154       
793        61000      61000      163.76     70.11      0.4281     38.47      0.14       0.13       0.30       0          48.19      49         49         0          0          0.1039     2.1522     69         98         104        111        118        125        154       
794        61000      61000      163.76     70.97      0.4334     38.41      0.13       0.13       0.30       0          48.19      49         49         0          0          0.1038     2.1588     69         98         104        111        118        125        154       
795        61000      61000      163.77     70.55      0.4308     38.35      0.14       0.13       0.30       0          48.19      49         49         0          0          0.1038     2.1546     69         98         104        111        118        125        154       
796        61000      61000      163.75     70.35      0.4296     38.40      0.14       0.13       0.30       0          48.19      49         49         0          0          0.1038     2.1542     69         98         104        111        118        125        154       
797        61000      61000      163.75     71.22      0.4349     38.38      0.14       0.13       0.30       0          48.19      49         49         0          0          0.1038     2.1533     69         98         104        111        118        125        154       
798        61000      61000      163.76     70.75      0.4320     38.49      0.14       0.13       0.30       0          48.18      49         49         0          0          0.1038     2.1484     69         98         104        111        118        125        154       
799        61000      61000      163.76     70.98      0.4335     38.41      0.13       0.13       0.30       0          48.18      49         49         0          0          0.1038     2.1514     70         98         104        111        118        125        154       
800        61000      61000      163.75     71.03      0.4338     38.42      0.13       0.13       0.30       0          48.18      49         49         0          0          0.1038     2.1499     70         98         104        111        118        125        154       
801        61000      61000      163.77     71.06      0.4339     38.43      0.13       0.13       0.30       0          48.18      49         49         0          0          0.1038     2.1543     70         98         104        111        118        125        154       
802        61000      61000      163.76     71.24      0.4350     38.48      0.14       0.13       0.30       0          48.18      49         49         0          0          0.1038     2.1576     70         98         104        111        118        125        154       
803        61000      61000      163.77     71.39      0.4359     38.48      0.14       0.13       0.30       0          48.18      49         49         0          0          0.1038     2.1562     70         98         104        111        118        125        154       
804        61000      61000      163.75     70.04      0.4277     38.46      0.14       0.13       0.30       0          48.18      49         49         0          0          0.1038     2.1502     70         98         104        111        118        125        154       
805        61000      61000      163.75     70.10      0.4281     38.40      0.13       0.13       0.30       0          48.18      49         49         0          0          0.1038     2.1509     70         98         104        111        118        125        154       
806        61000      61000      163.77     70.16      0.4284     38.36      0.13       0.13       0.30       0          48.17      49         49         0          0          0.1038     2.1513     70         98         104        111        118        125        154       
807        61000      61000      163.77     70.59      0.4311     38.39      0.14       0.13       0.30       0          48.17      49         49         0          0          0.1038     2.1505     70         98         104        111        118        125        154       
808        61000      61000      163.77     70.77      0.4321     38.42      0.14       0.13       0.30       0          48.17      49         49         0          0          0.1038     2.1516     70         98         104        111        118        125        154       
809        61000      61000      163.73     70.48      0.4304     38.39      0.14       0.13       0.30       0          48.17      49         49         0          0          0.1038     2.1516     70         98         104        111        118        125        154       
810        61000      61000      163.77     69.52      0.4245     38.32      0.14       0.13       0.30       0          48.17      49         49         0          0          0.1038     2.1530     70         98         104        111        118        125        154       
811        61000      61000      163.75     71.89      0.4390     38.31      0.14       0.13       0.30       0          48.17      49         49         0          0          0.1038     2.1526     70         98         104        111        118        125        154       
812        61000      61000      163.74     70.97      0.4334     38.31      0.14       0.13       0.30       0          48.16      49         49         0          0          0.1037     2.1476     70         98         104        111        118        125        154       
813        61000      61000      163.76     69.58      0.4249     38.33      0.14       0.13       0.30       0          48.16      49         49         0          0          0.1037     2.1527     70         98         104        111        118        125        154       
814        61000      61000      163.76     71.11      0.4342     38.34      0.13       0.13       0.30       0          48.16      49         49         0          0          0.1037     2.1466     70         98         104        111        118        125        154       
815        61000      61000      163.77     70.92      0.4331     38.36      0.14       0.13       0.30       0          48.16      49         49         0          0          0.1037     2.1521     71         98         104        111        118        125        154       
816        61000      61000      163.75     69.88      0.4268     38.36      0.14       0.13       0.30       0          48.16      49         49         0          0          0.1037     2.1499     71         98         104        111        118        125        154       
817        61000      61000      163.77     70.28      0.4291     38.40      0.14       0.13       0.30       0          48.16      49         49         0          0          0.1037     2.1498     71         98         104        111        118        125        154       
818        61000      61000      163.77     71.71      0.4378     38.40      0.14       0.13       0.30       0          48.16      49         49         0          0          0.1037     2.1505     71         98         104        111        118        125        154       
819        61000      61000      163.73     70.41      0.4301     38.41      0.14       0.13       0.30       0          48.16      49         49         0          0          0.1037     2.1461     71         98         104        111        118        125        154       
820        61000      61000      163.75     70.33      0.4295     38.40      0.14       0.13       0.30       0          48.16      49         49         0          0          0.1037     2.1528     71         98         104        111        118        125        154       
821        61000      61000      163.76     70.79      0.4323     38.44      0.14       0.13       0.30       0          48.16      49         49         0          0          0.1037     2.1548     71         98         104        111        118        125        154       
822        61000      61000      163.76     70.38      0.4298     38.40      0.14       0.13       0.30       0          48.15      49         49         0          0          0.1037     2.1496     71         98         104        111        118        125        154       
823        61000      61000      163.75     70.81      0.4324     38.33      0.14       0.13       0.30       0          48.15      49         49         0          0          0.1037     2.1526     72         98         104        111        118        125        154       
824        61000      61000      163.77     70.89      0.4328     38.35      0.14       0.13       0.30       0          48.15      49         49         0          0          0.1037     2.1499     72         98         104        111        118        125        154       
825        61000      61000      163.76     70.94      0.4332     38.42      0.14       0.13       0.30       0          48.15      49         49         0          0          0.1037     2.1528     72         98         104        111        118        125        154       
826        61000      61000      163.76     71.04      0.4338     38.41      0.14       0.13       0.30       0          48.15      49         49         0          0          0.1037     2.1494     72         98         104        111        118        125        154       
827        61000      61000      163.77     70.77      0.4321     38.41      0.13       0.13       0.30       0          48.15      49         49         0          0          0.1037     2.1464     72         98         104        111        118        125        154       
828        61000      61000      163.77     70.38      0.4298     38.43      0.13       0.13       0.30       0          48.15      49         49         0          0          0.1037     2.1541     72         98         104        111        118        125        154       
829        61000      61000      163.76     70.53      0.4307     38.37      0.13       0.13       0.30       0          48.15      49         49         0          0          0.1037     2.1534     72         98         104        111        118        125        154       
830        61000      61000      163.77     69.64      0.4252     38.50      0.14       0.13       0.30       0          48.15      49         49         0          0          0.1037     2.1569     72         98         104        111        118        125        154       
831        61000      61000      163.78     70.96      0.4333     38.41      0.14       0.13       0.30       0          48.15      49         49         0          0          0.1037     2.1589     72         98         104        111        118        125        154       
832        61000      61000      163.77     71.52      0.4367     38.44      0.14       0.13       0.30       0          48.14      49         49         0          0          0.1037     2.1466     72         98         104        111        118        125        154       
833        61000      61000      163.76     71.63      0.4374     38.54      0.14       0.13       0.30       0          48.14      49         49         0          0          0.1037     2.1527     72         98         104        111        118        125        154       
834        61000      61000      163.76     71.31      0.4354     38.52      0.14       0.13       0.30       0          48.14      49         49         0          0          0.1037     2.1536     72         98         104        111        118        125        154       
835        61000      61000      163.76     70.46      0.4303     38.46      0.14       0.13       0.30       0          48.14      49         49         0          0          0.1037     2.1537     72         98         104        111        118        125        154       
836        61000      61000      163.75     71.07      0.4340     38.46      0.14       0.13       0.30       0          48.14      49         49         0          0          0.1037     2.1493     72         98         104        111        118        125        154       
837        61000      61000      163.75     72.32      0.4416     38.51      0.14       0.13       0.30       0          48.14      49         49         0          0          0.1037     2.1568     72         98         104        111        118        125        154       
838        61000      61000      163.73     71.23      0.4351     38.56      0.14       0.13       0.30       0          48.14      49         49         0          0          0.1036     2.1507     72         98         104        111        118        125        154       
839        61000      61000      163.79     71.62      0.4373     38.51      0.14       0.13       0.30       0          48.14      49         49         0          0          0.1036     2.1498     72         98         104        111        118        125        154       
840        61000      61000      163.76     69.99      0.4274     38.51      0.14       0.13       0.30       0          48.14      49         49         0          0          0.1036     2.1546     72         98         104        111        118        125        154       
841        61000      61000      163.77     71.33      0.4355     38.53      0.14       0.13       0.30       0          48.14      48         48         0          0          0.1036     2.1517     72         98         104        111        118        125        154       
842        61000      61000      163.75     71.70      0.4378     38.57      0.14       0.13       0.30       0          48.14      48         48         0          0          0.1036     2.1496     72         98         104        111        118        125        154       
843        61000      61000      163.75     71.03      0.4338     38.53      0.14       0.13       0.30       0          48.14      48         48         0          0          0.1036     2.1499     72         98         104        111        118        125        154       
844        61000      61000      163.75     70.49      0.4305     38.47      0.14       0.13       0.30       0          48.13      48         48         0          0          0.1036     2.1493     72         98         104        111        118        125        154       
845        61000      61000      163.78     71.20      0.4347     38.54      0.14       0.13       0.30       0          48.13      48         48         0          0          0.1036     2.1543     72         98         104        111        118        125        154       
846        61000      61000      163.77     70.76      0.4321     38.53      0.14       0.13       0.30       0          48.13      48         48         0          0          0.1036     2.1557     72         98         104        111        118        125        154       
847        61000      61000      163.77     70.26      0.4290     38.49      0.14       0.13       0.30       0          48.13      48         48         0          0          0.1036     2.1537     72         98         104        111        118        125        154       
848        61000      61000      163.77     70.38      0.4298     38.49      0.14       0.13       0.30       0          48.13      48         48         0          0          0.1036     2.1489     72         98         104        111        118        125        154       
849        61000      61000      163.76     70.52      0.4307     38.40      0.14       0.13       0.30       0          48.13      48         48         0          0          0.1036     2.1509     72         98         104        111        118        125        154       
850        61000      61000      163.75     69.81      0.4263     38.39      0.14       0.13       0.30       0          48.13      48         48         0          0          0.1036     2.1542     72         98         104        111        118        125        154       
851        61000      61000      163.76     70.53      0.4307     38.48      0.14       0.13       0.30       0          48.13      48         48         0          0          0.1036     2.1529     72         98         104        111        118        125        154       
852        61000      61000      163.75     71.24      0.4350     38.35      0.13       0.13       0.30       0          48.13      48         48         0          0          0.1036     2.1535     72         98         104        111        118        125        154       
853        61000      61000      163.77     70.47      0.4303     38.42      0.14       0.13       0.30       0          48.13      48         48         0          0          0.1036     2.1513     72         98         104        111        118        125        154       
854        61000      61000      163.76     70.58      0.4310     38.41      0.14       0.13       0.30       0          48.13      48         48         0          0          0.1036     2.1591     72         98         104        111        118        125        154       
855        61000      61000      163.78     71.20      0.4347     38.38      0.14       0.13       0.30       0          48.13      48         48         0          0          0.1036     2.1509     72         98         104        111        118        125        154       
856        61000      61000      163.75     70.15      0.4284     38.39      0.13       0.13       0.30       0          48.13      48         48         0          0          0.1036     2.1498     72         98         104        111        118        125        154       
857        61000      61000      163.78     70.28      0.4291     38.49      0.14       0.13       0.30       0          48.12      48         48         0          0          0.1036     2.1529     72         98         104        111        118        125        154       
858        61000      61000      163.77     71.04      0.4338     38.43      0.14       0.13       0.30       0          48.12      48         48         0          0          0.1036     2.1491     72         98         104        111        118        125        154       
859        61000      61000      163.77     71.31      0.4355     38.56      0.14       0.13       0.30       0          48.12      48         48         0          0          0.1036     2.1528     72         98         104        111        118        125        154       
860        61000      61000      163.77     70.91      0.4330     38.52      0.14       0.13       0.30       0          48.12      48         48         0          0          0.1036     2.1468     72         98         104        111        118        125        154       
861        61000      61000      163.76     71.45      0.4363     38.55      0.14       0.13       0.30       0          48.12      48         48         0          0          0.1036     2.1490     72         98         104        111        118        125        154       
862        61000      61000      163.76     71.17      0.4346     38.58      0.14       0.13       0.30       0          48.12      48         48         0          0          0.1036     2.1496     72         98         104        111        118        125        154       
863        61000      61000      163.73     71.44      0.4363     38.55      0.14       0.13       0.30       0          48.12      48         48         0          0          0.1036     2.1542     72         98         104        111        118        125        154       
864        61000      61000      163.76     70.07      0.4279     38.55      0.14       0.13       0.30       0          48.12      48         48         0          0          0.1036     2.1504     72         98         104        111        118        125        154       
865        61000      61000      163.74     71.34      0.4357     38.50      0.14       0.13       0.30       0          48.12      48         48         0          0          0.1036     2.1553     72         98         104        111        118        125        154       
866        61000      61000      163.78     70.30      0.4292     38.48      0.14       0.13       0.30       0          48.12      48         48         0          0          0.1036     2.1467     72         98         104        111        118        125        154       
867        61000      61000      163.75     69.74      0.4259     38.51      0.14       0.13       0.30       0          48.12      48         48         0          0          0.1036     2.1502     72         98         104        111        118        125        154       
868        61000      61000      163.74     69.74      0.4259     38.35      0.14       0.13       0.30       0          48.12      48         48         0          0          0.1036     2.1533     72         98         104        111        118        125        154       
869        61000      61000      163.75     70.37      0.4297     38.42      0.13       0.13       0.30       0          48.12      48         48         0          0          0.1036     2.1488     72         98         104        111        118        125        154       
870        61000      61000      163.75     70.42      0.4300     38.37      0.14       0.13       0.30       0          48.12      48         48         0          0          0.1036     2.1561     72         98         104        111        118        125        154       
871        61000      61000      163.78     70.68      0.4315     38.37      0.14       0.13       0.30       0          48.12      48         48         0          0          0.1036     2.1513     72         98         104        111        118        125        154       
872        61000      61000      163.76     70.79      0.4323     38.38      0.14       0.13       0.30       0          48.12      48         48         0          0          0.1036     2.1575     72         98         104        111        118        125        154       
873        61000      61000      163.77     71.28      0.4352     38.43      0.13       0.13       0.30       0          48.12      48         48         0          0          0.1036     2.1519     72         98         104        111        118        125        154       
874        61000      61000      163.76     69.29      0.4231     38.45      0.14       0.13       0.30       0          48.11      48         48         0          0          0.1035     2.1531     72         98         104        111        118        125        154       
875        61000      61000      163.78     70.36      0.4296     38.55      0.14       0.13       0.30       0          48.11      48         48         0          0          0.1035     2.1460     72         98         104        111        118        125        154       
876        61000      61000      163.77     71.13      0.4343     38.42      0.14       0.13       0.30       0          48.11      48         48         0          0          0.1035     2.1518     72         98         104        111        118        125        154       
877        61000      61000      163.75     71.50      0.4366     38.41      0.14       0.13       0.30       0          48.11      48         48         0          0          0.1035     2.1523     72         98         104        111        118        125        154       
878        61000      61000      163.76     71.04      0.4338     38.41      0.14       0.13       0.30       0          48.11      48         48         0          0          0.1035     2.1504     72         98         104        111        118        125        154       
879        61000      61000      163.77     71.51      0.4367     38.57      0.14       0.13       0.30       0          48.11      48         48         0          0          0.1035     2.1467     72         98         104        111        118        125        154       
880        61000      61000      163.75     70.32      0.4295     38.47      0.14       0.13       0.30       0          48.11      48         48         0          0          0.1035     2.1508     72         98         104        111        118        125        154       
881        61000      61000      163.76     70.78      0.4322     38.54      0.14       0.13       0.30       0          48.11      48         48         0          0          0.1035     2.1508     73         98         104        111        118        125        154       
882        61000      61000      163.75     70.82      0.4325     38.51      0.14       0.13       0.30       0          48.11      48         48         0          0          0.1035     2.1515     73         98         104        111        118        125        154       
883        61000      61000      163.76     70.79      0.4323     38.51      0.14       0.13       0.30       0          48.11      48         48         0          0          0.1035     2.1488     73         98         104        111        118        125        154       
884        61000      61000      163.77     70.93      0.4331     38.54      0.14       0.13       0.30       0          48.11      48         48         0          0          0.1035     2.1568     73         98         104        111        118        125        154       
885        61000      61000      163.78     71.46      0.4363     38.63      0.14       0.13       0.30       0          48.11      48         48         0          0          0.1035     2.1572     73         98         104        111        118        125        154       
886        61000      61000      163.76     70.22      0.4288     38.60      0.14       0.13       0.30       0          48.11      48         48         0          0          0.1035     2.1481     73         98         104        111        118        125        154       
887        61000      61000      163.76     70.88      0.4328     38.51      0.14       0.13       0.30       0          48.11      48         48         0          0          0.1035     2.1548     73         98         104        111        118        125        154       
888        61000      61000      163.75     71.78      0.4383     38.52      0.14       0.13       0.30       0          48.11      48         48         0          0          0.1035     2.1488     73         98         104        111        118        125        154       
889        61000      61000      163.77     69.90      0.4268     38.51      0.14       0.13       0.30       0          48.11      48         48         0          0          0.1035     2.1541     73         98         104        111        118        125        154       
890        61000      61000      163.76     69.84      0.4265     38.44      0.14       0.13       0.30       0          48.10      48         48         0          0          0.1035     2.1515     73         98         104        111        118        125        154       
891        61000      61000      163.78     71.27      0.4352     38.41      0.14       0.13       0.30       0          48.10      48         48         0          0          0.1035     2.1494     73         98         104        111        118        125        154       
892        61000      61000      163.80     70.26      0.4290     38.40      0.14       0.13       0.30       0          48.10      48         48         0          0          0.1035     2.1518     73         98         104        111        118        125        154       
893        61000      61000      163.78     71.36      0.4357     38.48      0.14       0.13       0.30       0          48.10      48         48         0          0          0.1035     2.1500     73         98         104        111        118        125        154       
894        61000      61000      163.75     70.71      0.4318     38.51      0.14       0.13       0.30       0          48.10      48         48         0          0          0.1035     2.1549     73         98         104        111        118        125        154       
895        61000      61000      163.75     70.75      0.4321     38.55      0.14       0.13       0.30       0          48.10      48         48         0          0          0.1035     2.1529     73         98         104        111        118        125        154       
896        61000      61000      163.77     71.43      0.4361     38.53      0.14       0.13       0.30       0          48.10      48         48         0          0          0.1035     2.1535     73         98         104        111        118        125        154       
897        61000      61000      163.75     70.00      0.4275     38.53      0.14       0.13       0.30       0          48.10      48         48         0          0          0.1035     2.1494     73         98         104        111        118        125        154       
898        61000      61000      163.76     70.58      0.4310     38.58      0.14       0.13       0.30       0          48.10      48         48         0          0          0.1035     2.1536     73         98         104        111        118        125        154       
899        61000      61000      163.75     71.09      0.4341     38.54      0.14       0.13       0.30       0          48.10      48         48         0          0          0.1035     2.1536     73         98         104        111        118        125        154       
900        61000      61000      163.76     70.45      0.4302     38.58      0.14       0.13       0.30       0          48.10      48         48         0          0          0.1035     2.1516     73         98         104        111        118        125        154       
901        61000      61000      163.78     70.68      0.4316     38.54      0.14       0.13       0.30       0          48.10      48         48         0          0          0.1035     2.1521     73         98         104        111        118        125        154       
902        61000      61000      163.75     70.27      0.4291     38.60      0.14       0.14       0.30       0          48.10      48         48         0          0          0.1035     2.1509     73         98         104        111        118        125        154       
903        61000      61000      163.76     70.89      0.4329     38.54      0.14       0.13       0.30       0          48.10      48         48         0          0          0.1035     2.1565     73         98         104        111        118        125        154       
904        61000      61000      163.75     69.35      0.4235     38.51      0.14       0.13       0.30       0          48.10      48         48         0          0          0.1035     2.1530     73         98         104        111        118        125        154       
905        61000      61000      163.74     70.94      0.4333     38.49      0.14       0.13       0.30       0          48.10      48         48         0          0          0.1035     2.1461     73         98         104        111        118        125        154       
906        61000      61000      163.75     71.02      0.4337     38.53      0.14       0.13       0.30       0          48.10      48         48         0          0          0.1035     2.1552     73         98         104        111        118        125        154       
907        61000      61000      163.74     70.11      0.4282     38.45      0.14       0.13       0.30       0          48.09      48         48         0          0          0.1035     2.1558     73         98         104        111        118        125        154       
908        61000      61000      163.75     69.41      0.4239     38.40      0.14       0.13       0.30       0          48.09      48         48         0          0          0.1035     2.1515     73         98         104        111        118        125        154       
909        61000      61000      163.77     70.53      0.4307     38.41      0.14       0.13       0.30       0          48.09      48         48         0          0          0.1035     2.1594     73         98         104        111        118        125        154       
910        61000      61000      163.76     69.83      0.4264     38.46      0.14       0.13       0.30       0          48.09      48         48         0          0          0.1035     2.1548     73         98         104        111        118        125        154       
911        61000      61000      163.76     69.71      0.4257     38.44      0.14       0.13       0.30       0          48.09      48         48         0          0          0.1035     2.1553     73         98         104        111        118        125        154       
912        61000      61000      163.77     69.26      0.4229     38.37      0.13       0.13       0.30       0          48.09      48         48         0          0          0.1035     2.1505     73         98         104        111        118        125        154       
913        61000      61000      163.77     70.84      0.4326     38.39      0.14       0.13       0.30       0          48.09      48         48         0          0          0.1035     2.1558     73         98         104        111        118        125        154       
914        61000      61000      163.76     70.51      0.4306     38.45      0.14       0.13       0.30       0          48.09      48         48         0          0          0.1035     2.1458     73         98         104        111        118        125        154       
915        61000      61000      163.76     70.98      0.4334     38.47      0.14       0.13       0.30       0          48.09      48         48         0          0          0.1035     2.1521     73         98         104        111        118        125        154       
916        61000      61000      163.76     71.04      0.4338     38.47      0.14       0.13       0.30       0          48.09      48         48         0          0          0.1035     2.1493     73         98         104        111        118        125        154       
917        61000      61000      163.77     70.33      0.4295     38.54      0.14       0.13       0.30       0          48.09      48         48         0          0          0.1035     2.1499     73         98         104        111        118        125        154       
918        61000      61000      163.77     70.61      0.4312     38.43      0.14       0.13       0.30       0          48.09      48         48         0          0          0.1035     2.1496     73         98         104        111        118        125        154       
919        61000      61000      163.75     71.46      0.4364     38.49      0.14       0.13       0.30       0          48.09      48         48         0          0          0.1035     2.1547     73         98         104        111        118        125        154       
920        61000      61000      163.75     71.53      0.4368     38.60      0.14       0.14       0.30       0          48.09      48         48         0          0          0.1035     2.1487     73         98         104        111        118        125        154       
921        61000      61000      163.75     71.11      0.4342     38.71      0.14       0.14       0.30       0          48.09      48         48         0          0          0.1035     2.1507     73         98         104        111        118        125        154       
922        61000      61000      163.78     71.96      0.4394     38.63      0.14       0.14       0.30       0          48.09      48         48         0          0          0.1034     2.1522     73         98         104        111        118        125        154       
923        61000      61000      163.75     71.05      0.4339     38.67      0.14       0.14       0.30       0          48.09      48         48         0          0          0.1034     2.1466     73         98         104        111        118        125        154       
924        61000      61000      163.75     70.58      0.4310     38.70      0.14       0.14       0.30       0          48.09      48         48         0          0          0.1034     2.1502     73         98         104        111        118        125        154       
925        61000      61000      163.76     70.96      0.4333     38.62      0.14       0.14       0.30       0          48.09      48         48         0          0          0.1034     2.1555     73         98         104        111        118        125        154       
926        61000      61000      163.75     71.55      0.4369     38.62      0.14       0.14       0.30       0          48.09      48         48         0          0          0.1034     2.1490     73         98         104        111        118        125        154       
927        61000      61000      163.74     69.79      0.4262     38.56      0.14       0.14       0.30       0          48.09      48         48         0          0          0.1034     2.1449     73         98         104        111        118        125        154       
928        61000      61000      163.77     70.37      0.4297     38.57      0.14       0.13       0.30       0          48.09      48         48         0          0          0.1034     2.1571     73         98         104        111        118        125        154       
929        61000      61000      163.77     70.79      0.4323     38.52      0.14       0.13       0.30       0          48.09      48         48         0          0          0.1034     2.1492     73         98         104        111        118        125        154       
930        61000      61000      163.74     70.79      0.4323     38.53      0.14       0.13       0.30       0          48.09      48         48         0          0          0.1034     2.1499     73         98         104        111        118        125        154       
931        61000      61000      163.76     71.29      0.4353     38.50      0.14       0.13       0.30       0          48.08      48         48         0          0          0.1034     2.1503     73         98         104        111        118        125        154       
932        61000      61000      163.74     71.68      0.4378     38.61      0.14       0.13       0.30       0          48.08      48         48         0          0          0.1034     2.1528     73         98         104        111        118        125        154       
933        61000      61000      163.77     70.62      0.4312     38.60      0.14       0.13       0.30       0          48.08      48         48         0          0          0.1034     2.1536     73         98         104        111        118        125        154       
934        61000      61000      163.75     70.48      0.4304     38.61      0.14       0.13       0.30       0          48.08      48         48         0          0          0.1034     2.1511     73         98         104        111        118        125        154       
935        61000      61000      163.76     69.53      0.4246     38.66      0.14       0.14       0.30       0          48.08      48         48         0          0          0.1034     2.1541     73         98         104        111        118        125        154       
936        61000      61000      163.75     71.44      0.4363     38.61      0.14       0.14       0.30       0          48.08      48         48         0          0          0.1034     2.1548     73         98         104        111        118        125        154       
937        61000      61000      163.74     70.63      0.4314     38.58      0.14       0.14       0.30       0          48.08      48         48         0          0          0.1034     2.1547     73         98         104        111        118        125        154       
938        61000      61000      163.76     70.82      0.4324     38.64      0.14       0.14       0.30       0          48.08      48         48         0          0          0.1034     2.1477     73         98         104        111        118        125        154       
939        61000      61000      163.75     72.02      0.4398     38.56      0.14       0.13       0.30       0          48.08      48         48         0          0          0.1034     2.1534     73         98         104        111        118        125        154       
940        61000      61000      163.75     70.67      0.4316     38.61      0.14       0.14       0.30       0          48.08      48         48         0          0          0.1034     2.1492     73         98         104        111        118        125        154       
941        61000      61000      163.76     70.83      0.4326     38.55      0.14       0.14       0.30       0          48.08      48         48         0          0          0.1034     2.1495     73         98         104        111        118        125        154       
942        61000      61000      163.76     70.32      0.4294     38.60      0.14       0.14       0.30       0          48.08      48         48         0          0          0.1034     2.1475     73         98         104        111        118        125        154       
943        61000      61000      163.77     70.83      0.4325     38.47      0.14       0.13       0.30       0          48.08      48         48         0          0          0.1034     2.1539     73         98         104        111        118        125        154       
944        61000      61000      163.75     71.61      0.4373     38.59      0.14       0.14       0.30       0          48.08      48         48         0          0          0.1034     2.1507     73         98         104        111        118        125        154       
945        61000      61000      163.76     70.49      0.4304     38.67      0.14       0.14       0.30       0          48.08      48         48         0          0          0.1034     2.1460     73         98         104        111        118        125        154       
946        61000      61000      163.76     71.52      0.4367     38.63      0.14       0.14       0.30       0          48.08      48         48         0          0          0.1034     2.1487     73         98         104        111        118        125        154       
947        61000      61000      163.75     70.79      0.4323     38.58      0.14       0.14       0.30       0          48.08      48         48         0          0          0.1034     2.1521     73         98         104        111        118        125        154       
948        61000      61000      163.76     70.90      0.4329     38.63      0.14       0.14       0.30       0          48.08      48         48         0          0          0.1034     2.1568     73         98         104        111        118        125        154       
949        61000      61000      163.75     70.00      0.4275     38.58      0.14       0.13       0.30       0          48.08      48         48         0          0          0.1034     2.1438     73         98         104        111        118        125        154       
950        61000      61000      163.73     71.46      0.4365     38.57      0.14       0.14       0.30       0          48.08      48         48         0          0          0.1034     2.1483     73         98         104        111        118        125        154       
951        61000      61000      163.78     71.39      0.4359     38.68      0.14       0.14       0.30       0          48.08      48         48         0          0          0.1034     2.1500     73         98         104        111        118        125        154       
952        61000      61000      163.77     70.59      0.4311     38.69      0.14       0.14       0.30       0          48.08      48         48         0          0          0.1034     2.1504     73         98         104        111        118        125        154       
953        61000      61000      163.75     70.34      0.4296     38.66      0.14       0.14       0.30       0          48.08      48         48         0          0          0.1034     2.1483     73         98         104        111        118        125        154       
954        61000      61000      163.75     71.50      0.4367     38.59      0.14       0.13       0.30       0          48.08      48         48         0          0          0.1034     2.1501     73         98         104        111        118        125        154       
955        61000      61000      163.76     70.71      0.4318     38.62      0.14       0.14       0.30       0          48.08      48         48         0          0          0.1034     2.1559     73         98         104        111        118        125        154       
956        61000      61000      163.78     71.14      0.4344     38.68      0.14       0.14       0.30       0          48.08      48         48         0          0          0.1034     2.1519     73         98         104        111        118        125        154       
957        61000      61000      163.76     71.29      0.4353     38.63      0.14       0.14       0.30       0          48.08      48         48         0          0          0.1034     2.1514     73         98         104        111        118        125        154       
958        61000      61000      163.76     71.20      0.4348     38.69      0.14       0.14       0.30       0          48.08      48         48         0          0          0.1034     2.1494     73         98         104        111        118        125        154       
959        61000      61000      163.75     71.31      0.4355     38.54      0.14       0.13       0.30       0          48.08      48         48         0          0          0.1034     2.1510     73         98         104        111        118        125        154       
960        61000      61000      163.75     71.26      0.4352     38.49      0.14       0.14       0.30       0          48.08      48         48         0          0          0.1034     2.1443     73         98         104        111        118        125        154       
961        61000      61000      163.75     69.98      0.4274     38.54      0.14       0.13       0.30       0          48.08      48         48         0          0          0.1034     2.1527     73         98         104        111        118        125        154       
962        61000      61000      163.76     69.99      0.4274     38.65      0.14       0.14       0.30       0          48.08      48         48         0          0          0.1034     2.1517     73         98         104        111        118        125        154       
963        61000      61000      163.76     70.44      0.4301     38.62      0.14       0.14       0.30       0          48.08      48         48         0          0          0.1034     2.1542     73         98         104        111        118        125        154       
964        61000      61000      163.79     71.33      0.4355     38.54      0.14       0.14       0.30       0          48.08      48         48         0          0          0.1034     2.1529     73         98         104        111        118        125        154       
965        61000      61000      163.75     71.21      0.4349     38.58      0.14       0.13       0.30       0          48.07      48         48         0          0          0.1034     2.1563     73         98         104        111        118        125        154       
966        61000      61000      163.75     70.37      0.4298     38.59      0.14       0.14       0.30       0          48.07      48         48         0          0          0.1034     2.1545     73         98         104        111        118        125        154       
967        61000      61000      163.76     69.95      0.4271     38.56      0.14       0.14       0.30       0          48.07      48         48         0          0          0.1034     2.1541     73         98         104        111        118        125        154       
968        61000      61000      163.76     69.76      0.4260     38.53      0.14       0.13       0.30       0          48.07      48         48         0          0          0.1034     2.1490     73         98         104        111        118        125        154       
969        61000      61000      163.79     70.75      0.4319     38.54      0.14       0.14       0.30       0          48.07      48         48         0          0          0.1034     2.1460     73         98         104        111        118        125        154       
970        61000      61000      163.75     70.90      0.4330     38.51      0.14       0.13       0.30       0          48.07      48         48         0          0          0.1034     2.1482     73         98         104        111        118        125        154       
971        61000      61000      163.77     71.23      0.4349     38.61      0.14       0.14       0.30       0          48.07      48         48         0          0          0.1034     2.1538     73         98         104        111        118        125        154       
972        61000      61000      163.76     70.78      0.4322     38.62      0.14       0.14       0.30       0          48.07      48         48         0          0          0.1034     2.1527     73         98         104        111        118        125        154       
973        61000      61000      163.75     71.08      0.4341     38.70      0.14       0.14       0.30       0          48.07      48         48         0          0          0.1034     2.1577     73         98         104        111        118        125        154       
974        61000      61000      163.75     71.46      0.4364     38.71      0.14       0.14       0.30       0          48.07      48         48         0          0          0.1034     2.1554     73         98         104        111        118        125        154       
975        61000      61000      163.75     70.63      0.4313     38.72      0.14       0.14       0.30       0          48.07      48         48         0          0          0.1034     2.1524     73         98         104        111        118        125        154       
976        61000      61000      163.76     70.31      0.4294     38.62      0.14       0.14       0.30       0          48.07      48         48         0          0          0.1034     2.1485     73         98         104        111        118        125        154       
977        61000      61000      163.74     71.33      0.4356     38.67      0.14       0.14       0.30       0          48.07      48         48         0          0          0.1034     2.1522     73         98         104        111        118        125        154       
978        61000      61000      163.76     71.23      0.4349     38.66      0.14       0.14       0.30       0          48.07      48         48         0          0          0.1034     2.1482     73         98         104        111        118        125        154       
979        61000      61000      163.77     70.84      0.4325     38.65      0.14       0.14       0.30       0          48.07      48         48         0          0          0.1034     2.1528     73         98         104        111        118        125        154       
980        61000      61000      163.76     71.12      0.4343     38.58      0.14       0.14       0.30       0          48.07      48         48         0          0          0.1034     2.1553     73         98         104        111        118        125        154       
981        61000      61000      163.77     71.10      0.4342     38.58      0.14       0.14       0.30       0          48.07      48         48         0          0          0.1034     2.1543     73         98         104        111        118        125        154       
982        61000      61000      163.78     70.22      0.4288     38.64      0.15       0.14       0.30       0          48.07      48         48         0          0          0.1034     2.1509     73         98         104        111        118        125        154       
983        61000      61000      163.76     71.15      0.4345     38.62      0.14       0.14       0.30       0          48.07      48         48         0          0          0.1034     2.1517     73         98         104        111        118        125        154       
984        61000      61000      163.74     71.42      0.4362     38.57      0.14       0.14       0.30       0          48.07      48         48         0          0          0.1034     2.1499     73         98         104        111        118        125        154       
985        61000      61000      163.77     70.65      0.4314     38.72      0.14       0.14       0.30       0          48.07      48         48         0          0          0.1034     2.1530     73         98         104        111        118        125        154       
986        61000      61000      163.76     72.27      0.4413     38.70      0.14       0.14       0.30       0          48.07      48         48         0          0          0.1034     2.1506     73         98         104        111        118        125        154       
987        61000      61000      163.79     70.69      0.4316     38.63      0.14       0.14       0.30       0          48.07      48         48         0          0          0.1034     2.1533     73         98         104        111        118        125        154       
988        61000      61000      163.76     72.04      0.4399     38.63      0.14       0.14       0.30       0          48.07      48         48         0          0          0.1034     2.1477     73         98         104        111        118        125        154       
989        61000      61000      163.78     70.78      0.4322     38.67      0.14       0.14       0.30       0          48.07      48         48         0          0          0.1034     2.1530     73         98         104        111        118        125        154       
990        61000      61000      163.76     70.56      0.4309     38.70      0.14       0.14       0.30       0          48.07      48         48         0          0          0.1034     2.1475     73         98         104        111        118        125        154       
991        61000      61000      163.74     71.47      0.4365     38.78      0.14       0.14       0.30       0          48.07      48         48         0          0          0.1034     2.1542     73         98         104        111        118        125        154       
992        61000      61000      163.76     70.78      0.4322     38.73      0.14       0.14       0.30       0          48.07      48         48         0          0          0.1034     2.1546     73         98         104        111        118        125        154       
993        61000      61000      163.78     70.71      0.4318     38.76      0.14       0.14       0.30       0          48.07      48         48         0          0          0.1034     2.1549     73         98         104        111        118        125        154       
994        61000      61000      163.75     71.93      0.4393     38.74      0.14       0.14       0.30       0          48.07      48         48         0          0          0.1034     2.1517     73         98         104        111        118        125        154       
995        61000      61000      163.75     70.04      0.4277     38.72      0.14       0.14       0.30       0          48.07      48         48         0          0          0.1034     2.1516     73         98         104        111        118        125        154       
996        61000      61000      163.76     70.69      0.4317     38.71      0.14       0.14       0.30       0          48.07      48         48         0          0          0.1034     2.1524     73         98         104        111        118        125        154       
997        61000      61000      163.76     70.16      0.4284     38.59      0.14       0.14       0.30       0          48.07      48         48         0          0          0.1034     2.1502     73         98         104        111        118        125        154       
998        61000      61000      163.74     70.99      0.4336     38.63      0.14       0.14       0.30       0          48.06      48         48         0          0          0.1034     2.1535     73         98         104        111        118        125        154       
999        61000      61000      163.77     70.58      0.4309     38.60      0.14       0.14       0.30       0          48.06      48         48         0          0          0.1034     2.1539     73         98         104        111        118        125        154       
1000       61000      61000      163.76     70.68      0.4316     38.65      0.14       0.14       0.30       0          48.06      48         48         0          0          0.1034     2.1485     73         98         104        111        118        125        154       
1001       61000      61000      163.76     70.54      0.4308     38.63      0.14       0.14       0.30       0          48.06      48         48         0          0          0.1033     2.1484     73         98         104        111        118        125        154       
1002       61000      61000      163.76     70.54      0.4307     38.65      0.14       0.14       0.30       0          48.06      48         48         0          0          0.1033     2.1489     73         98         104        111        118        125        154       
1003       61000      61000      163.75     70.00      0.4275     38.63      0.14       0.14       0.30       0          48.06      48         48         0          0          0.1033     2.1529     73         98         104        111        118        125        154       
1004       61000      61000      163.77     70.18      0.4285     38.57      0.14       0.14       0.30       0          48.06      48         48         0          0          0.1033     2.1513     73         98         104        111        118        125        154       
1005       61000      61000      163.76     71.21      0.4349     38.54      0.14       0.14       0.30       0          48.06      48         48         0          0          0.1033     2.1472     73         98         104        111        118        125        154       
1006       61000      61000      163.73     70.30      0.4294     38.64      0.14       0.14       0.30       0          48.06      48         48         0          0          0.1033     2.1494     73         98         104        111        118        125        154       
1007       61000      61000      163.76     71.27      0.4352     38.65      0.14       0.14       0.30       0          48.06      48         48         0          0          0.1033     2.1508     73         98         104        111        118        125        154       
1008       61000      61000      163.75     71.41      0.4361     38.63      0.15       0.14       0.30       0          48.06      48         48         0          0          0.1033     2.1519     73         98         104        111        118        125        154       
1009       61000      61000      163.75     71.29      0.4354     38.70      0.14       0.14       0.30       0          48.06      48         48         0          0          0.1033     2.1569     73         98         104        111        118        125        154       
1010       61000      61000      163.74     71.33      0.4356     38.69      0.14       0.14       0.30       0          48.06      48         48         0          0          0.1033     2.1492     73         98         104        111        118        125        154       
1011       61000      61000      163.75     70.23      0.4289     38.68      0.14       0.14       0.30       0          48.06      48         48         0          0          0.1033     2.1489     73         98         104        111        118        125        154       
1012       61000      61000      163.79     70.76      0.4320     38.63      0.14       0.14       0.30       0          48.06      48         48         0          0          0.1033     2.1518     73         98         104        111        118        125        154       
1013       61000      61000      163.75     71.73      0.4380     38.64      0.14       0.14       0.30       0          48.06      48         48         0          0          0.1033     2.1562     73         98         104        111        118        125        154       
1014       61000      61000      163.76     70.89      0.4329     38.79      0.14       0.14       0.30       0          48.06      48         48         0          0          0.1033     2.1474     73         98         104        111        118        125        154       
1015       61000      61000      163.75     70.41      0.4300     38.69      0.15       0.14       0.30       0          48.06      48         48         0          0          0.1033     2.1515     73         98         104        111        118        125        154       
1016       61000      61000      163.75     71.16      0.4346     38.64      0.15       0.14       0.30       0          48.06      48         48         0          0          0.1033     2.1520     73         98         104        111        118        125        154       
1017       61000      61000      163.75     71.07      0.4340     38.69      0.14       0.14       0.30       0          48.06      48         48         0          0          0.1033     2.1508     73         98         104        111        118        125        154       
1018       61000      61000      163.73     71.60      0.4373     38.76      0.14       0.14       0.30       0          48.06      48         48         0          0          0.1033     2.1539     73         98         104        111        118        125        154       
1019       61000      61000      163.76     70.72      0.4318     38.77      0.14       0.14       0.30       0          48.06      48         48         0          0          0.1033     2.1470     73         98         104        111        118        125        154       
1020       61000      61000      163.76     70.93      0.4332     38.76      0.15       0.14       0.30       0          48.06      48         48         0          0          0.1033     2.1530     73         98         104        111        118        125        154       
1021       61000      61000      163.76     71.56      0.4370     38.79      0.14       0.14       0.30       0          48.06      48         48         0          0          0.1033     2.1517     73         98         104        111        118        125        154       
1022       61000      61000      163.78     71.64      0.4374     38.73      0.14       0.14       0.30       0          48.06      48         48         0          0          0.1033     2.1542     73         98         104        111        118        125        154       
1023       61000      61000      163.76     71.10      0.4342     38.69      0.14       0.14       0.30       0          48.06      48         48         0          0          0.1033     2.1521     73         98         104        111        118        125        154       
1024       61000      61000      163.76     71.25      0.4351     38.74      0.14       0.14       0.30       0          48.06      48         48         0          0          0.1033     2.1539     73         98         104        111        118        125        154       
1025       61000      61000      163.75     71.52      0.4368     38.74      0.14       0.14       0.30       0          48.06      48         48         0          0          0.1033     2.1515     73         98         104        111        118        125        154       
1026       61000      61000      163.71     72.06      0.4401     38.62      0.14       0.14       0.30       0          48.06      48         48         0          0          0.1033     2.1510     73         98         104        111        118        125        154       
1027       61000      61000      163.74     70.97      0.4334     38.75      0.15       0.14       0.30       0          48.06      48         48         0          0          0.1033     2.1478     73         98         104        111        118        125        154       
1028       61000      61000      163.75     71.77      0.4383     38.71      0.14       0.14       0.30       0          48.06      48         48         0          0          0.1033     2.1520     73         98         104        111        118        125        154       
1029       61000      61000      163.75     71.55      0.4369     38.80      0.15       0.14       0.30       0          48.06      48         48         0          0          0.1033     2.1511     73         98         104        111        118        125        154       
1030       61000      61000      163.76     70.91      0.4330     38.82      0.15       0.14       0.30       0          48.06      48         48         0          0          0.1033     2.1519     73         98         104        111        118        125        154       
1031       61000      61000      163.76     71.35      0.4357     38.80      0.14       0.14       0.30       0          48.05      48         48         0          0          0.1033     2.1554     73         98         104        111        118        125        154       
1032       61000      61000      163.79     71.31      0.4354     38.85      0.15       0.14       0.30       0          48.05      48         48         0          0          0.1033     2.1520     73         98         104        111        118        125        154       
1033       61000      61000      163.76     71.70      0.4378     38.88      0.14       0.14       0.30       0          48.05      48         48         0          0          0.1033     2.1492     73         98         104        111        118        125        154       
1034       61000      61000      163.78     71.44      0.4362     38.79      0.14       0.14       0.30       0          48.05      48         48         0          0          0.1033     2.1492     73         98         104        111        118        125        154       
1035       61000      61000      163.76     71.69      0.4378     38.80      0.15       0.14       0.30       0          48.05      48         48         0          0          0.1033     2.1498     73         98         104        111        118        125        154       
1036       61000      61000      163.76     71.41      0.4360     38.81      0.15       0.14       0.30       0          48.05      48         48         0          0          0.1033     2.1503     73         98         104        111        118        125        154       
1037       61000      61000      163.76     69.56      0.4248     38.81      0.14       0.14       0.30       0          48.05      48         48         0          0          0.1033     2.1497     73         98         104        111        118        125        154       
1038       61000      61000      163.76     70.82      0.4325     38.72      0.14       0.14       0.30       0          48.05      48         48         0          0          0.1033     2.1551     73         98         104        111        118        125        154       
1039       61000      61000      163.76     71.46      0.4364     38.65      0.14       0.14       0.30       0          48.05      48         48         0          0          0.1033     2.1473     73         98         104        111        118        125        154       
1040       61000      61000      163.76     71.84      0.4387     38.77      0.14       0.14       0.30       0          48.05      48         48         0          0          0.1033     2.1536     73         98         104        111        118        125        154       
1041       61000      61000      163.76     70.32      0.4294     38.73      0.15       0.14       0.30       0          48.05      48         48         0          0          0.1033     2.1517     73         98         104        111        118        125        154       
1042       61000      61000      163.76     70.99      0.4335     38.81      0.14       0.14       0.30       0          48.05      48         48         0          0          0.1033     2.1524     73         98         104        111        118        125        154       
1043       61000      61000      163.77     70.63      0.4313     38.77      0.14       0.14       0.30       0          48.05      48         48         0          0          0.1033     2.1528     73         98         104        111        118        125        154       
1044       61000      61000      163.75     70.75      0.4321     38.72      0.15       0.14       0.30       0          48.05      48         48         0          0          0.1033     2.1543     73         98         104        111        118        125        154       
1045       61000      61000      163.75     70.68      0.4316     38.72      0.14       0.14       0.30       0          48.05      48         48         0          0          0.1033     2.1544     73         98         104        111        118        125        154       
1046       61000      61000      163.75     71.40      0.4360     38.61      0.14       0.14       0.30       0          48.05      48         48         0          0          0.1033     2.1479     73         98         104        111        118        125        154       
1047       61000      61000      163.74     70.57      0.4310     38.75      0.15       0.14       0.30       0          48.05      48         48         0          0          0.1033     2.1467     73         98         104        111        118        125        154       
1048       61000      61000      163.75     71.92      0.4392     38.67      0.14       0.14       0.30       0          48.05      48         48         0          0          0.1033     2.1509     73         98         104        111        118        125        154       
1049       61000      61000      163.77     70.94      0.4331     38.77      0.14       0.14       0.30       0          48.05      48         48         0          0          0.1033     2.1582     73         98         104        111        118        125        154       
1050       61000      61000      163.76     72.32      0.4416     38.76      0.14       0.14       0.30       0          48.05      48         48         0          0          0.1033     2.1503     73         98         104        111        118        125        154       
1051       61000      61000      163.77     72.31      0.4415     38.76      0.14       0.14       0.30       0          48.05      48         48         0          0          0.1033     2.1504     73         98         104        111        118        125        154       
1052       61000      61000      163.75     70.46      0.4303     38.79      0.15       0.14       0.30       0          48.05      48         48         0          0          0.1033     2.1546     73         98         104        111        118        125        154       
1053       61000      61000      163.76     70.70      0.4317     38.72      0.14       0.14       0.30       0          48.05      48         48         0          0          0.1033     2.1473     73         98         104        111        118        125        154       
1054       61000      61000      163.75     70.50      0.4306     38.73      0.14       0.14       0.30       0          48.05      48         48         0          0          0.1033     2.1478     73         98         104        111        118        125        154       
1055       61000      61000      163.76     71.65      0.4376     38.77      0.14       0.14       0.30       0          48.05      48         48         0          0          0.1033     2.1486     73         98         104        111        118        125        154       
1056       61000      61000      163.78     70.34      0.4295     38.78      0.14       0.14       0.30       0          48.05      48         48         0          0          0.1033     2.1563     73         98         104        111        118        125        154       
1057       61000      61000      163.75     71.76      0.4382     38.74      0.14       0.14       0.30       0          48.05      48         48         0          0          0.1033     2.1426     73         98         104        111        118        125        154       
1058       61000      61000      163.75     70.90      0.4330     38.75      0.15       0.14       0.30       0          48.05      48         48         0          0          0.1033     2.1501     73         98         104        111        118        125        154       
1059       61000      61000      163.75     69.13      0.4221     38.79      0.15       0.14       0.30       0          48.05      48         48         0          0          0.1033     2.1495     73         98         104        111        118        125        154       
1060       61000      61000      163.78     71.91      0.4391     38.74      0.15       0.14       0.30       0          48.05      48         48         0          0          0.1033     2.1554     73         98         104        111        118        125        154       
1061       61000      61000      163.75     71.79      0.4384     38.72      0.14       0.14       0.30       0          48.05      48         48         0          0          0.1033     2.1518     73         98         104        111        118        125        154       
1062       61000      61000      163.76     70.51      0.4306     38.76      0.15       0.14       0.30       0          48.05      48         48         0          0          0.1033     2.1486     73         98         104        111        118        125        154       
1063       61000      61000      163.74     71.87      0.4389     38.85      0.14       0.14       0.30       0          48.05      48         48         0          0          0.1033     2.1530     73         98         104        111        118        125        154       
1064       61000      61000      163.77     71.19      0.4347     38.71      0.14       0.14       0.30       0          48.05      48         48         0          0          0.1033     2.1485     73         98         104        111        118        125        154       
1065       61000      61000      163.76     70.92      0.4331     38.80      0.14       0.14       0.30       0          48.05      48         48         0          0          0.1033     2.1478     73         98         104        111        118        125        154       
1066       61000      61000      163.76     71.24      0.4350     38.74      0.15       0.14       0.30       0          48.05      48         48         0          0          0.1033     2.1521     73         98         104        111        118        125        154       
1067       61000      61000      163.76     72.69      0.4439     38.76      0.15       0.14       0.30       0          48.05      48         48         0          0          0.1033     2.1515     73         98         104        111        118        125        154       
1068       61000      61000      163.77     71.08      0.4340     38.71      0.15       0.14       0.30       0          48.05      48         48         0          0          0.1033     2.1499     73         98         104        111        118        125        154       
1069       61000      61000      163.74     71.87      0.4389     38.86      0.15       0.14       0.30       0          48.05      48         48         0          0          0.1033     2.1513     73         98         104        111        118        125        154       
1070       61000      61000      163.76     70.91      0.4331     38.88      0.14       0.14       0.30       0          48.05      48         48         0          0          0.1033     2.1525     73         98         104        111        118        125        154       
1071       61000      61000      163.76     71.26      0.4352     38.81      0.15       0.14       0.30       0          48.05      48         48         0          0          0.1033     2.1512     73         98         104        111        118        125        154       
1072       61000      61000      163.76     70.77      0.4322     38.84      0.14       0.14       0.30       0          48.05      48         48         0          0          0.1033     2.1468     73         98         104        111        118        125        154       
1073       61000      61000      163.75     71.73      0.4381     38.83      0.15       0.14       0.30       0          48.05      48         48         0          0          0.1033     2.1509     73         98         104        111        118        125        154       
1074       61000      61000      163.77     73.28      0.4475     38.87      0.14       0.14       0.30       0          48.05      48         48         0          0          0.1033     2.1563     73         98         104        111        118        125        154       
1075       61000      61000      163.76     71.11      0.4342     38.79      0.14       0.14       0.30       0          48.05      48         48         0          0          0.1033     2.1516     73         98         104        111        118        125        154       
1076       61000      61000      163.75     71.35      0.4357     38.87      0.15       0.14       0.30       0          48.05      48         48         0          0          0.1033     2.1503     73         98         104        111        118        125        154       
1077       61000      61000      163.76     71.63      0.4374     38.78      0.15       0.14       0.30       0          48.05      48         48         0          0          0.1033     2.1492     73         98         104        111        118        125        154       
1078       61000      61000      163.77     71.19      0.4347     38.91      0.14       0.14       0.30       0          48.05      48         48         0          0          0.1033     2.1496     73         98         104        111        118        125        154       
1079       61000      61000      163.75     71.28      0.4353     38.88      0.14       0.14       0.30       0          48.05      48         48         0          0          0.1033     2.1517     73         98         104        111        118        125        154       
1080       61000      61000      163.75     70.55      0.4308     38.79      0.15       0.14       0.30       0          48.05      48         48         0          0          0.1033     2.1489     73         98         104        111        118        125        154       
1081       61000      61000      163.77     73.24      0.4472     38.79      0.14       0.14       0.30       0          48.05      48         48         0          0          0.1033     2.1498     73         98         104        111        118        125        154       
1082       61000      61000      163.78     71.88      0.4389     38.89      0.14       0.14       0.30       0          48.05      48         48         0          0          0.1033     2.1478     73         98         104        111        118        125        154       
1083       61000      61000      163.76     70.43      0.4301     38.83      0.15       0.14       0.30       0          48.05      48         48         0          0          0.1033     2.1462     73         98         104        111        118        125        154       
1084       61000      61000      163.76     72.00      0.4397     38.81      0.14       0.14       0.30       0          48.05      48         48         0          0          0.1033     2.1499     73         98         104        111        118        125        154       
1085       61000      61000      163.74     70.87      0.4328     38.87      0.15       0.14       0.30       0          48.05      48         48         0          0          0.1033     2.1440     73         98         104        111        118        125        154       
1086       61000      61000      163.76     70.81      0.4324     38.80      0.14       0.14       0.30       0          48.05      48         48         0          0          0.1033     2.1543     73         98         104        111        118        125        154       
1087       61000      61000      163.73     71.56      0.4371     38.81      0.14       0.14       0.30       0          48.05      48         48         0          0          0.1033     2.1518     73         98         104        111        118        125        154       
1088       61000      61000      163.77     71.29      0.4353     38.71      0.14       0.14       0.30       0          48.05      48         48         0          0          0.1033     2.1473     73         98         104        111        118        125        154       
1089       61000      61000      163.74     72.10      0.4403     38.78      0.14       0.14       0.30       0          48.05      48         48         0          0          0.1033     2.1514     73         98         104        111        118        125        154       
1090       61000      61000      163.73     71.47      0.4365     38.83      0.14       0.14       0.30       0          48.05      48         48         0          0          0.1033     2.1518     73         98         104        111        118        125        154       
1091       61000      61000      163.76     72.30      0.4415     38.88      0.14       0.14       0.30       0          48.05      48         48         0          0          0.1033     2.1563     73         98         104        111        118        125        154       
1092       61000      61000      163.75     72.07      0.4401     38.87      0.15       0.14       0.30       0          48.05      48         48         0          0          0.1033     2.1446     73         98         104        111        118        125        154       
1093       61000      61000      163.75     71.26      0.4352     38.95      0.15       0.14       0.30       0          48.05      48         48         0          0          0.1033     2.1520     73         98         104        111        118        125        154       
1094       61000      61000      163.74     71.00      0.4336     38.90      0.15       0.14       0.30       0          48.05      48         48         0          0          0.1033     2.1512     73         98         104        111        118        125        154       
1095       61000      61000      163.76     72.16      0.4406     38.87      0.14       0.14       0.30       0          48.05      48         48         0          0          0.1033     2.1529     73         98         104        111        118        125        154       
1096       61000      61000      163.76     70.28      0.4292     38.75      0.14       0.14       0.30       0          48.05      48         48         0          0          0.1033     2.1454     73         98         104        111        118        125        154       
1097       61000      61000      163.77     70.37      0.4297     38.73      0.14       0.14       0.30       0          48.05      48         48         0          0          0.1033     2.1528     73         98         104        111        118        125        154       
1098       61000      61000      163.77     71.27      0.4352     38.77      0.14       0.14       0.30       0          48.05      48         48         0          0          0.1033     2.1494     73         98         104        111        118        125        154       
1099       61000      61000      163.78     71.62      0.4373     38.67      0.14       0.14       0.30       0          48.04      48         48         0          0          0.1033     2.1535     73         98         104        111        118        125        154       
1100       61000      61000      163.76     70.62      0.4313     38.77      0.14       0.14       0.30       0          48.04      48         48         0          0          0.1033     2.1512     73         98         104        111        118        125        154       
1101       61000      61000      163.77     70.79      0.4323     38.78      0.14       0.14       0.30       0          48.04      48         48         0          0          0.1033     2.1504     73         98         104        111        118        125        154       
1102       61000      61000      163.76     71.42      0.4361     38.76      0.14       0.14       0.30       0          48.04      48         48         0          0          0.1033     2.1531     73         98         104        111        118        125        154       
1103       61000      61000      163.76     71.21      0.4348     38.79      0.14       0.14       0.30       0          48.04      48         48         0          0          0.1033     2.1482     73         98         104        111        118        125        154       
1104       61000      61000      163.76     71.30      0.4354     38.79      0.14       0.14       0.30       0          48.04      48         48         0          0          0.1033     2.1510     73         98         104        111        118        125        154       
1105       61000      61000      163.75     71.56      0.4370     38.80      0.14       0.14       0.30       0          48.04      48         48         0          0          0.1033     2.1497     73         98         104        111        118        125        154       
1106       61000      61000      163.77     70.74      0.4320     38.73      0.14       0.14       0.30       0          48.04      48         48         0          0          0.1033     2.1481     73         98         104        111        118        125        154       
1107       61000      61000      163.77     71.18      0.4346     38.74      0.14       0.14       0.30       0          48.04      48         48         0          0          0.1033     2.1502     73         98         104        111        118        125        154       
1108       61000      61000      163.79     71.29      0.4352     38.76      0.14       0.14       0.30       0          48.04      48         48         0          0          0.1033     2.1502     73         98         104        111        118        125        154       
1109       61000      61000      163.76     70.62      0.4312     38.72      0.14       0.14       0.30       0          48.04      48         48         0          0          0.1033     2.1532     73         98         104        111        118        125        154       
1110       61000      61000      163.77     70.14      0.4283     38.70      0.14       0.14       0.30       0          48.04      48         48         0          0          0.1033     2.1492     73         98         104        111        118        125        154       
1111       61000      61000      163.76     71.50      0.4367     38.72      0.15       0.14       0.30       0          48.04      48         48         0          0          0.1033     2.1511     73         98         104        111        118        125        154       
1112       61000      61000      163.75     70.86      0.4327     38.72      0.14       0.14       0.30       0          48.04      48         48         0          0          0.1033     2.1493     73         98         104        111        118        125        154       
1113       61000      61000      163.77     70.58      0.4309     38.72      0.14       0.14       0.30       0          48.04      48         48         0          0          0.1033     2.1489     73         98         104        111        118        125        154       
1114       61000      61000      163.76     72.04      0.4399     38.70      0.14       0.14       0.30       0          48.04      48         48         0          0          0.1033     2.1505     73         98         104        111        118        125        154       
1115       61000      61000      163.75     70.04      0.4277     38.78      0.14       0.14       0.30       0          48.04      48         48         0          0          0.1033     2.1521     73         98         104        111        118        125        154       
1116       61000      61000      163.75     69.96      0.4272     38.71      0.14       0.14       0.30       0          48.04      48         48         0          0          0.1033     2.1511     73         98         104        111        118        125        154       
1117       61000      61000      163.77     70.68      0.4316     38.70      0.14       0.14       0.30       0          48.04      48         48         0          0          0.1033     2.1504     73         98         104        111        118        125        154       
1118       61000      61000      163.75     71.46      0.4364     38.61      0.14       0.14       0.30       0          48.04      48         48         0          0          0.1033     2.1495     73         98         104        111        118        125        154       
1119       61000      61000      163.77     70.44      0.4301     38.68      0.14       0.14       0.30       0          48.04      48         48         0          0          0.1033     2.1489     73         98         104        111        118        125        154       
1120       61000      61000      163.74     71.00      0.4336     38.84      0.14       0.14       0.30       0          48.04      48         48         0          0          0.1033     2.1459     73         98         104        111        118        125        154       
1121       61000      61000      163.75     70.26      0.4291     38.74      0.14       0.14       0.30       0          48.04      48         48         0          0          0.1033     2.1535     73         98         104        111        118        125        154       
1122       61000      61000      163.75     70.19      0.4286     38.76      0.15       0.14       0.30       0          48.04      48         48         0          0          0.1033     2.1526     73         98         104        111        118        125        154       
1123       61000      61000      163.77     70.74      0.4319     38.69      0.14       0.14       0.30       0          48.04      48         48         0          0          0.1033     2.1506     73         98         104        111        118        125        154       
1124       61000      61000      163.76     70.44      0.4302     38.69      0.14       0.14       0.30       0          48.04      48         48         0          0          0.1033     2.1498     73         98         104        111        118        125        154       
1125       61000      61000      163.75     71.72      0.4379     38.71      0.15       0.14       0.30       0          48.04      48         48         0          0          0.1033     2.1461     73         98         104        111        118        125        154       
1126       61000      61000      163.76     70.92      0.4330     38.71      0.14       0.14       0.30       0          48.04      48         48         0          0          0.1033     2.1510     73         98         104        111        118        125        154       
1127       61000      61000      163.78     71.41      0.4360     38.73      0.14       0.14       0.30       0          48.04      48         48         0          0          0.1033     2.1460     73         98         104        111        118        125        154       
1128       61000      61000      163.76     71.24      0.4350     38.73      0.14       0.14       0.30       0          48.04      48         48         0          0          0.1033     2.1521     73         98         104        111        118        125        154       
1129       61000      61000      163.77     70.05      0.4278     38.73      0.14       0.14       0.30       0          48.04      48         48         0          0          0.1033     2.1500     73         98         104        111        118        125        154       
1130       61000      61000      163.74     70.86      0.4327     38.70      0.14       0.14       0.30       0          48.04      48         48         0          0          0.1033     2.1481     73         98         104        111        118        125        154       
1131       61000      61000      163.76     71.57      0.4370     38.75      0.14       0.14       0.30       0          48.04      48         48         0          0          0.1033     2.1578     73         98         104        111        118        125        154       
1132       61000      61000      163.75     71.38      0.4359     38.80      0.14       0.14       0.30       0          48.04      48         48         0          0          0.1033     2.1522     73         98         104        111        118        125        154       
1133       61000      61000      163.77     71.31      0.4354     38.77      0.14       0.14       0.30       0          48.04      48         48         0          0          0.1033     2.1517     73         98         104        111        118        125        154       
1134       61000      61000      163.77     70.81      0.4323     38.72      0.14       0.14       0.30       0          48.04      48         48         0          0          0.1033     2.1520     73         98         104        111        118        125        154       
1135       61000      61000      163.75     70.69      0.4317     38.74      0.14       0.14       0.30       0          48.04      48         48         0          0          0.1033     2.1477     73         98         104        111        118        125        154       
1136       61000      61000      163.75     71.34      0.4356     38.78      0.15       0.14       0.30       0          48.04      48         48         0          0          0.1033     2.1515     73         98         104        111        118        125        154       
1137       61000      61000      163.77     71.85      0.4387     38.82      0.14       0.14       0.30       0          48.04      48         48         0          0          0.1033     2.1442     73         98         104        111        118        125        154       
1138       61000      61000      163.76     70.76      0.4321     38.79      0.15       0.14       0.30       0          48.04      48         48         0          0          0.1033     2.1501     73         98         104        111        118        125        154       
1139       61000      61000      163.74     70.78      0.4323     38.77      0.14       0.14       0.30       0          48.04      48         48         0          0          0.1033     2.1570     73         98         104        111        118        125        154       
1140       61000      61000      163.77     70.92      0.4331     38.79      0.14       0.14       0.30       0          48.04      48         48         0          0          0.1033     2.1508     73         98         104        111        118        125        154       
1141       61000      61000      163.74     72.19      0.4409     38.81      0.15       0.14       0.30       0          48.04      48         48         0          0          0.1033     2.1500     73         98         104        111        118        125        154       
1142       61000      61000      163.77     70.50      0.4305     38.78      0.14       0.14       0.30       0          48.04      48         48         0          0          0.1033     2.1521     73         98         104        111        118        125        154       
1143       61000      61000      163.75     71.11      0.4342     38.83      0.14       0.14       0.30       0          48.04      48         48         0          0          0.1033     2.1520     73         98         104        111        118        125        154       
1144       61000      61000      163.76     70.41      0.4299     38.72      0.14       0.14       0.30       0          48.04      48         48         0          0          0.1033     2.1580     73         98         104        111        118        125        154       
1145       61000      61000      163.76     71.15      0.4345     38.76      0.14       0.14       0.30       0          48.04      48         48         0          0          0.1033     2.1481     73         98         104        111        118        125        154       
1146       61000      61000      163.76     71.35      0.4357     38.77      0.14       0.14       0.30       0          48.04      48         48         0          0          0.1033     2.1482     73         98         104        111        118        125        154       
1147       61000      61000      163.74     70.79      0.4323     38.70      0.14       0.14       0.30       0          48.04      48         48         0          0          0.1033     2.1451     73         98         104        111        118        125        154       
1148       61000      61000      163.75     70.82      0.4325     38.79      0.14       0.14       0.30       0          48.04      48         48         0          0          0.1033     2.1492     73         98         104        111        118        125        154       
1149       61000      61000      163.74     71.08      0.4341     38.73      0.15       0.14       0.30       0          48.04      48         48         0          0          0.1033     2.1492     73         98         104        111        118        125        154       
1150       61000      61000      163.76     70.36      0.4296     38.78      0.15       0.14       0.30       0          48.04      48         48         0          0          0.1033     2.1490     73         98         104        111        118        125        154       
1151       61000      61000      163.74     72.22      0.4411     38.78      0.14       0.14       0.30       0          48.04      48         48         0          0          0.1032     2.1529     73         98         104        111        118        125        154       
1152       61000      61000      163.77     70.78      0.4322     38.71      0.14       0.14       0.30       0          48.04      48         48         0          0          0.1032     2.1478     73         98         104        111        118        125        154       
1153       61000      61000      163.77     70.89      0.4328     38.75      0.14       0.14       0.30       0          48.04      48         48         0          0          0.1032     2.1507     73         98         104        111        118        125        154       
1154       61000      61000      163.77     70.40      0.4299     38.72      0.14       0.14       0.30       0          48.04      48         48         0          0          0.1032     2.1491     73         98         104        111        118        125        154       
1155       61000      61000      163.77     70.72      0.4318     38.58      0.14       0.14       0.30       0          48.04      48         48         0          0          0.1032     2.1520     73         98         104        111        118        125        154       
1156       61000      61000      163.78     69.63      0.4252     38.68      0.14       0.14       0.30       0          48.04      48         48         0          0          0.1032     2.1513     73         98         104        111        118        125        154       
1157       61000      61000      163.76     70.15      0.4284     38.76      0.14       0.14       0.30       0          48.04      48         48         0          0          0.1032     2.1528     73         98         104        111        118        125        154       
1158       61000      61000      163.76     70.26      0.4290     38.64      0.14       0.14       0.30       0          48.04      48         48         0          0          0.1032     2.1524     73         98         104        111        118        125        154       
1159       61000      61000      163.76     70.45      0.4302     38.61      0.14       0.14       0.30       0          48.04      48         48         0          0          0.1032     2.1543     73         98         104        111        118        125        154       
1160       61000      61000      163.78     71.71      0.4379     38.64      0.14       0.14       0.30       0          48.04      48         48         0          0          0.1032     2.1481     73         98         104        111        118        125        154       
1161       61000      61000      163.74     69.68      0.4255     38.64      0.14       0.14       0.30       0          48.04      48         48         0          0          0.1032     2.1506     73         98         104        111        118        125        154       
1162       61000      61000      163.76     71.16      0.4345     38.78      0.14       0.14       0.30       0          48.04      48         48         0          0          0.1032     2.1587     73         98         104        111        118        125        154       
1163       61000      61000      163.75     70.22      0.4288     38.66      0.14       0.14       0.30       0          48.04      48         48         0          0          0.1032     2.1471     73         98         104        111        118        125        154       
1164       61000      61000      163.75     70.52      0.4307     38.68      0.14       0.14       0.30       0          48.04      48         48         0          0          0.1032     2.1507     73         98         104        111        118        125        154       
1165       61000      61000      163.74     71.20      0.4348     38.73      0.14       0.14       0.30       0          48.04      48         48         0          0          0.1032     2.1478     73         98         104        111        118        125        154       
1166       61000      61000      163.78     71.50      0.4366     38.69      0.14       0.14       0.30       0          48.04      48         48         0          0          0.1032     2.1553     73         98         104        111        118        125        154       
1167       61000      61000      163.74     70.30      0.4293     38.62      0.14       0.14       0.30       0          48.04      48         48         0          0          0.1032     2.1515     73         98         104        111        118        125        154       
1168       61000      61000      163.77     71.66      0.4376     38.66      0.14       0.14       0.30       0          48.04      48         48         0          0          0.1032     2.1509     73         98         104        111        118        125        154       
1169       61000      61000      163.77     71.52      0.4367     38.83      0.15       0.14       0.30       0          48.04      48         48         0          0          0.1032     2.1545     73         98         104        111        118        125        154       
1170       61000      61000      163.77     70.23      0.4288     38.82      0.15       0.14       0.30       0          48.04      48         48         0          0          0.1032     2.1494     73         98         104        111        118        125        154       
1171       61000      61000      163.75     71.52      0.4367     38.72      0.15       0.14       0.30       0          48.04      48         48         0          0          0.1032     2.1496     73         98         104        111        118        125        154       
1172       61000      61000      163.75     71.21      0.4349     38.81      0.15       0.14       0.30       0          48.04      48         48         0          0          0.1032     2.1578     73         98         104        111        118        125        154       
1173       61000      61000      163.75     72.03      0.4398     38.73      0.14       0.14       0.30       0          48.04      48         48         0          0          0.1032     2.1503     73         98         104        111        118        125        154       
1174       61000      61000      163.76     70.77      0.4321     38.80      0.14       0.14       0.30       0          48.04      48         48         0          0          0.1032     2.1540     73         98         104        111        118        125        154       
1175       61000      61000      163.77     72.29      0.4414     38.82      0.14       0.14       0.30       0          48.04      48         48         0          0          0.1032     2.1462     73         98         104        111        118        125        154       
1176       61000      61000      163.76     72.19      0.4408     38.82      0.14       0.14       0.30       0          48.04      48         48         0          0          0.1032     2.1533     73         98         104        111        118        125        154       
1177       61000      61000      163.76     71.74      0.4381     38.86      0.14       0.14       0.30       0          48.04      48         48         0          0          0.1032     2.1493     73         98         104        111        118        125        154       
1178       61000      61000      163.76     71.09      0.4341     38.90      0.15       0.14       0.30       0          48.04      48         48         0          0          0.1032     2.1488     73         98         104        111        118        125        154       
1179       61000      61000      163.75     72.07      0.4401     38.86      0.15       0.14       0.30       0          48.04      48         48         0          0          0.1032     2.1522     73         98         104        111        118        125        154       
1180       61000      61000      163.76     71.99      0.4396     38.93      0.15       0.14       0.30       0          48.04      48         48         0          0          0.1032     2.1517     73         98         104        111        118        125        154       
1181       61000      61000      163.76     71.04      0.4338     38.87      0.15       0.14       0.30       0          48.04      48         48         0          0          0.1032     2.1500     73         98         104        111        118        125        154       
1182       61000      61000      163.73     71.17      0.4347     38.79      0.15       0.14       0.30       0          48.04      48         48         0          0          0.1032     2.1496     73         98         104        111        118        125        154       
1183       61000      61000      163.75     71.52      0.4368     38.84      0.14       0.14       0.30       0          48.04      48         48         0          0          0.1032     2.1457     73         98         104        111        118        125        154       
1184       61000      61000      163.77     71.02      0.4337     38.74      0.14       0.14       0.30       0          48.04      48         48         0          0          0.1032     2.1450     73         98         104        111        118        125        154       
1185       61000      61000      163.77     70.22      0.4288     38.79      0.15       0.14       0.30       0          48.04      48         48         0          0          0.1032     2.1481     73         98         104        111        118        125        154       
1186       61000      61000      163.76     70.68      0.4316     38.75      0.14       0.14       0.30       0          48.04      48         48         0          0          0.1032     2.1546     73         98         104        111        118        125        154       
1187       61000      61000      163.76     70.38      0.4298     38.74      0.14       0.14       0.30       0          48.04      48         48         0          0          0.1032     2.1527     73         98         104        111        118        125        154       
1188       61000      61000      163.78     71.43      0.4362     38.75      0.14       0.14       0.30       0          48.04      48         48         0          0          0.1032     2.1553     73         98         104        111        118        125        154       
1189       61000      61000      163.76     71.14      0.4344     38.78      0.14       0.14       0.30       0          48.04      48         48         0          0          0.1032     2.1478     73         98         104        111        118        125        154       
1190       61000      61000      163.76     71.82      0.4386     38.80      0.15       0.14       0.30       0          48.04      48         48         0          0          0.1032     2.1525     73         98         104        111        118        125        154       
1191       61000      61000      163.78     72.30      0.4414     38.85      0.14       0.14       0.30       0          48.04      48         48         0          0          0.1032     2.1533     73         98         104        111        118        125        154       
1192       61000      61000      163.76     70.59      0.4311     38.86      0.15       0.14       0.30       0          48.04      48         48         0          0          0.1032     2.1502     73         98         104        111        118        125        154       
1193       61000      61000      163.75     71.32      0.4356     38.82      0.14       0.14       0.30       0          48.04      48         48         0          0          0.1032     2.1510     73         98         104        111        118        125        154       
1194       61000      61000      163.76     70.85      0.4326     38.77      0.14       0.14       0.30       0          48.04      48         48         0          0          0.1032     2.1510     73         98         104        111        118        125        154       
1195       61000      61000      163.76     71.44      0.4363     38.83      0.14       0.14       0.30       0          48.04      48         48         0          0          0.1032     2.1527     73         98         104        111        118        125        154       
1196       61000      61000      163.76     72.15      0.4406     38.83      0.15       0.14       0.30       0          48.04      48         48         0          0          0.1032     2.1553     73         98         104        111        118        125        154       
1197       61000      61000      163.79     72.17      0.4406     38.87      0.14       0.14       0.30       0          48.03      48         48         0          0          0.1032     2.1556     73         98         104        111        118        125        154       
1198       61000      61000      163.74     71.04      0.4339     38.95      0.15       0.14       0.30       0          48.03      48         48         0          0          0.1032     2.1518     73         98         104        111        118        125        154       
1199       61000      61000      163.74     71.38      0.4359     38.86      0.15       0.14       0.30       0          48.03      48         48         0          0          0.1032     2.1540     73         98         104        111        118        125        154       
1200       61000      61000      163.77     70.99      0.4335     38.86      0.14       0.14       0.30       0          48.03      48         48         0          0          0.1032     2.1558     73         98         104        111        118        125        154       
1201       61000      61000      163.77     71.28      0.4353     38.82      0.14       0.14       0.30       0          48.03      48         48         0          0          0.1032     2.1503     73         98         104        111        118        125        154       
1202       61000      61000      163.76     71.75      0.4382     38.88      0.15       0.14       0.30       0          48.03      48         48         0          0          0.1032     2.1529     73         98         104        111        118        125        154       
1203       61000      61000      163.74     71.45      0.4364     38.85      0.14       0.14       0.30       0          48.03      48         48         0          0          0.1032     2.1554     73         98         104        111        118        125        154       
1204       61000      61000      163.76     70.89      0.4329     38.84      0.14       0.14       0.30       0          48.03      48         48         0          0          0.1032     2.1530     73         98         104        111        118        125        154       
1205       61000      61000      163.76     72.24      0.4411     38.84      0.15       0.14       0.30       0          48.03      48         48         0          0          0.1032     2.1502     73         98         104        111        118        125        154       
1206       61000      61000      163.77     71.17      0.4346     38.84      0.15       0.14       0.30       0          48.03      48         48         0          0          0.1032     2.1541     73         98         104        111        118        125        154       
1207       61000      61000      163.74     71.54      0.4369     38.76      0.15       0.14       0.30       0          48.03      48         48         0          0          0.1032     2.1515     73         98         104        111        118        125        154       
1208       61000      61000      163.77     70.64      0.4314     38.79      0.14       0.14       0.30       0          48.03      48         48         0          0          0.1032     2.1515     73         98         104        111        118        125        154       
1209       61000      61000      163.73     71.23      0.4350     38.76      0.15       0.14       0.30       0          48.03      48         48         0          0          0.1032     2.1569     73         98         104        111        118        125        154       
1210       61000      61000      163.75     71.26      0.4352     38.72      0.14       0.14       0.30       0          48.03      48         48         0          0          0.1032     2.1527     73         98         104        111        118        125        154       
1211       61000      61000      163.76     71.67      0.4377     38.86      0.14       0.14       0.30       0          48.03      48         48         0          0          0.1032     2.1436     73         98         104        111        118        125        154       
1212       61000      61000      163.76     70.92      0.4331     38.83      0.15       0.14       0.30       0          48.03      48         48         0          0          0.1032     2.1511     73         98         104        111        118        125        154       
1213       61000      61000      163.74     70.96      0.4333     38.78      0.14       0.14       0.30       0          48.03      48         48         0          0          0.1032     2.1477     73         98         104        111        118        125        154       
1214       61000      61000      163.76     70.89      0.4329     38.69      0.14       0.14       0.30       0          48.03      48         48         0          0          0.1032     2.1554     73         98         104        111        118        125        154       
1215       61000      61000      163.76     70.69      0.4317     38.69      0.14       0.14       0.30       0          48.03      48         48         0          0          0.1032     2.1488     73         98         104        111        118        125        154       
1216       61000      61000      163.76     71.01      0.4336     38.68      0.14       0.14       0.30       0          48.03      48         48         0          0          0.1032     2.1507     73         98         104        111        118        125        154       
1217       61000      61000      163.76     71.00      0.4335     38.73      0.14       0.14       0.30       0          48.03      48         48         0          0          0.1032     2.1519     73         98         104        111        118        125        154       
1218       61000      61000      163.74     71.47      0.4365     38.71      0.14       0.14       0.30       0          48.03      48         48         0          0          0.1032     2.1502     73         98         104        111        118        125        154       
1219       61000      61000      163.76     71.03      0.4338     38.74      0.14       0.14       0.30       0          48.03      48         48         0          0          0.1032     2.1537     73         98         104        111        118        125        154       
1220       61000      61000      163.75     71.71      0.4380     38.74      0.14       0.14       0.30       0          48.03      48         48         0          0          0.1032     2.1540     73         98         104        111        118        125        154       
1221       61000      61000      163.75     69.55      0.4247     38.73      0.15       0.14       0.30       0          48.03      48         48         0          0          0.1032     2.1489     73         98         104        111        118        125        154       
1222       61000      61000      163.75     70.24      0.4290     38.72      0.15       0.14       0.30       0          48.03      48         48         0          0          0.1032     2.1454     73         98         104        111        118        125        154       
1223       61000      61000      163.75     71.03      0.4337     38.69      0.14       0.14       0.30       0          48.03      48         48         0          0          0.1032     2.1478     73         98         104        111        118        125        154       
1224       61000      61000      163.75     72.15      0.4406     38.70      0.14       0.14       0.30       0          48.03      48         48         0          0          0.1032     2.1508     73         98         104        111        118        125        154       
1225       61000      61000      163.74     70.86      0.4327     38.77      0.14       0.14       0.30       0          48.03      48         48         0          0          0.1032     2.1495     73         98         104        111        118        125        154       
1226       61000      61000      163.77     72.01      0.4397     38.81      0.14       0.14       0.30       0          48.03      48         48         0          0          0.1032     2.1491     73         98         104        111        118        125        154       
1227       61000      61000      163.76     71.94      0.4393     38.87      0.14       0.14       0.30       0          48.03      48         48         0          0          0.1032     2.1505     73         98         104        111        118        125        154       
1228       61000      61000      163.77     71.01      0.4336     38.81      0.15       0.14       0.30       0          48.03      48         48         0          0          0.1032     2.1515     73         98         104        111        118        125        154       
1229       61000      61000      163.78     70.37      0.4296     38.80      0.14       0.14       0.30       0          48.03      48         48         0          0          0.1032     2.1490     73         98         104        111        118        125        154       
1230       61000      61000      163.77     71.58      0.4371     38.83      0.14       0.14       0.30       0          48.03      48         48         0          0          0.1032     2.1515     73         98         104        111        118        125        154       
1231       61000      61000      163.76     70.97      0.4333     38.79      0.14       0.14       0.30       0          48.03      48         48         0          0          0.1032     2.1513     73         98         104        111        118        125        154       
1232       61000      61000      163.76     71.03      0.4337     38.75      0.15       0.14       0.30       0          48.03      48         48         0          0          0.1032     2.1536     73         98         104        111        118        125        154       
1233       61000      61000      163.76     70.74      0.4319     38.71      0.14       0.14       0.30       0          48.03      48         48         0          0          0.1032     2.1520     73         98         104        111        118        125        154       
1234       61000      61000      163.78     70.39      0.4298     38.80      0.14       0.14       0.30       0          48.03      48         48         0          0          0.1032     2.1534     73         98         104        111        118        125        154       
1235       61000      61000      163.75     70.13      0.4283     38.70      0.14       0.14       0.30       0          48.03      48         48         0          0          0.1032     2.1493     73         98         104        111        118        125        154       
1236       61000      61000      163.75     71.21      0.4349     38.73      0.14       0.14       0.30       0          48.03      48         48         0          0          0.1032     2.1465     73         98         104        111        118        125        154       
1237       61000      61000      163.75     71.33      0.4356     38.78      0.14       0.14       0.30       0          48.03      48         48         0          0          0.1032     2.1488     73         98         104        111        118        125        154       
1238       61000      61000      163.75     70.27      0.4292     38.72      0.14       0.14       0.30       0          48.03      48         48         0          0          0.1032     2.1511     73         98         104        111        118        125        154       
1239       61000      61000      163.75     71.35      0.4357     38.78      0.14       0.14       0.30       0          48.03      48         48         0          0          0.1032     2.1478     73         98         104        111        118        125        154       
1240       61000      61000      163.75     71.12      0.4343     38.84      0.14       0.14       0.30       0          48.03      48         48         0          0          0.1032     2.1445     73         98         104        111        118        125        154       
1241       61000      61000      163.75     71.02      0.4337     38.75      0.14       0.14       0.30       0          48.03      48         48         0          0          0.1032     2.1520     73         98         104        111        118        125        154       
1242       61000      61000      163.74     72.15      0.4406     38.70      0.14       0.14       0.30       0          48.03      48         48         0          0          0.1032     2.1525     73         98         104        111        118        125        154       
1243       61000      61000      163.76     71.60      0.4372     38.86      0.14       0.14       0.30       0          48.03      48         48         0          0          0.1032     2.1498     73         98         104        111        118        125        154       
1244       61000      61000      163.76     70.98      0.4334     38.88      0.14       0.14       0.30       0          48.03      48         48         0          0          0.1032     2.1534     73         98         104        111        118        125        154       
1245       61000      61000      163.74     71.90      0.4391     38.82      0.14       0.14       0.30       0          48.03      48         48         0          0          0.1032     2.1515     73         98         104        111        118        125        154       
1246       61000      61000      163.74     71.29      0.4354     38.84      0.15       0.14       0.30       0          48.03      48         48         0          0          0.1032     2.1513     73         98         104        111        118        125        154       
1247       61000      61000      163.76     71.32      0.4355     38.78      0.14       0.14       0.30       0          48.03      48         48         0          0          0.1032     2.1533     73         98         104        111        118        125        154       
1248       61000      61000      163.76     71.43      0.4362     38.83      0.14       0.14       0.30       0          48.03      48         48         0          0          0.1032     2.1525     73         98         104        111        118        125        154       
1249       61000      61000      163.75     72.27      0.4413     38.81      0.15       0.14       0.30       0          48.03      48         48         0          0          0.1032     2.1557     73         98         104        111        118        125        154       
1250       61000      61000      163.75     70.87      0.4328     38.84      0.15       0.14       0.30       0          48.03      48         48         0          0          0.1032     2.1553     73         98         104        111        118        125        154       
1251       61000      61000      163.77     71.14      0.4344     38.71      0.14       0.14       0.30       0          48.03      48         48         0          0          0.1032     2.1466     73         98         104        111        118        125        154       
1252       61000      61000      163.77     71.61      0.4372     38.82      0.14       0.14       0.30       0          48.03      48         48         0          0          0.1032     2.1538     73         98         104        111        118        125        154       
1253       61000      61000      163.79     70.93      0.4331     38.85      0.15       0.14       0.30       0          48.03      48         48         0          0          0.1032     2.1492     73         98         104        111        118        125        154       
1254       61000      61000      163.75     72.63      0.4435     38.75      0.15       0.14       0.30       0          48.03      48         48         0          0          0.1032     2.1478     73         98         104        111        118        125        154       
1255       61000      61000      163.75     71.42      0.4361     38.86      0.15       0.14       0.30       0          48.03      48         48         0          0          0.1032     2.1525     73         98         104        111        118        125        154       
1256       61000      61000      163.74     71.56      0.4370     38.80      0.15       0.14       0.30       0          48.03      48         48         0          0          0.1032     2.1507     73         98         104        111        118        125        154       
1257       61000      61000      163.77     72.03      0.4398     38.80      0.14       0.14       0.30       0          48.03      48         48         0          0          0.1032     2.1518     73         98         104        111        118        124        154       
1258       61000      61000      163.78     71.66      0.4375     38.83      0.15       0.14       0.30       0          48.03      48         48         0          0          0.1032     2.1525     73         98         104        111        118        124        154       
1259       61000      61000      163.78     70.71      0.4318     38.87      0.15       0.14       0.30       0          48.03      48         48         0          0          0.1032     2.1545     73         98         104        111        118        124        154       
1260       61000      61000      163.75     71.69      0.4378     38.82      0.14       0.14       0.30       0          48.03      48         48         0          0          0.1032     2.1537     73         98         104        111        118        124        154       
1261       61000      61000      163.74     70.60      0.4312     38.84      0.14       0.14       0.30       0          48.03      48         48         0          0          0.1032     2.1533     73         98         104        111        118        124        154       
1262       61000      61000      163.76     71.05      0.4339     38.88      0.15       0.14       0.30       0          48.03      48         48         0          0          0.1032     2.1507     73         98         104        111        118        124        154       
1263       61000      61000      163.76     71.42      0.4361     38.85      0.14       0.14       0.30       0          48.03      48         48         0          0          0.1032     2.1504     73         98         104        111        118        124        154       
1264       61000      61000      163.78     71.43      0.4362     38.80      0.14       0.14       0.30       0          48.03      48         48         0          0          0.1032     2.1526     73         98         104        111        118        124        154       
1265       61000      61000      163.76     71.71      0.4379     38.85      0.14       0.14       0.30       0          48.03      48         48         0          0          0.1032     2.1480     73         98         104        111        118        124        154       
1266       61000      61000      163.76     71.25      0.4351     38.80      0.15       0.14       0.30       0          48.03      48         48         0          0          0.1032     2.1509     73         98         104        111        118        124        154       
1267       61000      61000      163.77     71.46      0.4364     38.85      0.14       0.14       0.30       0          48.03      48         48         0          0          0.1032     2.1497     73         98         104        111        118        124        154       
1268       61000      61000      163.77     72.25      0.4412     38.93      0.14       0.14       0.30       0          48.03      48         48         0          0          0.1032     2.1540     73         98         104        111        118        124        154       
1269       61000      61000      163.75     71.32      0.4356     38.92      0.15       0.14       0.30       0          48.03      48         48         0          0          0.1032     2.1490     73         98         104        111        118        124        154       
1270       61000      61000      163.74     70.79      0.4323     38.96      0.15       0.14       0.30       0          48.03      48         48         0          0          0.1032     2.1522     73         98         104        111        118        124        154       
1271       61000      61000      163.74     71.14      0.4344     38.80      0.14       0.14       0.30       0          48.03      48         48         0          0          0.1032     2.1543     73         98         104        111        118        124        154       
1272       61000      61000      163.77     70.09      0.4280     38.75      0.14       0.14       0.30       0          48.03      48         48         0          0          0.1032     2.1564     73         98         104        111        118        124        154       
1273       61000      61000      163.76     70.87      0.4328     38.76      0.14       0.14       0.30       0          48.03      48         48         0          0          0.1032     2.1544     73         98         104        111        118        124        154       
1274       61000      61000      163.76     70.46      0.4303     38.81      0.15       0.14       0.30       0          48.03      48         48         0          0          0.1032     2.1508     73         98         104        111        118        124        154       
1275       61000      61000      163.75     70.52      0.4306     38.68      0.14       0.14       0.30       0          48.03      48         48         0          0          0.1032     2.1474     73         98         104        111        118        124        154       
1276       61000      61000      163.76     71.44      0.4363     38.62      0.14       0.14       0.30       0          48.03      48         48         0          0          0.1032     2.1472     73         98         104        111        118        124        154       
1277       61000      61000      163.77     71.42      0.4361     38.69      0.15       0.14       0.30       0          48.03      48         48         0          0          0.1032     2.1453     73         98         104        111        118        124        154       
1278       61000      61000      163.76     70.58      0.4310     38.67      0.14       0.14       0.30       0          48.03      48         48         0          0          0.1032     2.1536     73         98         104        111        118        124        154       
1279       61000      61000      163.76     73.31      0.4477     38.68      0.14       0.14       0.30       0          48.03      48         48         0          0          0.1032     2.1513     73         98         104        111        118        124        154       
1280       61000      61000      163.76     71.88      0.4389     38.78      0.14       0.14       0.30       0          48.03      48         48         0          0          0.1032     2.1488     73         98         104        111        118        124        154       
1281       61000      61000      163.75     71.54      0.4369     38.81      0.14       0.14       0.30       0          48.03      48         48         0          0          0.1032     2.1549     73         98         104        111        118        124        154       
1282       61000      61000      163.74     71.20      0.4348     38.82      0.14       0.14       0.30       0          48.03      48         48         0          0          0.1032     2.1536     73         98         104        111        118        124        154       
1283       61000      61000      163.75     71.65      0.4376     38.89      0.14       0.14       0.30       0          48.03      48         48         0          0          0.1032     2.1515     73         98         104        111        118        124        154       
1284       61000      61000      163.75     70.74      0.4320     38.81      0.15       0.14       0.30       0          48.03      48         48         0          0          0.1032     2.1520     73         98         104        111        118        124        154       
1285       61000      61000      163.76     72.18      0.4408     38.87      0.15       0.14       0.30       0          48.03      48         48         0          0          0.1032     2.1562     73         98         104        111        118        125        154       
1286       61000      61000      163.75     72.03      0.4399     38.85      0.15       0.14       0.30       0          48.03      48         48         0          0          0.1032     2.1467     73         98         104        111        118        125        154       
1287       61000      61000      163.76     71.82      0.4386     38.82      0.15       0.14       0.30       0          48.03      48         48         0          0          0.1032     2.1487     73         98         104        111        118        125        154       
1288       61000      61000      163.75     70.43      0.4301     38.85      0.15       0.14       0.30       0          48.03      48         48         0          0          0.1032     2.1483     73         98         104        111        118        125        154       
1289       61000      61000      163.75     70.69      0.4317     38.88      0.15       0.14       0.30       0          48.03      48         48         0          0          0.1032     2.1475     73         98         104        111        118        125        154       
1290       61000      61000      163.78     70.57      0.4309     38.73      0.14       0.14       0.30       0          48.03      48         48         0          0          0.1032     2.1508     73         98         104        111        118        125        154       
1291       61000      61000      163.76     71.49      0.4366     38.77      0.14       0.14       0.30       0          48.03      48         48         0          0          0.1032     2.1524     73         98         104        111        118        125        154       
1292       61000      61000      163.76     71.91      0.4391     38.92      0.14       0.14       0.30       0          48.03      48         48         0          0          0.1032     2.1474     73         98         104        111        118        125        154       
1293       61000      61000      163.74     71.27      0.4353     38.89      0.14       0.14       0.30       0          48.03      48         48         0          0          0.1032     2.1562     73         98         104        111        118        125        154       
1294       61000      61000      163.75     72.03      0.4399     38.82      0.15       0.14       0.30       0          48.03      48         48         0          0          0.1032     2.1499     73         98         104        111        118        125        154       
1295       61000      61000      163.76     71.56      0.4370     38.81      0.14       0.14       0.30       0          48.03      48         48         0          0          0.1032     2.1530     73         98         104        111        118        125        154       
1296       61000      61000      163.76     70.82      0.4325     38.83      0.15       0.14       0.30       0          48.03      48         48         0          0          0.1032     2.1476     73         98         104        111        118        125        154       
1297       61000      61000      163.74     71.39      0.4360     38.84      0.15       0.14       0.30       0          48.03      48         48         0          0          0.1032     2.1503     73         98         104        111        118        125        154       
1298       61000      61000      163.78     71.31      0.4354     38.82      0.14       0.14       0.30       0          48.03      48         48         0          0          0.1032     2.1486     73         98         104        111        118        125        154       
1299       61000      61000      163.74     71.95      0.4395     38.80      0.15       0.14       0.30       0          48.03      48         48         0          0          0.1032     2.1502     73         98         104        111        118        125        154       
1300       61000      61000      163.77     71.33      0.4355     38.78      0.15       0.14       0.30       0          48.03      48         48         0          0          0.1032     2.1490     73         98         104        111        118        125        154       
1301       61000      61000      163.76     70.67      0.4316     38.83      0.15       0.14       0.30       0          48.03      48         48         0          0          0.1032     2.1511     73         98         104        111        118        125        154       
1302       61000      61000      163.77     71.98      0.4395     38.80      0.14       0.14       0.30       0          48.03      48         48         0          0          0.1032     2.1516     73         98         104        111        118        125        154       
1303       61000      61000      163.75     72.54      0.4430     38.79      0.14       0.14       0.30       0          48.03      48         48         0          0          0.1032     2.1500     73         98         104        111        118        125        154       
1304       61000      61000      163.77     71.25      0.4350     38.82      0.15       0.14       0.30       0          48.03      48         48         0          0          0.1032     2.1488     73         98         104        111        118        125        154       
1305       61000      61000      163.77     71.40      0.4359     38.88      0.14       0.14       0.30       0          48.03      48         48         0          0          0.1032     2.1506     73         98         104        111        118        125        154       
1306       61000      61000      163.77     71.61      0.4373     38.87      0.14       0.14       0.30       0          48.03      48         48         0          0          0.1032     2.1516     73         98         104        111        118        125        154       
1307       61000      61000      163.77     71.33      0.4356     38.84      0.15       0.14       0.30       0          48.03      48         48         0          0          0.1032     2.1475     73         98         104        111        118        125        154       
1308       61000      61000      163.76     70.80      0.4323     38.86      0.14       0.14       0.30       0          48.03      48         48         0          0          0.1032     2.1525     73         98         104        111        118        125        154       
1309       61000      61000      163.77     72.10      0.4403     38.83      0.14       0.14       0.30       0          48.03      48         48         0          0          0.1032     2.1472     73         98         104        111        118        125        154       
1310       61000      61000      163.74     71.69      0.4378     38.81      0.14       0.14       0.30       0          48.03      48         48         0          0          0.1032     2.1480     73         98         104        111        118        125        154       
1311       61000      61000      163.78     69.66      0.4253     38.92      0.15       0.14       0.30       0          48.03      48         48         0          0          0.1032     2.1473     73         98         104        111        118        125        154       
1312       61000      61000      163.76     71.92      0.4392     38.78      0.14       0.14       0.30       0          48.03      48         48         0          0          0.1032     2.1518     73         98         104        111        118        125        154       
1313       61000      61000      163.74     69.90      0.4269     38.72      0.14       0.14       0.30       0          48.03      48         48         0          0          0.1032     2.1532     73         98         104        111        118        125        154       
1314       61000      61000      163.78     72.50      0.4427     38.67      0.14       0.14       0.30       0          48.03      48         48         0          0          0.1032     2.1539     73         98         104        111        118        125        154       
1315       61000      61000      163.75     70.69      0.4317     38.72      0.14       0.14       0.30       0          48.03      48         48         0          0          0.1032     2.1476     73         98         104        111        118        125        154       
1316       61000      61000      163.77     71.99      0.4396     38.81      0.15       0.14       0.30       0          48.03      48         48         0          0          0.1032     2.1523     73         98         104        111        118        125        154       
1317       61000      61000      163.78     70.74      0.4320     38.78      0.15       0.14       0.30       0          48.03      48         48         0          0          0.1032     2.1533     73         98         104        111        118        125        154       
1318       61000      61000      163.75     71.22      0.4349     38.81      0.14       0.14       0.30       0          48.03      48         48         0          0          0.1032     2.1517     73         98         104        111        118        125        154       
1319       61000      61000      163.76     71.40      0.4360     38.70      0.14       0.14       0.30       0          48.03      48         48         0          0          0.1032     2.1485     73         98         104        111        118        125        154       
1320       61000      61000      163.75     71.29      0.4354     38.82      0.14       0.14       0.30       0          48.03      48         48         0          0          0.1032     2.1490     73         98         104        111        118        125        154       
1321       61000      61000      163.74     70.98      0.4335     38.74      0.14       0.14       0.30       0          48.03      48         48         0          0          0.1032     2.1561     73         98         104        111        118        125        154       
1322       61000      61000      163.77     69.68      0.4255     38.79      0.14       0.14       0.30       0          48.03      48         48         0          0          0.1032     2.1479     73         98         104        111        118        125        154       
1323       61000      61000      163.76     71.73      0.4380     38.75      0.14       0.14       0.30       0          48.03      48         48         0          0          0.1032     2.1481     73         98         104        111        118        125        154       
1324       61000      61000      163.73     70.81      0.4325     38.76      0.14       0.14       0.30       0          48.03      48         48         0          0          0.1032     2.1505     73         98         104        111        118        125        154       
1325       61000      61000      163.75     70.65      0.4315     38.72      0.14       0.14       0.30       0          48.03      48         48         0          0          0.1032     2.1507     73         98         104        111        118        125        154       
1326       61000      61000      163.75     71.70      0.4379     38.68      0.14       0.14       0.30       0          48.03      48         48         0          0          0.1032     2.1506     73         98         104        111        118        125        154       
1327       61000      61000      163.79     72.49      0.4426     38.75      0.14       0.14       0.30       0          48.03      48         48         0          0          0.1032     2.1547     73         98         104        111        118        125        154       
1328       61000      61000      163.76     71.21      0.4348     38.83      0.14       0.14       0.30       0          48.03      48         48         0          0          0.1032     2.1511     73         98         104        111        118        125        154       
1329       61000      61000      163.76     70.76      0.4321     38.79      0.14       0.14       0.30       0          48.03      48         48         0          0          0.1032     2.1536     73         98         104        111        118        125        154       
1330       61000      61000      163.75     71.91      0.4391     38.80      0.14       0.14       0.30       0          48.03      48         48         0          0          0.1032     2.1520     73         98         104        111        118        125        154       
1331       61000      61000      163.75     70.92      0.4331     38.77      0.14       0.14       0.30       0          48.03      48         48         0          0          0.1032     2.1532     73         98         104        111        118        125        154       
1332       61000      61000      163.75     70.36      0.4297     38.86      0.14       0.14       0.30       0          48.03      48         48         0          0          0.1032     2.1522     73         98         104        111        118        125        154       
1333       61000      61000      163.75     71.38      0.4359     38.77      0.14       0.14       0.30       0          48.03      48         48         0          0          0.1032     2.1526     73         98         104        111        118        125        154       
1334       61000      61000      163.77     71.49      0.4365     38.79      0.14       0.14       0.30       0          48.03      48         48         0          0          0.1032     2.1539     73         98         104        111        118        125        154       
1335       61000      61000      163.73     72.75      0.4443     38.80      0.15       0.14       0.30       0          48.03      48         48         0          0          0.1032     2.1461     73         98         104        111        118        125        154       
1336       61000      61000      163.77     70.78      0.4322     38.89      0.15       0.14       0.30       0          48.03      48         48         0          0          0.1032     2.1501     73         98         104        111        118        125        154       
1337       61000      61000      163.74     70.86      0.4328     38.80      0.14       0.14       0.30       0          48.03      48         48         0          0          0.1032     2.1505     73         98         104        111        118        125        154       
1338       61000      61000      163.79     71.94      0.4392     38.76      0.15       0.14       0.30       0          48.03      48         48         0          0          0.1032     2.1551     73         98         104        111        118        125        154       
1339       61000      61000      163.74     71.79      0.4384     38.82      0.14       0.14       0.30       0          48.03      48         48         0          0          0.1032     2.1528     73         98         104        111        118        125        154       
1340       61000      61000      163.78     71.93      0.4392     38.92      0.14       0.14       0.30       0          48.03      48         48         0          0          0.1032     2.1515     73         98         104        111        118        125        154       
1341       61000      61000      163.74     70.70      0.4318     38.80      0.14       0.14       0.30       0          48.03      48         48         0          0          0.1032     2.1501     73         98         104        111        118        125        154       
1342       61000      61000      163.77     71.26      0.4351     38.84      0.14       0.14       0.30       0          48.03      48         48         0          0          0.1032     2.1525     73         98         104        111        118        125        154       
1343       61000      61000      163.76     71.36      0.4357     38.77      0.14       0.14       0.30       0          48.03      48         48         0          0          0.1032     2.1493     73         98         104        111        118        125        154       
1344       61000      61000      163.75     71.91      0.4392     38.73      0.15       0.14       0.30       0          48.03      48         48         0          0          0.1032     2.1439     73         98         104        111        118        125        154       
1345       61000      61000      163.78     71.56      0.4370     38.80      0.14       0.14       0.30       0          48.03      48         48         0          0          0.1032     2.1506     73         98         104        111        118        125        154       
1346       61000      61000      163.75     70.99      0.4335     38.75      0.14       0.14       0.30       0          48.03      48         48         0          0          0.1032     2.1528     73         98         104        111        118        125        154       
1347       61000      61000      163.77     71.20      0.4348     38.74      0.14       0.14       0.30       0          48.03      48         48         0          0          0.1032     2.1535     73         98         104        111        118        125        154       
1348       61000      61000      163.75     72.29      0.4415     38.86      0.15       0.14       0.30       0          48.03      48         48         0          0          0.1032     2.1545     73         98         104        111        118        125        154       
1349       61000      61000      163.74     71.00      0.4337     38.84      0.14       0.14       0.30       0          48.03      48         48         0          0          0.1032     2.1481     73         98         104        111        118        125        154       
1350       61000      61000      163.76     71.44      0.4363     38.78      0.14       0.14       0.30       0          48.03      48         48         0          0          0.1032     2.1510     73         98         104        111        118        125        154       
1351       61000      61000      163.77     71.61      0.4372     38.81      0.15       0.14       0.30       0          48.03      48         48         0          0          0.1032     2.1497     73         98         104        111        118        125        154       
1352       61000      61000      163.78     71.07      0.4339     38.85      0.15       0.14       0.30       0          48.03      48         48         0          0          0.1032     2.1505     73         98         104        111        118        125        154       
1353       61000      61000      163.74     71.51      0.4367     38.74      0.15       0.14       0.30       0          48.03      48         48         0          0          0.1032     2.1534     73         98         104        111        118        125        154       
1354       61000      61000      163.75     72.06      0.4400     38.86      0.14       0.14       0.30       0          48.03      48         48         0          0          0.1032     2.1488     73         98         104        111        118        125        154       
1355       61000      61000      163.77     71.50      0.4366     38.81      0.14       0.14       0.30       0          48.03      48         48         0          0          0.1032     2.1509     73         98         104        111        118        124        154       
1356       61000      61000      163.76     70.37      0.4297     38.80      0.15       0.14       0.30       0          48.03      48         48         0          0          0.1032     2.1533     73         98         104        111        118        124        154       
1357       61000      61000      163.76     70.91      0.4330     38.77      0.15       0.14       0.30       0          48.03      48         48         0          0          0.1032     2.1512     73         98         104        111        118        124        154       
1358       61000      61000      163.76     71.10      0.4342     38.83      0.14       0.14       0.30       0          48.03      48         48         0          0          0.1032     2.1547     73         98         104        111        118        124        154       
1359       61000      61000      163.76     71.12      0.4343     38.81      0.14       0.14       0.30       0          48.03      48         48         0          0          0.1032     2.1495     73         98         104        111        118        124        154       
1360       61000      61000      163.78     72.04      0.4399     38.82      0.15       0.14       0.30       0          48.03      48         48         0          0          0.1032     2.1451     73         98         104        111        118        124        154       
1361       61000      61000      163.76     71.29      0.4353     38.92      0.14       0.14       0.30       0          48.03      48         48         0          0          0.1032     2.1525     73         98         104        111        118        124        154       
1362       61000      61000      163.77     71.02      0.4337     38.91      0.15       0.14       0.30       0          48.03      48         48         0          0          0.1032     2.1462     73         98         104        111        118        124        154       
1363       61000      61000      163.78     71.48      0.4365     38.75      0.14       0.14       0.30       0          48.03      48         48         0          0          0.1032     2.1468     73         98         104        111        118        124        154       
1364       61000      61000      163.75     71.37      0.4358     38.83      0.14       0.14       0.30       0          48.03      48         48         0          0          0.1032     2.1516     73         98         104        111        118        124        154       
1365       61000      61000      163.76     70.68      0.4316     38.80      0.14       0.14       0.30       0          48.03      48         48         0          0          0.1032     2.1490     73         98         104        111        118        124        154       
1366       61000      61000      163.73     71.13      0.4344     38.77      0.14       0.14       0.30       0          48.03      48         48         0          0          0.1032     2.1529     73         98         104        111        118        124        154       
1367       61000      61000      163.76     71.99      0.4396     38.82      0.14       0.14       0.30       0          48.03      48         48         0          0          0.1032     2.1555     73         98         104        111        118        124        154       
1368       61000      61000      163.78     71.06      0.4339     38.82      0.14       0.14       0.30       0          48.03      48         48         0          0          0.1032     2.1530     73         98         104        111        118        124        154       
1369       61000      61000      163.75     71.02      0.4337     38.84      0.14       0.14       0.30       0          48.03      48         48         0          0          0.1032     2.1503     73         98         104        111        118        124        154       
1370       61000      61000      163.75     72.02      0.4398     38.86      0.14       0.14       0.30       0          48.03      48         48         0          0          0.1032     2.1485     73         98         104        111        118        124        154       
1371       61000      61000      163.76     71.12      0.4343     38.91      0.14       0.14       0.30       0          48.03      48         48         0          0          0.1032     2.1515     73         98         104        111        118        124        154       
1372       61000      61000      163.77     70.91      0.4330     38.85      0.14       0.14       0.30       0          48.03      48         48         0          0          0.1032     2.1466     73         98         104        111        118        124        154       
1373       61000      61000      163.77     70.08      0.4280     38.79      0.14       0.14       0.30       0          48.03      48         48         0          0          0.1032     2.1559     73         98         104        111        118        124        154       
1374       61000      61000      163.77     71.87      0.4389     38.77      0.15       0.14       0.30       0          48.03      48         48         0          0          0.1032     2.1484     73         98         104        111        118        124        154       
1375       61000      61000      163.77     70.96      0.4333     38.85      0.14       0.14       0.30       0          48.03      48         48         0          0          0.1032     2.1512     73         98         104        111        118        124        154       
1376       61000      61000      163.75     71.01      0.4337     38.84      0.14       0.14       0.30       0          48.03      48         48         0          0          0.1032     2.1504     73         98         104        111        118        124        154       
1377       61000      61000      163.75     71.02      0.4337     38.78      0.15       0.14       0.30       0          48.03      48         48         0          0          0.1032     2.1569     73         98         104        111        118        124        154       
1378       61000      61000      163.76     70.75      0.4320     38.73      0.14       0.14       0.30       0          48.03      48         48         0          0          0.1032     2.1503     73         98         104        111        118        124        154       
1379       61000      61000      163.78     71.34      0.4356     38.74      0.14       0.14       0.30       0          48.03      48         48         0          0          0.1032     2.1477     73         98         104        111        118        124        154       
1380       61000      61000      163.77     72.27      0.4413     38.75      0.14       0.14       0.30       0          48.03      48         48         0          0          0.1032     2.1560     73         98         104        111        118        124        154       
1381       61000      61000      163.78     71.12      0.4342     38.77      0.15       0.14       0.30       0          48.03      48         48         0          0          0.1032     2.1535     73         98         104        111        118        124        154       
1382       61000      61000      163.76     70.63      0.4313     38.76      0.14       0.14       0.30       0          48.03      48         48         0          0          0.1032     2.1514     73         98         104        111        118        124        154       
1383       61000      61000      163.77     71.46      0.4364     38.79      0.14       0.14       0.30       0          48.03      48         48         0          0          0.1032     2.1505     73         98         104        111        118        124        154       
1384       61000      61000      163.75     71.34      0.4356     38.73      0.15       0.14       0.30       0          48.03      48         48         0          0          0.1032     2.1518     73         98         104        111        118        124        154       
1385       61000      61000      163.76     71.47      0.4364     38.79      0.15       0.14       0.30       0          48.03      48         48         0          0          0.1032     2.1504     73         98         104        111        118        124        154       
1386       61000      61000      163.76     71.09      0.4341     38.80      0.14       0.14       0.30       0          48.03      48         48         0          0          0.1032     2.1480     73         98         104        111        118        124        154       
1387       61000      61000      163.77     71.33      0.4355     38.75      0.14       0.14       0.30       0          48.03      48         48         0          0          0.1032     2.1556     73         98         104        111        118        124        154       
1388       61000      61000      163.74     71.12      0.4343     38.78      0.14       0.14       0.30       0          48.03      48         48         0          0          0.1032     2.1522     73         98         104        111        118        124        154       
1389       61000      61000      163.78     71.11      0.4342     38.76      0.14       0.14       0.30       0          48.03      48         48         0          0          0.1032     2.1511     73         98         104        111        118        124        154       
1390       61000      61000      163.74     72.15      0.4407     38.68      0.14       0.14       0.30       0          48.03      48         48         0          0          0.1032     2.1450     73         98         104        111        118        124        154       
1391       61000      61000      163.75     71.74      0.4381     38.74      0.15       0.14       0.30       0          48.03      48         48         0          0          0.1032     2.1541     73         98         104        111        118        124        154       
1392       61000      61000      163.76     70.93      0.4331     38.75      0.14       0.14       0.30       0          48.03      48         48         0          0          0.1032     2.1527     73         98         104        111        118        124        154       
1393       61000      61000      163.77     71.18      0.4346     38.75      0.14       0.14       0.30       0          48.03      48         48         0          0          0.1032     2.1505     73         98         104        111        118        124        154       
1394       61000      61000      163.74     70.85      0.4327     38.72      0.14       0.14       0.30       0          48.03      48         48         0          0          0.1032     2.1508     73         98         104        111        118        124        154       
1395       61000      61000      163.74     71.17      0.4346     38.77      0.14       0.14       0.30       0          48.03      48         48         0          0          0.1032     2.1542     73         98         104        111        118        124        154       
1396       61000      61000      163.77     71.75      0.4381     38.70      0.14       0.14       0.30       0          48.03      48         48         0          0          0.1032     2.1519     73         98         104        111        118        124        154       
1397       61000      61000      163.73     71.26      0.4352     38.81      0.14       0.14       0.30       0          48.03      48         48         0          0          0.1032     2.1574     73         98         104        111        118        124        154       
1398       61000      61000      163.75     70.27      0.4291     38.75      0.14       0.14       0.30       0          48.03      48         48         0          0          0.1032     2.1457     73         98         104        111        118        124        154       
1399       61000      61000      163.75     71.33      0.4356     38.80      0.14       0.14       0.30       0          48.03      48         48         0          0          0.1032     2.1527     73         98         104        111        118        124        154       
1400       61000      61000      163.75     70.98      0.4335     38.76      0.14       0.14       0.30       0          48.03      48         48         0          0          0.1032     2.1532     73         98         104        111        118        124        154       
1401       61000      61000      163.77     71.12      0.4343     38.68      0.14       0.14       0.30       0          48.03      48         48         0          0          0.1032     2.1488     73         98         104        111        118        124        154       
1402       61000      61000      163.78     71.74      0.4380     38.74      0.14       0.14       0.30       0          48.03      48         48         0          0          0.1032     2.1487     73         98         104        111        118        124        154       
1403       61000      61000      163.75     72.01      0.4397     38.78      0.15       0.14       0.30       0          48.03      48         48         0          0          0.1032     2.1490     73         98         104        111        118        124        154       
1404       61000      61000      163.74     70.96      0.4334     38.80      0.14       0.14       0.30       0          48.03      48         48         0          0          0.1032     2.1485     73         98         104        111        118        124        154       
1405       61000      61000      163.76     71.28      0.4353     38.80      0.14       0.14       0.30       0          48.03      48         48         0          0          0.1032     2.1452     73         98         104        111        118        124        154       
1406       61000      61000      163.75     70.98      0.4335     38.82      0.14       0.14       0.30       0          48.03      48         48         0          0          0.1032     2.1470     73         98         104        111        118        124        154       
1407       61000      61000      163.77     72.29      0.4414     38.87      0.15       0.14       0.30       0          48.03      48         48         0          0          0.1032     2.1481     73         98         104        111        118        124        154       
1408       61000      61000      163.75     71.31      0.4355     38.88      0.15       0.14       0.30       0          48.03      48         48         0          0          0.1032     2.1485     73         98         104        111        118        124        154       
1409       61000      61000      163.75     71.37      0.4359     38.90      0.14       0.14       0.30       0          48.03      48         48         0          0          0.1032     2.1506     73         98         104        111        118        124        154       
1410       61000      61000      163.76     70.29      0.4292     38.80      0.14       0.14       0.30       0          48.03      48         48         0          0          0.1032     2.1525     73         98         104        111        118        124        154       
1411       61000      61000      163.73     71.70      0.4379     38.79      0.15       0.14       0.30       0          48.03      48         48         0          0          0.1032     2.1515     73         98         104        111        118        124        154       
1412       61000      61000      163.76     71.26      0.4352     38.79      0.15       0.14       0.30       0          48.03      48         48         0          0          0.1032     2.1520     73         98         104        111        118        124        154       
1413       61000      61000      163.76     71.23      0.4349     38.83      0.14       0.14       0.30       0          48.03      48         48         0          0          0.1032     2.1535     73         98         104        111        118        124        154       
1414       61000      61000      163.77     71.65      0.4375     38.77      0.15       0.14       0.30       0          48.03      48         48         0          0          0.1032     2.1505     73         98         104        111        118        124        154       
1415       61000      61000      163.76     72.19      0.4408     38.78      0.15       0.14       0.30       0          48.03      48         48         0          0          0.1032     2.1466     73         98         104        111        118        124        154       
1416       61000      61000      163.77     71.80      0.4384     38.78      0.14       0.14       0.30       0          48.03      48         48         0          0          0.1032     2.1516     73         98         104        111        118        124        154       
1417       61000      61000      163.77     70.88      0.4328     38.77      0.14       0.14       0.30       0          48.03      48         48         0          0          0.1032     2.1446     73         98         104        111        118        124        154       
1418       61000      61000      163.76     71.44      0.4362     38.83      0.14       0.14       0.30       0          48.03      48         48         0          0          0.1032     2.1552     73         98         104        111        118        124        154       
1419       61000      61000      163.73     70.14      0.4284     38.82      0.14       0.14       0.30       0          48.03      48         48         0          0          0.1032     2.1483     73         98         104        111        118        124        154       
1420       61000      61000      163.76     70.59      0.4310     38.71      0.14       0.14       0.30       0          48.03      48         48         0          0          0.1032     2.1517     73         98         104        111        118        124        154       
1421       61000      61000      163.77     71.02      0.4337     38.79      0.14       0.14       0.30       0          48.03      48         48         0          0          0.1032     2.1490     73         98         104        111        118        124        154       
1422       61000      61000      163.75     71.37      0.4358     38.75      0.14       0.14       0.30       0          48.03      48         48         0          0          0.1032     2.1538     73         98         104        111        118        124        154       
1423       61000      61000      163.76     71.04      0.4338     38.76      0.15       0.14       0.30       0          48.03      48         48         0          0          0.1032     2.1507     73         98         104        111        118        124        154       
1424       61000      61000      163.77     71.11      0.4342     38.73      0.14       0.14       0.30       0          48.03      48         48         0          0          0.1032     2.1527     73         98         104        111        118        124        154       
1425       61000      61000      163.75     70.48      0.4304     38.70      0.14       0.14       0.30       0          48.03      48         48         0          0          0.1032     2.1530     73         98         104        111        118        124        154       
1426       61000      61000      163.74     72.32      0.4417     38.64      0.14       0.14       0.30       0          48.03      48         48         0          0          0.1032     2.1467     73         98         104        111        118        124        154       
1427       61000      61000      163.76     70.66      0.4314     38.75      0.15       0.14       0.30       0          48.03      48         48         0          0          0.1032     2.1517     73         98         104        111        118        124        154       
1428       61000      61000      163.77     71.48      0.4365     38.79      0.15       0.14       0.30       0          48.03      48         48         0          0          0.1032     2.1517     73         98         104        111        118        124        154       
1429       61000      61000      163.76     70.68      0.4316     38.80      0.14       0.14       0.30       0          48.03      48         48         0          0          0.1032     2.1519     73         98         104        111        118        124        154       
1430       61000      61000      163.75     72.07      0.4401     38.83      0.14       0.14       0.30       0          48.03      48         48         0          0          0.1032     2.1537     73         98         104        111        118        124        154       
1431       61000      61000      163.79     70.04      0.4276     38.77      0.15       0.14       0.30       0          48.03      48         48         0          0          0.1032     2.1494     73         98         104        111        118        124        154       
1432       61000      61000      163.76     71.55      0.4369     38.76      0.14       0.14       0.30       0          48.03      48         48         0          0          0.1032     2.1475     73         98         104        111        118        124        154       
1433       61000      61000      163.77     70.73      0.4319     38.75      0.15       0.14       0.30       0          48.03      48         48         0          0          0.1032     2.1551     73         98         104        111        118        124        154       
1434       61000      61000      163.74     71.89      0.4390     38.80      0.14       0.14       0.30       0          48.03      48         48         0          0          0.1032     2.1539     73         98         104        111        118        124        154       
1435       61000      61000      163.76     71.31      0.4355     38.81      0.14       0.14       0.30       0          48.03      48         48         0          0          0.1032     2.1532     73         98         104        111        118        124        154       
1436       61000      61000      163.76     71.49      0.4365     38.73      0.15       0.14       0.30       0          48.03      48         48         0          0          0.1032     2.1474     73         98         104        111        118        124        154       
1437       61000      61000      163.75     70.39      0.4299     38.70      0.14       0.14       0.30       0          48.03      48         48         0          0          0.1032     2.1559     73         98         104        111        118        124        154       
1438       61000      61000      163.76     70.30      0.4293     38.82      0.14       0.14       0.30       0          48.03      48         48         0          0          0.1032     2.1513     73         98         104        111        118        124        154       
1439       61000      61000      163.76     71.86      0.4388     38.72      0.15       0.14       0.30       0          48.03      48         48         0          0          0.1032     2.1488     73         98         104        111        118        124        154       
1440       61000      61000      163.75     71.49      0.4366     38.68      0.14       0.14       0.30       0          48.03      48         48         0          0          0.1032     2.1504     73         98         104        111        118        124        154       
1441       61000      61000      163.74     71.22      0.4349     38.75      0.14       0.14       0.30       0          48.03      48         48         0          0          0.1032     2.1500     73         98         104        111        118        124        154       
1442       61000      61000      163.75     70.20      0.4287     38.77      0.14       0.14       0.30       0          48.03      48         48         0          0          0.1032     2.1471     73         98         104        111        118        124        154       
1443       61000      61000      163.75     70.93      0.4332     38.75      0.15       0.14       0.30       0          48.03      48         48         0          0          0.1032     2.1498     73         98         104        111        118        124        154       
1444       61000      61000      163.76     71.36      0.4357     38.74      0.14       0.14       0.30       0          48.03      48         48         0          0          0.1032     2.1487     73         98         104        111        118        124        154       
1445       61000      61000      163.78     71.64      0.4374     38.68      0.14       0.14       0.30       0          48.03      48         48         0          0          0.1032     2.1510     73         98         104        111        118        124        154       
1446       61000      61000      163.76     69.33      0.4234     38.69      0.14       0.14       0.30       0          48.03      48         48         0          0          0.1032     2.1484     73         98         104        111        118        124        154       
1447       61000      61000      163.76     70.87      0.4327     38.72      0.14       0.14       0.30       0          48.03      48         48         0          0          0.1032     2.1479     73         98         104        111        118        124        154       
1448       61000      61000      163.76     70.73      0.4319     38.66      0.14       0.14       0.30       0          48.03      48         48         0          0          0.1032     2.1520     73         98         104        111        118        124        154       
1449       61000      61000      163.76     71.81      0.4385     38.58      0.14       0.14       0.30       0          48.03      48         48         0          0          0.1032     2.1526     73         98         104        111        118        124        154       
1450       61000      61000      163.74     70.55      0.4309     38.71      0.14       0.14       0.30       0          48.03      48         48         0          0          0.1032     2.1500     73         98         104        111        118        124        154       
1451       61000      61000      163.77     70.52      0.4306     38.69      0.14       0.14       0.30       0          48.03      48         48         0          0          0.1032     2.1505     73         98         104        111        118        124        154       
1452       61000      61000      163.77     72.21      0.4409     38.67      0.14       0.14       0.30       0          48.03      48         48         0          0          0.1032     2.1463     73         98         104        111        118        124        154       
1453       61000      61000      163.75     71.37      0.4358     38.70      0.14       0.14       0.30       0          48.03      48         48         0          0          0.1032     2.1488     73         98         104        111        118        124        154       
1454       61000      61000      163.76     70.91      0.4330     38.72      0.14       0.14       0.30       0          48.03      48         48         0          0          0.1032     2.1520     73         98         104        111        118        124        154       
1455       61000      61000      163.77     71.80      0.4384     38.80      0.14       0.14       0.30       0          48.03      48         48         0          0          0.1032     2.1554     73         98         104        111        118        124        154       
1456       61000      61000      163.77     69.92      0.4269     38.77      0.15       0.14       0.30       0          48.03      48         48         0          0          0.1032     2.1496     73         98         104        111        118        124        154       
1457       61000      61000      163.74     70.10      0.4281     38.77      0.15       0.14       0.30       0          48.03      48         48         0          0          0.1032     2.1483     73         98         104        111        118        124        154       
1458       61000      61000      163.77     71.11      0.4342     38.74      0.15       0.14       0.30       0          48.03      48         48         0          0          0.1032     2.1535     73         98         104        111        118        124        154       
1459       61000      61000      163.76     71.38      0.4359     38.70      0.14       0.14       0.30       0          48.03      48         48         0          0          0.1032     2.1469     73         98         104        111        118        124        154       
1460       61000      61000      163.75     70.94      0.4332     38.64      0.14       0.14       0.30       0          48.03      48         48         0          0          0.1032     2.1534     73         98         104        111        118        124        154       
1461       61000      61000      163.76     71.45      0.4363     38.76      0.14       0.14       0.30       0          48.03      48         48         0          0          0.1032     2.1557     73         98         104        111        118        124        154       
1462       61000      61000      163.78     72.65      0.4436     38.81      0.14       0.14       0.30       0          48.03      48         48         0          0          0.1032     2.1472     73         98         104        111        118        124        154       
1463       61000      61000      163.75     71.10      0.4342     38.71      0.14       0.14       0.30       0          48.03      48         48         0          0          0.1032     2.1484     73         98         104        111        118        124        154       
1464       61000      61000      163.74     71.44      0.4363     38.74      0.14       0.14       0.30       0          48.03      48         48         0          0          0.1032     2.1517     73         98         104        111        118        124        154       
1465       61000      61000      163.77     70.90      0.4329     38.71      0.14       0.14       0.30       0          48.03      48         48         0          0          0.1032     2.1528     73         98         104        111        118        124        154       
1466       61000      61000      163.77     70.33      0.4294     38.72      0.14       0.14       0.30       0          48.03      48         48         0          0          0.1032     2.1488     73         98         104        111        118        124        154       
1467       61000      61000      163.79     71.79      0.4383     38.82      0.14       0.14       0.30       0          48.03      48         48         0          0          0.1032     2.1483     73         98         104        111        118        124        154       
1468       61000      61000      163.74     71.04      0.4339     38.76      0.14       0.14       0.30       0          48.03      48         48         0          0          0.1032     2.1468     73         98         104        111        118        124        154       
1469       61000      61000      163.78     70.23      0.4288     38.68      0.14       0.14       0.30       0          48.03      48         48         0          0          0.1032     2.1481     73         98         104        111        118        124        154       
1470       61000      61000      163.76     71.39      0.4359     38.72      0.14       0.14       0.30       0          48.03      48         48         0          0          0.1032     2.1529     73         98         104        111        118        124        154       
1471       61000      61000      163.77     70.65      0.4314     38.70      0.14       0.14       0.30       0          48.03      48         48         0          0          0.1032     2.1490     73         98         104        111        118        124        154       
1472       61000      61000      163.76     70.75      0.4321     38.65      0.14       0.14       0.30       0          48.03      48         48         0          0          0.1032     2.1476     73         98         104        111        118        124        154       
1473       61000      61000      163.75     70.55      0.4309     38.73      0.14       0.14       0.30       0          48.03      48         48         0          0          0.1032     2.1522     73         98         104        111        118        124        154       
1474       61000      61000      163.74     71.05      0.4339     38.74      0.14       0.14       0.30       0          48.03      48         48         0          0          0.1032     2.1469     73         98         104        111        118        124        154       
1475       61000      61000      163.75     71.63      0.4374     38.80      0.14       0.14       0.30       0          48.03      48         48         0          0          0.1032     2.1549     73         98         104        111        118        124        154       
1476       61000      61000      163.75     70.91      0.4331     38.80      0.15       0.14       0.30       0          48.03      48         48         0          0          0.1032     2.1524     73         98         104        111        118        124        154       
1477       61000      61000      163.77     71.12      0.4343     38.71      0.15       0.14       0.30       0          48.03      48         48         0          0          0.1032     2.1525     73         98         104        111        118        124        154       
1478       61000      61000      163.78     71.53      0.4368     38.78      0.14       0.14       0.30       0          48.03      48         48         0          0          0.1032     2.1515     73         98         104        111        118        124        154       
1479       61000      61000      163.75     71.86      0.4388     38.78      0.14       0.14       0.30       0          48.03      48         48         0          0          0.1032     2.1511     73         98         104        111        118        124        154       
1480       61000      61000      163.77     70.39      0.4298     38.82      0.14       0.14       0.30       0          48.03      48         48         0          0          0.1032     2.1547     73         98         104        111        118        124        154       
1481       61000      61000      163.74     70.60      0.4312     38.78      0.15       0.14       0.30       0          48.03      48         48         0          0          0.1032     2.1474     73         98         104        111        118        124        154       
1482       61000      61000      163.75     70.71      0.4318     38.69      0.14       0.14       0.30       0          48.03      48         48         0          0          0.1032     2.1489     73         98         104        111        118        124        154       
1483       61000      61000      163.75     70.92      0.4331     38.71      0.14       0.14       0.30       0          48.03      48         48         0          0          0.1032     2.1554     73         98         104        111        118        124        154       
1484       61000      61000      163.76     70.17      0.4285     38.67      0.14       0.14       0.30       0          48.03      48         48         0          0          0.1032     2.1524     73         98         104        111        118        124        154       
1485       61000      61000      163.74     70.77      0.4322     38.68      0.14       0.14       0.30       0          48.03      48         48         0          0          0.1032     2.1501     73         98         104        111        118        124        154       
1486       61000      61000      163.74     71.19      0.4348     38.77      0.14       0.14       0.30       0          48.03      48         48         0          0          0.1032     2.1504     73         98         104        111        118        124        154       
1487       61000      61000      163.75     71.11      0.4343     38.79      0.14       0.14       0.30       0          48.03      48         48         0          0          0.1032     2.1495     73         98         104        111        118        124        154       
1488       61000      61000      163.74     71.00      0.4336     38.70      0.15       0.14       0.30       0          48.03      48         48         0          0          0.1032     2.1470     73         98         104        111        118        124        154       
1489       61000      61000      163.76     71.04      0.4338     38.68      0.14       0.14       0.30       0          48.03      48         48         0          0          0.1032     2.1528     73         98         104        111        118        124        154       
1490       61000      61000      163.74     70.38      0.4298     38.70      0.14       0.14       0.30       0          48.03      48         48         0          0          0.1032     2.1510     73         98         104        111        118        124        154       
1491       61000      61000      163.75     71.16      0.4346     38.69      0.14       0.14       0.30       0          48.03      48         48         0          0          0.1032     2.1508     73         98         104        111        118        124        154       
1492       61000      61000      163.78     71.04      0.4338     38.72      0.14       0.14       0.30       0          48.03      48         48         0          0          0.1032     2.1525     73         98         104        111        118        124        154       
1493       61000      61000      163.77     71.65      0.4375     38.69      0.15       0.14       0.30       0          48.03      48         48         0          0          0.1032     2.1545     73         98         104        111        118        124        154       
1494       61000      61000      163.76     70.90      0.4330     38.65      0.14       0.14       0.30       0          48.03      48         48         0          0          0.1032     2.1476     73         98         104        111        118        124        154       
1495       61000      61000      163.77     71.87      0.4389     38.74      0.14       0.14       0.30       0          48.03      48         48         0          0          0.1032     2.1554     73         98         104        111        118        124        154       
1496       61000      61000      163.78     71.73      0.4380     38.87      0.15       0.14       0.30       0          48.03      48         48         0          0          0.1032     2.1506     73         98         104        111        118        124        154       
1497       61000      61000      163.76     71.27      0.4352     38.82      0.15       0.14       0.30       0          48.03      48         48         0          0          0.1032     2.1467     73         98         104        111        118        124        154       
1498       61000      61000      163.77     72.25      0.4412     38.83      0.14       0.14       0.30       0          48.03      48         48         0          0          0.1032     2.1484     73         98         104        111        118        124        154       
1499       61000      61000      163.76     71.66      0.4376     38.87      0.14       0.14       0.30       0          48.03      48         48         0          0          0.1032     2.1463     73         98         104        111        118        124        154       
1500       61000      61000      163.74     70.59      0.4311     38.91      0.15       0.14       0.30       0          48.03      48         48         0          0          0.1032     2.1508     73         98         104        111        118        124        154       
1501       61000      61000      163.75     72.28      0.4414     38.84      0.14       0.14       0.30       0          48.03      48         48         0          0          0.1032     2.1525     73         98         104        111        118        124        154       
1502       61000      61000      163.74     70.82      0.4325     38.73      0.14       0.14       0.30       0          48.03      48         48         0          0          0.1032     2.1558     73         98         104        111        118        124        154       
1503       61000      61000      163.76     71.45      0.4363     38.81      0.14       0.14       0.30       0          48.03      48         48         0          0          0.1032     2.1525     73         98         104        111        118        124        154       
1504       61000      61000      163.76     70.41      0.4299     38.81      0.14       0.14       0.30       0          48.03      48         48         0          0          0.1032     2.1462     73         98         104        111        118        124        154       
1505       61000      61000      163.74     71.14      0.4344     38.73      0.14       0.14       0.30       0          48.03      48         48         0          0          0.1032     2.1506     73         98         104        111        118        124        154       
1506       61000      61000      163.76     71.32      0.4355     38.80      0.14       0.14       0.30       0          48.03      48         48         0          0          0.1032     2.1450     73         98         104        111        118        124        154       
1507       61000      61000      163.77     72.13      0.4404     38.82      0.14       0.14       0.30       0          48.03      48         48         0          0          0.1032     2.1504     73         98         104        111        118        124        154       
1508       61000      61000      163.76     71.00      0.4336     38.78      0.15       0.14       0.30       0          48.03      48         48         0          0          0.1032     2.1507     73         98         104        111        118        124        154       
1509       61000      61000      163.77     71.73      0.4380     38.85      0.14       0.14       0.30       0          48.03      48         48         0          0          0.1032     2.1494     73         98         104        111        118        124        154       
1510       61000      61000      163.75     71.58      0.4371     38.85      0.14       0.14       0.30       0          48.03      48         48         0          0          0.1032     2.1522     73         98         104        111        118        124        154       
1511       61000      61000      163.77     71.16      0.4345     38.80      0.14       0.14       0.30       0          48.03      48         48         0          0          0.1032     2.1492     73         98         104        111        118        124        154       
1512       61000      61000      163.73     71.81      0.4386     38.81      0.14       0.14       0.30       0          48.03      48         48         0          0          0.1032     2.1517     73         98         104        111        118        124        154       
1513       61000      61000      163.74     70.22      0.4288     38.78      0.14       0.14       0.30       0          48.03      48         48         0          0          0.1032     2.1487     73         98         104        111        118        124        154       
1514       61000      61000      163.75     71.24      0.4350     38.69      0.14       0.14       0.30       0          48.03      48         48         0          0          0.1032     2.1561     73         98         104        111        118        124        154       
1515       61000      61000      163.77     71.90      0.4390     38.71      0.14       0.14       0.30       0          48.03      48         48         0          0          0.1032     2.1520     73         98         104        111        118        124        154       
1516       61000      61000      163.77     70.53      0.4306     38.70      0.14       0.14       0.30       0          48.03      48         48         0          0          0.1032     2.1496     73         98         104        111        118        124        154       
1517       61000      61000      163.74     71.26      0.4352     38.76      0.14       0.14       0.30       0          48.03      48         48         0          0          0.1032     2.1531     73         98         104        111        118        124        154       
1518       61000      61000      163.75     68.96      0.4212     38.73      0.15       0.14       0.30       0          48.03      48         48         0          0          0.1032     2.1465     73         98         104        111        118        124        154       
1519       61000      61000      163.74     70.53      0.4308     38.67      0.14       0.14       0.30       0          48.03      48         48         0          0          0.1032     2.1574     73         98         104        111        118        124        154       
1520       61000      61000      163.77     71.74      0.4381     38.77      0.14       0.14       0.30       0          48.03      48         48         0          0          0.1032     2.1456     73         98         104        111        118        124        154       
1521       61000      61000      163.76     71.39      0.4359     38.71      0.14       0.14       0.30       0          48.03      48         48         0          0          0.1032     2.1481     73         98         104        111        118        124        154       
1522       61000      61000      163.75     72.04      0.4399     38.66      0.14       0.14       0.30       0          48.03      48         48         0          0          0.1032     2.1481     73         98         104        111        118        124        154       
1523       61000      61000      163.75     70.67      0.4316     38.71      0.14       0.14       0.30       0          48.03      48         48         0          0          0.1032     2.1494     73         98         104        111        118        124        154       
1524       61000      61000      163.75     71.92      0.4392     38.68      0.14       0.14       0.30       0          48.03      48         48         0          0          0.1032     2.1462     73         98         104        111        118        124        154       
1525       61000      61000      163.74     71.86      0.4389     38.76      0.14       0.14       0.30       0          48.03      48         48         0          0          0.1032     2.1509     73         98         104        111        118        124        154       
1526       61000      61000      163.74     69.96      0.4273     38.76      0.15       0.14       0.30       0          48.03      48         48         0          0          0.1032     2.1478     73         98         104        111        118        124        154       
1527       61000      61000      163.75     71.45      0.4363     38.72      0.14       0.14       0.30       0          48.03      48         48         0          0          0.1032     2.1514     73         98         104        111        118        124        154       
1528       61000      61000      163.76     70.51      0.4306     38.71      0.14       0.14       0.30       0          48.03      48         48         0          0          0.1032     2.1518     73         98         104        111        118        124        154       
1529       61000      61000      163.77     71.14      0.4344     38.76      0.14       0.14       0.30       0          48.03      48         48         0          0          0.1032     2.1509     73         98         104        111        118        124        154       
1530       61000      61000      163.74     70.82      0.4325     38.70      0.14       0.14       0.30       0          48.03      48         48         0          0          0.1032     2.1510     73         98         104        111        118        124        154       
1531       61000      61000      163.75     70.73      0.4319     38.68      0.14       0.14       0.30       0          48.03      48         48         0          0          0.1032     2.1526     73         98         104        111        118        124        154       
1532       61000      61000      163.76     70.18      0.4286     38.67      0.14       0.14       0.30       0          48.03      48         48         0          0          0.1032     2.1535     73         98         104        111        118        124        154       
1533       61000      61000      163.75     71.17      0.4346     38.68      0.14       0.14       0.30       0          48.03      48         48         0          0          0.1032     2.1558     73         98         104        111        118        124        154       
1534       61000      61000      163.77     70.28      0.4291     38.73      0.14       0.14       0.30       0          48.03      48         48         0          0          0.1032     2.1543     73         98         104        111        118        124        154       
1535       61000      61000      163.75     71.12      0.4343     38.71      0.14       0.14       0.30       0          48.03      48         48         0          0          0.1032     2.1471     73         98         104        111        118        124        154       
1536       61000      61000      163.74     70.77      0.4322     38.68      0.14       0.14       0.30       0          48.03      48         48         0          0          0.1032     2.1543     73         98         104        111        118        124        154       
1537       61000      61000      163.76     70.01      0.4275     38.64      0.14       0.14       0.30       0          48.03      48         48         0          0          0.1032     2.1509     73         98         104        111        118        124        154       
1538       61000      61000      163.75     71.00      0.4336     38.57      0.14       0.14       0.30       0          48.03      48         48         0          0          0.1032     2.1457     73         98         104        111        118        124        154       
1539       61000      61000      163.76     71.21      0.4349     38.56      0.14       0.14       0.30       0          48.03      48         48         0          0          0.1032     2.1481     73         98         104        111        118        124        154       
1540       61000      61000      163.77     70.94      0.4331     38.70      0.14       0.14       0.30       0          48.03      48         48         0          0          0.1032     2.1526     73         98         104        111        118        124        154       
1541       61000      61000      163.74     70.49      0.4305     38.70      0.14       0.14       0.30       0          48.03      48         48         0          0          0.1032     2.1490     73         98         104        111        118        124        154       
1542       61000      61000      163.77     70.67      0.4315     38.71      0.13       0.14       0.30       0          48.03      48         48         0          0          0.1032     2.1511     73         98         104        111        118        124        154       
1543       61000      61000      163.78     71.24      0.4350     38.73      0.14       0.14       0.30       0          48.03      48         48         0          0          0.1032     2.1473     73         98         104        111        118        124        154       
1544       61000      61000      163.76     70.75      0.4321     38.67      0.14       0.14       0.30       0          48.03      48         48         0          0          0.1032     2.1486     73         98         104        111        118        124        154       
1545       61000      61000      163.77     71.97      0.4395     38.69      0.14       0.14       0.30       0          48.03      48         48         0          0          0.1032     2.1538     73         98         104        111        118        124        154       
1546       61000      61000      163.77     70.10      0.4281     38.72      0.14       0.14       0.30       0          48.03      48         48         0          0          0.1032     2.1487     73         98         104        111        118        124        154       
1547       61000      61000      163.74     71.66      0.4376     38.77      0.15       0.14       0.30       0          48.03      48         48         0          0          0.1032     2.1521     73         98         104        111        118        124        154       
1548       61000      61000      163.77     71.51      0.4366     38.77      0.15       0.14       0.30       0          48.03      48         48         0          0          0.1032     2.1460     73         98         104        111        118        124        154       
1549       61000      61000      163.77     72.58      0.4432     38.80      0.14       0.14       0.30       0          48.03      48         48         0          0          0.1032     2.1483     73         98         104        111        118        124        154       
1550       61000      61000      163.78     71.00      0.4335     38.76      0.14       0.14       0.30       0          48.03      48         48         0          0          0.1032     2.1492     73         98         104        111        118        124        154       
1551       61000      61000      163.77     71.50      0.4366     38.75      0.15       0.14       0.30       0          48.03      48         48         0          0          0.1032     2.1539     73         98         104        111        118        124        154       
1552       61000      61000      163.75     70.85      0.4327     38.80      0.14       0.14       0.30       0          48.03      48         48         0          0          0.1032     2.1491     73         98         104        111        118        124        154       
1553       61000      61000      163.79     71.74      0.4380     38.76      0.14       0.14       0.30       0          48.03      48         48         0          0          0.1032     2.1484     73         98         104        111        118        124        154       
1554       61000      61000      163.75     70.34      0.4296     38.74      0.14       0.14       0.30       0          48.03      48         48         0          0          0.1032     2.1506     73         98         104        111        118        124        154       
1555       61000      61000      163.75     69.10      0.4220     38.69      0.14       0.14       0.30       0          48.03      48         48         0          0          0.1032     2.1472     73         98         104        111        118        124        154       
1556       61000      61000      163.74     71.20      0.4348     38.70      0.14       0.14       0.30       0          48.03      48         48         0          0          0.1032     2.1505     73         98         104        111        118        124        154       
1557       61000      61000      163.74     70.84      0.4326     38.77      0.14       0.14       0.30       0          48.03      48         48         0          0          0.1032     2.1504     73         98         104        111        118        124        154       
1558       61000      61000      163.75     71.87      0.4389     38.71      0.14       0.14       0.30       0          48.03      48         48         0          0          0.1032     2.1528     73         98         104        111        118        124        154       
1559       61000      61000      163.76     71.24      0.4350     38.65      0.14       0.14       0.30       0          48.03      48         48         0          0          0.1032     2.1481     73         98         104        111        118        124        154       
1560       61000      61000      163.76     71.51      0.4367     38.76      0.14       0.14       0.30       0          48.03      48         48         0          0          0.1032     2.1538     73         98         104        111        118        124        154       
1561       61000      61000      163.76     70.11      0.4281     38.69      0.14       0.14       0.30       0          48.03      48         48         0          0          0.1032     2.1547     73         98         104        111        118        124        154       
1562       61000      61000      163.77     71.47      0.4364     38.71      0.15       0.14       0.30       0          48.03      48         48         0          0          0.1032     2.1558     73         98         104        111        118        124        154       
1563       61000      61000      163.74     71.32      0.4356     38.66      0.14       0.14       0.30       0          48.03      48         48         0          0          0.1032     2.1502     73         98         104        111        118        124        154       
1564       61000      61000      163.77     70.79      0.4323     38.67      0.14       0.14       0.30       0          48.03      48         48         0          0          0.1032     2.1501     73         98         104        111        118        124        154       
1565       61000      61000      163.75     71.39      0.4360     38.66      0.14       0.14       0.30       0          48.03      48         48         0          0          0.1032     2.1510     73         98         104        111        118        124        154       
1566       61000      61000      163.76     71.65      0.4375     38.81      0.14       0.14       0.30       0          48.03      48         48         0          0          0.1032     2.1502     73         98         104        111        118        124        154       
1567       61000      61000      163.75     70.53      0.4307     38.77      0.14       0.14       0.30       0          48.03      48         48         0          0          0.1032     2.1471     73         98         104        111        118        124        154       
1568       61000      61000      163.75     70.52      0.4306     38.70      0.14       0.14       0.30       0          48.03      48         48         0          0          0.1032     2.1455     73         98         104        111        118        124        154       
1569       61000      61000      163.75     71.86      0.4389     38.74      0.14       0.14       0.30       0          48.03      48         48         0          0          0.1032     2.1444     73         98         104        111        118        124        154       
1570       61000      61000      163.74     71.47      0.4365     38.71      0.14       0.14       0.30       0          48.03      48         48         0          0          0.1032     2.1483     73         98         104        111        118        124        154       
1571       61000      61000      163.74     71.11      0.4343     38.79      0.14       0.14       0.30       0          48.03      48         48         0          0          0.1032     2.1497     73         98         104        111        118        124        154       
1572       61000      61000      163.77     71.23      0.4349     38.73      0.14       0.14       0.30       0          48.03      48         48         0          0          0.1032     2.1492     73         98         104        111        118        124        154       
1573       61000      61000      163.75     71.11      0.4343     38.66      0.14       0.14       0.30       0          48.03      48         48         0          0          0.1032     2.1556     73         98         104        111        118        124        154       
1574       61000      61000      163.74     70.59      0.4311     38.71      0.14       0.14       0.30       0          48.03      48         48         0          0          0.1032     2.1487     73         98         104        111        118        124        154       
1575       61000      61000      163.75     70.96      0.4334     38.58      0.14       0.14       0.30       0          48.03      48         48         0          0          0.1032     2.1526     73         98         104        111        118        124        154       
1576       61000      61000      163.77     72.00      0.4396     38.69      0.14       0.14       0.30       0          48.03      48         48         0          0          0.1032     2.1504     73         98         104        111        118        124        154       
1577       61000      61000      163.77     70.41      0.4300     38.76      0.14       0.14       0.30       0          48.03      48         48         0          0          0.1032     2.1546     73         98         104        111        118        124        154       
1578       61000      61000      163.75     70.28      0.4292     38.73      0.15       0.14       0.30       0          48.03      48         48         0          0          0.1032     2.1472     73         98         104        111        118        124        154       
1579       61000      61000      163.75     71.20      0.4348     38.65      0.14       0.14       0.30       0          48.03      48         48         0          0          0.1032     2.1458     73         98         104        111        118        124        154       
1580       61000      61000      163.75     70.60      0.4312     38.65      0.14       0.14       0.30       0          48.03      48         48         0          0          0.1032     2.1568     73         98         104        111        118        124        154       
1581       61000      61000      163.75     71.43      0.4362     38.66      0.14       0.14       0.30       0          48.03      48         48         0          0          0.1032     2.1554     73         98         104        111        118        124        154       
1582       61000      61000      163.75     69.92      0.4270     38.68      0.14       0.14       0.30       0          48.03      48         48         0          0          0.1032     2.1571     73         98         104        111        118        124        154       
1583       61000      61000      163.77     70.91      0.4330     38.68      0.14       0.14       0.30       0          48.03      48         48         0          0          0.1032     2.1517     73         98         104        111        118        124        154       
1584       61000      61000      163.76     71.70      0.4378     38.62      0.14       0.14       0.30       0          48.03      48         48         0          0          0.1032     2.1466     73         98         104        111        118        124        154       
1585       61000      61000      163.75     71.35      0.4357     38.73      0.14       0.14       0.30       0          48.03      48         48         0          0          0.1032     2.1563     73         98         104        111        118        124        154       
1586       61000      61000      163.75     71.04      0.4339     38.74      0.14       0.14       0.30       0          48.03      48         48         0          0          0.1032     2.1549     73         98         104        111        118        124        154       
1587       61000      61000      163.77     70.92      0.4331     38.64      0.14       0.14       0.30       0          48.03      48         48         0          0          0.1032     2.1525     73         98         104        111        118        124        154       
1588       61000      61000      163.76     71.10      0.4342     38.77      0.14       0.14       0.30       0          48.03      48         48         0          0          0.1032     2.1491     73         98         104        111        118        124        154       
1589       61000      61000      163.76     70.80      0.4323     38.77      0.14       0.14       0.30       0          48.03      48         48         0          0          0.1032     2.1573     73         98         104        111        118        124        154       
1590       61000      61000      163.78     70.77      0.4321     38.78      0.14       0.14       0.30       0          48.03      48         48         0          0          0.1032     2.1488     73         98         104        111        118        124        154       
1591       61000      61000      163.75     71.33      0.4356     38.76      0.14       0.14       0.30       0          48.03      48         48         0          0          0.1032     2.1511     73         98         104        111        118        124        154       
1592       61000      61000      163.75     70.37      0.4297     38.66      0.14       0.14       0.30       0          48.03      48         48         0          0          0.1032     2.1538     73         98         104        111        118        124        154       
1593       61000      61000      163.75     71.50      0.4367     38.69      0.14       0.14       0.30       0          48.03      48         48         0          0          0.1032     2.1594     73         98         104        111        118        124        154       
1594       61000      61000      163.75     71.28      0.4353     38.71      0.14       0.14       0.30       0          48.03      48         48         0          0          0.1032     2.1455     73         98         104        111        118        124        154       
1595       61000      61000      163.78     70.27      0.4290     38.72      0.14       0.14       0.30       0          48.03      48         48         0          0          0.1032     2.1484     73         98         104        111        118        124        154       
1596       61000      61000      163.76     70.65      0.4314     38.66      0.14       0.14       0.30       0          48.03      48         48         0          0          0.1032     2.1548     73         98         104        111        118        124        154       
1597       61000      61000      163.74     71.21      0.4349     38.73      0.14       0.14       0.30       0          48.03      48         48         0          0          0.1032     2.1467     73         98         104        111        118        124        154       
1598       61000      61000      163.76     71.92      0.4392     38.62      0.14       0.14       0.30       0          48.03      48         48         0          0          0.1032     2.1494     73         98         104        111        118        124        154       
1599       61000      61000      163.76     71.35      0.4357     38.68      0.14       0.14       0.30       0          48.03      48         48         0          0          0.1032     2.1506     73         98         104        111        118        124        154       
1600       61000      61000      163.76     71.66      0.4376     38.73      0.14       0.14       0.30       0          48.03      48         48         0          0          0.1032     2.1500     73         98         104        111        118        124        154       
1601       61000      61000      163.79     70.27      0.4290     38.68      0.14       0.14       0.30       0          48.03      48         48         0          0          0.1032     2.1521     73         98         104        111        118        124        154       
1602       61000      61000      163.77     71.43      0.4362     38.70      0.14       0.14       0.30       0          48.03      48         48         0          0          0.1032     2.1516     73         98         104        111        118        124        154       
1603       61000      61000      163.76     71.68      0.4377     38.62      0.14       0.14       0.30       0          48.03      48         48         0          0          0.1032     2.1517     73         98         104        111        118        124        154       
1604       61000      61000      163.76     70.89      0.4329     38.77      0.14       0.14       0.30       0          48.03      48         48         0          0          0.1032     2.1550     73         98         104        111        118        124        154       
1605       61000      61000      163.74     70.57      0.4310     38.76      0.14       0.14       0.30       0          48.03      48         48         0          0          0.1032     2.1479     73         98         104        111        118        124        154       
1606       61000      61000      163.75     70.70      0.4318     38.75      0.14       0.14       0.30       0          48.03      48         48         0          0          0.1032     2.1528     73         98         104        111        118        124        154       
1607       61000      61000      163.76     72.01      0.4397     38.63      0.14       0.14       0.30       0          48.03      48         48         0          0          0.1032     2.1516     73         98         104        111        118        124        154       
1608       61000      61000      163.76     70.14      0.4283     38.64      0.14       0.14       0.30       0          48.03      48         48         0          0          0.1032     2.1561     73         98         104        111        118        124        154       
1609       61000      61000      163.77     70.78      0.4322     38.64      0.14       0.14       0.30       0          48.03      48         48         0          0          0.1032     2.1526     73         98         104        111        118        124        154       
1610       61000      61000      163.73     71.25      0.4351     38.75      0.14       0.14       0.30       0          48.03      48         48         0          0          0.1032     2.1490     73         98         104        111        118        124        154       
1611       61000      61000      163.75     71.56      0.4370     38.88      0.14       0.14       0.30       0          48.03      48         48         0          0          0.1032     2.1526     73         98         104        111        118        124        154       
1612       61000      61000      163.76     71.17      0.4346     38.74      0.14       0.14       0.30       0          48.03      48         48         0          0          0.1032     2.1472     73         98         104        111        118        124        154       
1613       61000      61000      163.76     70.36      0.4297     38.72      0.14       0.14       0.30       0          48.03      48         48         0          0          0.1032     2.1498     73         98         104        111        118        124        154       
1614       61000      61000      163.77     69.82      0.4264     38.70      0.14       0.14       0.30       0          48.03      48         48         0          0          0.1032     2.1486     73         98         104        111        118        124        154       
1615       61000      61000      163.76     70.97      0.4334     38.69      0.14       0.14       0.30       0          48.03      48         48         0          0          0.1032     2.1567     73         98         104        111        118        124        154       
1616       61000      61000      163.73     70.67      0.4316     38.72      0.14       0.14       0.30       0          48.03      48         48         0          0          0.1032     2.1484     73         98         104        111        118        124        154       
1617       61000      61000      163.74     72.49      0.4427     38.67      0.14       0.14       0.30       0          48.03      48         48         0          0          0.1032     2.1535     73         98         104        111        118        124        154       
1618       61000      61000      163.76     71.58      0.4371     38.70      0.14       0.14       0.30       0          48.03      48         48         0          0          0.1032     2.1570     73         98         104        111        118        124        154       
1619       61000      61000      163.76     71.17      0.4346     38.83      0.14       0.14       0.30       0          48.03      48         48         0          0          0.1032     2.1498     73         98         104        111        118        124        154       
1620       61000      61000      163.74     70.40      0.4300     38.78      0.14       0.14       0.30       0          48.03      48         48         0          0          0.1032     2.1510     73         98         104        111        118        124        154       
1621       61000      61000      163.76     72.01      0.4397     38.66      0.14       0.14       0.30       0          48.03      48         48         0          0          0.1032     2.1531     73         98         104        111        118        124        154       
1622       61000      61000      163.75     70.81      0.4324     38.73      0.15       0.14       0.30       0          48.03      48         48         0          0          0.1032     2.1511     73         98         104        111        118        124        154       
1623       61000      61000      163.78     70.98      0.4334     38.76      0.14       0.14       0.30       0          48.03      48         48         0          0          0.1032     2.1523     73         98         104        111        118        124        154       
1624       61000      61000      163.74     70.71      0.4319     38.71      0.14       0.14       0.30       0          48.03      48         48         0          0          0.1032     2.1495     73         98         104        111        118        124        154       
1625       61000      61000      163.78     69.80      0.4262     38.74      0.14       0.14       0.30       0          48.03      48         48         0          0          0.1032     2.1517     73         98         104        111        118        124        154       
1626       61000      61000      163.75     71.16      0.4345     38.74      0.14       0.14       0.30       0          48.03      48         48         0          0          0.1032     2.1523     73         98         104        111        118        124        154       
1627       61000      61000      163.76     70.85      0.4326     38.57      0.14       0.14       0.30       0          48.03      48         48         0          0          0.1032     2.1531     73         98         104        111        118        124        154       
1628       61000      61000      163.76     71.26      0.4352     38.65      0.14       0.14       0.30       0          48.03      48         48         0          0          0.1032     2.1503     73         98         104        111        118        124        154       
1629       61000      61000      163.75     71.08      0.4340     38.71      0.14       0.14       0.30       0          48.03      48         48         0          0          0.1032     2.1550     73         98         104        111        118        124        154       
1630       61000      61000      163.76     70.68      0.4316     38.63      0.14       0.14       0.30       0          48.03      48         48         0          0          0.1032     2.1470     73         98         104        111        118        124        154       
1631       61000      61000      163.77     71.30      0.4353     38.67      0.14       0.14       0.30       0          48.03      48         48         0          0          0.1032     2.1522     73         98         104        111        118        124        154       
1632       61000      61000      163.73     69.67      0.4255     38.66      0.14       0.14       0.30       0          48.03      48         48         0          0          0.1032     2.1531     73         98         104        111        118        124        154       
1633       61000      61000      163.76     71.90      0.4390     38.62      0.14       0.14       0.30       0          48.03      48         48         0          0          0.1032     2.1498     73         98         104        111        118        124        154       
1634       61000      61000      163.76     71.90      0.4391     38.77      0.14       0.14       0.30       0          48.03      48         48         0          0          0.1032     2.1501     73         98         104        111        118        124        154       
1635       61000      61000      163.76     70.54      0.4308     38.75      0.14       0.14       0.30       0          48.03      48         48         0          0          0.1032     2.1506     73         98         104        111        118        124        154       
1636       61000      61000      163.76     71.35      0.4357     38.71      0.14       0.14       0.30       0          48.03      48         48         0          0          0.1032     2.1447     73         98         104        111        118        124        154       
1637       61000      61000      163.75     71.50      0.4367     38.74      0.14       0.14       0.30       0          48.03      48         48         0          0          0.1032     2.1493     73         98         104        111        118        124        154       
1638       61000      61000      163.74     71.47      0.4365     38.71      0.14       0.14       0.30       0          48.03      48         48         0          0          0.1032     2.1549     73         98         104        111        118        124        154       
1639       61000      61000      163.76     71.93      0.4392     38.84      0.15       0.14       0.30       0          48.03      48         48         0          0          0.1032     2.1446     73         98         104        111        118        124        154       
1640       61000      61000      163.75     70.71      0.4318     38.74      0.15       0.14       0.30       0          48.03      48         48         0          0          0.1032     2.1494     73         98         104        111        118        124        154       
1641       61000      61000      163.76     71.66      0.4376     38.72      0.14       0.14       0.30       0          48.03      48         48         0          0          0.1032     2.1471     73         98         104        111        118        124        154       
1642       61000      61000      163.74     71.37      0.4359     38.74      0.14       0.14       0.30       0          48.03      48         48         0          0          0.1032     2.1526     73         98         104        111        118        124        154       
1643       61000      61000      163.76     71.21      0.4349     38.84      0.15       0.14       0.30       0          48.03      48         48         0          0          0.1032     2.1535     73         98         104        111        118        124        154       
1644       61000      61000      163.76     71.55      0.4369     38.77      0.14       0.14       0.30       0          48.03      48         48         0          0          0.1032     2.1483     73         98         104        111        118        124        154       
1645       61000      61000      163.77     72.11      0.4403     38.83      0.14       0.14       0.30       0          48.03      48         48         0          0          0.1032     2.1496     73         98         104        111        118        124        154       
1646       61000      61000      163.76     71.67      0.4376     38.88      0.14       0.14       0.30       0          48.03      48         48         0          0          0.1032     2.1474     73         98         104        111        118        124        154       
1647       61000      61000      163.74     72.36      0.4419     38.85      0.15       0.14       0.30       0          48.03      48         48         0          0          0.1032     2.1490     73         98         104        111        118        124        154       
1648       61000      61000      163.75     71.43      0.4362     38.86      0.15       0.14       0.30       0          48.03      48         48         0          0          0.1032     2.1538     73         98         104        111        118        124        154       
1649       61000      61000      163.76     70.60      0.4311     38.82      0.14       0.14       0.30       0          48.03      48         48         0          0          0.1032     2.1510     73         98         104        111        118        124        154       
1650       61000      61000      163.75     71.56      0.4370     38.84      0.14       0.14       0.30       0          48.03      48         48         0          0          0.1032     2.1502     73         98         104        111        118        124        154       
1651       61000      61000      163.78     71.47      0.4364     38.88      0.14       0.14       0.30       0          48.03      48         48         0          0          0.1032     2.1514     73         98         104        111        118        124        154       
1652       61000      61000      163.76     72.21      0.4410     38.81      0.15       0.14       0.30       0          48.03      48         48         0          0          0.1032     2.1488     73         98         104        111        118        124        154       
1653       61000      61000      163.75     70.05      0.4278     38.79      0.14       0.14       0.30       0          48.03      48         48         0          0          0.1032     2.1477     73         98         104        111        118        124        154       
1654       61000      61000      163.74     71.07      0.4340     38.78      0.14       0.14       0.30       0          48.03      48         48         0          0          0.1032     2.1506     73         98         104        111        118        124        154       
1655       61000      61000      163.76     71.91      0.4391     38.79      0.14       0.14       0.30       0          48.03      48         48         0          0          0.1032     2.1514     73         98         104        111        118        124        154       
1656       61000      61000      163.77     71.37      0.4358     38.78      0.14       0.14       0.30       0          48.03      48         48         0          0          0.1032     2.1525     73         98         104        111        118        124        154       
1657       61000      61000      163.75     71.22      0.4350     38.80      0.14       0.14       0.30       0          48.03      48         48         0          0          0.1032     2.1518     73         98         104        111        118        124        154       
1658       61000      61000      163.75     71.46      0.4364     38.81      0.14       0.14       0.30       0          48.03      48         48         0          0          0.1032     2.1519     73         98         104        111        118        124        154       
1659       61000      61000      163.75     70.53      0.4307     38.81      0.14       0.14       0.30       0          48.03      48         48         0          0          0.1032     2.1549     73         98         104        111        118        124        154       
1660       61000      61000      163.74     71.71      0.4380     38.77      0.14       0.14       0.30       0          48.03      48         48         0          0          0.1032     2.1494     73         98         104        111        118        124        154       
1661       61000      61000      163.74     71.72      0.4380     38.76      0.14       0.14       0.30       0          48.03      48         48         0          0          0.1032     2.1511     73         98         104        111        118        124        154       
1662       61000      61000      163.76     71.19      0.4347     38.76      0.14       0.14       0.30       0          48.03      48         48         0          0          0.1032     2.1580     73         98         104        111        118        124        154       
1663       61000      61000      163.76     71.12      0.4343     38.74      0.14       0.14       0.30       0          48.03      48         48         0          0          0.1032     2.1567     73         98         104        111        118        124        154       
1664       61000      61000      163.77     70.71      0.4318     38.79      0.15       0.14       0.30       0          48.03      48         48         0          0          0.1032     2.1510     73         98         104        111        118        124        154       
1665       61000      61000      163.77     71.74      0.4380     38.73      0.14       0.14       0.30       0          48.03      48         48         0          0          0.1032     2.1519     73         98         104        111        118        124        154       
1666       61000      61000      163.75     71.57      0.4371     38.68      0.14       0.14       0.30       0          48.03      48         48         0          0          0.1032     2.1484     73         98         104        111        118        124        154       
1667       61000      61000      163.75     70.43      0.4301     38.73      0.14       0.14       0.30       0          48.03      48         48         0          0          0.1032     2.1561     73         98         104        111        118        124        154       
1668       61000      61000      163.76     69.44      0.4241     38.66      0.14       0.14       0.30       0          48.03      48         48         0          0          0.1032     2.1565     73         98         104        111        118        124        154       
1669       61000      61000      163.78     70.25      0.4289     38.59      0.14       0.14       0.30       0          48.03      48         48         0          0          0.1032     2.1535     73         98         104        111        118        124        154       
1670       61000      61000      163.75     70.90      0.4330     38.57      0.14       0.14       0.30       0          48.03      48         48         0          0          0.1032     2.1547     73         98         104        111        118        124        154       
1671       61000      61000      163.77     70.06      0.4278     38.63      0.14       0.14       0.30       0          48.03      48         48         0          0          0.1032     2.1503     73         98         104        111        118        124        154       
1672       61000      61000      163.77     70.50      0.4305     38.64      0.14       0.14       0.30       0          48.03      48         48         0          0          0.1032     2.1495     73         98         104        111        118        124        154       
1673       61000      61000      163.77     71.19      0.4347     38.55      0.14       0.14       0.30       0          48.03      48         48         0          0          0.1032     2.1492     73         98         104        111        118        124        154       
1674       61000      61000      163.75     71.14      0.4344     38.60      0.14       0.14       0.30       0          48.03      48         48         0          0          0.1032     2.1490     73         98         104        111        118        124        154       
1675       61000      61000      163.77     70.21      0.4287     38.63      0.14       0.14       0.30       0          48.03      48         48         0          0          0.1032     2.1532     73         98         104        111        118        124        154       
1676       61000      61000      163.77     69.98      0.4273     38.61      0.14       0.14       0.30       0          48.03      48         48         0          0          0.1032     2.1498     73         98         104        111        118        124        154       
1677       61000      61000      163.74     71.36      0.4358     38.67      0.14       0.14       0.30       0          48.03      48         48         0          0          0.1032     2.1547     73         98         104        111        118        124        154       
1678       61000      61000      163.78     70.82      0.4324     38.70      0.14       0.14       0.30       0          48.03      48         48         0          0          0.1032     2.1513     73         98         104        111        118        124        154       
1679       61000      61000      163.76     71.05      0.4339     38.72      0.14       0.14       0.30       0          48.03      48         48         0          0          0.1032     2.1519     73         98         104        111        118        124        154       
1680       61000      61000      163.75     70.56      0.4309     38.69      0.14       0.14       0.30       0          48.03      48         48         0          0          0.1032     2.1540     73         98         104        111        118        124        154       
1681       61000      61000      163.76     71.36      0.4358     38.74      0.15       0.14       0.30       0          48.03      48         48         0          0          0.1032     2.1501     73         98         104        111        118        124        154       
1682       61000      61000      163.77     70.36      0.4296     38.70      0.14       0.14       0.30       0          48.03      48         48         0          0          0.1032     2.1541     73         98         104        111        118        124        154       
1683       61000      61000      163.76     70.68      0.4316     38.62      0.14       0.14       0.30       0          48.03      48         48         0          0          0.1032     2.1526     73         98         104        111        118        124        154       
1684       61000      61000      163.77     70.16      0.4284     38.65      0.14       0.14       0.30       0          48.03      48         48         0          0          0.1032     2.1534     73         98         104        111        118        124        154       
1685       61000      61000      163.76     70.93      0.4331     38.64      0.14       0.14       0.30       0          48.03      48         48         0          0          0.1032     2.1573     73         98         104        111        118        124        154       
1686       61000      61000      163.76     70.93      0.4331     38.64      0.14       0.14       0.30       0          48.03      48         48         0          0          0.1032     2.1521     73         98         104        111        118        124        154       
1687       61000      61000      163.78     70.20      0.4286     38.69      0.14       0.14       0.30       0          48.03      48         48         0          0          0.1032     2.1496     73         98         104        111        118        124        154       
1688       61000      61000      163.77     70.50      0.4305     38.60      0.14       0.14       0.30       0          48.03      48         48         0          0          0.1032     2.1554     73         98         104        111        118        124        154       
1689       61000      61000      163.76     70.71      0.4318     38.64      0.14       0.14       0.30       0          48.03      48         48         0          0          0.1032     2.1460     73         98         104        111        118        124        154       
1690       61000      61000      163.76     70.12      0.4282     38.64      0.15       0.14       0.30       0          48.03      48         48         0          0          0.1032     2.1542     73         98         104        111        118        124        154       
1691       61000      61000      163.76     71.36      0.4358     38.59      0.14       0.14       0.30       0          48.03      48         48         0          0          0.1032     2.1475     73         98         104        111        118        124        154       
1692       61000      61000      163.76     70.58      0.4310     38.68      0.15       0.14       0.30       0          48.03      48         48         0          0          0.1032     2.1534     73         98         104        111        118        124        154       
1693       61000      61000      163.75     70.54      0.4308     38.60      0.15       0.14       0.30       0          48.03      48         48         0          0          0.1032     2.1503     73         98         104        111        118        124        154       
1694       61000      61000      163.78     71.48      0.4365     38.65      0.14       0.14       0.30       0          48.03      48         48         0          0          0.1032     2.1528     73         98         104        111        118        124        154       
1695       61000      61000      163.77     70.50      0.4305     38.74      0.14       0.14       0.30       0          48.03      48         48         0          0          0.1032     2.1485     73         98         104        111        118        124        154       
1696       61000      61000      163.74     71.18      0.4347     38.67      0.14       0.14       0.30       0          48.03      48         48         0          0          0.1032     2.1524     73         98         104        111        118        124        154       
1697       61000      61000      163.75     71.87      0.4389     38.70      0.14       0.14       0.30       0          48.03      48         48         0          0          0.1032     2.1445     73         98         104        111        118        124        154       
1698       61000      61000      163.75     71.28      0.4353     38.72      0.14       0.14       0.30       0          48.03      48         48         0          0          0.1032     2.1536     73         98         104        111        118        124        154       
1699       61000      61000      163.75     70.93      0.4332     38.75      0.15       0.14       0.30       0          48.03      48         48         0          0          0.1032     2.1515     73         98         104        111        118        124        154       
1700       61000      61000      163.77     70.86      0.4327     38.70      0.14       0.14       0.30       0          48.03      48         48         0          0          0.1032     2.1522     73         98         104        111        118        124        154       
1701       61000      61000      163.77     72.09      0.4402     38.73      0.14       0.14       0.30       0          48.03      48         48         0          0          0.1032     2.1467     73         98         104        111        118        124        154       
1702       61000      61000      163.75     71.44      0.4363     38.75      0.14       0.14       0.30       0          48.03      48         48         0          0          0.1032     2.1490     73         98         104        111        118        124        154       
1703       61000      61000      163.75     70.82      0.4325     38.74      0.14       0.14       0.30       0          48.03      48         48         0          0          0.1032     2.1481     73         98         104        111        118        124        154       
1704       61000      61000      163.74     70.71      0.4318     38.80      0.14       0.14       0.30       0          48.03      48         48         0          0          0.1032     2.1517     73         98         104        111        118        124        154       
1705       61000      61000      163.78     71.11      0.4342     38.78      0.14       0.14       0.30       0          48.03      48         48         0          0          0.1032     2.1520     73         98         104        111        118        124        154       
1706       61000      61000      163.75     70.53      0.4307     38.75      0.14       0.14       0.30       0          48.03      48         48         0          0          0.1032     2.1503     73         98         104        111        118        124        154       
1707       61000      61000      163.79     71.02      0.4336     38.72      0.14       0.14       0.30       0          48.03      48         48         0          0          0.1032     2.1489     73         98         104        111        118        124        154       
1708       61000      61000      163.77     70.93      0.4331     38.60      0.14       0.14       0.30       0          48.03      48         48         0          0          0.1032     2.1490     73         98         104        111        118        124        154       
1709       61000      61000      163.75     71.22      0.4349     38.66      0.14       0.14       0.30       0          48.03      48         48         0          0          0.1032     2.1483     73         98         104        111        118        124        154       
1710       61000      61000      163.77     70.86      0.4327     38.73      0.14       0.14       0.30       0          48.03      48         48         0          0          0.1032     2.1538     73         98         104        111        118        124        154       
1711       61000      61000      163.76     70.26      0.4291     38.65      0.14       0.14       0.30       0          48.03      48         48         0          0          0.1032     2.1478     73         98         104        111        118        124        154       
1712       61000      61000      163.74     71.15      0.4345     38.65      0.14       0.14       0.30       0          48.03      48         48         0          0          0.1032     2.1528     73         98         104        111        118        124        154       
1713       61000      61000      163.78     70.67      0.4315     38.65      0.14       0.14       0.30       0          48.03      48         48         0          0          0.1032     2.1464     73         98         104        111        118        124        154       
1714       61000      61000      163.76     70.98      0.4334     38.66      0.14       0.14       0.30       0          48.03      48         48         0          0          0.1032     2.1492     73         98         104        111        118        124        154       
1715       61000      61000      163.76     70.76      0.4321     38.71      0.14       0.14       0.30       0          48.03      48         48         0          0          0.1032     2.1484     73         98         104        111        118        124        154       
1716       61000      61000      163.76     71.58      0.4371     38.72      0.14       0.14       0.30       0          48.03      48         48         0          0          0.1032     2.1520     73         98         104        111        118        124        154       
1717       61000      61000      163.76     70.82      0.4325     38.72      0.14       0.14       0.30       0          48.03      48         48         0          0          0.1032     2.1509     73         98         104        111        118        124        154       
1718       61000      61000      163.76     70.83      0.4325     38.75      0.14       0.14       0.30       0          48.03      48         48         0          0          0.1032     2.1496     73         98         104        111        118        124        154       
1719       61000      61000      163.76     70.35      0.4296     38.76      0.14       0.14       0.30       0          48.03      48         48         0          0          0.1032     2.1505     73         98         104        111        118        124        154       
1720       61000      61000      163.77     71.60      0.4372     38.65      0.14       0.14       0.30       0          48.03      48         48         0          0          0.1032     2.1481     73         98         104        111        118        124        154       
1721       61000      61000      163.74     71.14      0.4345     38.63      0.14       0.14       0.30       0          48.03      48         48         0          0          0.1032     2.1491     73         98         104        111        118        124        154       
1722       61000      61000      163.77     71.66      0.4376     38.70      0.14       0.14       0.30       0          48.03      48         48         0          0          0.1032     2.1488     73         98         104        111        118        124        154       
1723       61000      61000      163.73     69.92      0.4270     38.69      0.14       0.14       0.30       0          48.03      48         48         0          0          0.1032     2.1556     73         98         104        111        118        124        154       
1724       61000      61000      163.76     72.13      0.4405     38.73      0.14       0.14       0.30       0          48.03      48         48         0          0          0.1032     2.1481     73         98         104        111        118        124        154       
1725       61000      61000      163.76     71.99      0.4396     38.78      0.14       0.14       0.30       0          48.03      48         48         0          0          0.1032     2.1535     73         98         104        111        118        124        154       
1726       61000      61000      163.76     71.77      0.4383     38.83      0.14       0.14       0.30       0          48.03      48         48         0          0          0.1032     2.1496     73         98         104        111        118        124        154       
1727       61000      61000      163.74     70.15      0.4284     38.82      0.14       0.14       0.30       0          48.03      48         48         0          0          0.1032     2.1461     73         98         104        111        118        124        154       
1728       61000      61000      163.75     71.96      0.4394     38.71      0.14       0.14       0.30       0          48.03      48         48         0          0          0.1032     2.1531     73         98         104        111        118        124        154       
1729       61000      61000      163.74     71.78      0.4384     38.71      0.14       0.14       0.30       0          48.03      48         48         0          0          0.1032     2.1496     73         98         104        111        118        124        154       
1730       61000      61000      163.77     71.65      0.4375     38.80      0.14       0.14       0.30       0          48.03      48         48         0          0          0.1032     2.1499     73         98         104        111        118        124        154       
1731       61000      61000      163.75     71.23      0.4350     38.77      0.15       0.14       0.30       0          48.03      48         48         0          0          0.1032     2.1521     73         98         104        111        118        124        154       
1732       61000      61000      163.75     70.72      0.4319     38.77      0.14       0.14       0.30       0          48.03      48         48         0          0          0.1032     2.1526     73         98         104        111        118        124        154       
1733       61000      61000      163.75     71.36      0.4358     38.78      0.15       0.14       0.30       0          48.03      48         48         0          0          0.1032     2.1541     73         98         104        111        118        124        154       
1734       61000      61000      163.74     70.32      0.4295     38.78      0.14       0.14       0.30       0          48.03      48         48         0          0          0.1032     2.1526     73         98         104        111        118        124        154       
1735       61000      61000      163.74     70.61      0.4312     38.60      0.14       0.14       0.30       0          48.03      48         48         0          0          0.1032     2.1480     73         98         104        111        118        124        154       
1736       61000      61000      163.76     71.15      0.4345     38.65      0.14       0.14       0.30       0          48.03      48         48         0          0          0.1032     2.1447     73         98         104        111        118        124        154       
1737       61000      61000      163.75     71.69      0.4378     38.69      0.15       0.14       0.30       0          48.03      48         48         0          0          0.1032     2.1493     73         98         104        111        118        124        154       
1738       61000      61000      163.76     71.91      0.4391     38.72      0.15       0.14       0.30       0          48.03      48         48         0          0          0.1032     2.1490     73         98         104        111        118        124        154       
1739       61000      61000      163.77     70.40      0.4299     38.78      0.15       0.14       0.30       0          48.03      48         48         0          0          0.1032     2.1545     73         98         104        111        118        124        154       
1740       61000      61000      163.74     71.68      0.4377     38.73      0.14       0.14       0.30       0          48.03      48         48         0          0          0.1032     2.1498     73         98         104        111        118        124        154       
1741       61000      61000      163.75     70.66      0.4315     38.74      0.14       0.14       0.30       0          48.03      48         48         0          0          0.1032     2.1538     73         98         104        111        118        124        154       
1742       61000      61000      163.76     70.96      0.4333     38.73      0.15       0.14       0.30       0          48.03      48         48         0          0          0.1032     2.1541     73         98         104        111        118        124        154       
1743       61000      61000      163.76     70.80      0.4323     38.73      0.14       0.14       0.30       0          48.03      48         48         0          0          0.1032     2.1474     73         98         104        111        118        124        154       
1744       61000      61000      163.78     71.23      0.4349     38.77      0.14       0.14       0.30       0          48.03      48         48         0          0          0.1032     2.1488     73         98         104        111        118        124        154       
1745       61000      61000      163.74     70.56      0.4309     38.69      0.14       0.14       0.30       0          48.03      48         48         0          0          0.1032     2.1537     73         98         104        111        118        124        154       
1746       61000      61000      163.76     71.61      0.4373     38.81      0.14       0.14       0.30       0          48.03      48         48         0          0          0.1032     2.1543     73         98         104        111        118        124        154       
1747       61000      61000      163.76     71.70      0.4379     38.70      0.14       0.14       0.30       0          48.03      48         48         0          0          0.1032     2.1499     73         98         104        111        118        124        154       
1748       61000      61000      163.76     70.36      0.4297     38.77      0.14       0.14       0.30       0          48.03      48         48         0          0          0.1032     2.1558     73         98         104        111        118        124        154       
1749       61000      61000      163.77     71.69      0.4378     38.75      0.14       0.14       0.30       0          48.03      48         48         0          0          0.1032     2.1508     73         98         104        111        118        124        154       
1750       61000      61000      163.76     69.95      0.4271     38.77      0.14       0.14       0.30       0          48.03      48         48         0          0          0.1032     2.1497     73         98         104        111        118        124        154       
1751       61000      61000      163.77     70.09      0.4280     38.74      0.14       0.14       0.30       0          48.03      48         48         0          0          0.1032     2.1553     73         98         104        111        118        124        154       
1752       61000      61000      163.74     70.84      0.4327     38.68      0.14       0.14       0.30       0          48.03      48         48         0          0          0.1032     2.1500     73         98         104        111        118        124        154       
1753       61000      61000      163.75     70.49      0.4305     38.74      0.14       0.14       0.30       0          48.03      48         48         0          0          0.1032     2.1466     73         98         104        111        118        124        154       
1754       61000      61000      163.77     70.43      0.4300     38.60      0.14       0.14       0.30       0          48.03      48         48         0          0          0.1032     2.1557     73         98         104        111        118        124        154       
1755       61000      61000      163.76     70.96      0.4333     38.64      0.15       0.14       0.30       0          48.03      48         48         0          0          0.1032     2.1532     73         98         104        111        118        124        154       
1756       61000      61000      163.74     71.39      0.4360     38.61      0.14       0.14       0.30       0          48.03      48         48         0          0          0.1032     2.1540     73         98         104        111        118        124        154       
1757       61000      61000      163.76     70.03      0.4276     38.65      0.14       0.14       0.30       0          48.03      48         48         0          0          0.1032     2.1519     73         98         104        111        118        124        154       
1758       61000      61000      163.76     70.73      0.4319     38.70      0.14       0.14       0.30       0          48.03      48         48         0          0          0.1032     2.1466     73         98         104        111        118        124        154       
1759       61000      61000      163.75     71.84      0.4387     38.70      0.14       0.14       0.30       0          48.03      48         48         0          0          0.1032     2.1503     73         98         104        111        118        124        154       
1760       61000      61000      163.74     71.14      0.4345     38.72      0.14       0.14       0.30       0          48.03      48         48         0          0          0.1032     2.1528     73         98         104        111        118        124        154       
1761       61000      61000      163.75     69.95      0.4272     38.72      0.14       0.14       0.30       0          48.03      48         48         0          0          0.1032     2.1530     73         98         104        111        118        124        154       
1762       61000      61000      163.74     70.38      0.4299     38.68      0.15       0.14       0.30       0          48.03      48         48         0          0          0.1032     2.1516     73         98         104        111        118        124        154       
1763       61000      61000      163.76     71.16      0.4345     38.61      0.14       0.14       0.30       0          48.03      48         48         0          0          0.1032     2.1546     73         98         104        111        118        124        154       
1764       61000      61000      163.77     70.83      0.4325     38.68      0.14       0.14       0.30       0          48.03      48         48         0          0          0.1032     2.1447     73         98         104        111        118        124        154       
1765       61000      61000      163.78     71.36      0.4357     38.68      0.14       0.14       0.30       0          48.02      48         48         0          0          0.1032     2.1515     73         98         104        111        118        124        154       
1766       61000      61000      163.77     70.61      0.4312     38.74      0.14       0.14       0.30       0          48.02      48         48         0          0          0.1032     2.1503     73         98         104        111        118        124        154       
1767       61000      61000      163.74     70.94      0.4333     38.69      0.14       0.14       0.30       0          48.02      48         48         0          0          0.1032     2.1477     73         98         104        111        118        124        154       
1768       61000      61000      163.77     70.36      0.4296     38.67      0.14       0.14       0.30       0          48.02      48         48         0          0          0.1032     2.1459     73         98         104        111        118        124        154       
1769       61000      61000      163.77     72.41      0.4422     38.67      0.14       0.14       0.30       0          48.02      48         48         0          0          0.1032     2.1517     73         98         104        111        118        124        154       
1770       61000      61000      163.77     71.80      0.4384     38.72      0.14       0.14       0.30       0          48.02      48         48         0          0          0.1032     2.1559     73         98         104        111        118        124        154       
1771       61000      61000      163.75     71.41      0.4361     38.72      0.14       0.14       0.30       0          48.02      48         48         0          0          0.1032     2.1519     73         98         104        111        118        124        154       
1772       61000      61000      163.75     70.85      0.4327     38.74      0.14       0.14       0.30       0          48.02      48         48         0          0          0.1032     2.1450     73         98         104        111        118        124        154       
1773       61000      61000      163.78     70.86      0.4327     38.78      0.14       0.14       0.30       0          48.02      48         48         0          0          0.1032     2.1490     73         98         104        111        118        124        154       
1774       61000      61000      163.74     71.09      0.4341     38.78      0.14       0.14       0.30       0          48.02      48         48         0          0          0.1032     2.1548     73         98         104        111        118        124        154       
1775       61000      61000      163.75     70.52      0.4307     38.69      0.15       0.14       0.30       0          48.02      48         48         0          0          0.1032     2.1564     73         98         104        111        118        124        154       
1776       61000      61000      163.76     71.50      0.4366     38.66      0.14       0.14       0.30       0          48.02      48         48         0          0          0.1032     2.1525     73         98         104        111        118        124        154       
1777       61000      61000      163.77     71.49      0.4365     38.64      0.14       0.14       0.30       0          48.02      48         48         0          0          0.1032     2.1461     73         98         104        111        118        124        154       
1778       61000      61000      163.78     70.06      0.4278     38.66      0.14       0.14       0.30       0          48.02      48         48         0          0          0.1032     2.1496     73         98         104        111        118        124        154       
1779       61000      61000      163.77     71.16      0.4345     38.61      0.14       0.14       0.30       0          48.02      48         48         0          0          0.1032     2.1485     73         98         104        111        118        124        154       
1780       61000      61000      163.77     70.44      0.4301     38.66      0.14       0.14       0.30       0          48.02      48         48         0          0          0.1032     2.1551     73         98         104        111        118        124        154       
1781       61000      61000      163.77     71.18      0.4346     38.72      0.14       0.14       0.30       0          48.02      48         48         0          0          0.1032     2.1500     73         98         104        111        118        124        154       
1782       61000      61000      163.77     71.12      0.4343     38.67      0.14       0.14       0.30       0          48.02      48         48         0          0          0.1032     2.1487     73         98         104        111        118        124        154       
1783       61000      61000      163.76     72.13      0.4405     38.71      0.14       0.14       0.30       0          48.02      48         48         0          0          0.1032     2.1496     73         98         104        111        118        124        154       
1784       61000      61000      163.76     72.19      0.4408     38.66      0.14       0.14       0.30       0          48.02      48         48         0          0          0.1032     2.1488     73         98         104        111        118        124        154       
1785       61000      61000      163.76     71.48      0.4365     38.75      0.14       0.14       0.30       0          48.02      48         48         0          0          0.1032     2.1496     73         98         104        111        118        124        154       
1786       61000      61000      163.75     71.45      0.4363     38.72      0.15       0.14       0.30       0          48.02      48         48         0          0          0.1032     2.1489     73         98         104        111        118        124        154       
1787       61000      61000      163.74     70.89      0.4330     38.72      0.14       0.14       0.30       0          48.02      48         48         0          0          0.1032     2.1551     73         98         104        111        118        124        154       
1788       61000      61000      163.75     71.68      0.4377     38.71      0.14       0.14       0.30       0          48.02      48         48         0          0          0.1032     2.1538     73         98         104        111        118        124        154       
1789       61000      61000      163.76     71.28      0.4353     38.78      0.14       0.14       0.30       0          48.02      48         48         0          0          0.1032     2.1550     73         98         104        111        118        124        154       
1790       61000      61000      163.75     70.37      0.4297     38.81      0.14       0.14       0.30       0          48.02      48         48         0          0          0.1032     2.1438     73         98         104        111        118        124        154       
1791       61000      61000      163.75     71.73      0.4380     38.72      0.14       0.14       0.30       0          48.02      48         48         0          0          0.1032     2.1508     73         98         104        111        118        124        154       
1792       61000      61000      163.76     72.25      0.4412     38.63      0.14       0.14       0.30       0          48.02      48         48         0          0          0.1032     2.1466     73         98         104        111        118        124        154       
1793       61000      61000      163.75     71.64      0.4375     38.75      0.15       0.14       0.30       0          48.02      48         48         0          0          0.1032     2.1504     73         98         104        111        118        124        154       
1794       61000      61000      163.76     71.49      0.4366     38.93      0.15       0.14       0.30       0          48.02      48         48         0          0          0.1032     2.1474     73         98         104        111        118        124        154       
1795       61000      61000      163.78     71.11      0.4342     38.76      0.15       0.14       0.30       0          48.02      48         48         0          0          0.1032     2.1508     73         98         104        111        118        124        154       
1796       61000      61000      163.76     70.54      0.4307     38.84      0.15       0.14       0.30       0          48.02      48         48         0          0          0.1032     2.1536     73         98         104        111        118        124        154       
1797       61000      61000      163.75     70.84      0.4326     38.72      0.14       0.14       0.30       0          48.02      48         48         0          0          0.1032     2.1506     73         98         104        111        118        124        154       
1798       61000      61000      163.76     71.08      0.4340     38.68      0.13       0.14       0.30       0          48.02      48         48         0          0          0.1032     2.1492     73         98         104        111        118        124        154       
1799       61000      61000      163.77     71.15      0.4345     38.74      0.14       0.14       0.30       0          48.02      48         48         0          0          0.1032     2.1475     73         98         104        111        118        124        154       
1800       61000      61000      163.77     72.06      0.4400     38.68      0.14       0.14       0.30       0          48.02      48         48         0          0          0.1032     2.1472     73         98         104        111        118        124        154       
1801       61000      61000      163.77     70.45      0.4302     38.68      0.14       0.14       0.30       0          48.02      48         48         0          0          0.1032     2.1542     73         98         104        111        118        124        154       
1802       61000      61000      163.74     70.38      0.4298     38.68      0.14       0.14       0.30       0          48.02      48         48         0          0          0.1032     2.1540     73         98         104        111        118        124        154       
1803       61000      61000      163.73     70.67      0.4316     38.73      0.14       0.14       0.30       0          48.02      48         48         0          0          0.1032     2.1475     73         98         104        111        118        124        154       
1804       61000      61000      163.77     71.23      0.4350     38.75      0.14       0.14       0.30       0          48.02      48         48         0          0          0.1032     2.1497     73         98         104        111        118        124        154       
1805       61000      61000      163.76     70.40      0.4299     38.65      0.14       0.14       0.30       0          48.02      48         48         0          0          0.1032     2.1470     73         98         104        111        118        124        154       
1806       61000      61000      163.76     72.43      0.4423     38.68      0.14       0.14       0.30       0          48.02      48         48         0          0          0.1032     2.1554     73         98         104        111        118        124        154       
1807       61000      61000      163.77     70.04      0.4277     38.63      0.14       0.14       0.30       0          48.02      48         48         0          0          0.1032     2.1540     73         98         104        111        118        124        154       
1808       61000      61000      163.74     71.32      0.4356     38.76      0.14       0.14       0.30       0          48.02      48         48         0          0          0.1032     2.1509     73         98         104        111        118        124        154       
1809       61000      61000      163.75     71.15      0.4345     38.75      0.14       0.14       0.30       0          48.02      48         48         0          0          0.1032     2.1479     73         98         104        111        118        124        154       
1810       61000      61000      163.74     71.26      0.4352     38.73      0.14       0.14       0.30       0          48.02      48         48         0          0          0.1032     2.1533     73         98         104        111        118        124        154       
1811       61000      61000      163.73     71.06      0.4340     38.75      0.15       0.14       0.30       0          48.02      48         48         0          0          0.1032     2.1499     73         98         104        111        118        124        154       
1812       61000      61000      163.75     71.82      0.4386     38.73      0.14       0.14       0.30       0          48.02      48         48         0          0          0.1032     2.1527     73         98         104        111        118        124        154       
1813       61000      61000      163.77     71.22      0.4349     38.79      0.14       0.14       0.30       0          48.02      48         48         0          0          0.1032     2.1568     73         98         104        111        118        124        154       
1814       61000      61000      163.75     70.64      0.4314     38.74      0.14       0.14       0.30       0          48.02      48         48         0          0          0.1032     2.1520     73         98         104        111        118        124        154       
1815       61000      61000      163.74     70.56      0.4310     38.77      0.14       0.14       0.30       0          48.02      48         48         0          0          0.1032     2.1528     73         98         104        111        118        124        154       
1816       61000      61000      163.74     71.56      0.4370     38.70      0.14       0.14       0.30       0          48.02      48         48         0          0          0.1032     2.1508     73         98         104        111        118        124        154       
1817       61000      61000      163.75     72.32      0.4417     38.73      0.14       0.14       0.30       0          48.02      48         48         0          0          0.1032     2.1562     73         98         104        111        118        124        154       
1818       61000      61000      163.75     70.86      0.4327     38.80      0.14       0.14       0.30       0          48.02      48         48         0          0          0.1032     2.1503     73         98         104        111        118        124        154       
1819       61000      61000      163.74     70.73      0.4320     38.85      0.14       0.14       0.30       0          48.02      48         48         0          0          0.1032     2.1511     73         98         104        111        118        124        154       
1820       61000      61000      163.77     71.40      0.4359     38.81      0.14       0.14       0.30       0          48.02      48         48         0          0          0.1032     2.1497     73         98         104        111        118        124        154       
1821       61000      61000      163.76     71.72      0.4379     38.72      0.14       0.14       0.30       0          48.02      48         48         0          0          0.1032     2.1525     73         98         104        111        118        124        154       
1822       61000      61000      163.77     71.83      0.4386     38.80      0.14       0.14       0.30       0          48.02      48         48         0          0          0.1032     2.1502     73         98         104        111        118        124        154       
1823       61000      61000      163.75     71.21      0.4349     38.81      0.14       0.14       0.30       0          48.02      48         48         0          0          0.1032     2.1473     73         98         104        111        118        124        154       
1824       61000      61000      163.75     72.33      0.4417     38.80      0.14       0.14       0.30       0          48.02      48         48         0          0          0.1032     2.1572     73         98         104        111        118        124        154       
1825       61000      61000      163.75     71.87      0.4389     38.84      0.14       0.14       0.30       0          48.02      48         48         0          0          0.1032     2.1539     73         98         104        111        118        124        154       
1826       61000      61000      163.76     71.21      0.4348     38.79      0.14       0.14       0.30       0          48.02      48         48         0          0          0.1032     2.1539     73         98         104        111        118        124        154       
1827       61000      61000      163.76     70.88      0.4328     38.75      0.14       0.14       0.30       0          48.02      48         48         0          0          0.1032     2.1532     73         98         104        111        118        124        154       
1828       61000      61000      163.78     72.40      0.4421     38.76      0.14       0.14       0.30       0          48.02      48         48         0          0          0.1032     2.1469     73         98         104        111        118        124        154       
1829       61000      61000      163.77     70.23      0.4289     38.71      0.15       0.14       0.30       0          48.02      48         48         0          0          0.1032     2.1503     73         98         104        111        118        124        154       
1830       61000      61000      163.76     70.49      0.4304     38.72      0.14       0.14       0.30       0          48.02      48         48         0          0          0.1032     2.1455     73         98         104        111        118        124        154       
1831       61000      61000      163.76     71.02      0.4337     38.72      0.14       0.14       0.30       0          48.02      48         48         0          0          0.1032     2.1505     73         98         104        111        118        124        154       
1832       61000      61000      163.78     70.48      0.4303     38.67      0.14       0.14       0.30       0          48.02      48         48         0          0          0.1032     2.1449     73         98         104        111        118        124        154       
1833       61000      61000      163.75     70.74      0.4320     38.68      0.14       0.14       0.30       0          48.02      48         48         0          0          0.1032     2.1525     73         98         104        111        118        124        154       
1834       61000      61000      163.75     71.39      0.4360     38.65      0.14       0.14       0.30       0          48.02      48         48         0          0          0.1032     2.1529     73         98         104        111        118        124        154       
1835       61000      61000      163.77     71.61      0.4373     38.74      0.14       0.14       0.30       0          48.02      48         48         0          0          0.1032     2.1499     73         98         104        111        118        124        154       
1836       61000      61000      163.76     71.19      0.4347     38.74      0.14       0.14       0.30       0          48.02      48         48         0          0          0.1032     2.1480     73         98         104        111        118        124        154       
1837       61000      61000      163.75     70.84      0.4326     38.72      0.14       0.14       0.30       0          48.02      48         48         0          0          0.1032     2.1533     73         98         104        111        118        124        154       
1838       61000      61000      163.74     71.50      0.4367     38.71      0.15       0.14       0.30       0          48.02      48         48         0          0          0.1032     2.1471     73         98         104        111        118        124        154       
1839       61000      61000      163.74     72.01      0.4397     38.76      0.14       0.14       0.30       0          48.02      48         48         0          0          0.1032     2.1494     73         98         104        111        118        124        154       
1840       61000      61000      163.73     70.89      0.4330     38.71      0.14       0.14       0.30       0          48.02      48         48         0          0          0.1032     2.1509     73         98         104        111        118        124        154       
1841       61000      61000      163.76     72.42      0.4422     38.71      0.14       0.14       0.30       0          48.02      48         48         0          0          0.1032     2.1481     73         98         104        111        118        124        154       
1842       61000      61000      163.77     71.30      0.4354     38.80      0.14       0.14       0.30       0          48.02      48         48         0          0          0.1032     2.1487     73         98         104        111        118        124        154       
1843       61000      61000      163.74     71.19      0.4348     38.77      0.14       0.14       0.30       0          48.02      48         48         0          0          0.1032     2.1532     73         98         104        111        118        124        154       
1844       61000      61000      163.76     70.81      0.4324     38.70      0.14       0.14       0.30       0          48.02      48         48         0          0          0.1032     2.1491     73         98         104        111        118        124        154       
1845       61000      61000      163.78     70.08      0.4279     38.76      0.14       0.14       0.30       0          48.02      48         48         0          0          0.1032     2.1490     73         98         104        111        118        124        154       
1846       61000      61000      163.77     70.24      0.4289     38.66      0.14       0.14       0.30       0          48.02      48         48         0          0          0.1032     2.1509     73         98         104        111        118        124        154       
1847       61000      61000      163.74     70.50      0.4306     38.61      0.14       0.14       0.30       0          48.02      48         48         0          0          0.1032     2.1474     73         98         104        111        118        124        154       
1848       61000      61000      163.76     70.78      0.4322     38.59      0.14       0.14       0.30       0          48.02      48         48         0          0          0.1032     2.1472     73         98         104        111        118        124        154       
1849       61000      61000      163.74     72.19      0.4409     38.62      0.14       0.14       0.30       0          48.02      48         48         0          0          0.1032     2.1508     73         98         104        111        118        124        154       
1850       61000      61000      163.75     70.59      0.4311     38.70      0.14       0.14       0.30       0          48.02      48         48         0          0          0.1032     2.1497     73         98         104        111        118        124        154       
1851       61000      61000      163.75     70.40      0.4299     38.72      0.14       0.14       0.30       0          48.02      48         48         0          0          0.1032     2.1490     73         98         104        111        118        124        154       
1852       61000      61000      163.75     72.08      0.4402     38.64      0.14       0.14       0.30       0          48.02      48         48         0          0          0.1032     2.1514     73         98         104        111        118        124        154       
1853       61000      61000      163.76     70.65      0.4314     38.76      0.14       0.14       0.30       0          48.02      48         48         0          0          0.1032     2.1500     73         98         104        111        118        124        154       
1854       61000      61000      163.74     71.26      0.4352     38.80      0.15       0.14       0.30       0          48.02      48         48         0          0          0.1032     2.1550     73         98         104        111        118        124        154       
1855       61000      61000      163.74     71.28      0.4353     38.68      0.15       0.14       0.30       0          48.02      48         48         0          0          0.1032     2.1516     73         98         104        111        118        124        154       
1856       61000      61000      163.75     70.27      0.4291     38.70      0.15       0.14       0.30       0          48.02      48         48         0          0          0.1032     2.1503     73         98         104        111        118        124        154       
1857       61000      61000      163.77     70.63      0.4313     38.69      0.14       0.14       0.30       0          48.02      48         48         0          0          0.1032     2.1555     73         98         104        111        118        124        154       
1858       61000      61000      163.75     71.47      0.4364     38.69      0.14       0.14       0.30       0          48.02      48         48         0          0          0.1032     2.1475     73         98         104        111        118        124        154       
1859       61000      61000      163.76     70.86      0.4327     38.62      0.14       0.14       0.30       0          48.02      48         48         0          0          0.1032     2.1475     73         98         104        111        118        124        154       
1860       61000      61000      163.73     71.13      0.4344     38.67      0.14       0.14       0.30       0          48.02      48         48         0          0          0.1032     2.1508     73         98         104        111        118        124        154       
1861       61000      61000      163.75     71.25      0.4351     38.73      0.14       0.14       0.30       0          48.02      48         48         0          0          0.1032     2.1513     73         98         104        111        118        124        154       
1862       61000      61000      163.76     70.78      0.4322     38.76      0.14       0.14       0.30       0          48.02      48         48         0          0          0.1032     2.1499     73         98         104        111        118        124        154       
1863       61000      61000      163.75     70.78      0.4322     38.77      0.14       0.14       0.30       0          48.02      48         48         0          0          0.1032     2.1560     73         98         104        111        118        124        154       
1864       61000      61000      163.76     70.67      0.4315     38.69      0.14       0.14       0.30       0          48.02      48         48         0          0          0.1032     2.1522     73         98         104        111        118        124        154       
1865       61000      61000      163.76     71.25      0.4351     38.73      0.14       0.14       0.30       0          48.02      48         48         0          0          0.1032     2.1499     73         98         104        111        118        124        154       
1866       61000      61000      163.77     71.53      0.4368     38.59      0.14       0.14       0.30       0          48.02      48         48         0          0          0.1032     2.1489     73         98         104        111        118        124        154       
1867       61000      61000      163.75     71.22      0.4349     38.63      0.14       0.14       0.30       0          48.02      48         48         0          0          0.1032     2.1508     73         98         104        111        118        124        154       
1868       61000      61000      163.74     71.23      0.4350     38.70      0.14       0.14       0.30       0          48.02      48         48         0          0          0.1032     2.1526     73         98         104        111        118        124        154       
1869       61000      61000      163.76     71.54      0.4368     38.73      0.14       0.14       0.30       0          48.02      48         48         0          0          0.1032     2.1496     73         98         104        111        118        124        154       
1870       61000      61000      163.74     71.77      0.4383     38.69      0.14       0.14       0.30       0          48.02      48         48         0          0          0.1032     2.1477     73         98         104        111        118        124        154       
1871       61000      61000      163.76     70.59      0.4311     38.65      0.14       0.14       0.30       0          48.02      48         48         0          0          0.1032     2.1508     73         98         104        111        118        124        154       
1872       61000      61000      163.77     71.22      0.4349     38.70      0.14       0.14       0.30       0          48.02      48         48         0          0          0.1032     2.1470     73         98         104        111        118        124        154       
1873       61000      61000      163.73     71.23      0.4351     38.74      0.14       0.14       0.30       0          48.02      48         48         0          0          0.1032     2.1510     73         98         104        111        118        124        154       
1874       61000      61000      163.77     70.08      0.4279     38.78      0.14       0.14       0.30       0          48.02      48         48         0          0          0.1032     2.1496     73         98         104        111        118        124        154       
1875       61000      61000      163.74     72.26      0.4413     38.70      0.14       0.14       0.30       0          48.02      48         48         0          0          0.1032     2.1523     73         98         104        111        118        124        154       
1876       61000      61000      163.76     71.37      0.4358     38.78      0.14       0.14       0.30       0          48.02      48         48         0          0          0.1032     2.1469     73         98         104        111        118        124        154       
1877       61000      61000      163.76     69.97      0.4273     38.79      0.14       0.14       0.30       0          48.02      48         48         0          0          0.1032     2.1561     73         98         104        111        118        124        154       
1878       61000      61000      163.73     71.10      0.4343     38.68      0.14       0.14       0.30       0          48.02      48         48         0          0          0.1032     2.1485     73         98         104        111        118        124        154       
1879       61000      61000      163.74     71.14      0.4344     38.66      0.14       0.14       0.30       0          48.02      48         48         0          0          0.1032     2.1505     73         98         104        111        118        124        154       
1880       61000      61000      163.75     70.98      0.4334     38.74      0.14       0.14       0.30       0          48.02      48         48         0          0          0.1032     2.1445     73         98         104        111        118        124        154       
1881       61000      61000      163.74     70.59      0.4311     38.63      0.14       0.14       0.30       0          48.02      48         48         0          0          0.1032     2.1490     73         98         104        111        118        124        154       
1882       61000      61000      163.76     71.44      0.4363     38.62      0.14       0.14       0.30       0          48.02      48         48         0          0          0.1032     2.1513     73         98         104        111        118        124        154       
1883       61000      61000      163.76     70.87      0.4328     38.62      0.14       0.14       0.30       0          48.02      48         48         0          0          0.1032     2.1495     73         98         104        111        118        124        154       
1884       61000      61000      163.76     71.44      0.4362     38.71      0.14       0.14       0.30       0          48.02      48         48         0          0          0.1032     2.1518     73         98         104        111        118        124        154       
1885       61000      61000      163.76     71.49      0.4366     38.69      0.14       0.14       0.30       0          48.02      48         48         0          0          0.1032     2.1508     73         98         104        111        118        124        154       
1886       61000      61000      163.76     72.04      0.4399     38.74      0.14       0.14       0.30       0          48.02      48         48         0          0          0.1032     2.1459     73         98         104        111        118        124        154       
1887       61000      61000      163.76     70.51      0.4306     38.81      0.14       0.14       0.30       0          48.02      48         48         0          0          0.1032     2.1523     73         98         104        111        118        124        154       
1888       61000      61000      163.77     71.02      0.4337     38.79      0.14       0.14       0.30       0          48.02      48         48         0          0          0.1032     2.1541     73         98         104        111        118        124        154       
1889       61000      61000      163.73     71.84      0.4388     38.71      0.14       0.14       0.30       0          48.02      48         48         0          0          0.1032     2.1517     73         98         104        111        118        124        154       
1890       61000      61000      163.78     70.87      0.4327     38.70      0.14       0.14       0.30       0          48.02      48         48         0          0          0.1032     2.1494     73         98         104        111        118        124        154       
1891       61000      61000      163.78     70.84      0.4326     38.67      0.14       0.14       0.30       0          48.02      48         48         0          0          0.1032     2.1527     73         98         104        111        118        124        154       
1892       61000      61000      163.72     71.25      0.4352     38.65      0.14       0.14       0.30       0          48.02      48         48         0          0          0.1032     2.1499     73         98         104        111        118        124        154       
1893       61000      61000      163.76     70.89      0.4329     38.72      0.14       0.14       0.30       0          48.02      48         48         0          0          0.1032     2.1493     73         98         104        111        118        124        154       
1894       61000      61000      163.75     70.63      0.4313     38.77      0.14       0.14       0.30       0          48.02      48         48         0          0          0.1032     2.1499     73         98         104        111        118        124        154       
1895       61000      61000      163.76     71.15      0.4345     38.72      0.15       0.14       0.30       0          48.02      48         48         0          0          0.1032     2.1532     73         98         104        111        118        124        154       
1896       61000      61000      163.74     70.65      0.4315     38.65      0.14       0.14       0.30       0          48.02      48         48         0          0          0.1032     2.1510     73         98         104        111        118        124        154       
1897       61000      61000      163.75     70.43      0.4301     38.76      0.14       0.14       0.30       0          48.02      48         48         0          0          0.1032     2.1509     73         98         104        111        118        124        154       
1898       61000      61000      163.75     71.21      0.4349     38.67      0.14       0.14       0.30       0          48.02      48         48         0          0          0.1032     2.1479     73         98         104        111        118        124        154       
1899       61000      61000      163.76     70.93      0.4331     38.73      0.14       0.14       0.30       0          48.02      48         48         0          0          0.1032     2.1491     73         98         104        111        118        124        154       
1900       61000      61000      163.75     71.87      0.4389     38.72      0.15       0.14       0.30       0          48.02      48         48         0          0          0.1032     2.1527     73         98         104        111        118        124        154       
1901       61000      61000      163.76     71.93      0.4392     38.71      0.14       0.14       0.30       0          48.02      48         48         0          0          0.1032     2.1462     73         98         104        111        118        124        154       
1902       61000      61000      163.75     72.22      0.4410     38.76      0.14       0.14       0.30       0          48.02      48         48         0          0          0.1032     2.1514     73         98         104        111        118        124        154       
1903       61000      61000      163.76     71.25      0.4351     38.75      0.15       0.14       0.30       0          48.02      48         48         0          0          0.1032     2.1509     73         98         104        111        118        124        154       
1904       61000      61000      163.78     71.35      0.4356     38.72      0.15       0.14       0.30       0          48.02      48         48         0          0          0.1032     2.1500     73         98         104        111        118        124        154       
1905       61000      61000      163.77     71.98      0.4395     38.67      0.14       0.14       0.30       0          48.02      48         48         0          0          0.1032     2.1482     73         98         104        111        118        124        154       
1906       61000      61000      163.74     70.91      0.4331     38.78      0.14       0.14       0.30       0          48.02      48         48         0          0          0.1032     2.1517     73         98         104        111        118        124        154       
1907       61000      61000      163.75     71.01      0.4336     38.73      0.14       0.14       0.30       0          48.02      48         48         0          0          0.1032     2.1453     73         98         104        111        118        124        154       
1908       61000      61000      163.76     70.34      0.4295     38.77      0.14       0.14       0.30       0          48.02      48         48         0          0          0.1032     2.1566     73         98         104        111        118        124        154       
1909       61000      61000      163.76     71.29      0.4353     38.75      0.14       0.14       0.30       0          48.02      48         48         0          0          0.1032     2.1505     73         98         104        111        118        124        154       
1910       61000      61000      163.78     72.23      0.4410     38.68      0.14       0.14       0.30       0          48.02      48         48         0          0          0.1032     2.1481     73         98         104        111        118        124        154       
1911       61000      61000      163.73     71.12      0.4344     38.74      0.14       0.14       0.30       0          48.02      48         48         0          0          0.1032     2.1502     73         98         104        111        118        124        154       
1912       61000      61000      163.76     70.53      0.4307     38.72      0.14       0.14       0.30       0          48.02      48         48         0          0          0.1032     2.1558     73         98         104        111        118        124        154       
1913       61000      61000      163.76     71.62      0.4374     38.67      0.14       0.14       0.30       0          48.02      48         48         0          0          0.1032     2.1473     73         98         104        111        118        124        154       
1914       61000      61000      163.76     70.96      0.4334     38.67      0.14       0.14       0.30       0          48.02      48         48         0          0          0.1032     2.1547     73         98         104        111        118        124        154       
1915       61000      61000      163.75     71.53      0.4368     38.68      0.14       0.14       0.30       0          48.02      48         48         0          0          0.1032     2.1552     73         98         104        111        118        124        154       
1916       61000      61000      163.77     69.59      0.4249     38.70      0.14       0.14       0.30       0          48.02      48         48         0          0          0.1032     2.1456     73         98         104        111        118        124        154       
1917       61000      61000      163.77     71.07      0.4340     38.61      0.14       0.14       0.30       0          48.02      48         48         0          0          0.1032     2.1529     73         98         104        111        118        124        154       
1918       61000      61000      163.74     70.85      0.4327     38.65      0.14       0.14       0.30       0          48.02      48         48         0          0          0.1032     2.1487     73         98         104        111        118        124        154       
1919       61000      61000      163.79     71.28      0.4352     38.57      0.14       0.14       0.30       0          48.02      48         48         0          0          0.1032     2.1542     73         98         104        111        118        124        154       
1920       61000      61000      163.76     71.07      0.4340     38.69      0.15       0.14       0.30       0          48.02      48         48         0          0          0.1032     2.1529     73         98         104        111        118        124        154       
1921       61000      61000      163.76     71.28      0.4352     38.68      0.14       0.14       0.30       0          48.02      48         48         0          0          0.1032     2.1539     73         98         104        111        118        124        154       
1922       61000      61000      163.76     70.45      0.4302     38.65      0.14       0.14       0.30       0          48.02      48         48         0          0          0.1032     2.1528     73         98         104        111        118        124        154       
1923       61000      61000      163.77     71.46      0.4364     38.75      0.14       0.14       0.30       0          48.02      48         48         0          0          0.1032     2.1484     73         98         104        111        118        124        154       
1924       61000      61000      163.74     70.66      0.4316     38.70      0.14       0.14       0.30       0          48.02      48         48         0          0          0.1032     2.1495     73         98         104        111        118        124        154       
1925       61000      61000      163.76     71.65      0.4375     38.63      0.14       0.14       0.30       0          48.02      48         48         0          0          0.1032     2.1525     73         98         104        111        118        124        154       
1926       61000      61000      163.76     71.90      0.4390     38.67      0.14       0.14       0.30       0          48.02      48         48         0          0          0.1032     2.1510     73         98         104        111        118        124        154       
1927       61000      61000      163.76     70.82      0.4324     38.70      0.14       0.14       0.30       0          48.02      48         48         0          0          0.1032     2.1528     73         98         104        111        118        124        154       
1928       61000      61000      163.75     70.49      0.4304     38.74      0.14       0.14       0.30       0          48.02      48         48         0          0          0.1032     2.1496     73         98         104        111        118        124        154       
1929       61000      61000      163.76     70.99      0.4335     38.68      0.14       0.14       0.30       0          48.02      48         48         0          0          0.1032     2.1477     73         98         104        111        118        124        154       
1930       61000      61000      163.76     71.48      0.4365     38.72      0.14       0.14       0.30       0          48.02      48         48         0          0          0.1032     2.1504     73         98         104        111        118        124        154       
1931       61000      61000      163.78     71.32      0.4355     38.70      0.15       0.14       0.30       0          48.02      48         48         0          0          0.1032     2.1476     73         98         104        111        118        124        154       
1932       61000      61000      163.76     71.00      0.4336     38.69      0.14       0.14       0.30       0          48.02      48         48         0          0          0.1032     2.1522     73         98         104        111        118        124        154       
1933       61000      61000      163.78     69.76      0.4259     38.69      0.14       0.14       0.30       0          48.02      48         48         0          0          0.1032     2.1511     73         98         104        111        118        124        154       
1934       61000      61000      163.75     70.59      0.4311     38.63      0.14       0.14       0.30       0          48.02      48         48         0          0          0.1032     2.1536     73         98         104        111        118        124        154       
1935       61000      61000      163.77     71.65      0.4375     38.56      0.14       0.14       0.30       0          48.02      48         48         0          0          0.1032     2.1504     73         98         104        111        118        124        154       
1936       61000      61000      163.76     71.53      0.4368     38.71      0.14       0.14       0.30       0          48.02      48         48         0          0          0.1032     2.1533     73         98         104        111        118        124        154       
1937       61000      61000      163.76     70.38      0.4298     38.69      0.14       0.14       0.30       0          48.02      48         48         0          0          0.1032     2.1463     73         98         104        111        118        124        154       
1938       61000      61000      163.77     71.08      0.4340     38.65      0.14       0.14       0.30       0          48.02      48         48         0          0          0.1032     2.1507     73         98         104        111        118        124        154       
1939       61000      61000      163.75     71.25      0.4351     38.58      0.14       0.14       0.30       0          48.02      48         48         0          0          0.1032     2.1511     73         98         104        111        118        124        154       
1940       61000      61000      163.76     71.96      0.4394     38.66      0.14       0.14       0.30       0          48.02      48         48         0          0          0.1032     2.1502     73         98         104        111        118        124        154       
1941       61000      61000      163.75     69.82      0.4264     38.67      0.14       0.14       0.30       0          48.02      48         48         0          0          0.1032     2.1444     73         98         104        111        118        124        154       
1942       61000      61000      163.77     71.20      0.4348     38.64      0.14       0.14       0.30       0          48.02      48         48         0          0          0.1032     2.1571     73         98         104        111        118        124        154       
1943       61000      61000      163.76     70.21      0.4287     38.72      0.14       0.14       0.30       0          48.02      48         48         0          0          0.1032     2.1482     73         98         104        111        118        124        154       
1944       61000      61000      163.75     70.82      0.4325     38.67      0.14       0.14       0.30       0          48.02      48         48         0          0          0.1032     2.1529     73         98         104        111        118        124        154       
1945       61000      61000      163.75     71.60      0.4373     38.70      0.14       0.14       0.30       0          48.02      48         48         0          0          0.1032     2.1474     73         98         104        111        118        124        154       
1946       61000      61000      163.77     70.91      0.4330     38.66      0.14       0.14       0.30       0          48.02      48         48         0          0          0.1032     2.1503     73         98         104        111        118        124        154       
1947       61000      61000      163.75     70.90      0.4330     38.65      0.14       0.14       0.30       0          48.02      48         48         0          0          0.1032     2.1524     73         98         104        111        118        124        154       
1948       61000      61000      163.77     71.88      0.4389     38.72      0.14       0.14       0.30       0          48.02      48         48         0          0          0.1032     2.1520     73         98         104        111        118        124        154       
1949       61000      61000      163.73     70.80      0.4324     38.73      0.15       0.14       0.30       0          48.02      48         48         0          0          0.1032     2.1518     73         98         104        111        118        124        154       
1950       61000      61000      163.76     72.24      0.4411     38.72      0.15       0.14       0.30       0          48.02      48         48         0          0          0.1032     2.1507     73         98         104        111        118        124        154       
1951       61000      61000      163.76     71.17      0.4346     38.70      0.14       0.14       0.30       0          48.02      48         48         0          0          0.1032     2.1541     73         98         104        111        118        124        154       
1952       61000      61000      163.76     70.25      0.4290     38.68      0.14       0.14       0.30       0          48.02      48         48         0          0          0.1032     2.1552     73         98         104        111        118        124        154       
1953       61000      61000      163.77     71.07      0.4340     38.75      0.14       0.14       0.30       0          48.02      48         48         0          0          0.1032     2.1476     73         98         104        111        118        124        154       
1954       61000      61000      163.76     72.01      0.4397     38.80      0.14       0.14       0.30       0          48.02      48         48         0          0          0.1032     2.1458     73         98         104        111        118        124        154       
1955       61000      61000      163.74     72.19      0.4409     38.84      0.14       0.14       0.30       0          48.02      48         48         0          0          0.1032     2.1526     73         98         104        111        118        124        154       
1956       61000      61000      163.75     70.78      0.4322     38.76      0.14       0.14       0.30       0          48.02      48         48         0          0          0.1032     2.1531     73         98         104        111        118        124        154       
1957       61000      61000      163.75     72.13      0.4405     38.86      0.15       0.14       0.30       0          48.02      48         48         0          0          0.1032     2.1514     73         98         104        111        118        124        154       
1958       61000      61000      163.76     70.94      0.4332     38.83      0.15       0.14       0.30       0          48.02      48         48         0          0          0.1032     2.1483     73         98         104        111        118        124        154       
1959       61000      61000      163.76     71.77      0.4383     38.89      0.14       0.14       0.30       0          48.02      48         48         0          0          0.1032     2.1504     73         98         104        111        118        124        154       
1960       61000      61000      163.75     72.35      0.4418     38.81      0.14       0.14       0.30       0          48.02      48         48         0          0          0.1032     2.1532     73         98         104        111        118        124        154       
1961       61000      61000      163.75     72.47      0.4425     38.87      0.15       0.14       0.30       0          48.02      48         48         0          0          0.1032     2.1522     73         98         104        111        118        124        154       
1962       61000      61000      163.76     69.79      0.4262     38.85      0.15       0.14       0.30       0          48.02      48         48         0          0          0.1032     2.1492     73         98         104        111        118        124        154       
1963       61000      61000      163.75     72.07      0.4401     38.79      0.14       0.14       0.30       0          48.02      48         48         0          0          0.1032     2.1496     73         98         104        111        118        124        154       
1964       61000      61000      163.73     71.00      0.4337     38.82      0.14       0.14       0.30       0          48.02      48         48         0          0          0.1032     2.1551     73         98         104        111        118        124        154       
1965       61000      61000      163.75     70.86      0.4328     38.69      0.14       0.14       0.30       0          48.02      48         48         0          0          0.1032     2.1528     73         98         104        111        118        124        154       
1966       61000      61000      163.77     71.59      0.4371     38.70      0.14       0.14       0.30       0          48.02      48         48         0          0          0.1032     2.1490     73         98         104        111        118        124        154       
1967       61000      61000      163.76     72.06      0.4400     38.82      0.14       0.14       0.30       0          48.02      48         48         0          0          0.1032     2.1525     73         98         104        111        118        124        154       
1968       61000      61000      163.75     71.73      0.4380     38.70      0.14       0.14       0.30       0          48.02      48         48         0          0          0.1032     2.1542     73         98         104        111        118        124        154       
1969       61000      61000      163.77     71.48      0.4365     38.69      0.14       0.14       0.30       0          48.02      48         48         0          0          0.1032     2.1553     73         98         104        111        118        124        154       
1970       61000      61000      163.77     71.04      0.4338     38.67      0.14       0.14       0.30       0          48.02      48         48         0          0          0.1032     2.1489     73         98         104        111        118        124        154       
1971       61000      61000      163.77     70.96      0.4333     38.75      0.14       0.14       0.30       0          48.02      48         48         0          0          0.1032     2.1452     73         98         104        111        118        124        154       
1972       61000      61000      163.75     71.77      0.4383     38.77      0.14       0.14       0.30       0          48.02      48         48         0          0          0.1032     2.1542     73         98         104        111        118        124        154       
1973       61000      61000      163.75     71.40      0.4360     38.68      0.14       0.14       0.30       0          48.02      48         48         0          0          0.1032     2.1532     73         98         104        111        118        124        154       
1974       61000      61000      163.74     71.40      0.4361     38.67      0.14       0.14       0.30       0          48.02      48         48         0          0          0.1032     2.1512     73         98         104        111        118        124        154       
1975       61000      61000      163.76     71.80      0.4385     38.69      0.14       0.14       0.30       0          48.02      48         48         0          0          0.1032     2.1466     73         98         104        111        118        124        154       
1976       61000      61000      163.78     71.46      0.4363     38.74      0.14       0.14       0.30       0          48.02      48         48         0          0          0.1032     2.1530     73         98         104        111        118        124        154       
1977       61000      61000      163.75     70.56      0.4309     38.79      0.14       0.14       0.30       0          48.02      48         48         0          0          0.1032     2.1495     73         98         104        111        118        124        154       
1978       61000      61000      163.74     72.07      0.4401     38.72      0.14       0.14       0.30       0          48.02      48         48         0          0          0.1032     2.1520     73         98         104        111        118        124        154       
1979       61000      61000      163.75     70.94      0.4332     38.76      0.14       0.14       0.30       0          48.02      48         48         0          0          0.1032     2.1463     73         98         104        111        118        124        154       
1980       61000      61000      163.76     70.68      0.4316     38.63      0.14       0.14       0.30       0          48.02      48         48         0          0          0.1032     2.1538     73         98         104        111        118        124        154       
1981       61000      61000      163.77     70.06      0.4278     38.70      0.14       0.14       0.30       0          48.02      48         48         0          0          0.1032     2.1494     73         98         104        111        118        124        154       
1982       61000      61000      163.75     69.63      0.4252     38.70      0.14       0.14       0.30       0          48.02      48         48         0          0          0.1032     2.1521     73         98         104        111        118        124        154       
1983       61000      61000      163.75     71.22      0.4349     38.66      0.14       0.14       0.30       0          48.02      48         48         0          0          0.1032     2.1439     73         98         104        111        118        124        154       
1984       61000      61000      163.73     71.05      0.4339     38.62      0.14       0.14       0.30       0          48.02      48         48         0          0          0.1032     2.1522     73         98         104        111        118        124        154       
1985       61000      61000      163.74     70.28      0.4292     38.55      0.14       0.14       0.30       0          48.02      48         48         0          0          0.1032     2.1512     73         98         104        111        118        124        154       
1986       61000      61000      163.76     70.72      0.4318     38.56      0.14       0.14       0.30       0          48.02      48         48         0          0          0.1032     2.1502     73         98         104        111        118        124        154       
1987       61000      61000      163.76     71.03      0.4338     38.53      0.14       0.14       0.30       0          48.02      48         48         0          0          0.1032     2.1506     73         98         104        111        118        124        154       
1988       61000      61000      163.75     71.87      0.4389     38.62      0.14       0.14       0.30       0          48.02      48         48         0          0          0.1032     2.1523     73         98         104        111        118        124        154       
1989       61000      61000      163.78     70.48      0.4304     38.67      0.14       0.14       0.30       0          48.02      48         48         0          0          0.1032     2.1515     73         98         104        111        118        124        154       
1990       61000      61000      163.78     71.67      0.4376     38.67      0.14       0.14       0.30       0          48.02      48         48         0          0          0.1032     2.1508     73         98         104        111        118        124        154       
1991       61000      61000      163.77     71.09      0.4341     38.64      0.14       0.14       0.30       0          48.02      48         48         0          0          0.1032     2.1534     73         98         104        111        118        124        154       
1992       61000      61000      163.76     70.95      0.4332     38.67      0.14       0.14       0.30       0          48.02      48         48         0          0          0.1032     2.1452     73         98         104        111        118        124        154       
1993       61000      61000      163.75     70.29      0.4293     38.68      0.14       0.14       0.30       0          48.02      48         48         0          0          0.1032     2.1503     73         98         104        111        118        124        154       
1994       61000      61000      163.75     71.06      0.4340     38.69      0.14       0.14       0.30       0          48.02      48         48         0          0          0.1032     2.1521     73         98         104        111        118        124        154       
1995       61000      61000      163.74     71.61      0.4373     38.61      0.14       0.14       0.30       0          48.02      48         48         0          0          0.1032     2.1523     73         98         104        111        118        124        154       
1996       61000      61000      163.74     71.11      0.4343     38.74      0.14       0.14       0.30       0          48.02      48         48         0          0          0.1032     2.1517     73         98         104        111        118        124        154       
1997       61000      61000      163.78     69.70      0.4256     38.67      0.14       0.14       0.30       0          48.02      48         48         0          0          0.1032     2.1510     73         98         104        111        118        124        154       
1998       61000      61000      163.78     70.54      0.4307     38.64      0.14       0.14       0.30       0          48.02      48         48         0          0          0.1032     2.1558     73         98         104        111        118        124        154       
1999       61000      61000      163.77     71.23      0.4350     38.59      0.14       0.14       0.30       0          48.02      48         48         0          0          0.1032     2.1470     73         98         104        111        118        124        154       
2000       61000      61000      163.78     70.79      0.4322     38.52      0.14       0.14       0.30       0          48.02      48         48         0          0          0.1032     2.1535     73         98         104        111        118        124        154       
