time       n_sent     n_recv     avgRecv    avgByzRecv pByzRecv   avgByzN    pushByzN   pullByzN   sampByzN   n_isolated avgByzSamp min        max        n_fullbyz  n_fbi      cluscoeff  MPL        id_min     id_d1      id_q1      id_med     id_q3      id_d9      id_max    
0          1000       0          0.00       0.00       NaN        6.13       0.00       0.00       0.00       0          6.18       0          16         0          0          0.1315     3.1904     2          5          7          9          11         13         20        
1          5400       1000       0.00       0.00       NaN        6.13       0.00       0.00       0.00       0          6.18       0          16         0          0          0.1315     3.1904     2          5          7          9          11         13         20        
2          6100       5400       3.76       3.07       0.8160     6.13       0.00       0.00       0.00       0          6.18       0          16         0          0          0.1315     3.1904     2          5          7          9          11         13         20        
3          6100       6100       23.76      13.64      0.5738     10.75      0.57       0.46       0.34       9          8.88       0          20         1          1          0.2690     3.3128     1          4          6          8          10         12         20        
4          6100       6100       23.55      15.10      0.6411     12.65      0.75       0.65       0.53       15         10.63      1          20         1          1          0.3467     3.3860     0          4          6          8          10         12         20        
5          6100       6100       23.46      19.31      0.8231     12.65      0.67       0.68       0.57       10         11.62      2          20         1          1          0.4014     3.4855     0          4          5          7          9          11         21        
6          6100       6100       23.41      20.15      0.8607     14.03      0.73       0.80       0.63       21         12.58      2          20         2          2          0.4600     3.6127     0          3          4          6          9          11         19        
7          6100       6100       23.33      20.85      0.8938     14.98      0.81       0.85       0.66       18         13.28      2          20         3          2          0.5047     3.8116     0          3          4          6          8          10         18        
8          6100       6100       23.32      21.41      0.9178     15.65      0.86       0.89       0.69       34         13.88      2          20         6          5          0.5461     3.9420     0          2          4          5          7          9          15        
9          6100       6100       23.30      21.88      0.9390     16.20      0.89       0.91       0.71       48         14.32      2          20         8          8          0.5759     4.0774     0          2          3          5          7          9          15        
10         6100       6100       23.28      22.09      0.9492     16.55      0.91       0.93       0.74       46         14.68      2          20         10         6          0.6025     4.1831     0          2          3          5          7          8          15        
11         6100       6100       23.24      22.40      0.9640     16.84      0.93       0.95       0.75       61         15.04      2          20         15         12         0.6284     4.3461     0          2          3          4          6          8          14        
12         6100       6100       23.23      22.49      0.9682     17.07      0.94       0.95       0.76       68         15.23      2          20         17         16         0.6433     4.4092     0          1          2          4          6          8          14        
13         6100       6100       23.23      22.62      0.9737     17.19      0.95       0.96       0.77       65         15.45      2          20         22         19         0.6599     4.5308     0          1          2          4          6          8          14        
14         6100       6100       23.22      22.74      0.9794     17.34      0.96       0.97       0.78       79         15.64      2          20         25         24         0.6736     4.6632     0          1          2          4          6          7          12        
15         6100       6100       23.22      22.71      0.9779     17.40      0.96       0.97       0.79       96         15.78      2          20         28         25         0.6849     4.7697     0          1          2          4          6          7          12        
16         6100       6100       23.21      22.76      0.9804     17.53      0.95       0.97       0.80       79         15.92      2          20         27         26         0.6951     4.8991     0          1          2          4          5          7          12        
17         6100       6100       23.21      22.78      0.9818     17.59      0.96       0.97       0.80       96         16.05      2          20         28         26         0.7050     4.9820     0          1          2          4          5          7          12        
18         6100       6100       23.19      22.75      0.9813     17.75      0.97       0.98       0.81       111        16.18      2          20         27         26         0.7149     5.1600     0          1          2          3          5          7          12        
19         6100       6100       23.18      22.79      0.9832     17.73      0.96       0.98       0.81       103        16.27      2          20         28         26         0.7230     5.2691     0          1          2          3          5          6          12        
20         6100       6100       23.21      22.84      0.9842     17.77      0.97       0.97       0.82       106        16.32      2          20         28         26         0.7275     5.3294     0          1          2          3          5          6          14        
21         6100       6100       23.19      22.80      0.9834     17.82      0.97       0.97       0.82       117        16.40      2          20         30         30         0.7334     5.3995     0          1          2          3          5          6          13        
22         6100       6100       23.18      22.79      0.9829     17.82      0.96       0.97       0.82       110        16.47      4          20         30         30         0.7389     5.4700     0          1          2          3          5          6          13        
23         6100       6100       23.19      22.77      0.9817     17.89      0.97       0.98       0.83       120        16.50      4          20         32         32         0.7411     5.4802     0          1          2          3          5          6          13        
24         6100       6100       23.22      22.91      0.9866     17.93      0.97       0.97       0.83       116        16.56      4          20         35         34         0.7451     5.5375     0          1          2          3          5          6          13        
25         6100       6100       23.22      22.85      0.9837     17.94      0.97       0.98       0.83       117        16.60      6          20         35         32         0.7486     5.5988     0          1          2          3          5          6          13        
26         6100       6100       23.19      22.86      0.9856     17.98      0.96       0.97       0.84       110        16.65      6          20         36         34         0.7523     5.7476     0          1          2          3          5          6          13        
27         6100       6100       23.19      22.79      0.9828     17.98      0.97       0.98       0.83       121        16.68      6          20         38         36         0.7554     5.7554     0          1          2          3          4          6          13        
28         6100       6100       23.21      22.87      0.9855     17.94      0.97       0.98       0.83       117        16.73      6          20         38         37         0.7592     5.7825     0          1          2          3          4          6          13        
29         6100       6100       23.19      22.84      0.9852     18.10      0.97       0.97       0.85       142        16.77      6          20         39         36         0.7625     5.8807     0          1          2          3          4          6          12        
30         6100       6100       23.19      22.87      0.9863     18.07      0.97       0.98       0.84       125        16.79      6          20         41         40         0.7648     5.9141     0          1          2          3          4          6          11        
31         6100       6100       23.19      22.90      0.9873     18.03      0.97       0.97       0.84       132        16.82      6          20         41         41         0.7669     5.9364     0          1          2          3          4          6          10        
32         6100       6100       23.20      22.91      0.9873     18.01      0.97       0.97       0.84       120        16.83      6          20         42         40         0.7678     5.9622     0          1          2          3          4          6          10        
33         6100       6100       23.19      22.86      0.9858     18.03      0.97       0.97       0.84       131        16.85      6          20         43         41         0.7691     5.9579     0          1          2          3          4          6          10        
34         6100       6100       23.18      22.91      0.9882     18.09      0.97       0.98       0.84       138        16.87      6          20         43         40         0.7707     6.0035     0          1          2          3          4          6          10        
35         6100       6100       23.20      22.87      0.9858     18.05      0.97       0.98       0.84       131        16.88      6          20         43         41         0.7715     5.9911     0          1          2          3          4          6          10        
36         6100       6100       23.19      22.88      0.9865     18.09      0.97       0.97       0.85       142        16.90      6          20         44         42         0.7733     5.7961     0          1          1          3          4          6          10        
37         6100       6100       23.20      22.89      0.9870     18.06      0.97       0.98       0.84       141        16.90      6          20         44         42         0.7736     5.8033     0          1          2          3          4          6          10        
38         6100       6100       23.19      22.93      0.9887     18.12      0.97       0.98       0.85       149        16.92      10         20         44         42         0.7748     5.8438     0          1          1          3          4          6          10        
39         6100       6100       23.18      22.90      0.9880     18.16      0.98       0.98       0.85       142        16.92      10         20         44         43         0.7748     5.8360     0          1          1          3          4          6          10        
40         6100       6100       23.19      22.86      0.9861     18.14      0.97       0.98       0.85       143        16.93      10         20         45         43         0.7751     5.8376     0          1          1          3          4          6          10        
41         6100       6100       23.19      22.88      0.9865     18.06      0.97       0.97       0.84       130        16.93      10         20         45         42         0.7755     5.8426     0          1          1          3          4          6          10        
42         6100       6100       23.20      22.94      0.9887     18.12      0.97       0.98       0.85       138        16.94      10         20         44         43         0.7762     5.8678     0          1          1          3          4          6          10        
43         6100       6100       23.19      22.90      0.9872     18.16      0.98       0.98       0.85       142        16.95      10         20         45         43         0.7776     5.8695     0          1          1          3          4          6          10        
44         6100       6100       23.20      22.93      0.9883     18.14      0.97       0.98       0.85       135        16.96      10         20         45         41         0.7785     5.9273     0          1          1          3          4          6          10        
45         6100       6100       23.20      22.91      0.9879     18.12      0.97       0.98       0.85       138        16.97      10         20         45         42         0.7790     5.8927     0          1          1          3          4          6          10        
46         6100       6100       23.20      22.97      0.9900     18.15      0.97       0.98       0.85       133        16.97      10         20         45         43         0.7791     5.8525     0          1          1          3          4          6          10        
47         6100       6100       23.19      22.93      0.9887     18.14      0.97       0.98       0.85       138        16.98      10         20         46         44         0.7797     5.8866     0          1          1          3          4          6          10        
48         6100       6100       23.18      22.92      0.9887     18.19      0.97       0.98       0.85       148        16.98      10         20         46         44         0.7799     5.8826     0          1          1          3          4          6          10        
49         6100       6100       23.20      22.87      0.9858     18.12      0.97       0.97       0.85       125        16.97      10         20         45         41         0.7797     5.8930     0          1          1          3          4          6          11        
50         6100       6100       23.18      22.91      0.9885     18.16      0.97       0.97       0.85       141        16.97      10         20         45         40         0.7797     5.8934     0          1          1          3          4          6          11        
51         6100       6100       23.19      22.94      0.9890     18.19      0.97       0.98       0.85       134        16.97      10         20         44         40         0.7795     5.8824     0          1          1          3          4          6          11        
52         6100       6100       23.19      22.90      0.9876     18.08      0.97       0.97       0.85       124        16.97      10         20         44         40         0.7797     5.8788     0          1          1          3          4          6          11        
53         6100       6100       23.18      22.91      0.9883     18.02      0.96       0.97       0.84       116        16.97      10         20         44         39         0.7796     5.8664     0          1          1          3          4          6          11        
54         6100       6100       23.18      22.81      0.9840     18.14      0.98       0.97       0.85       141        16.97      10         20         45         40         0.7797     5.8669     0          1          1          3          4          6          11        
55         6100       6100       23.19      22.89      0.9869     18.09      0.97       0.97       0.85       121        16.97      10         20         44         39         0.7796     5.8636     0          1          1          3          4          6          11        
56         6100       6100       23.19      22.89      0.9872     18.09      0.97       0.97       0.85       128        16.96      10         20         43         39         0.7791     5.8609     0          1          1          3          4          6          11        
57         6100       6100       23.20      22.87      0.9857     18.04      0.97       0.97       0.84       127        16.96      10         20         43         40         0.7791     5.8503     0          1          1          3          4          6          11        
58         6100       6100       23.21      22.94      0.9884     18.09      0.97       0.97       0.85       125        16.96      10         20         43         41         0.7791     5.8465     0          1          1          3          4          6          11        
59         6100       6100       23.20      22.83      0.9842     18.05      0.96       0.97       0.85       128        16.96      10         20         44         41         0.7793     5.6550     0          1          1          3          4          6          11        
60         6100       6100       23.17      22.87      0.9871     18.07      0.97       0.97       0.85       134        16.96      10         20         44         43         0.7791     5.6555     0          1          1          3          4          6          11        
61         6100       6100       23.19      22.84      0.9847     18.08      0.96       0.96       0.85       137        16.96      10         20         44         40         0.7789     5.6506     0          1          1          3          4          6          11        
62         6100       6100       23.18      22.86      0.9863     18.05      0.97       0.97       0.85       133        16.96      10         20         44         40         0.7789     5.6482     0          1          1          3          4          6          11        
63         6100       6100       23.18      22.88      0.9874     18.07      0.97       0.97       0.85       130        16.96      10         20         45         44         0.7789     5.6540     0          1          1          3          4          6          11        
64         6100       6100       23.18      22.83      0.9851     18.06      0.96       0.97       0.85       126        16.96      10         20         45         41         0.7793     5.6643     0          1          1          3          4          6          11        
65         6100       6100       23.18      22.92      0.9888     18.03      0.97       0.97       0.85       131        16.95      10         20         44         41         0.7781     5.6326     0          1          1          3          4          6          11        
66         6100       6100       23.18      22.84      0.9851     18.02      0.96       0.97       0.85       122        16.94      10         20         44         41         0.7775     5.6283     0          1          1          3          4          6          11        
67         6100       6100       23.19      22.91      0.9879     18.02      0.96       0.97       0.85       130        16.94      10         20         44         42         0.7773     5.6272     0          1          1          3          4          6          11        
68         6100       6100       23.19      22.83      0.9843     18.02      0.97       0.97       0.84       113        16.93      10         20         44         41         0.7770     5.6182     0          1          1          3          4          6          11        
69         6100       6100       23.19      22.84      0.9851     18.04      0.97       0.96       0.85       116        16.92      10         20         44         42         0.7762     5.6116     0          1          1          3          4          6          11        
70         6100       6100       23.17      22.85      0.9861     18.01      0.96       0.97       0.85       127        16.92      10         20         44         40         0.7762     5.6145     0          1          1          3          4          6          11        
71         6100       6100       23.19      22.84      0.9851     17.92      0.96       0.96       0.84       127        16.92      10         20         44         41         0.7760     5.5766     0          1          1          3          4          6          11        
72         6100       6100       23.18      22.78      0.9827     18.00      0.96       0.96       0.85       133        16.92      10         20         44         41         0.7761     5.5824     0          1          1          3          4          6          11        
73         6100       6100       23.17      22.86      0.9866     17.95      0.95       0.96       0.85       136        16.91      10         20         44         37         0.7757     5.5757     0          1          1          3          4          6          11        
74         6100       6100       23.17      22.89      0.9876     17.91      0.95       0.96       0.84       124        16.91      10         20         44         37         0.7753     5.5721     0          1          1          3          4          6          11        
75         6100       6100       23.18      22.76      0.9821     18.04      0.95       0.96       0.85       141        16.90      10         20         44         39         0.7748     5.5604     0          1          1          3          4          6          11        
76         6100       6100       23.16      22.87      0.9877     17.96      0.96       0.96       0.85       139        16.90      10         20         44         42         0.7744     5.5358     0          1          1          3          4          6          11        
77         6100       6100       23.16      22.82      0.9854     17.94      0.96       0.96       0.84       132        16.89      10         20         44         42         0.7740     5.5357     0          1          1          3          4          6          11        
78         6100       6100       23.19      22.84      0.9847     17.93      0.96       0.96       0.84       125        16.89      10         20         44         42         0.7735     5.5269     0          1          1          3          4          6          11        
79         6100       6100       23.15      22.81      0.9855     17.89      0.96       0.96       0.84       124        16.88      10         20         44         43         0.7732     5.5119     0          1          1          3          4          6          11        
80         6100       6100       23.17      22.76      0.9822     17.94      0.96       0.96       0.85       136        16.88      10         20         44         42         0.7731     5.5140     0          1          1          3          4          6          11        
81         6100       6100       23.18      22.82      0.9845     17.88      0.95       0.95       0.84       125        16.88      10         20         44         40         0.7731     5.5140     0          1          1          3          4          6          11        
82         6100       6100       23.16      22.83      0.9854     17.84      0.95       0.96       0.84       108        16.87      10         20         44         42         0.7727     5.5100     0          1          1          3          4          6          11        
83         6100       6100       23.15      22.77      0.9835     17.91      0.95       0.96       0.84       132        16.87      10         20         44         40         0.7724     5.5126     0          1          1          3          4          6          11        
84         6100       6100       23.14      22.84      0.9870     17.93      0.95       0.96       0.84       119        16.87      10         20         44         42         0.7724     5.5180     0          1          1          3          4          6          11        
85         6100       6100       23.16      22.83      0.9857     17.90      0.96       0.96       0.84       121        16.86      10         20         44         41         0.7720     5.5178     0          1          1          3          4          6          11        
86         6100       6100       23.16      22.77      0.9832     17.87      0.95       0.95       0.84       125        16.86      10         20         44         41         0.7716     5.5164     0          1          1          3          4          6          11        
87         6100       6100       23.17      22.79      0.9835     17.84      0.95       0.95       0.84       113        16.85      10         20         44         42         0.7709     5.4850     0          1          1          3          4          6          11        
88         6100       6100       23.18      22.69      0.9789     17.81      0.95       0.95       0.84       124        16.85      10         20         44         42         0.7706     5.4841     0          1          1          3          4          6          11        
89         6100       6100       23.17      22.77      0.9828     17.75      0.95       0.95       0.84       113        16.83      10         20         43         41         0.7695     5.6923     0          1          1          3          4          6          11        
90         6100       6100       23.17      22.80      0.9839     17.78      0.94       0.95       0.84       115        16.83      10         20         43         40         0.7691     5.6909     0          1          1          3          4          6          11        
91         6100       6100       23.17      22.78      0.9832     17.73      0.95       0.94       0.84       113        16.83      10         20         43         36         0.7688     5.6825     0          1          1          3          4          6          11        
92         6100       6100       23.18      22.79      0.9830     17.78      0.94       0.95       0.84       112        16.82      10         20         43         36         0.7687     5.6748     0          1          1          3          4          6          11        
93         6100       6100       23.18      22.69      0.9790     17.74      0.95       0.94       0.84       113        16.82      10         20         43         40         0.7686     5.6725     0          1          1          3          4          6          11        
94         6100       6100       23.16      22.74      0.9821     17.78      0.96       0.95       0.83       116        16.82      10         20         42         36         0.7684     5.6636     0          1          1          3          4          6          11        
95         6100       6100       23.18      22.74      0.9813     17.77      0.95       0.94       0.84       118        16.81      10         20         41         37         0.7677     5.6679     0          1          1          3          4          6          11        
96         6100       6100       23.18      22.78      0.9827     17.76      0.95       0.94       0.84       115        16.80      10         20         41         38         0.7671     5.6515     0          1          1          3          4          6          11        
97         6100       6100       23.19      22.77      0.9819     17.70      0.94       0.94       0.84       123        16.80      10         20         41         38         0.7666     5.6465     0          1          1          3          4          6          11        
98         6100       6100       23.16      22.84      0.9860     17.81      0.94       0.95       0.85       123        16.79      10         20         41         37         0.7663     5.6447     0          1          1          3          4          6          11        
99         6100       6100       23.16      22.71      0.9807     17.81      0.95       0.95       0.84       131        16.79      10         20         41         39         0.7661     5.6337     0          1          1          3          4          6          11        
100        6100       6100       23.16      22.82      0.9850     17.75      0.95       0.94       0.84       121        16.79      10         20         41         37         0.7657     5.6318     0          1          1          3          4          6          11        
101        6100       6100       23.17      22.80      0.9839     17.80      0.95       0.94       0.84       117        16.78      10         20         41         37         0.7654     5.6306     0          1          1          3          4          6          12        
102        6100       6100       23.17      22.74      0.9815     17.74      0.95       0.94       0.84       124        16.78      10         20         41         39         0.7650     5.6204     0          1          1          3          4          6          12        
103        6100       6100       23.17      22.80      0.9843     17.80      0.95       0.94       0.84       119        16.77      10         20         41         38         0.7644     5.6129     0          1          1          3          4          6          12        
104        6100       6100       23.19      22.82      0.9839     17.76      0.95       0.94       0.84       112        16.76      10         20         41         37         0.7639     5.6115     0          1          1          3          4          6          12        
105        6100       6100       23.17      22.80      0.9842     17.65      0.94       0.94       0.84       114        16.76      10         20         41         38         0.7639     5.6115     0          1          1          3          4          6          12        
106        6100       6100       23.18      22.73      0.9806     17.75      0.95       0.94       0.84       115        16.76      10         20         41         38         0.7637     5.5992     0          1          1          3          4          6          12        
107        6100       6100       23.18      22.67      0.9780     17.70      0.95       0.94       0.84       114        16.75      10         20         40         35         0.7629     5.5984     0          1          1          3          4          6          12        
108        6100       6100       23.20      22.75      0.9805     17.68      0.94       0.94       0.84       123        16.74      10         20         40         35         0.7620     5.5835     0          1          1          3          4          6          12        
109        6100       6100       23.20      22.78      0.9818     17.70      0.95       0.94       0.84       120        16.74      10         20         40         38         0.7616     5.5704     0          1          1          3          4          6          12        
110        6100       6100       23.19      22.77      0.9820     17.68      0.94       0.93       0.84       124        16.73      10         20         40         39         0.7608     5.5950     0          1          1          3          4          6          12        
111        6100       6100       23.19      22.74      0.9804     17.68      0.93       0.94       0.84       136        16.72      10         20         40         40         0.7600     5.5825     0          1          1          3          5          6          12        
112        6100       6100       23.19      22.75      0.9810     17.59      0.94       0.93       0.83       107        16.71      10         20         40         40         0.7596     5.5675     0          1          1          3          5          6          12        
113        6100       6100       23.19      22.79      0.9829     17.54      0.93       0.93       0.83       113        16.71      10         20         40         38         0.7594     5.5713     0          1          2          3          5          6          12        
114        6100       6100       23.19      22.72      0.9798     17.58      0.93       0.93       0.84       112        16.70      10         20         39         36         0.7588     5.5714     0          1          2          3          5          6          12        
115        6100       6100       23.18      22.75      0.9814     17.62      0.93       0.93       0.84       118        16.69      10         20         39         36         0.7579     5.5466     0          1          2          3          5          6          12        
116        6100       6100       23.18      22.70      0.9793     17.54      0.92       0.93       0.83       106        16.68      10         20         39         37         0.7574     5.5409     0          1          2          3          5          6          12        
117        6100       6100       23.20      22.65      0.9762     17.55      0.91       0.93       0.84       110        16.67      10         20         39         34         0.7567     5.5247     0          1          2          3          5          6          12        
118        6100       6100       23.20      22.70      0.9786     17.58      0.92       0.92       0.84       112        16.66      10         20         38         34         0.7560     5.5143     0          1          2          3          5          6          12        
119        6100       6100       23.19      22.67      0.9773     17.50      0.92       0.92       0.83       101        16.66      10         20         38         34         0.7556     5.5140     0          1          2          3          5          6          12        
120        6100       6100       23.22      22.76      0.9803     17.56      0.91       0.93       0.84       118        16.65      10         20         38         34         0.7548     5.5069     0          1          2          3          5          7          12        
121        6100       6100       23.20      22.72      0.9791     17.48      0.92       0.92       0.83       96         16.64      10         20         38         34         0.7542     5.4943     0          1          2          3          5          7          12        
122        6100       6100       23.19      22.67      0.9774     17.42      0.91       0.92       0.83       120        16.63      10         20         37         31         0.7534     5.4765     0          1          2          3          5          7          12        
123        6100       6100       23.18      22.68      0.9782     17.42      0.91       0.92       0.83       104        16.62      10         20         37         31         0.7524     5.4560     0          1          2          3          5          7          12        
124        6100       6100       23.18      22.71      0.9797     17.41      0.91       0.91       0.83       104        16.61      10         20         37         33         0.7517     5.4467     0          1          2          3          5          7          12        
125        6100       6100       23.19      22.70      0.9786     17.38      0.90       0.92       0.83       104        16.60      10         20         37         34         0.7512     5.4383     0          1          2          3          5          7          12        
126        6100       6100       23.19      22.63      0.9759     17.38      0.92       0.92       0.83       110        16.60      10         20         36         36         0.7505     5.4191     0          1          2          3          5          7          12        
127        6100       6100       23.19      22.67      0.9776     17.33      0.92       0.91       0.83       98         16.59      10         20         36         32         0.7499     5.4081     0          1          2          3          5          7          12        
128        6100       6100       23.19      22.70      0.9787     17.36      0.91       0.91       0.83       106        16.58      10         20         36         36         0.7492     5.4013     0          1          2          3          5          7          12        
129        6100       6100       23.22      22.61      0.9734     17.38      0.91       0.91       0.83       102        16.57      10         20         36         34         0.7485     5.3909     0          1          2          3          5          7          12        
130        6100       6100       23.18      22.68      0.9784     17.36      0.91       0.91       0.83       95         16.56      10         20         36         32         0.7478     5.3772     0          1          2          3          5          7          12        
131        6100       6100       23.19      22.67      0.9776     17.34      0.92       0.91       0.83       98         16.56      10         20         36         32         0.7475     5.3747     0          1          2          3          5          7          12        
132        6100       6100       23.18      22.68      0.9782     17.33      0.91       0.91       0.83       96         16.55      10         20         36         33         0.7470     5.3549     0          1          2          3          5          7          12        
133        6100       6100       23.19      22.58      0.9738     17.31      0.91       0.91       0.83       100        16.55      10         20         36         34         0.7467     5.3490     0          1          2          3          5          7          12        
134        6100       6100       23.20      22.56      0.9724     17.25      0.90       0.91       0.83       90         16.54      10         20         36         31         0.7459     5.3472     0          1          2          3          5          7          12        
135        6100       6100       23.18      22.64      0.9765     17.23      0.91       0.90       0.82       102        16.53      10         20         36         31         0.7451     5.3455     0          1          2          3          5          7          13        
136        6100       6100       23.18      22.67      0.9779     17.24      0.90       0.90       0.83       87         16.52      10         20         36         30         0.7448     5.3453     0          1          2          3          5          7          13        
137        6100       6100       23.16      22.58      0.9750     17.27      0.90       0.91       0.83       89         16.51      10         20         36         32         0.7441     5.3375     0          1          2          3          5          7          13        
138        6100       6100       23.18      22.58      0.9741     17.21      0.90       0.90       0.83       95         16.51      10         20         36         29         0.7438     5.3362     0          1          2          3          5          7          13        
139        6100       6100       23.17      22.62      0.9763     17.12      0.90       0.90       0.82       91         16.50      10         20         36         29         0.7428     5.3041     0          1          2          3          5          7          13        
140        6100       6100       23.19      22.55      0.9723     17.07      0.89       0.89       0.82       99         16.48      10         20         36         30         0.7414     5.2686     0          1          2          3          5          7          13        
141        6100       6100       23.19      22.55      0.9723     17.03      0.90       0.89       0.82       94         16.48      10         20         36         31         0.7410     5.2679     0          1          2          3          5          7          13        
142        6100       6100       23.19      22.48      0.9694     17.09      0.89       0.89       0.83       94         16.47      10         20         36         31         0.7409     5.2697     0          1          2          3          5          7          13        
143        6100       6100       23.17      22.49      0.9707     16.94      0.89       0.88       0.82       90         16.46      10         20         36         31         0.7401     5.2664     0          1          2          3          5          7          13        
144        6100       6100       23.19      22.47      0.9691     17.06      0.88       0.89       0.83       95         16.46      9          20         36         32         0.7394     5.2686     0          1          2          3          5          7          13        
145        6100       6100       23.21      22.53      0.9711     16.97      0.88       0.89       0.82       84         16.44      9          20         36         32         0.7383     5.2583     0          1          2          3          5          7          13        
146        6100       6100       23.21      22.55      0.9717     16.97      0.87       0.88       0.82       91         16.43      9          20         36         33         0.7376     5.2532     0          1          2          3          5          7          13        
147        6100       6100       23.18      22.48      0.9699     16.93      0.88       0.88       0.82       72         16.42      9          20         36         31         0.7370     5.2499     0          1          2          3          5          7          13        
148        6100       6100       23.22      22.46      0.9676     16.92      0.87       0.87       0.82       94         16.41      9          20         36         31         0.7357     5.2219     0          1          2          3          5          7          13        
149        6100       6100       23.19      22.51      0.9704     16.90      0.87       0.88       0.82       85         16.40      9          20         36         30         0.7352     5.2205     0          1          2          3          5          7          13        
150        6100       6100       23.21      22.43      0.9663     16.95      0.88       0.88       0.82       90         16.39      9          20         36         30         0.7346     5.2093     0          1          2          3          5          7          13        
151        6100       6100       23.18      22.49      0.9702     16.74      0.87       0.86       0.81       77         16.38      9          20         36         29         0.7334     5.2045     0          1          2          3          5          7          13        
152        6100       6100       23.20      22.48      0.9687     16.74      0.86       0.86       0.82       94         16.36      8          20         36         30         0.7321     5.1699     0          1          2          3          5          7          14        
153        6100       6100       23.22      22.31      0.9611     16.79      0.86       0.86       0.82       82         16.35      8          20         36         28         0.7310     5.1578     0          1          2          3          5          7          13        
154        6100       6100       23.17      22.42      0.9676     16.76      0.87       0.86       0.82       84         16.33      8          20         36         30         0.7296     5.1462     0          1          2          3          5          7          13        
155        6100       6100       23.17      22.41      0.9673     16.67      0.87       0.86       0.81       63         16.32      8          20         36         29         0.7285     5.1336     0          1          2          3          5          7          13        
156        6100       6100       23.20      22.53      0.9711     16.67      0.85       0.86       0.81       81         16.31      7          20         36         25         0.7283     5.1247     0          1          2          3          5          7          13        
157        6100       6100       23.22      22.38      0.9639     16.67      0.85       0.85       0.82       78         16.31      7          20         36         29         0.7280     5.1219     0          1          2          3          5          7          13        
158        6100       6100       23.19      22.45      0.9682     16.61      0.86       0.85       0.81       69         16.29      7          20         36         29         0.7265     5.1147     0          1          2          3          5          7          14        
159        6100       6100       23.19      22.51      0.9706     16.67      0.86       0.86       0.81       67         16.28      7          20         36         26         0.7258     5.1044     0          1          2          3          5          7          14        
160        6100       6100       23.19      22.28      0.9609     16.73      0.86       0.86       0.82       79         16.27      7          20         36         30         0.7250     5.0969     0          1          2          3          5          7          14        
161        6100       6100       23.19      22.39      0.9654     16.69      0.86       0.86       0.81       81         16.26      7          20         36         31         0.7241     5.0969     0          1          2          3          5          7          14        
162        6100       6100       23.18      22.31      0.9626     16.64      0.86       0.86       0.81       85         16.24      7          20         36         30         0.7225     5.0752     0          1          2          3          5          7          14        
163        6100       6100       23.19      22.45      0.9682     16.66      0.85       0.85       0.82       82         16.22      7          20         36         29         0.7212     5.0323     0          1          2          3          5          7          14        
164        6100       6100       23.21      22.35      0.9632     16.53      0.85       0.85       0.81       77         16.21      7          20         35         26         0.7202     5.0226     0          1          2          3          5          7          14        
165        6100       6100       23.21      22.31      0.9614     16.54      0.85       0.84       0.82       80         16.20      7          20         34         27         0.7191     5.0180     0          1          2          3          5          7          14        
166        6100       6100       23.18      22.33      0.9633     16.38      0.83       0.83       0.81       82         16.18      7          20         34         30         0.7178     5.0081     0          1          2          3          5          7          14        
167        6100       6100       23.19      22.40      0.9659     16.44      0.84       0.84       0.81       82         16.16      7          20         34         30         0.7166     5.0018     0          1          2          3          5          7          14        
168        6100       6100       23.18      22.26      0.9601     16.32      0.83       0.83       0.80       75         16.15      7          20         34         30         0.7154     4.9771     0          1          2          3          5          7          14        
169        6100       6100       23.21      22.29      0.9604     16.34      0.83       0.84       0.80       68         16.14      7          20         34         29         0.7144     4.9629     0          1          2          3          5          7          14        
170        6100       6100       23.20      22.09      0.9520     16.29      0.83       0.83       0.80       71         16.12      7          20         34         28         0.7133     4.9533     0          1          2          3          5          7          14        
171        6100       6100       23.19      22.32      0.9624     16.29      0.83       0.83       0.80       76         16.10      6          20         34         26         0.7117     4.9425     0          1          2          3          5          8          14        
172        6100       6100       23.20      22.32      0.9622     16.34      0.82       0.83       0.81       72         16.09      6          20         33         26         0.7111     4.9390     0          1          2          3          5          8          14        
173        6100       6100       23.19      22.16      0.9556     16.23      0.83       0.82       0.80       77         16.08      6          20         33         28         0.7103     4.9281     0          1          2          3          5          8          14        
174        6100       6100       23.23      22.18      0.9548     16.26      0.83       0.82       0.81       86         16.07      6          20         33         28         0.7090     4.9112     0          1          2          3          5          8          14        
175        6100       6100       23.19      22.15      0.9549     16.13      0.82       0.82       0.80       64         16.05      6          20         33         28         0.7073     4.8656     0          1          2          3          5          8          14        
176        6100       6100       23.22      22.07      0.9504     16.04      0.81       0.81       0.80       60         16.03      6          20         33         26         0.7063     4.8586     0          1          2          3          5          8          14        
177        6100       6100       23.20      22.17      0.9555     16.06      0.82       0.80       0.80       67         16.01      6          20         33         25         0.7046     4.8605     0          1          2          3          5          8          14        
178        6100       6100       23.20      21.99      0.9477     15.96      0.80       0.80       0.80       60         16.00      6          20         32         23         0.7038     4.8613     0          1          2          3          5          8          14        
179        6100       6100       23.21      22.11      0.9525     15.95      0.80       0.79       0.80       60         15.98      6          20         32         22         0.7023     4.8337     0          1          2          3          5          8          16        
180        6100       6100       23.21      22.11      0.9525     15.80      0.80       0.78       0.80       63         15.97      6          20         32         25         0.7017     4.8269     0          1          2          3          5          8          16        
181        6100       6100       23.24      22.06      0.9490     15.86      0.78       0.79       0.80       59         15.95      6          20         32         26         0.7002     4.8092     0          1          2          3          5          8          16        
182        6100       6100       23.22      21.99      0.9471     15.80      0.79       0.79       0.80       55         15.92      6          20         32         24         0.6980     4.7877     0          1          2          3          6          8          16        
183        6100       6100       23.22      22.00      0.9475     15.79      0.78       0.78       0.80       69         15.91      6          20         32         26         0.6965     4.7779     0          1          2          3          6          8          16        
184        6100       6100       23.21      21.88      0.9429     15.79      0.78       0.79       0.80       63         15.88      6          20         32         25         0.6945     4.7589     0          1          2          3          6          8          17        
185        6100       6100       23.20      21.99      0.9478     15.56      0.77       0.77       0.79       58         15.85      6          20         32         26         0.6927     4.7314     0          1          2          3          6          8          17        
186        6100       6100       23.21      21.93      0.9450     15.45      0.78       0.76       0.79       59         15.83      6          20         32         25         0.6908     4.7104     0          1          2          4          6          8          17        
187        6100       6100       23.23      21.64      0.9314     15.53      0.77       0.76       0.79       69         15.81      6          20         32         25         0.6890     4.7016     0          1          2          4          6          8          17        
188        6100       6100       23.24      21.78      0.9373     15.34      0.77       0.74       0.79       60         15.78      6          20         32         25         0.6867     4.6893     0          1          2          4          6          8          17        
189        6100       6100       23.22      21.83      0.9403     15.21      0.74       0.74       0.78       63         15.75      6          20         32         25         0.6843     4.6657     0          1          2          4          6          8          17        
190        6100       6100       23.21      21.48      0.9256     15.16      0.74       0.73       0.79       54         15.72      6          20         31         21         0.6825     4.6501     0          1          2          4          6          8          17        
191        6100       6100       23.24      21.63      0.9307     15.10      0.75       0.73       0.78       52         15.70      6          20         31         22         0.6802     4.6322     0          1          2          4          6          8          17        
192        6100       6100       23.25      21.69      0.9327     14.98      0.72       0.72       0.78       50         15.67      6          20         31         22         0.6785     4.6130     0          1          2          4          6          8          17        
193        6100       6100       23.28      21.61      0.9285     14.97      0.72       0.72       0.78       52         15.65      6          20         31         25         0.6770     4.5959     0          1          2          4          6          8          17        
194        6100       6100       23.25      21.62      0.9299     14.96      0.73       0.71       0.78       57         15.63      6          20         31         20         0.6756     4.5739     0          1          2          4          6          8          17        
195        6100       6100       23.24      21.59      0.9289     14.84      0.71       0.70       0.78       55         15.61      6          20         31         20         0.6735     4.5646     0          1          2          4          6          8          18        
196        6100       6100       23.28      21.48      0.9230     14.70      0.71       0.70       0.77       58         15.58      6          20         31         21         0.6713     4.5363     0          1          2          4          6          9          18        
197        6100       6100       23.29      21.22      0.9115     14.58      0.70       0.69       0.77       51         15.54      6          20         30         20         0.6682     4.5333     0          1          2          4          6          9          18        
198        6100       6100       23.27      21.22      0.9120     14.55      0.69       0.67       0.78       46         15.50      6          20         28         18         0.6651     4.5100     0          1          2          4          6          9          18        
199        6100       6100       23.29      21.02      0.9027     14.57      0.69       0.67       0.78       48         15.47      6          20         28         21         0.6628     4.4938     0          1          2          4          6          9          18        
200        6100       6100       23.25      21.23      0.9130     14.40      0.69       0.66       0.77       45         15.43      6          20         28         20         0.6603     4.4532     0          1          2          4          6          9          18        
201        6100       6100       23.29      21.18      0.9094     14.26      0.67       0.65       0.77       45         15.40      6          20         28         19         0.6575     4.4282     0          1          2          4          6          9          18        
202        6100       6100       23.28      21.17      0.9096     14.25      0.66       0.65       0.77       49         15.34      6          20         28         18         0.6536     4.3797     0          1          2          4          6          9          18        
203        6100       6100       23.28      20.96      0.9002     13.97      0.65       0.63       0.76       39         15.32      6          20         26         21         0.6513     4.3638     0          1          2          4          6          9          18        
204        6100       6100       23.31      20.89      0.8964     13.99      0.65       0.63       0.76       42         15.27      6          20         26         20         0.6481     4.3412     0          1          2          4          6          9          18        
205        6100       6100       23.28      20.87      0.8964     14.01      0.64       0.63       0.76       41         15.23      6          20         26         20         0.6447     4.2928     0          1          2          4          6          9          18        
206        6100       6100       23.31      20.95      0.8987     13.81      0.61       0.61       0.77       37         15.20      6          20         26         21         0.6423     4.2765     0          1          2          4          7          9          19        
207        6100       6100       23.30      20.84      0.8944     13.72      0.63       0.60       0.76       40         15.16      6          20         25         20         0.6397     4.2356     0          1          2          4          7          9          19        
occupancy of 0.00%
occupancy of 0.00%
occupancy of 0.00%
occupancy of 0.00%
occupancy of 0.00%
occupancy of 0.00%
occupancy of 0.00%
occupancy of 0.00%
occupancy of 0.00%
occupancy of 0.00%
occupancy of 0.00%
occupancy of 0.00%
occupancy of 0.65%
occupancy of 1.35%
occupancy of 1.35%
occupancy of 2.07%
occupancy of 2.07%
occupancy of 2.76%
occupancy of 3.45%
occupancy of 3.51%
occupancy of 4.25%
occupancy of 4.96%
occupancy of 4.96%
occupancy of 5.00%
occupancy of 5.00%
occupancy of 5.00%
occupancy of 5.76%
occupancy of 5.81%
occupancy of 6.54%
occupancy of 6.54%
occupancy of 6.54%
occupancy of 6.54%
occupancy of 7.26%
occupancy of 7.26%
occupancy of 7.26%
occupancy of 7.26%
occupancy of 7.26%
occupancy of 7.26%
occupancy of 7.99%
occupancy of 7.99%
occupancy of 7.99%
occupancy of 7.99%
occupancy of 8.72%
occupancy of 8.72%
occupancy of 9.44%
occupancy of 10.17%
occupancy of 10.17%
occupancy of 10.17%
occupancy of 10.17%
occupancy of 10.17%
occupancy of 10.17%
occupancy of 10.17%
occupancy of 10.89%
occupancy of 10.89%
occupancy of 10.89%
occupancy of 11.62%
occupancy of 11.62%
occupancy of 11.62%
occupancy of 11.62%
occupancy of 11.62%
occupancy of 11.62%
occupancy of 12.35%
occupancy of 12.35%
occupancy of 12.35%
occupancy of 12.35%
occupancy of 12.35%
occupancy of 12.35%
occupancy of 12.35%
occupancy of 12.35%
occupancy of 12.35%
occupancy of 13.07%
occupancy of 13.80%
occupancy of 13.80%
occupancy of 13.80%
occupancy of 13.80%
occupancy of 13.80%
occupancy of 13.80%
occupancy of 13.80%
occupancy of 13.80%
occupancy of 13.80%
occupancy of 13.80%
occupancy of 13.80%
occupancy of 13.80%
occupancy of 13.80%
occupancy of 13.80%
occupancy of 13.80%
occupancy of 13.80%
occupancy of 14.53%
occupancy of 14.53%
occupancy of 14.53%
occupancy of 14.53%
occupancy of 14.53%
occupancy of 14.53%
occupancy of 14.53%
occupancy of 14.53%
occupancy of 14.53%
occupancy of 14.53%
occupancy of 14.53%
occupancy of 14.53%
occupancy of 14.53%
occupancy of 14.53%
occupancy of 15.25%
occupancy of 15.25%
occupancy of 15.25%
occupancy of 15.25%
occupancy of 15.25%
occupancy of 15.98%
occupancy of 15.98%
occupancy of 15.98%
occupancy of 15.98%
occupancy of 15.98%
occupancy of 15.98%
occupancy of 15.98%
occupancy of 15.98%
occupancy of 15.98%
occupancy of 15.98%
occupancy of 15.98%
occupancy of 15.98%
occupancy of 15.98%
occupancy of 15.98%
occupancy of 15.98%
occupancy of 15.98%
occupancy of 15.98%
occupancy of 15.98%
occupancy of 15.98%
occupancy of 15.98%
occupancy of 16.71%
occupancy of 16.71%
occupancy of 17.43%
occupancy of 18.16%
occupancy of 18.16%
occupancy of 18.16%
occupancy of 18.16%
occupancy of 18.16%
occupancy of 18.16%
occupancy of 18.16%
occupancy of 18.88%
occupancy of 18.88%
occupancy of 18.88%
occupancy of 18.88%
occupancy of 18.88%
occupancy of 18.88%
occupancy of 18.88%
occupancy of 18.88%
occupancy of 18.88%
occupancy of 19.61%
occupancy of 19.61%
occupancy of 19.61%
occupancy of 19.61%
occupancy of 19.61%
occupancy of 19.61%
occupancy of 19.61%
occupancy of 19.61%
occupancy of 19.61%
occupancy of 19.61%
occupancy of 19.61%
occupancy of 19.61%
occupancy of 19.61%
occupancy of 19.61%
occupancy of 20.34%
occupancy of 20.34%
occupancy of 20.34%
occupancy of 20.34%
occupancy of 20.34%
occupancy of 20.34%
occupancy of 20.34%
occupancy of 20.34%
occupancy of 20.34%
occupancy of 20.34%
occupancy of 20.34%
occupancy of 20.34%
occupancy of 20.34%
occupancy of 20.34%
occupancy of 20.34%
occupancy of 20.34%
occupancy of 20.34%
occupancy of 20.34%
occupancy of 20.34%
occupancy of 20.34%
occupancy of 20.34%
occupancy of 20.34%
occupancy of 20.34%
occupancy of 20.34%
occupancy of 20.34%
occupancy of 20.34%
occupancy of 20.34%
occupancy of 20.34%
occupancy of 20.34%
occupancy of 21.97%
occupancy of 21.97%
occupancy of 21.97%
occupancy of 21.97%
occupancy of 21.97%
occupancy of 21.97%
occupancy of 21.97%
occupancy of 21.97%
occupancy of 21.97%
occupancy of 21.97%
occupancy of 22.71%
occupancy of 22.71%
occupancy of 22.71%
occupancy of 23.44%
occupancy of 23.44%
occupancy of 25.85%
occupancy of 25.85%
occupancy of 25.85%
occupancy of 25.85%
o208        6100       6100       23.30      20.50      0.8798     13.46      0.62       0.58       0.75       39         15.11      6          20         25         19         0.6360     4.2104     0          1          2          4          7          9          19        
209        6100       6100       23.32      20.64      0.8851     13.42      0.59       0.57       0.76       38         15.06      6          20         24         17         0.6328     4.1926     0          1          2          4          7          9          19        
210        6100       6100       23.31      20.47      0.8780     13.30      0.57       0.57       0.75       36         15.02      6          20         24         18         0.6295     4.1779     0          1          2          4          7          9          19        
211        6100       6100       23.36      20.33      0.8705     13.15      0.57       0.56       0.74       44         14.97      6          20         23         16         0.6259     4.1356     0          1          2          4          7          10         19        
212        6100       6100       23.34      20.25      0.8673     12.96      0.57       0.54       0.74       36         14.90      6          20         23         17         0.6207     4.1052     0          1          2          4          7          10         18        
213        6100       6100       23.33      20.39      0.8739     12.95      0.55       0.54       0.75       35         14.85      6          20         23         16         0.6172     4.0879     0          1          2          4          7          10         19        
214        6100       6100       23.36      20.16      0.8631     12.78      0.54       0.53       0.74       32         14.81      6          20         23         17         0.6143     4.0685     0          1          2          4          7          10         19        
215        6100       6100       23.34      20.18      0.8647     12.70      0.54       0.52       0.74       38         14.77      5          20         23         18         0.6114     4.0084     0          1          2          4          7          10         19        
216        6100       6100       23.36      19.87      0.8508     12.59      0.52       0.51       0.74       30         14.73      5          20         23         16         0.6076     3.9830     0          1          3          5          7          10         18        
217        6100       6100       23.35      19.68      0.8427     12.45      0.52       0.51       0.73       32         14.67      5          20         23         16         0.6032     3.9471     0          1          3          5          7          10         18        
218        6100       6100       23.37      19.87      0.8504     12.36      0.50       0.50       0.73       31         14.62      5          20         22         15         0.6000     3.9331     0          1          3          5          7          10         19        
219        6100       6100       23.39      19.78      0.8453     12.21      0.51       0.48       0.73       27         14.55      5          20         22         15         0.5951     3.9054     0          1          3          5          8          10         19        
220        6100       6100       23.38      19.60      0.8384     12.03      0.48       0.47       0.72       31         14.51      5          20         22         13         0.5921     3.8853     0          1          3          5          8          10         19        
221        6100       6100       23.40      19.24      0.8223     12.00      0.50       0.46       0.72       22         14.42      5          20         22         15         0.5860     3.8594     0          1          3          5          8          11         19        
222        6100       6100       23.43      19.44      0.8296     11.78      0.46       0.45       0.71       30         14.36      5          20         22         14         0.5817     3.8422     0          1          3          5          8          11         21        
223        6100       6100       23.42      19.42      0.8291     11.78      0.47       0.45       0.71       23         14.29      5          20         20         12         0.5770     3.8123     0          1          3          5          8          11         21        
224        6100       6100       23.38      19.02      0.8134     11.63      0.45       0.44       0.71       28         14.24      5          20         19         15         0.5737     3.7849     0          1          3          5          8          11         21        
225        6100       6100       23.43      19.55      0.8342     11.56      0.45       0.44       0.71       19         14.18      5          20         18         14         0.5690     3.7690     0          1          3          5          8          11         21        
226        6100       6100       23.42      19.35      0.8263     11.46      0.44       0.44       0.71       21         14.13      5          20         17         13         0.5651     3.7448     0          1          3          5          8          12         21        
227        6100       6100       23.45      19.30      0.8230     11.47      0.44       0.43       0.71       21         14.06      5          20         17         13         0.5605     3.7034     0          1          3          5          8          12         21        
228        6100       6100       23.42      18.96      0.8093     11.41      0.45       0.42       0.70       25         13.99      5          20         17         14         0.5552     3.6798     0          1          3          5          8          12         21        
229        6100       6100       23.41      19.13      0.8172     11.33      0.44       0.43       0.69       26         13.92      5          20         17         14         0.5507     3.6655     0          1          3          5          8          12         21        
230        6100       6100       23.44      18.71      0.7983     11.24      0.42       0.41       0.70       22         13.85      5          20         16         14         0.5459     3.6427     0          1          3          5          8          12         21        
231        6100       6100       23.42      18.86      0.8052     11.06      0.43       0.41       0.69       23         13.79      5          20         16         15         0.5416     3.6262     0          1          3          6          8          12         21        
232        6100       6100       23.45      18.83      0.8028     10.84      0.41       0.39       0.68       26         13.73      5          20         16         14         0.5375     3.6178     0          1          3          6          8          12         21        
233        6100       6100       23.47      18.30      0.7796     10.79      0.41       0.38       0.68       19         13.63      5          20         16         11         0.5312     3.5859     0          1          3          6          8          12         21        
234        6100       6100       23.50      18.57      0.7902     10.71      0.41       0.39       0.68       22         13.55      5          20         16         11         0.5257     3.5758     0          1          3          6          9          12         21        
235        6100       6100       23.48      18.49      0.7877     10.69      0.40       0.38       0.67       21         13.47      5          20         16         12         0.5199     3.5590     0          1          3          6          9          13         21        
236        6100       6100       23.49      18.17      0.7733     10.58      0.39       0.37       0.67       19         13.40      5          20         16         12         0.5154     3.5234     0          1          3          6          9          13         21        
237        6100       6100       23.48      18.15      0.7730     10.43      0.39       0.37       0.66       17         13.34      5          20         16         12         0.5107     3.5110     0          1          3          6          9          13         21        
238        6100       6100       23.48      17.85      0.7605     10.47      0.40       0.37       0.66       18         13.26      5          20         16         11         0.5055     3.5080     0          1          3          6          9          13         21        
239        6100       6100       23.50      17.83      0.7587     10.11      0.37       0.34       0.66       15         13.17      4          20         16         11         0.4994     3.4825     0          1          3          6          9          13         21        
240        6100       6100       23.52      17.72      0.7534     10.08      0.36       0.34       0.66       17         13.11      4          20         16         11         0.4957     3.4685     0          1          3          6          9          13         22        
241        6100       6100       23.52      17.50      0.7441     9.99       0.36       0.33       0.65       16         13.02      4          20         16         9          0.4906     3.4460     0          1          3          6          10         13         22        
242        6100       6100       23.54      17.42      0.7402     9.82       0.34       0.32       0.65       19         12.95      4          20         15         11         0.4854     3.4337     0          1          3          6          10         13         22        
243        6100       6100       23.51      17.74      0.7546     9.72       0.33       0.31       0.65       17         12.89      4          20         15         12         0.4814     3.4263     0          1          4          6          10         13         23        
244        6100       6100       23.52      16.92      0.7191     9.68       0.34       0.31       0.64       26         12.81      4          20         15         13         0.4759     3.4150     0          1          4          7          10         14         23        
245        6100       6100       23.53      16.97      0.7213     9.60       0.34       0.31       0.64       18         12.73      4          20         15         9          0.4709     3.3990     0          1          4          7          10         14         21        
246        6100       6100       23.50      17.22      0.7327     9.45       0.32       0.30       0.63       19         12.65      4          20         15         11         0.4656     3.3925     0          1          4          7          10         14         22        
247        6100       6100       23.56      17.34      0.7360     9.28       0.31       0.28       0.63       16         12.58      4          20         15         11         0.4614     3.3809     0          2          4          7          10         14         22        
248        6100       6100       23.54      16.79      0.7130     9.23       0.32       0.29       0.62       16         12.53      4          20         15         10         0.4577     3.3685     0          2          4          7          10         14         22        
249        6100       6100       23.56      16.62      0.7056     9.29       0.32       0.29       0.62       15         12.44      4          20         15         10         0.4520     3.3506     0          2          4          7          10         14         22        
250        6100       6100       23.51      16.40      0.6977     9.19       0.32       0.28       0.62       14         12.34      4          20         15         10         0.4464     3.3339     0          2          4          7          10         14         23        
251        6100       6100       23.52      16.83      0.7154     8.87       0.29       0.26       0.61       14         12.27      4          20         15         10         0.4419     3.3265     0          2          4          7          11         14         24        
252        6100       6100       23.57      16.68      0.7078     8.91       0.29       0.27       0.61       13         12.20      4          20         14         11         0.4377     3.3161     0          2          4          7          11         14         24        
253        6100       6100       23.59      16.09      0.6821     8.86       0.30       0.27       0.61       12         12.13      4          20         14         11         0.4333     3.3094     0          2          4          7          11         14         25        
254        6100       6100       23.58      16.54      0.7015     8.80       0.28       0.27       0.60       14         12.07      4          20         14         11         0.4294     3.2928     0          2          4          7          11         14         24        
255        6100       6100       23.57      16.46      0.6984     8.63       0.26       0.25       0.60       18         11.99      4          20         14         10         0.4242     3.2844     0          2          4          8          11         14         24        
256        6100       6100       23.57      16.39      0.6954     8.57       0.27       0.25       0.59       16         11.92      4          20         14         9          0.4196     3.2736     0          2          4          8          11         15         24        
257        6100       6100       23.58      15.93      0.6757     8.55       0.27       0.25       0.59       15         11.85      4          20         14         10         0.4149     3.2636     0          2          5          8          11         15         24        
258        6100       6100       23.57      16.03      0.6803     8.48       0.25       0.26       0.59       12         11.77      4          20         14         10         0.4103     3.2499     0          2          5          8          11         15         25        
259        6100       6100       23.59      16.26      0.6893     8.25       0.25       0.24       0.58       13         11.70      4          20         14         11         0.4059     3.2396     0          2          5          8          11         15         25        
260        6100       6100       23.58      15.38      0.6524     8.23       0.25       0.25       0.57       14         11.63      4          20         14         10         0.4017     3.2304     0          2          5          8          11         15         25        
261        6100       6100       23.60      15.75      0.6672     8.27       0.25       0.24       0.58       12         11.56      3          20         14         10         0.3976     3.2201     0          2          5          8          11         15         25        
262        6100       6100       23.57      15.51      0.6582     8.18       0.24       0.24       0.57       18         11.48      3          20         13         11         0.3924     3.1965     0          2          5          8          11         15         25        
263        6100       6100       23.59      15.74      0.6671     8.12       0.24       0.23       0.58       10         11.42      3          20         13         9          0.3890     3.1893     0          2          5          8          12         15         25        
264        6100       6100       23.60      15.50      0.6566     8.03       0.23       0.22       0.57       14         11.38      3          20         13         11         0.3862     3.1782     0          2          5          8          12         15         26        
265        6100       6100       23.58      15.72      0.6665     7.98       0.24       0.22       0.56       10         11.30      3          20         12         9          0.3817     3.1673     0          2          5          8          12         15         25        
266        6100       6100       23.58      15.38      0.6523     7.89       0.23       0.22       0.56       13         11.25      3          20         12         9          0.3784     3.1557     0          2          5          8          12         15         25        
267        6100       6100       23.59      15.58      0.6602     7.76       0.22       0.21       0.56       15         11.19      3          20         12         9          0.3744     3.1523     0          2          5          8          12         16         25        
268        6100       6100       23.61      15.54      0.6580     7.82       0.21       0.21       0.56       14         11.13      3          20         12         9          0.3713     3.1468     0          2          5          8          12         16         25        
269        6100       6100       23.60      15.08      0.6389     7.82       0.22       0.22       0.56       11         11.06      3          20         12         8          0.3675     3.1343     0          2          5          8          12         16         25        
270        6100       6100       23.59      14.89      0.6311     7.67       0.22       0.20       0.55       11         11.00      3          20         12         9          0.3635     3.1275     0          2          5          8          12         16         26        
271        6100       6100       23.61      14.76      0.6250     7.57       0.20       0.20       0.55       12         10.94      2          20         11         9          0.3601     3.1200     0          2          5          8          12         16         26        
272        6100       6100       23.60      15.06      0.6380     7.60       0.21       0.21       0.54       12         10.87      2          20         11         9          0.3561     3.1058     0          2          5          9          13         16         26        
273        6100       6100       23.61      14.62      0.6194     7.54       0.21       0.20       0.54       12         10.81      2          20         11         9          0.3525     3.0996     0          2          5          9          13         16         26        
274        6100       6100       23.58      14.90      0.6319     7.48       0.22       0.20       0.54       10         10.75      2          20         10         9          0.3487     3.0942     0          2          5          9          13         16         26        
275        6100       6100       23.62      14.76      0.6252     7.40       0.21       0.20       0.53       11         10.69      2          20         10         9          0.3456     3.0886     0          2          5          9          13         16         26        
276        6100       6100       23.60      14.70      0.6228     7.30       0.20       0.19       0.53       10         10.64      2          20         10         8          0.3432     3.0864     0          2          5          9          13         16         26        
277        6100       6100       23.61      14.80      0.6268     7.26       0.19       0.19       0.53       9          10.58      2          20         9          9          0.3395     3.2026     0          2          6          9          13         16         27        
278        6100       6100       23.62      14.76      0.6248     7.19       0.19       0.18       0.53       11         10.52      2          20         9          8          0.3363     3.1916     0          2          6          9          13         16         27        
279        6100       6100       23.62      14.31      0.6058     7.16       0.20       0.18       0.52       9          10.45      2          20         9          8          0.3324     3.1837     0          2          6          9          13         17         26        
280        6100       6100       23.65      14.54      0.6149     7.07       0.20       0.18       0.52       8          10.39      2          20         9          8          0.3287     3.1817     0          2          6          9          13         17         26        
281        6100       6100       23.64      14.08      0.5954     7.14       0.19       0.19       0.52       12         10.34      2          20         9          9          0.3257     3.1709     0          2          6          9          13         17         26        
282        6100       6100       23.64      13.81      0.5842     6.98       0.19       0.18       0.51       10         10.26      2          20         9          9          0.3218     3.1611     0          3          6          9          13         17         26        
283        6100       6100       23.65      14.01      0.5921     7.01       0.19       0.18       0.51       9          10.23      2          20         9          8          0.3196     3.1568     0          3          6          9          14         17         26        
284        6100       6100       23.63      14.56      0.6163     6.92       0.18       0.18       0.51       11         10.16      2          20         9          8          0.3161     3.1448     0          3          6          9          14         17         25        
285        6100       6100       23.64      14.31      0.6050     6.87       0.19       0.17       0.50       10         10.11      2          20         9          8          0.3131     3.1355     0          3          6          9          14         17         25        
286        6100       6100       23.65      13.88      0.5869     6.85       0.20       0.18       0.50       10         10.05      2          20         9          8          0.3095     3.1281     0          3          6          9          14         17         25        
287        6100       6100       23.65      13.86      0.5859     6.75       0.18       0.17       0.50       8          9.98       2          20         9          8          0.3053     3.1198     0          3          6          9          14         17         25        
288        6100       6100       23.66      13.31      0.5626     6.76       0.19       0.16       0.50       8          9.93       2          20         9          8          0.3030     3.1103     0          3          6          10         14         17         25        
289        6100       6100       23.63      13.90      0.5881     6.52       0.17       0.15       0.49       9          9.88       2          20         9          8          0.2998     3.1073     0          3          6          10         14         17         25        
290        6100       6100       23.68      13.81      0.5832     6.48       0.16       0.15       0.48       8          9.83       2          20         9          8          0.2975     3.1016     0          3          6          10         14         17         25        
291        6100       6100       23.65      13.52      0.5718     6.49       0.17       0.15       0.49       9          9.76       2          20         9          8          0.2938     3.0944     0          3          6          10         14         17         26        
292        6100       6100       23.67      13.21      0.5580     6.46       0.18       0.16       0.48       10         9.69       2          20         9          8          0.2900     3.0865     0          3          6          10         14         17         26        
293        6100       6100       23.66      13.52      0.5713     6.49       0.18       0.15       0.49       9          9.63       2          20         9          8          0.2870     3.0763     0          3          6          10         14         17         26        
294        6100       6100       23.66      13.48      0.5696     6.37       0.17       0.14       0.48       9          9.59       2          20         9          8          0.2850     3.0693     0          3          6          10         14         17         26        
295        6100       6100       23.66      13.43      0.5676     6.42       0.17       0.16       0.48       9          9.54       2          20         9          8          0.2825     3.0629     0          4          6          10         14         17         26        
296        6100       6100       23.67      13.51      0.5708     6.42       0.17       0.16       0.47       9          9.50       2          20         9          8          0.2803     3.0586     0          4          6          10         14         17         26        
297        6100       6100       23.65      13.49      0.5705     6.42       0.16       0.16       0.48       8          9.44       2          20         9          8          0.2775     3.0538     0          4          6          10         14         17         26        
298        6100       6100       23.68      13.31      0.5622     6.44       0.17       0.17       0.47       8          9.40       2          20         9          8          0.2755     3.0479     0          4          6          10         14         17         26        
299        6100       6100       23.67      13.52      0.5713     6.39       0.17       0.16       0.47       8          9.35       2          20         8          8          0.2731     3.0410     0          4          7          10         14         18         26        
300        6100       6100       23.66      13.76      0.5817     6.33       0.18       0.15       0.47       8          9.30       2          20         8          8          0.2704     3.0326     0          4          7          10         14         18         26        
301        6100       6100       23.67      13.44      0.5678     6.27       0.16       0.16       0.46       8          9.25       2          20         8          8          0.2680     3.0248     0          4          7          10         14         17         26        
302        6100       6100       23.67      13.33      0.5630     6.27       0.17       0.17       0.46       8          9.19       2          20         8          8          0.2648     3.0206     0          4          7          11         15         18         26        
303        6100       6100       23.67      13.30      0.5618     6.12       0.18       0.15       0.45       9          9.15       2          20         8          8          0.2624     3.0144     0          4          7          11         15         18         26        
304        6100       6100       23.64      13.62      0.5759     6.14       0.16       0.15       0.45       8          9.10       2          20         8          8          0.2598     3.0090     0          4          7          11         15         18         26        
305        6100       6100       23.67      13.33      0.5632     6.18       0.16       0.16       0.45       8          9.05       2          20         8          8          0.2575     3.0066     0          4          7          11         15         18         27        
306        6100       6100       23.65      12.77      0.5401     6.15       0.15       0.16       0.46       9          9.02       2          20         8          8          0.2559     3.0009     0          4          7          11         15         18         28        
307        6100       6100       23.71      13.11      0.5528     6.09       0.16       0.15       0.45       8          8.97       2          20         8          8          0.2536     2.9956     0          4          7          11         15         18         28        
308        6100       6100       23.65      13.14      0.5556     6.03       0.17       0.16       0.44       8          8.92       2          20         8          8          0.2509     2.9872     0          4          7          11         15         18         28        
309        6100       6100       23.70      13.06      0.5509     5.92       0.16       0.15       0.44       8          8.88       2          20         8          8          0.2493     2.9838     0          4          7          11         15         18         28        
310        6100       6100       23.68      12.57      0.5308     5.84       0.15       0.15       0.43       8          8.86       2          20         8          8          0.2480     2.9832     0          4          7          11         15         18         28        
311        6100       6100       23.71      12.47      0.5261     5.89       0.15       0.14       0.44       8          8.81       2          20         8          8          0.2459     2.9809     0          4          7          11         15         18         28        
312        6100       6100       23.67      12.45      0.5259     5.79       0.16       0.13       0.44       9          8.76       2          20         8          8          0.2435     2.9741     0          4          7          11         15         18         26        
313        6100       6100       23.68      12.70      0.5362     5.76       0.15       0.13       0.44       8          8.73       2          20         8          8          0.2421     2.9717     0          4          7          11         15         18         26        
314        6100       6100       23.66      12.14      0.5130     5.84       0.16       0.13       0.44       8          8.70       1          20         8          8          0.2404     2.9680     0          4          7          11         15         18         26        
315        6100       6100       23.67      12.73      0.5378     5.78       0.14       0.14       0.44       8          8.67       1          20         8          8          0.2389     2.9633     0          4          7          11         15         18         27        
316        6100       6100       23.67      12.93      0.5464     5.79       0.16       0.13       0.43       8          8.63       1          20         8          8          0.2372     2.9593     0          4          7          11         15         18         27        
317        6100       6100       23.65      12.82      0.5420     5.88       0.16       0.14       0.44       8          8.60       0          20         8          8          0.2357     2.9559     0          4          8          11         15         18         27        
318        6100       6100       23.67      12.97      0.5480     5.78       0.15       0.14       0.43       8          8.57       0          20         8          8          0.2344     2.9521     0          5          8          11         15         18         27        
319        6100       6100       23.64      12.71      0.5377     5.81       0.16       0.15       0.43       8          8.53       0          20         8          8          0.2322     2.9437     0          5          8          12         15         18         27        
320        6100       6100       23.66      12.90      0.5454     5.74       0.16       0.14       0.42       8          8.50       0          20         8          8          0.2307     2.9390     0          5          8          11         15         18         27        
321        6100       6100       23.64      12.09      0.5112     5.74       0.15       0.14       0.43       8          8.46       0          20         8          8          0.2289     2.9350     0          5          8          11         15         18         27        
322        6100       6100       23.63      12.65      0.5354     5.70       0.14       0.14       0.43       8          8.42       0          20         8          8          0.2271     2.9280     0          5          8          12         15         18         27        
323        6100       6100       23.68      12.65      0.5343     5.62       0.14       0.14       0.42       8          8.38       0          20         8          8          0.2252     2.9242     0          5          8          12         15         18         27        
324        6100       6100       23.67      12.21      0.5160     5.58       0.16       0.14       0.41       8          8.35       0          20         8          8          0.2240     2.9231     0          5          8          12         15         18         28        
325        6100       6100       23.69      12.36      0.5218     5.67       0.16       0.14       0.41       8          8.32       0          20         8          8          0.2226     2.9196     0          5          8          12         15         18         29        
326        6100       6100       23.65      12.12      0.5123     5.69       0.16       0.14       0.42       8          8.28       0          20         8          8          0.2204     2.9150     0          5          8          12         15         18         29        
327        6100       6100       23.65      12.46      0.5269     5.58       0.15       0.14       0.41       8          8.24       0          20         8          8          0.2188     2.9123     0          5          8          12         15         18         29        
328        6100       6100       23.67      12.50      0.5283     5.69       0.15       0.14       0.42       8          8.21       0          20         8          8          0.2171     2.9103     0          5          8          12         15         18         29        
329        6100       6100       23.66      12.35      0.5219     5.56       0.14       0.14       0.41       8          8.19       0          20         8          8          0.2162     2.9083     0          5          8          12         15         18         29        
330        6100       6100       23.67      12.31      0.5199     5.45       0.14       0.13       0.40       8          8.14       0          20         8          8          0.2139     2.9059     0          5          8          12         15         19         29        
331        6100       6100       23.66      12.54      0.5300     5.48       0.15       0.14       0.40       8          8.10       0          20         8          8          0.2122     2.9052     0          5          8          12         15         18         29        
332        6100       6100       23.66      12.62      0.5331     5.46       0.14       0.14       0.41       8          8.08       0          20         8          8          0.2113     2.9048     0          5          8          12         15         19         29        
333        6100       6100       23.65      12.30      0.5201     5.55       0.16       0.15       0.40       8          8.04       0          20         8          8          0.2095     2.9028     0          5          8          12         15         19         29        
334        6100       6100       23.67      12.40      0.5237     5.54       0.16       0.14       0.41       8          8.02       0          20         8          8          0.2086     2.9013     0          5          8          12         15         19         29        
335        6100       6100       23.65      12.29      0.5199     5.51       0.15       0.13       0.41       8          7.99       0          20         8          8          0.2074     2.8967     0          5          8          12         15         19         29        
336        6100       6100       23.64      12.12      0.5125     5.34       0.13       0.14       0.39       8          7.97       0          20         8          8          0.2063     2.8949     0          5          8          12         15         19         29        
337        6100       6100       23.70      11.86      0.5003     5.36       0.14       0.13       0.40       8          7.95       0          20         8          8          0.2052     2.8928     0          5          8          12         15         19         29        
338        6100       6100       23.66      11.78      0.4981     5.32       0.13       0.14       0.40       8          7.92       0          20         8          8          0.2044     2.8869     0          6          8          12         15         19         29        
339        6100       6100       23.66      11.82      0.4998     5.37       0.14       0.12       0.40       8          7.89       0          20         8          8          0.2032     2.8842     0          5          8          12         15         19         29        
340        6100       6100       23.67      12.14      0.5131     5.27       0.13       0.12       0.39       8          7.86       0          20         8          8          0.2019     2.8781     0          5          8          12         15         19         29        
341        6100       6100       23.66      12.24      0.5172     5.34       0.13       0.13       0.40       8          7.85       0          20         8          8          0.2012     2.8761     0          6          8          12         15         19         28        
342        6100       6100       23.65      12.11      0.5121     5.34       0.14       0.13       0.39       8          7.81       0          20         8          8          0.1997     2.8743     0          5          8          12         15         19         28        
343        6100       6100       23.67      11.93      0.5042     5.23       0.13       0.12       0.39       8          7.79       0          20         8          8          0.1987     2.8738     0          6          8          12         15         19         29        
344        6100       6100       23.72      11.79      0.4969     5.15       0.14       0.11       0.39       8          7.77       0          20         8          8          0.1978     2.8714     0          6          9          12         15         19         29        
345        6100       6100       23.68      12.25      0.5173     5.04       0.13       0.12       0.38       8          7.74       0          20         8          8          0.1967     2.8677     0          6          9          12         15         19         29        
346        6100       6100       23.68      11.62      0.4908     5.22       0.12       0.12       0.39       8          7.72       0          20         8          8          0.1957     2.8658     0          6          9          12         15         19         29        
347        6100       6100       23.66      11.70      0.4946     5.11       0.14       0.12       0.38       8          7.70       0          20         8          8          0.1948     2.8668     0          6          9          12         15         19         29        
348        6100       6100       23.69      11.36      0.4796     5.03       0.12       0.11       0.38       8          7.68       0          20         8          8          0.1936     2.8662     0          6          9          12         15         19         29        
349        6100       6100       23.67      11.70      0.4943     5.18       0.13       0.12       0.39       8          7.65       0          20         8          8          0.1922     2.8657     0          6          9          12         15         19         29        
350        6100       6100       23.67      11.48      0.4848     5.11       0.13       0.12       0.39       8          7.62       0          20         8          8          0.1912     2.8649     0          6          9          12         15         19         29        
351        6100       6100       23.65      11.86      0.5014     5.09       0.12       0.12       0.38       8          7.60       0          20         8          8          0.1901     2.8634     0          6          9          12         15         19         30        
352        6100       6100       23.69      11.79      0.4979     5.03       0.11       0.12       0.38       8          7.59       0          20         8          8          0.1894     2.8627     0          6          9          12         15         19         30        
353        6100       6100       23.66      12.07      0.5103     5.09       0.13       0.13       0.38       8          7.57       0          20         8          8          0.1887     2.8603     0          6          9          12         15         19         30        
354        6100       6100       23.72      11.13      0.4693     5.14       0.13       0.13       0.38       8          7.55       0          20         8          8          0.1875     2.8588     0          6          9          12         16         19         30        
355        6100       6100       23.69      11.82      0.4989     5.17       0.14       0.12       0.39       8          7.52       0          20         8          8          0.1865     2.8577     0          6          9          12         16         19         31        
356        6100       6100       23.70      11.77      0.4967     5.09       0.14       0.12       0.38       8          7.50       0          20         8          8          0.1857     2.8557     0          6          9          12         16         19         31        
357        6100       6100       23.67      11.45      0.4836     5.15       0.13       0.13       0.38       8          7.48       0          20         8          8          0.1849     2.8529     0          6          9          12         16         19         31        
358        6100       6100       23.69      11.48      0.4847     5.06       0.13       0.12       0.38       8          7.46       0          20         8          8          0.1840     2.8499     0          7          9          12         16         19         31        
359        6100       6100       23.69      11.39      0.4805     5.00       0.13       0.12       0.37       8          7.43       0          20         8          8          0.1830     2.8486     0          7          9          12         16         19         31        
360        6100       6100       23.67      11.27      0.4760     4.96       0.13       0.13       0.36       8          7.41       0          20         8          8          0.1819     2.8471     0          7          9          13         16         19         31        
361        6100       6100       23.69      11.57      0.4886     4.96       0.13       0.12       0.37       8          7.39       0          20         8          8          0.1812     2.8457     0          7          9          12         16         19         31        
362        6100       6100       23.66      11.63      0.4917     5.00       0.13       0.12       0.38       8          7.38       0          20         8          8          0.1808     2.8472     0          7          9          12         16         19         31        
363        6100       6100       23.66      11.06      0.4675     5.03       0.13       0.12       0.38       8          7.37       0          20         8          8          0.1805     2.8464     0          7          9          13         16         19         30        
364        6100       6100       23.66      11.48      0.4852     4.96       0.12       0.12       0.37       8          7.35       0          20         8          8          0.1797     2.8457     0          7          9          13         16         19         30        
365        6100       6100       23.68      11.51      0.4859     4.90       0.14       0.11       0.36       8          7.34       0          20         8          8          0.1791     2.8438     0          7          9          13         16         19         30        
366        6100       6100       23.68      11.61      0.4904     4.88       0.12       0.12       0.36       8          7.33       0          20         8          8          0.1786     2.8430     0          7          9          13         16         19         30        
367        6100       6100       23.68      11.41      0.4819     4.91       0.13       0.12       0.36       8          7.31       0          20         8          8          0.1778     2.8403     0          7          9          13         16         19         30        
368        6100       6100       23.68      11.34      0.4791     4.87       0.12       0.13       0.36       8          7.29       0          20         8          8          0.1771     2.8398     0          7          9          13         16         19         30        
369        6100       6100       23.69      11.46      0.4835     4.83       0.12       0.13       0.36       8          7.28       0          20         8          8          0.1766     2.8398     0          7          9          13         16         19         30        
370        6100       6100       23.68      11.19      0.4725     4.97       0.13       0.13       0.36       8          7.25       0          20         8          8          0.1756     2.8360     0          7          9          13         16         19         30        
371        6100       6100       23.69      11.06      0.4667     4.97       0.13       0.13       0.36       8          7.23       0          20         8          8          0.1749     2.8354     0          7          9          13         16         19         30        
372        6100       6100       23.67      11.33      0.4785     4.95       0.13       0.13       0.36       8          7.22       0          20         8          8          0.1743     2.8335     0          7          9          13         16         19         30        
373        6100       6100       23.68      11.27      0.4759     4.88       0.13       0.12       0.36       8          7.21       0          20         8          8          0.1740     2.8327     0          7          9          13         16         19         30        
374        6100       6100       23.71      10.87      0.4584     4.87       0.13       0.12       0.36       8          7.20       0          20         8          8          0.1733     2.8286     0          7          9          13         16         19         30        
375        6100       6100       23.70      11.08      0.4677     4.87       0.12       0.12       0.36       8          7.18       0          20         8          8          0.1724     2.8271     0          7          9          13         16         19         29        
376        6100       6100       23.68      11.44      0.4833     4.92       0.14       0.12       0.36       8          7.16       0          20         8          8          0.1715     2.8259     0          7          10         13         16         19         29        
377        6100       6100       23.71      11.11      0.4685     4.81       0.12       0.11       0.36       8          7.15       0          20         8          8          0.1710     2.8242     0          7          10         13         16         19         29        
378        6100       6100       23.69      11.14      0.4704     4.76       0.12       0.11       0.36       8          7.13       0          20         8          8          0.1706     2.8238     0          7          10         13         16         19         29        
379        6100       6100       23.69      11.02      0.4654     4.80       0.12       0.12       0.36       8          7.12       0          20         8          8          0.1699     2.8234     0          7          10         13         16         19         29        
380        6100       6100       23.71      11.18      0.4715     4.88       0.14       0.12       0.36       8          7.10       0          20         8          8          0.1695     2.8233     0          7          10         13         16         19         29        
381        6100       6100       23.69      11.02      0.4653     4.77       0.12       0.12       0.35       8          7.09       0          20         8          8          0.1690     2.8218     0          7          10         13         16         19         29        
382        6100       6100       23.71      10.89      0.4594     4.79       0.12       0.11       0.36       8          7.07       0          20         8          8          0.1684     2.8225     0          7          10         13         16         19         29        
383        6100       6100       23.68      11.54      0.4876     4.74       0.13       0.12       0.35       8          7.07       0          20         8          8          0.1682     2.8218     0          7          10         13         16         19         29        
384        6100       6100       23.71      11.54      0.4868     4.75       0.13       0.12       0.35       8          7.06       0          20         8          8          0.1679     2.8216     0          7          10         13         16         19         29        
385        6100       6100       23.70      11.19      0.4722     4.83       0.14       0.13       0.35       8          7.05       0          20         8          8          0.1673     2.8206     0          7          10         13         16         19         29        
386        6100       6100       23.69      11.59      0.4894     4.77       0.13       0.12       0.35       8          7.04       0          20         8          8          0.1667     2.8193     0          7          10         13         16         19         29        
387        6100       6100       23.70      11.01      0.4644     4.75       0.12       0.12       0.35       8          7.02       0          20         8          8          0.1659     2.8189     0          7          10         13         16         19         29        
388        6100       6100       23.71      11.19      0.4719     4.82       0.14       0.12       0.35       8          7.01       0          20         8          8          0.1655     2.8189     0          7          10         13         16         19         29        
389        6100       6100       23.69      11.29      0.4767     4.64       0.12       0.12       0.34       8          7.00       0          20         8          8          0.1653     2.8179     0          7          10         13         16         19         29        
390        6100       6100       23.71      11.50      0.4850     4.83       0.14       0.13       0.35       8          6.99       0          20         8          8          0.1651     2.8180     0          7          10         13         16         19         29        
391        6100       6100       23.68      10.86      0.4587     4.73       0.13       0.12       0.35       8          6.98       0          20         8          8          0.1645     2.8169     0          7          10         13         16         19         29        
392        6100       6100       23.71      10.78      0.4546     4.71       0.13       0.11       0.35       8          6.97       0          20         8          8          0.1641     2.8149     0          7          10         13         16         19         29        
393        6100       6100       23.70      11.00      0.4642     4.65       0.13       0.12       0.34       8          6.96       0          20         8          8          0.1637     2.8133     0          7          10         13         16         19         29        
394        6100       6100       23.70      11.53      0.4864     4.78       0.13       0.13       0.35       8          6.94       0          20         8          8          0.1630     2.8120     0          7          10         13         16         19         29        
395        6100       6100       23.71      11.12      0.4690     4.72       0.13       0.12       0.34       8          6.93       0          20         8          8          0.1626     2.8114     0          7          10         13         16         19         29        
396        6100       6100       23.71      11.20      0.4724     4.74       0.14       0.12       0.34       8          6.92       0          20         8          8          0.1622     2.8107     0          7          10         13         16         19         29        
397        6100       6100       23.70      11.01      0.4645     4.71       0.12       0.12       0.35       8          6.91       0          20         8          8          0.1615     2.8087     0          7          10         13         16         19         29        
398        6100       6100       23.71      10.70      0.4514     4.71       0.13       0.12       0.35       8          6.89       0          20         8          8          0.1611     2.8076     0          7          10         13         16         19         29        
399        6100       6100       23.70      10.74      0.4531     4.60       0.12       0.11       0.35       8          6.88       0          20         8          8          0.1607     2.8064     0          7          10         13         16         19         29        
400        6100       6100       23.68      11.32      0.4779     4.74       0.11       0.11       0.35       8          6.87       0          20         8          8          0.1604     2.8056     0          7          10         13         16         19         29        
401        6100       6100       23.70      11.21      0.4728     4.65       0.13       0.11       0.35       8          6.87       0          20         8          8          0.1602     2.8030     0          7          10         13         16         19         29        
402        6100       6100       23.69      11.24      0.4746     4.67       0.13       0.12       0.34       8          6.86       0          20         8          8          0.1597     2.8012     0          7          10         13         16         19         29        
403        6100       6100       23.71      10.88      0.4587     4.74       0.12       0.12       0.35       8          6.85       0          20         8          8          0.1595     2.8011     0          7          10         13         16         19         29        
404        6100       6100       23.71      10.79      0.4551     4.70       0.14       0.12       0.34       8          6.84       0          20         8          8          0.1590     2.8011     0          7          10         13         16         19         29        
405        6100       6100       23.71      11.13      0.4693     4.69       0.13       0.13       0.34       8          6.83       0          20         8          8          0.1588     2.8010     0          7          10         13         16         19         29        
406        6100       6100       23.69      11.19      0.4721     4.68       0.13       0.12       0.34       8          6.81       0          20         8          8          0.1583     2.8004     0          7          10         13         16         19         29        
407        6100       6100       23.71      11.16      0.4707     4.68       0.13       0.13       0.34       8          6.81       0          20         8          8          0.1580     2.7998     0          7          10         13         16         19         29        
408        6100       6100       23.69      11.44      0.4831     4.68       0.14       0.12       0.34       8          6.80       0          20         8          8          0.1577     2.8003     0          7          10         13         16         19         29        
409        6100       6100       23.72      10.70      0.4510     4.71       0.13       0.12       0.34       8          6.78       0          20         8          8          0.1572     2.7996     0          8          10         13         16         19         29        
410        6100       6100       23.68      10.78      0.4552     4.65       0.14       0.12       0.34       8          6.77       0          20         8          8          0.1568     2.7999     0          8          10         13         16         19         29        
411        6100       6100       23.72      10.42      0.4393     4.61       0.14       0.12       0.33       8          6.76       0          20         8          8          0.1564     2.7989     0          8          10         13         16         19         29        
ccupancy of 25.85%
occupancy of 25.85%
occupancy of 26.06%
occupancy of 26.06%
occupancy of 26.06%
occupancy of 26.06%
occupancy of 26.06%
occupancy of 26.06%
occupancy of 29.04%
occupancy of 29.04%
occupancy of 29.04%
occupancy of 29.04%
occupancy of 29.04%
occupancy of 29.79%
occupancy of 29.79%
occupancy of 29.79%
occupancy of 29.79%
occupancy of 29.79%
occupancy of 30.78%
occupancy of 30.78%
occupancy of 30.78%
occupancy of 30.78%
occupancy of 31.53%
occupancy of 31.53%
occupancy of 33.30%
occupancy of 33.30%
occupancy of 33.30%
occupancy of 33.30%
occupancy of 36.33%
occupancy of 36.33%
occupancy of 36.33%
occupancy of 36.33%
occupancy of 36.33%
occupancy of 36.33%
occupancy of 36.33%
occupancy of 37.84%
occupancy of 37.84%
occupancy of 38.15%
occupancy of 38.15%
occupancy of 39.67%
occupancy of 41.20%
occupancy of 41.20%
occupancy of 41.20%
occupancy of 41.20%
occupancy of 41.96%
occupancy of 43.07%
occupancy of 43.07%
occupancy of 43.84%
occupancy of 44.60%
occupancy of 46.14%
occupancy of 46.14%
occupancy of 46.51%
occupancy of 46.51%
occupancy of 48.83%
occupancy of 51.16%
occupancy of 52.71%
occupancy of 52.71%
occupancy of 52.71%
occupancy of 53.49%
occupancy of 54.26%
occupancy of 54.26%
occupancy of 55.81%
occupancy of 55.81%
occupancy of 56.59%
occupancy of 56.59%
occupancy of 57.36%
occupancy of 58.14%
occupancy of 58.14%
occupancy of 58.14%
occupancy of 58.14%
occupancy of 58.14%
occupancy of 58.14%
occupancy of 61.24%
occupancy of 62.79%
occupancy of 63.56%
occupancy of 63.56%
occupancy of 63.56%
occupancy of 65.11%
occupancy of 65.11%
occupancy of 66.66%
occupancy of 66.66%
occupancy of 68.21%
occupancy of 68.99%
occupancy of 68.99%
occupancy of 69.76%
occupancy of 69.76%
occupancy of 69.76%
occupancy of 69.76%
occupancy of 69.76%
occupancy of 69.76%
occupancy of 69.76%
occupancy of 70.54%
occupancy of 71.31%
occupancy of 72.09%
occupancy of 72.86%
occupancy of 74.41%
occupancy of 74.41%
occupancy of 75.19%
occupancy of 75.19%
occupancy of 75.19%
occupancy of 78.29%
occupancy of 79.06%
occupancy of 79.06%
occupancy of 79.06%
occupancy of 79.06%
occupancy of 79.06%
occupancy of 79.06%
occupancy of 79.06%
occupancy of 79.06%
occupancy of 79.06%
occupancy of 79.06%
occupancy of 79.84%
occupancy of 79.84%
occupancy of 79.84%
occupancy of 79.84%
occupancy of 80.62%
occupancy of 80.62%
occupancy of 80.62%
occupancy of 80.62%
occupancy of 80.62%
occupancy of 80.62%
occupancy of 81.39%
occupancy of 81.39%
occupancy of 82.17%
occupancy of 82.17%
occupancy of 82.17%
occupancy of 82.17%
occupancy of 82.17%
occupancy of 82.17%
occupancy of 82.17%
occupancy of 82.17%
occupancy of 82.17%
occupancy of 82.94%
occupancy of 82.94%
occupancy of 82.94%
occupancy of 82.94%
occupancy of 84.49%
occupancy of 84.49%
occupancy of 84.49%
occupancy of 84.49%
occupancy of 84.49%
occupancy of 85.27%
occupancy of 86.04%
occupancy of 86.04%
occupancy of 86.04%
occupancy of 86.04%
occupancy of 86.04%
occupancy of 86.82%
occupancy of 87.59%
occupancy of 88.37%
occupancy of 88.37%
occupancy of 88.37%
occupancy of 89.14%
occupancy of 89.14%
occupancy of 89.14%
occupancy of 89.92%
occupancy of 89.92%
occupancy of 89.92%
occupancy of 89.92%
occupancy of 90.69%
occupancy of 91.47%
occupancy of 91.47%
occupancy of 91.47%
occupancy of 92.24%
occupancy of 92.24%
occupancy of 92.24%
occupancy of 92.24%
occupancy of 92.24%
occupancy of 92.24%
occupancy of 93.02%
occupancy of 93.02%
occupancy of 93.02%
occupancy of 93.02%
occupancy of 93.79%
occupancy of 93.79%
occupancy of 93.79%
occupancy of 93.79%
occupancy of 93.79%
occupancy of 93.79%
occupancy of 93.79%
occupancy of 94.57%
occupancy of 94.57%
occupancy of 94.57%
occupancy of 94.57%
occupancy of 94.57%
occupancy of 94.57%
occupancy of 94.57%
occupancy of 94.57%
occupancy of 94.57%
occupancy of 94.57%
occupancy of 94.57%
occupancy of 94.57%
occupancy of 94.57%
occupancy of 95.34%
occupancy of 95.34%
occupancy of 95.34%
occupancy of 95.34%
occupancy of 95.34%
occupancy of 95.34%
occupancy of 95.34%
occupancy of 95.34%
occupancy of 95.34%
occupancy of 95.34%
occupancy of 95.34%
occupancy of 95.3412        6100       6100       23.68      10.81      0.4567     4.65       0.12       0.13       0.33       8          6.76       0          20         8          8          0.1562     2.7983     0          8          10         13         16         19         29        
413        6100       6100       23.68      11.18      0.4720     4.70       0.13       0.12       0.34       8          6.75       0          20         8          8          0.1559     2.7980     0          8          10         13         16         19         29        
414        6100       6100       23.72      10.91      0.4599     4.70       0.13       0.12       0.34       8          6.73       0          20         8          8          0.1555     2.7973     0          8          10         13         16         19         29        
415        6100       6100       23.72      11.27      0.4752     4.63       0.12       0.12       0.34       8          6.73       0          20         8          8          0.1553     2.7965     0          8          10         13         16         19         29        
416        6100       6100       23.70      11.68      0.4927     4.65       0.13       0.13       0.34       8          6.71       0          20         8          8          0.1547     2.7957     0          8          10         13         16         19         29        
417        6100       6100       23.70      10.92      0.4607     4.66       0.12       0.13       0.34       8          6.71       0          20         8          8          0.1545     2.7951     0          8          10         13         16         19         29        
418        6100       6100       23.71      11.05      0.4663     4.76       0.13       0.13       0.34       8          6.70       0          20         8          8          0.1543     2.7936     0          8          10         13         16         19         29        
419        6100       6100       23.68      10.99      0.4642     4.71       0.12       0.13       0.34       8          6.69       0          20         8          8          0.1541     2.7934     0          8          10         13         16         19         29        
420        6100       6100       23.71      11.49      0.4845     4.70       0.14       0.13       0.34       8          6.69       0          20         8          8          0.1538     2.7932     0          8          10         13         16         19         29        
421        6100       6100       23.71      11.30      0.4766     4.77       0.14       0.13       0.33       8          6.68       0          20         8          8          0.1535     2.7930     0          8          10         13         16         19         29        
422        6100       6100       23.71      10.88      0.4589     4.74       0.14       0.13       0.34       8          6.68       0          20         8          8          0.1534     2.7935     0          8          10         13         16         19         29        
423        6100       6100       23.69      11.21      0.4731     4.75       0.14       0.13       0.34       8          6.67       0          20         8          8          0.1531     2.7936     0          8          10         13         16         19         29        
424        6100       6100       23.71      10.99      0.4637     4.69       0.15       0.13       0.33       8          6.66       0          20         8          8          0.1528     2.7936     0          8          10         13         16         19         29        
425        6100       6100       23.71      10.88      0.4590     4.71       0.14       0.13       0.34       8          6.65       0          20         8          8          0.1524     2.7915     0          8          10         13         16         19         29        
426        6100       6100       23.71      10.81      0.4561     4.69       0.14       0.13       0.33       8          6.64       0          20         8          8          0.1522     2.7896     0          8          10         13         16         19         29        
427        6100       6100       23.73      11.17      0.4708     4.74       0.14       0.14       0.33       8          6.63       0          20         8          8          0.1518     2.7886     0          8          10         13         16         19         29        
428        6100       6100       23.72      11.53      0.4860     4.63       0.13       0.13       0.33       8          6.62       0          20         8          8          0.1515     2.7880     0          8          10         13         16         19         29        
429        6100       6100       23.73      11.51      0.4852     4.62       0.12       0.14       0.33       8          6.62       0          20         8          8          0.1511     2.7876     0          8          10         13         16         19         29        
430        6100       6100       23.72      10.52      0.4436     4.77       0.14       0.14       0.33       8          6.61       0          20         8          8          0.1509     2.7873     0          8          10         13         16         19         29        
431        6100       6100       23.73      10.97      0.4621     4.70       0.15       0.13       0.33       8          6.60       0          20         8          8          0.1507     2.7867     0          8          10         13         16         19         29        
432        6100       6100       23.72      11.60      0.4891     4.62       0.13       0.13       0.33       8          6.60       0          20         8          8          0.1505     2.7862     0          8          10         13         16         19         29        
433        6100       6100       23.74      11.66      0.4909     4.68       0.12       0.14       0.33       8          6.59       0          20         8          8          0.1502     2.7850     0          8          10         13         16         19         29        
434        6100       6100       23.74      11.04      0.4651     4.78       0.13       0.14       0.34       8          6.58       0          20         8          8          0.1498     2.7836     0          8          10         13         16         19         29        
435        6100       6100       23.71      11.10      0.4681     4.62       0.13       0.14       0.32       8          6.57       0          20         8          8          0.1495     2.7833     0          8          11         13         16         19         29        
436        6100       6100       23.76      11.08      0.4664     4.72       0.14       0.14       0.33       8          6.57       0          20         8          8          0.1494     2.7831     0          8          11         13         16         19         29        
437        6100       6100       23.73      10.78      0.4541     4.71       0.14       0.14       0.33       8          6.56       0          20         8          8          0.1491     2.7830     0          8          11         13         16         19         29        
438        6100       6100       23.76      11.31      0.4763     4.61       0.14       0.13       0.32       8          6.56       0          20         8          8          0.1491     2.7826     0          8          11         13         16         19         29        
439        6100       6100       23.74      11.43      0.4814     4.59       0.13       0.12       0.33       8          6.56       0          20         8          8          0.1490     2.7824     0          8          11         13         16         19         29        
440        6100       6100       23.74      10.91      0.4594     4.62       0.14       0.13       0.33       8          6.55       0          20         8          8          0.1487     2.7820     0          8          11         13         16         19         29        
441        6100       6100       23.75      11.05      0.4652     4.70       0.15       0.14       0.33       8          6.55       0          20         8          8          0.1487     2.7822     0          8          11         13         16         19         29        
442        6100       6100       23.76      10.92      0.4597     4.67       0.15       0.13       0.33       8          6.54       0          20         8          8          0.1483     2.7815     0          8          11         13         16         19         29        
443        6100       6100       23.73      11.30      0.4761     4.61       0.14       0.13       0.33       8          6.53       0          20         8          8          0.1477     2.7806     0          8          11         13         16         19         29        
444        6100       6100       23.74      11.00      0.4636     4.70       0.15       0.13       0.33       8          6.52       0          20         8          8          0.1475     2.7808     0          8          11         13         16         19         29        
445        6100       6100       23.75      11.07      0.4662     4.66       0.14       0.14       0.33       8          6.52       0          20         8          8          0.1474     2.7806     0          8          11         13         16         19         29        
446        6100       6100       23.75      10.94      0.4604     4.73       0.15       0.13       0.33       8          6.51       0          20         8          8          0.1469     2.7795     0          8          11         13         16         19         29        
447        6100       6100       23.71      11.06      0.4664     4.57       0.14       0.13       0.32       8          6.50       0          20         8          8          0.1466     2.7789     0          8          11         13         16         19         29        
448        6100       6100       23.75      10.99      0.4630     4.59       0.15       0.13       0.32       8          6.49       0          20         8          8          0.1465     2.7769     0          8          11         13         16         19         29        
449        6100       6100       23.71      10.93      0.4608     4.60       0.13       0.13       0.33       8          6.49       0          20         8          8          0.1463     2.7767     0          8          11         13         16         19         29        
450        6100       6100       23.74      10.49      0.4419     4.61       0.13       0.13       0.33       8          6.49       0          20         8          8          0.1463     2.7768     0          8          11         13         16         19         29        
451        6100       6100       23.69      10.81      0.4564     4.61       0.14       0.13       0.33       8          6.49       0          20         8          8          0.1462     2.7768     0          8          11         13         16         19         29        
452        6100       6100       23.73      10.64      0.4483     4.52       0.14       0.12       0.32       8          6.48       0          20         8          8          0.1459     2.7761     0          8          11         13         16         19         29        
453        6100       6100       23.74      10.80      0.4548     4.54       0.15       0.12       0.32       8          6.48       0          20         8          8          0.1458     2.7764     0          8          11         13         16         19         29        
454        6100       6100       23.74      10.98      0.4625     4.58       0.13       0.13       0.33       8          6.47       0          20         8          8          0.1456     2.7761     0          8          11         13         16         19         29        
455        6100       6100       23.73      11.00      0.4633     4.61       0.14       0.13       0.33       8          6.47       0          20         8          8          0.1455     2.7760     0          8          11         13         16         19         29        
456        6100       6100       23.73      11.10      0.4680     4.58       0.14       0.13       0.32       8          6.46       0          20         8          8          0.1454     2.7757     0          8          11         13         16         19         28        
457        6100       6100       23.74      10.76      0.4530     4.51       0.13       0.13       0.32       8          6.46       0          20         8          8          0.1452     2.7751     0          8          11         13         16         19         28        
458        6100       6100       23.74      10.76      0.4532     4.55       0.14       0.14       0.32       8          6.46       0          20         8          8          0.1451     2.7750     0          8          11         13         16         19         28        
459        6100       6100       23.73      10.55      0.4447     4.48       0.14       0.12       0.32       8          6.46       0          20         8          8          0.1451     2.7753     0          8          11         13         16         19         28        
460        6100       6100       23.73      10.16      0.4282     4.53       0.13       0.13       0.32       8          6.45       0          20         8          8          0.1447     2.7751     0          8          11         13         16         19         28        
461        6100       6100       23.70      10.57      0.4458     4.55       0.14       0.13       0.32       8          6.45       0          20         8          8          0.1447     2.7751     0          8          11         13         16         19         28        
462        6100       6100       23.71      11.38      0.4798     4.76       0.14       0.14       0.33       8          6.44       0          20         8          8          0.1445     2.7748     0          8          11         13         16         19         28        
463        6100       6100       23.72      10.97      0.4624     4.69       0.13       0.14       0.33       8          6.44       0          20         8          8          0.1445     2.7748     0          8          11         13         16         19         28        
464        6100       6100       23.72      11.35      0.4782     4.58       0.15       0.13       0.32       8          6.44       0          20         8          8          0.1444     2.7748     0          8          11         13         16         19         28        
465        6100       6100       23.72      11.18      0.4713     4.62       0.15       0.13       0.32       8          6.44       0          20         8          8          0.1442     2.7749     0          8          11         13         16         19         28        
466        6100       6100       23.71      10.73      0.4524     4.57       0.15       0.13       0.32       8          6.43       0          20         8          8          0.1441     2.7747     0          8          11         13         16         19         28        
467        6100       6100       23.73      10.79      0.4547     4.59       0.14       0.13       0.33       8          6.43       0          20         8          8          0.1441     2.7745     0          8          11         13         16         19         28        
468        6100       6100       23.73      11.36      0.4788     4.45       0.13       0.13       0.32       8          6.43       0          20         8          8          0.1441     2.7743     0          8          11         13         16         19         28        
469        6100       6100       23.75      11.04      0.4650     4.51       0.12       0.13       0.32       8          6.43       0          20         8          8          0.1441     2.7742     0          8          11         13         16         19         28        
470        6100       6100       23.75      10.63      0.4476     4.60       0.13       0.14       0.32       8          6.42       0          20         8          8          0.1437     2.7736     0          8          11         13         16         19         28        
471        6100       6100       23.72      10.67      0.4499     4.58       0.13       0.14       0.32       8          6.42       0          20         8          8          0.1436     2.7736     0          8          11         13         16         19         28        
472        6100       6100       23.73      11.06      0.4658     4.52       0.13       0.13       0.32       8          6.41       0          20         8          8          0.1434     2.7735     0          8          11         13         16         19         28        
473        6100       6100       23.75      10.50      0.4420     4.59       0.13       0.14       0.32       8          6.41       0          20         8          8          0.1433     2.7734     0          8          11         13         16         19         28        
474        6100       6100       23.74      10.94      0.4610     4.58       0.15       0.13       0.32       8          6.41       0          20         8          8          0.1432     2.7736     0          8          11         13         16         19         28        
475        6100       6100       23.74      11.40      0.4801     4.67       0.14       0.14       0.32       8          6.41       0          20         8          8          0.1432     2.7736     0          8          11         13         16         19         28        
476        6100       6100       23.72      10.56      0.4452     4.65       0.14       0.14       0.32       8          6.40       0          20         8          8          0.1430     2.7735     0          8          11         13         16         19         28        
477        6100       6100       23.74      10.80      0.4550     4.67       0.14       0.14       0.32       8          6.40       0          20         8          8          0.1429     2.7731     0          8          11         13         16         19         28        
478        6100       6100       23.76      11.47      0.4829     4.63       0.14       0.14       0.32       8          6.39       0          20         8          8          0.1428     2.7732     0          8          11         13         16         19         28        
479        6100       6100       23.75      11.42      0.4808     4.71       0.16       0.15       0.32       8          6.39       0          20         8          8          0.1427     2.7732     0          8          11         13         16         19         28        
480        6100       6100       23.75      11.42      0.4809     4.61       0.15       0.14       0.32       8          6.39       0          20         8          8          0.1426     2.7728     0          8          11         13         16         19         28        
481        6100       6100       23.77      10.95      0.4605     4.59       0.16       0.14       0.31       8          6.39       0          20         8          8          0.1425     2.7727     0          8          11         13         16         19         28        
482        6100       6100       23.76      11.03      0.4643     4.64       0.15       0.14       0.32       8          6.39       0          20         8          8          0.1425     2.7726     0          8          11         13         16         19         28        
483        6100       6100       23.74      10.72      0.4514     4.56       0.13       0.14       0.32       8          6.38       0          20         8          8          0.1425     2.7723     0          8          11         13         16         19         28        
484        6100       6100       23.73      11.16      0.4703     4.61       0.14       0.14       0.32       8          6.38       0          20         8          8          0.1423     2.7721     0          8          11         13         16         19         28        
485        6100       6100       23.77      11.03      0.4641     4.66       0.14       0.14       0.33       8          6.38       0          20         8          8          0.1421     2.7710     0          8          11         13         16         19         28        
486        6100       6100       23.75      11.02      0.4641     4.64       0.14       0.14       0.32       8          6.37       0          20         8          8          0.1419     2.7705     0          8          11         13         16         19         28        
487        6100       6100       23.77      11.05      0.4647     4.66       0.15       0.14       0.32       8          6.37       0          20         8          8          0.1418     2.7706     0          8          11         14         16         19         28        
488        6100       6100       23.75      10.82      0.4557     4.65       0.14       0.15       0.32       8          6.37       0          20         8          8          0.1418     2.7706     0          8          11         14         16         19         28        
489        6100       6100       23.78      10.92      0.4593     4.66       0.15       0.14       0.32       8          6.37       0          20         8          8          0.1417     2.7707     0          8          11         14         16         19         28        
490        6100       6100       23.75      10.92      0.4599     4.65       0.14       0.14       0.33       8          6.36       0          20         8          8          0.1416     2.7706     0          8          11         14         16         19         28        
491        6100       6100       23.75      11.28      0.4749     4.58       0.14       0.13       0.32       8          6.36       0          20         8          8          0.1415     2.7704     0          8          11         14         16         19         28        
492        6100       6100       23.75      10.91      0.4593     4.57       0.14       0.14       0.32       8          6.36       0          20         8          8          0.1414     2.7703     0          8          11         14         16         19         28        
493        6100       6100       23.77      10.76      0.4529     4.63       0.14       0.14       0.32       8          6.35       0          20         8          8          0.1412     2.7699     0          8          11         14         16         19         28        
494        6100       6100       23.73      11.01      0.4642     4.64       0.14       0.14       0.32       8          6.35       0          20         8          8          0.1411     2.7699     0          8          11         14         16         19         28        
495        6100       6100       23.74      10.48      0.4416     4.67       0.15       0.14       0.32       8          6.35       0          20         8          8          0.1410     2.7696     0          8          11         14         16         19         28        
496        6100       6100       23.74      11.10      0.4674     4.58       0.14       0.14       0.32       8          6.34       0          20         8          8          0.1410     2.7695     0          8          11         14         16         19         28        
497        6100       6100       23.75      11.34      0.4775     4.49       0.14       0.13       0.31       8          6.34       0          20         8          8          0.1410     2.7693     0          8          11         14         16         19         28        
498        6100       6100       23.77      10.55      0.4440     4.63       0.14       0.14       0.32       8          6.34       0          20         8          8          0.1409     2.7691     0          8          11         14         16         19         28        
499        6100       6100       23.77      11.14      0.4687     4.59       0.15       0.14       0.31       8          6.34       0          20         8          8          0.1408     2.7691     0          9          11         14         16         19         28        
500        6100       6100       23.76      11.20      0.4713     4.62       0.14       0.14       0.32       8          6.34       0          20         8          8          0.1407     2.7688     0          9          11         14         16         19         28        
501        6100       6100       23.75      10.76      0.4530     4.65       0.15       0.15       0.32       8          6.33       0          20         8          8          0.1406     2.7686     0          9          11         14         16         19         28        
502        6100       6100       23.77      11.28      0.4743     4.52       0.14       0.13       0.32       8          6.33       0          20         8          8          0.1405     2.7685     0          9          11         14         16         19         28        
503        6100       6100       23.74      10.72      0.4514     4.55       0.13       0.14       0.32       8          6.33       0          20         8          8          0.1405     2.7685     0          9          11         14         16         19         28        
504        6100       6100       23.77      10.90      0.4585     4.59       0.14       0.14       0.32       8          6.33       0          20         8          8          0.1404     2.7685     0          9          11         14         16         19         28        
505        6100       6100       23.80      10.76      0.4521     4.64       0.15       0.13       0.33       8          6.32       0          20         8          8          0.1402     2.7687     0          9          11         14         16         19         28        
506        6100       6100       23.75      11.07      0.4660     4.59       0.15       0.14       0.31       8          6.32       0          20         8          8          0.1402     2.7684     0          9          11         14         16         19         28        
507        6100       6100       23.76      11.01      0.4633     4.43       0.14       0.13       0.31       8          6.32       0          20         8          8          0.1401     2.7683     0          9          11         14         16         19         28        
508        6100       6100       23.75      11.04      0.4646     4.54       0.15       0.14       0.31       8          6.32       0          20         8          8          0.1400     2.7681     0          9          11         14         16         19         28        
509        6100       6100       23.80      10.67      0.4484     4.66       0.15       0.14       0.32       8          6.31       0          20         8          8          0.1399     2.7672     0          9          11         14         16         19         28        
510        6100       6100       23.76      10.63      0.4474     4.55       0.14       0.14       0.31       8          6.31       0          20         8          8          0.1399     2.7672     0          9          11         13         16         19         28        
511        6100       6100       23.75      10.61      0.4469     4.56       0.14       0.14       0.31       8          6.31       0          20         8          8          0.1398     2.7671     0          9          11         13         16         19         28        
512        6100       6100       23.75      11.09      0.4671     4.68       0.15       0.15       0.32       8          6.31       0          20         8          8          0.1398     2.7673     0          9          11         13         16         19         28        
513        6100       6100       23.74      10.93      0.4602     4.66       0.16       0.14       0.32       8          6.30       0          20         8          8          0.1395     2.7659     0          9          11         14         16         19         28        
514        6100       6100       23.77      11.23      0.4726     4.60       0.16       0.14       0.32       8          6.30       0          20         8          8          0.1395     2.7651     0          9          11         14         16         19         28        
515        6100       6100       23.75      11.20      0.4714     4.61       0.15       0.14       0.32       8          6.30       0          20         8          8          0.1394     2.7642     0          9          11         14         16         19         28        
516        6100       6100       23.72      10.88      0.4588     4.67       0.17       0.14       0.31       8          6.30       0          20         8          8          0.1394     2.7643     0          9          11         14         16         19         28        
517        6100       6100       23.72      11.24      0.4741     4.58       0.15       0.15       0.31       8          6.30       0          20         8          8          0.1394     2.7642     0          9          11         14         16         19         28        
518        6100       6100       23.74      10.83      0.4562     4.59       0.15       0.15       0.31       8          6.30       0          20         8          8          0.1393     2.7641     0          9          11         14         16         19         28        
519        6100       6100       23.74      10.78      0.4541     4.56       0.16       0.14       0.31       8          6.30       0          20         8          8          0.1393     2.7641     0          9          11         14         16         19         28        
520        6100       6100       23.74      11.16      0.4699     4.70       0.15       0.16       0.32       8          6.29       0          20         8          8          0.1391     2.7637     0          9          11         14         16         19         28        
521        6100       6100       23.71      10.69      0.4507     4.62       0.15       0.15       0.31       8          6.29       0          20         8          8          0.1392     2.7637     0          9          11         14         16         19         28        
522        6100       6100       23.73      10.62      0.4475     4.68       0.15       0.15       0.32       8          6.29       0          20         8          8          0.1390     2.7636     0          9          11         14         16         19         28        
523        6100       6100       23.74      11.15      0.4697     4.52       0.15       0.13       0.31       8          6.29       0          20         8          8          0.1390     2.7635     0          9          11         14         16         19         28        
524        6100       6100       23.72      11.30      0.4764     4.46       0.15       0.14       0.31       8          6.29       0          20         8          8          0.1390     2.7635     0          9          11         14         16         19         27        
525        6100       6100       23.73      10.82      0.4558     4.62       0.15       0.14       0.32       8          6.29       0          20         8          8          0.1390     2.7635     0          9          11         14         16         19         27        
526        6100       6100       23.73      10.78      0.4545     4.68       0.15       0.14       0.32       8          6.28       0          20         8          8          0.1389     2.7635     0          9          11         14         16         19         27        
527        6100       6100       23.72      10.98      0.4629     4.61       0.14       0.15       0.32       8          6.28       0          20         8          8          0.1388     2.7635     0          9          11         14         16         19         27        
528        6100       6100       23.73      11.01      0.4640     4.53       0.14       0.15       0.31       8          6.28       0          20         8          8          0.1387     2.7626     0          9          11         14         16         19         27        
529        6100       6100       23.72      10.60      0.4470     4.50       0.14       0.13       0.31       8          6.28       0          20         8          8          0.1386     2.7624     0          9          11         14         16         19         27        
530        6100       6100       23.74      10.82      0.4559     4.50       0.14       0.13       0.31       8          6.27       0          20         8          8          0.1385     2.7624     0          9          11         14         16         19         27        
531        6100       6100       23.70      10.80      0.4555     4.47       0.15       0.13       0.31       8          6.27       0          20         8          8          0.1385     2.7624     0          9          11         14         16         19         27        
532        6100       6100       23.74      11.36      0.4787     4.53       0.15       0.14       0.31       8          6.27       0          20         8          8          0.1385     2.7624     0          9          11         14         16         19         27        
533        6100       6100       23.77      10.51      0.4422     4.53       0.16       0.14       0.31       8          6.27       0          20         8          8          0.1385     2.7625     0          9          11         14         16         19         27        
534        6100       6100       23.75      10.39      0.4377     4.58       0.16       0.14       0.31       8          6.27       0          20         8          8          0.1383     2.7622     0          9          11         14         16         19         27        
535        6100       6100       23.72      10.82      0.4561     4.52       0.16       0.14       0.31       8          6.27       0          20         8          8          0.1383     2.7617     0          9          11         14         16         19         27        
536        6100       6100       23.76      10.84      0.4561     4.53       0.14       0.14       0.31       8          6.27       0          20         8          8          0.1382     2.7615     0          9          11         14         16         19         27        
537        6100       6100       23.74      10.88      0.4580     4.64       0.15       0.14       0.32       8          6.27       0          20         8          8          0.1381     2.7614     0          9          11         14         16         19         27        
538        6100       6100       23.71      10.62      0.4478     4.61       0.15       0.14       0.31       8          6.27       0          20         8          8          0.1381     2.7614     0          9          11         14         16         19         27        
539        6100       6100       23.74      10.69      0.4503     4.59       0.15       0.14       0.31       8          6.27       0          20         8          8          0.1381     2.7613     0          9          11         14         16         19         27        
540        6100       6100       23.74      11.25      0.4737     4.57       0.14       0.14       0.32       8          6.27       0          20         8          8          0.1381     2.7609     0          9          11         14         16         19         27        
541        6100       6100       23.74      10.67      0.4494     4.63       0.14       0.15       0.32       8          6.26       0          20         8          8          0.1380     2.7606     0          9          11         14         16         19         27        
542        6100       6100       23.73      10.66      0.4491     4.51       0.14       0.14       0.31       8          6.26       0          20         8          8          0.1379     2.7606     0          9          11         14         16         19         27        
543        6100       6100       23.77      11.02      0.4637     4.55       0.14       0.13       0.31       8          6.26       0          20         8          8          0.1379     2.7606     0          9          11         14         16         19         27        
544        6100       6100       23.75      10.88      0.4582     4.56       0.15       0.13       0.32       8          6.26       0          20         8          8          0.1378     2.7591     0          9          11         14         16         19         27        
545        6100       6100       23.75      10.62      0.4472     4.49       0.14       0.13       0.31       8          6.26       0          20         8          8          0.1378     2.7591     0          9          11         14         16         19         27        
546        6100       6100       23.75      10.65      0.4484     4.52       0.14       0.13       0.32       8          6.26       0          20         8          8          0.1378     2.7591     0          9          11         14         16         19         27        
547        6100       6100       23.74      10.49      0.4418     4.60       0.16       0.14       0.32       8          6.26       0          20         8          8          0.1377     2.7590     0          9          11         14         16         19         27        
548        6100       6100       23.72      10.80      0.4553     4.53       0.15       0.14       0.31       8          6.25       0          20         8          8          0.1377     2.7589     0          9          11         14         16         19         27        
549        6100       6100       23.74      11.18      0.4707     4.54       0.13       0.14       0.32       8          6.25       0          20         8          8          0.1376     2.7588     0          9          11         14         16         19         27        
550        6100       6100       23.74      10.81      0.4553     4.56       0.14       0.15       0.31       8          6.25       0          20         8          8          0.1376     2.7586     0          9          11         14         16         19         27        
551        6100       6100       23.75      11.15      0.4694     4.55       0.14       0.15       0.31       8          6.25       0          20         8          8          0.1376     2.7586     0          9          11         14         16         19         27        
552        6100       6100       23.77      11.09      0.4666     4.65       0.16       0.14       0.32       8          6.25       0          20         8          8          0.1376     2.7584     0          9          11         14         16         19         27        
553        6100       6100       23.74      11.24      0.4733     4.60       0.16       0.14       0.31       8          6.25       0          20         8          8          0.1375     2.7584     0          9          11         14         16         19         27        
554        6100       6100       23.71      11.08      0.4672     4.68       0.16       0.15       0.31       8          6.25       0          20         8          8          0.1375     2.7578     0          9          11         14         16         19         27        
555        6100       6100       23.69      11.52      0.4862     4.61       0.16       0.15       0.31       8          6.25       0          20         8          8          0.1375     2.7579     0          9          11         14         16         19         27        
556        6100       6100       23.73      11.16      0.4701     4.74       0.16       0.16       0.31       8          6.25       0          20         8          8          0.1374     2.7575     0          9          11         14         16         19         27        
557        6100       6100       23.73      11.26      0.4744     4.72       0.15       0.16       0.31       8          6.25       0          20         8          8          0.1373     2.7574     0          9          11         14         16         19         27        
558        6100       6100       23.73      11.59      0.4883     4.78       0.16       0.16       0.31       8          6.24       0          20         8          8          0.1372     2.7574     0          9          11         14         16         19         27        
559        6100       6100       23.74      10.76      0.4534     4.66       0.16       0.15       0.31       8          6.24       0          20         8          8          0.1372     2.7574     0          9          11         14         16         19         27        
560        6100       6100       23.74      11.05      0.4655     4.71       0.16       0.16       0.31       8          6.24       0          20         8          8          0.1372     2.7577     0          9          11         14         16         19         27        
561        6100       6100       23.72      11.22      0.4728     4.64       0.14       0.15       0.31       8          6.24       0          20         8          8          0.1371     2.7576     0          9          11         14         16         19         27        
562        6100       6100       23.73      10.99      0.4631     4.63       0.15       0.15       0.31       8          6.24       0          20         8          8          0.1371     2.7575     0          9          11         14         16         19         27        
563        6100       6100       23.73      10.65      0.4489     4.58       0.15       0.15       0.31       8          6.24       0          20         8          8          0.1370     2.7565     0          9          11         14         16         19         27        
564        6100       6100       23.72      10.94      0.4614     4.51       0.14       0.14       0.31       8          6.24       0          20         8          8          0.1370     2.7565     0          9          11         14         16         19         27        
565        6100       6100       23.72      10.52      0.4437     4.54       0.15       0.14       0.31       8          6.24       0          20         8          8          0.1370     2.7562     0          9          11         14         16         19         27        
566        6100       6100       23.74      10.57      0.4451     4.67       0.16       0.15       0.31       8          6.24       0          20         8          8          0.1370     2.7563     0          9          11         14         16         19         27        
567        6100       6100       23.70      11.02      0.4651     4.64       0.16       0.14       0.31       8          6.23       0          20         8          8          0.1369     2.7563     0          9          11         14         16         19         27        
568        6100       6100       23.73      10.81      0.4556     4.51       0.15       0.14       0.31       8          6.23       0          20         8          8          0.1369     2.7563     0          9          11         14         16         19         27        
569        6100       6100       23.72      11.25      0.4743     4.61       0.15       0.14       0.32       8          6.23       0          20         8          8          0.1368     2.7562     0          9          11         14         16         19         27        
570        6100       6100       23.74      10.59      0.4463     4.63       0.15       0.14       0.32       8          6.23       0          20         8          8          0.1368     2.7561     0          9          11         14         16         19         27        
571        6100       6100       23.73      10.90      0.4594     4.62       0.15       0.14       0.31       8          6.23       0          20         8          8          0.1367     2.7561     0          9          11         14         16         19         27        
572        6100       6100       23.76      10.91      0.4593     4.55       0.14       0.14       0.31       8          6.23       0          20         8          8          0.1367     2.7561     0          9          11         14         16         19         27        
573        6100       6100       23.71      10.42      0.4396     4.61       0.15       0.14       0.32       8          6.22       0          20         8          8          0.1367     2.7561     0          9          11         14         16         19         27        
574        6100       6100       23.71      10.68      0.4505     4.59       0.14       0.14       0.31       8          6.22       0          20         8          8          0.1367     2.7561     0          9          11         14         16         19         27        
575        6100       6100       23.73      11.47      0.4834     4.61       0.14       0.14       0.32       8          6.22       0          20         8          8          0.1367     2.7560     0          9          11         14         16         19         27        
576        6100       6100       23.71      10.96      0.4623     4.55       0.15       0.14       0.31       8          6.22       0          20         8          8          0.1367     2.7560     0          9          11         14         16         19         27        
577        6100       6100       23.75      11.29      0.4754     4.62       0.16       0.15       0.31       8          6.22       0          20         8          8          0.1367     2.7560     0          9          11         14         16         19         27        
578        6100       6100       23.71      11.02      0.4645     4.59       0.16       0.15       0.31       8          6.22       0          20         8          8          0.1367     2.7560     0          9          11         14         16         19         27        
579        6100       6100       23.75      11.28      0.4750     4.72       0.17       0.15       0.32       8          6.22       0          20         8          8          0.1367     2.7560     0          9          11         14         16         19         27        
580        6100       6100       23.73      11.36      0.4787     4.75       0.17       0.16       0.31       8          6.22       0          20         8          8          0.1367     2.7560     0          9          11         14         16         19         27        
581        6100       6100       23.72      11.23      0.4735     4.71       0.17       0.15       0.31       8          6.22       0          20         8          8          0.1367     2.7561     0          9          11         14         16         19         27        
582        6100       6100       23.74      11.13      0.4687     4.63       0.16       0.16       0.30       8          6.22       0          20         8          8          0.1366     2.7561     0          9          11         14         16         19         27        
583        6100       6100       23.72      11.11      0.4682     4.73       0.15       0.17       0.31       8          6.22       0          20         8          8          0.1365     2.7560     0          9          11         14         16         19         27        
584        6100       6100       23.74      10.87      0.4579     4.73       0.17       0.16       0.31       8          6.22       0          20         8          8          0.1364     2.7558     0          9          11         14         16         19         27        
585        6100       6100       23.73      11.05      0.4655     4.85       0.17       0.16       0.32       8          6.22       0          20         8          8          0.1364     2.7557     0          9          11         14         16         19         27        
586        6100       6100       23.73      11.14      0.4693     4.70       0.16       0.15       0.31       8          6.22       0          20         8          8          0.1364     2.7554     0          9          11         14         16         19         27        
587        6100       6100       23.76      11.12      0.4680     4.73       0.17       0.15       0.31       8          6.22       0          20         8          8          0.1363     2.7554     0          9          11         14         16         19         27        
588        6100       6100       23.76      11.35      0.4776     4.80       0.16       0.17       0.31       8          6.22       0          20         8          8          0.1363     2.7553     0          9          11         14         16         19         27        
589        6100       6100       23.71      11.12      0.4688     4.77       0.16       0.16       0.32       8          6.22       0          20         8          8          0.1362     2.7551     0          9          11         14         16         19         27        
590        6100       6100       23.73      11.08      0.4670     4.76       0.17       0.16       0.31       8          6.22       0          20         8          8          0.1362     2.7551     0          9          11         14         16         19         27        
591        6100       6100       23.74      11.32      0.4766     4.76       0.16       0.17       0.31       8          6.21       0          20         8          8          0.1361     2.7550     0          9          11         14         16         19         27        
592        6100       6100       23.73      11.26      0.4745     4.73       0.16       0.16       0.31       8          6.21       0          20         8          8          0.1360     2.7549     0          9          11         14         16         19         27        
593        6100       6100       23.74      11.43      0.4813     4.71       0.17       0.15       0.32       8          6.21       0          20         8          8          0.1360     2.7549     0          9          11         14         16         19         27        
594        6100       6100       23.73      11.17      0.4704     4.66       0.16       0.15       0.31       8          6.21       0          20         8          8          0.1359     2.7548     0          9          11         14         16         19         27        
595        6100       6100       23.72      11.21      0.4725     4.75       0.16       0.16       0.31       8          6.21       0          20         8          8          0.1359     2.7553     0          9          11         14         16         19         27        
596        6100       6100       23.72      10.88      0.4587     4.60       0.16       0.15       0.31       8          6.21       0          20         8          8          0.1359     2.7553     0          9          11         14         16         19         27        
597        6100       6100       23.76      11.15      0.4694     4.80       0.16       0.16       0.32       8          6.21       0          20         8          8          0.1359     2.7551     0          9          11         14         16         19         27        
598        6100       6100       23.70      10.98      0.4634     4.70       0.16       0.15       0.31       8          6.21       0          20         8          8          0.1359     2.7551     0          9          11         14         16         19         27        
599        6100       6100       23.74      11.47      0.4833     4.76       0.16       0.17       0.31       8          6.21       0          20         8          8          0.1359     2.7551     0          9          11         14         16         19         27        
600        6100       6100       23.73      11.28      0.4753     4.76       0.17       0.16       0.31       8          6.21       0          20         8          8          0.1359     2.7551     0          9          11         14         16         19         27        
601        6100       6100       23.74      11.02      0.4642     4.78       0.16       0.16       0.31       8          6.21       0          20         8          8          0.1359     2.7553     0          9          11         14         16         19         27        
602        6100       6100       23.76      11.45      0.4820     4.59       0.15       0.15       0.31       8          6.21       0          20         8          8          0.1359     2.7554     0          9          11         14         16         19         27        
603        6100       6100       23.75      11.21      0.4719     4.73       0.16       0.16       0.31       8          6.21       0          20         8          8          0.1359     2.7553     0          9          11         14         16         19         27        
604        6100       6100       23.74      10.62      0.4472     4.76       0.16       0.16       0.31       8          6.21       0          20         8          8          0.1359     2.7553     0          9          11         14         16         19         27        
605        6100       6100       23.73      10.96      0.4618     4.69       0.17       0.15       0.31       8          6.21       0          20         8          8          0.1359     2.7553     0          9          11         14         16         19         27        
606        6100       6100       23.74      10.86      0.4572     4.64       0.15       0.16       0.30       8          6.21       0          20         8          8          0.1359     2.7553     0          9          11         14         16         19         27        
607        6100       6100       23.75      11.03      0.4642     4.55       0.15       0.15       0.30       8          6.21       0          20         8          8          0.1359     2.7552     0          9          11         14         16         19         27        
608        6100       6100       23.74      11.38      0.4793     4.66       0.16       0.15       0.31       8          6.21       0          20         8          8          0.1359     2.7552     0          9          11         14         16         19         27        
609        6100       6100       23.76      10.84      0.4562     4.69       0.17       0.14       0.31       8          6.21       0          20         8          8          0.1359     2.7550     0          9          11         14         16         19         27        
610        6100       6100       23.75      11.06      0.4657     4.75       0.16       0.16       0.31       8          6.21       0          20         8          8          0.1359     2.7547     0          9          11         14         16         19         27        
611        6100       6100       23.73      11.18      0.4710     4.55       0.16       0.15       0.30       8          6.21       0          20         8          8          0.1359     2.7547     0          9          11         14         16         19         27        
612        6100       6100       23.74      11.31      0.4763     4.71       0.17       0.15       0.31       8          6.21       0          20         8          8          0.1359     2.7547     0          9          11         14         16         19         27        
613        6100       6100       23.75      11.07      0.4659     4.79       0.16       0.16       0.32       8          6.21       0          20         8          8          0.1359     2.7547     0          9          11         14         16         19         27        
614        6100       6100       23.71      11.01      0.4644     4.78       0.17       0.15       0.32       8          6.21       0          20         8          8          0.1359     2.7547     0          9          11         14         16         19         27        
615        6100       6100       23.71      11.30      0.4764     4.69       0.16       0.16       0.31       8          6.21       0          20         8          8          0.1359     2.7547     0          9          11         14         16         19         27        
616        6100       6100       23.71      11.63      0.4906     4.70       0.16       0.17       0.30       8          6.20       0          20         8          8          0.1358     2.7545     0          9          11         14         16         19         27        
4%
occupancy of 95.34%
occupancy of 95.34%
occupancy of 95.34%
occupancy of 95.34%
occupancy of 95.34%
occupancy of 95.34%
occupancy of 95.34%
occupancy of 95.34%
occupancy of 95.34%
occupancy of 95.34%
occupancy of 95.34%
occupancy of 95.34%
occupancy of 95.34%
occupancy of 95.34%
occupancy of 96.12%
occupancy of 96.12%
occupancy of 96.12%
occupancy of 96.12%
occupancy of 96.12%
occupancy of 96.12%
occupancy of 96.12%
occupancy of 96.12%
occupancy of 96.88%
occupancy of 96.88%
occupancy of 96.88%
occupancy of 96.88%
occupancy of 96.88%
occupancy of 96.88%
occupancy of 96.88%
occupancy of 96.88%
occupancy of 96.88%
occupancy of 96.88%
occupancy of 96.88%
occupancy of 96.88%
occupancy of 96.88%
occupancy of 96.88%
occupancy of 96.88%
occupancy of 96.88%
occupancy of 96.88%
occupancy of 96.88%
occupancy of 96.88%
occupancy of 96.88%
occupancy of 96.88%
occupancy of 96.88%
occupancy of 96.88%
occupancy of 96.88%
occupancy of 96.88%
occupancy of 96.88%
occupancy of 96.88%
occupancy of 96.88%
occupancy of 96.88%
occupancy of 96.88%
occupancy of 96.88%
occupancy of 96.88%
occupancy of 96.88%
occupancy of 96.88%
occupancy of 96.88%
occupancy of 96.88%
occupancy of 96.88%
occupancy of 96.88%
occupancy of 96.88%
occupancy of 96.88%
occupancy of 96.88%
occupancy of 96.88%
occupancy of 96.88%
occupancy of 96.88%
occupancy of 96.88%
occupancy of 96.88%
occupancy of 96.88%
occupancy of 96.88%
occupancy of 96.88%
occupancy of 96.88%
occupancy of 96.88%
occupancy of 96.88%
occupancy of 96.88%
occupancy of 96.88%
occupancy of 96.88%
occupancy of 96.88%
occupancy of 96.88%
occupancy of 96.88%
occupancy of 96.88%
occupancy of 96.88%
occupancy of 96.88%
occupancy of 96.88%
occupancy of 96.88%
occupancy of 96.88%
occupancy of 96.88%
occupancy of 96.88%
occupancy of 96.88%
occupancy of 96.88%
occupancy of 96.88%
occupancy of 96.88%
occupancy of 96.88%
occupancy of 96.88%
occupancy of 96.88%
occupancy of 96.88%
occupancy of 96.88%
occupancy of 96.88%
occupancy of 96.88%
occupancy of 96.88%
occupancy of 96.88%
occupancy of 96.88%
occupancy of 96.88%
occupancy of 96.88%
occupancy of 96.88%
occupancy of 96.88%
occupancy of 96.88%
occupancy of 96.88%
occupancy of 96.88%
occupancy of 96.88%
occupancy of 96.88%
occupancy of 96.88%
occupancy of 96.88%
occupancy of 96.88%
occupancy of 96.88%
occupancy of 96.88%
occupancy of 96.88%
occupancy of 96.88%
occupancy of 96.88%
occupancy of 96.88%
occupancy of 96.88%
occupancy of 96.88%
occupancy of 96.88%
occupancy of 96.88%
occupancy of 96.88%
occupancy of 96.88%
occupancy of 96.88%
occupancy of 96.88%
occupancy of 96.88%
occupancy of 96.88%
occupancy of 96.88%
occupancy of 96.88%
occupancy of 96.88%
occupancy of 96.88%
occupancy of 96.88%
occupancy of 96.88%
occupancy of 96.88%
occupancy of 96.88%
occupancy of 96.88%
occupancy of 96.88%
occupancy of 96.88%
occupancy of 96.88%
occupancy of 97.66%
occupancy of 97.66%
occupancy of 97.66%
occupancy of 97.66%
occupancy of 97.66%
occupancy of 97.66%
occupancy of 97.66%
occupancy of 97.66%
occupancy of 97.66%
occupancy of 97.66%
occupancy of 97.66%
occupancy of 97.66%
occupancy of 97.66%
occupancy of 97.66%
occupancy of 97.66%
occupancy of 97.66%
occupancy of 97.66%
occupancy of 97.66%
occupancy of 97.66%
occupancy of 97.66%
occupancy of 97.66%
occupancy of 97.66%
occupancy of 97.66%
occupancy of 97.66%
occupancy of 97.66%
occupancy of 97.66%
occupancy of 97.66%
occupancy of 97.66%
occupancy of 97.66%
occupancy of 97.66%
occupancy of 97.66%
occupancy of 97.66%
occupancy of 97.66%
occupancy of 97.66%
occupancy of 97.66%
occupancy of 97.66%
occupancy of 97.66%
occupancy of 97.66%
occupancy of 97.66%
occupancy of 97.66%
occupancy of 97.66%
occupancy of 97.66%
occupancy of 97.66%
occupancy of 97.66%
occupancy of 97.66%
occupancy of 97.66%
occupancy of 97.66%
occupancy of 97.66%
occupancy of 97.66%
occupancy of 97.66%
occupancy of 97.66%
occupancy of 97.66%
occupancy of 97.66%
occupancy of 97.66%
occupancy of 97.66%
occupancy of 97.66%
occupancy of 97.66%
occupancy of 97.66%
occupancy of 97.66%
occupancy of 97.66%
occupancy of 97.66%
occupancy of 97.66%
occupancy of 617        6100       6100       23.74      11.11      0.4678     4.64       0.15       0.16       0.30       8          6.20       0          20         8          8          0.1357     2.7543     0          9          11         14         16         19         27        
618        6100       6100       23.76      10.87      0.4576     4.68       0.17       0.16       0.30       8          6.20       0          20         8          8          0.1356     2.7542     0          9          11         14         16         19         27        
619        6100       6100       23.76      11.17      0.4702     4.82       0.17       0.17       0.31       8          6.20       0          20         8          8          0.1356     2.7544     0          9          11         14         16         19         27        
620        6100       6100       23.74      11.24      0.4734     4.68       0.17       0.16       0.30       8          6.20       0          20         8          8          0.1356     2.7544     0          9          11         14         16         19         27        
621        6100       6100       23.75      11.40      0.4801     4.78       0.16       0.17       0.31       8          6.20       0          20         8          8          0.1356     2.7541     0          9          11         14         16         19         27        
622        6100       6100       23.74      11.00      0.4633     4.81       0.16       0.17       0.31       8          6.20       0          20         8          8          0.1356     2.7541     0          9          11         14         16         19         27        
623        6100       6100       23.75      10.82      0.4554     4.69       0.15       0.17       0.31       8          6.20       0          20         8          8          0.1356     2.7541     0          9          11         14         16         19         27        
624        6100       6100       23.72      11.51      0.4851     4.87       0.17       0.16       0.32       8          6.20       0          20         8          8          0.1356     2.7541     0          9          11         14         16         19         27        
625        6100       6100       23.72      10.78      0.4544     4.87       0.18       0.16       0.31       8          6.20       0          20         8          8          0.1356     2.7541     0          9          11         14         16         19         27        
626        6100       6100       23.74      11.65      0.4906     4.77       0.16       0.17       0.31       8          6.20       0          20         8          8          0.1356     2.7541     0          9          11         14         16         19         27        
627        6100       6100       23.74      11.26      0.4743     4.71       0.16       0.16       0.31       8          6.20       0          20         8          8          0.1356     2.7541     0          9          11         14         16         19         27        
628        6100       6100       23.72      11.52      0.4856     4.78       0.16       0.17       0.31       8          6.20       0          20         8          8          0.1356     2.7541     0          9          11         14         16         19         27        
629        6100       6100       23.78      10.99      0.4622     4.68       0.16       0.16       0.30       8          6.20       0          20         8          8          0.1356     2.7541     0          9          11         14         16         19         27        
630        6100       6100       23.71      11.81      0.4979     4.63       0.16       0.15       0.30       8          6.20       0          20         8          8          0.1356     2.7541     0          9          11         14         16         19         27        
631        6100       6100       23.75      10.85      0.4566     4.74       0.16       0.16       0.31       8          6.20       0          20         8          8          0.1355     2.7538     0          9          11         14         16         19         27        
632        6100       6100       23.73      10.86      0.4578     4.74       0.15       0.16       0.31       8          6.20       0          20         8          8          0.1355     2.7537     0          9          11         14         16         19         27        
633        6100       6100       23.73      10.70      0.4510     4.71       0.16       0.16       0.31       8          6.20       0          20         8          8          0.1355     2.7537     0          9          11         14         16         19         27        
634        6100       6100       23.76      11.20      0.4716     4.72       0.15       0.16       0.31       8          6.20       0          20         8          8          0.1355     2.7537     0          9          11         14         16         19         27        
635        6100       6100       23.74      11.20      0.4719     4.70       0.16       0.16       0.31       8          6.19       0          20         8          8          0.1354     2.7537     0          9          11         14         16         19         27        
636        6100       6100       23.72      11.22      0.4731     4.72       0.17       0.15       0.31       8          6.19       0          20         8          8          0.1353     2.7538     0          9          11         14         16         19         27        
637        6100       6100       23.78      11.00      0.4626     4.69       0.16       0.16       0.31       8          6.19       0          20         8          8          0.1353     2.7538     0          9          11         14         16         19         27        
638        6100       6100       23.72      10.71      0.4515     4.61       0.16       0.16       0.30       8          6.19       0          20         8          8          0.1353     2.7537     0          9          11         14         16         19         27        
639        6100       6100       23.76      11.00      0.4630     4.69       0.16       0.16       0.31       8          6.19       0          20         8          8          0.1352     2.7522     0          9          11         14         16         19         27        
640        6100       6100       23.75      11.24      0.4731     4.77       0.18       0.16       0.31       8          6.19       0          20         8          8          0.1352     2.7522     0          9          11         14         16         19         27        
641        6100       6100       23.76      10.74      0.4522     4.72       0.17       0.15       0.31       8          6.19       0          20         8          8          0.1352     2.7522     0          9          11         14         16         19         27        
642        6100       6100       23.72      11.34      0.4780     4.74       0.16       0.16       0.31       8          6.19       0          20         8          8          0.1352     2.7522     0          9          11         14         16         19         27        
643        6100       6100       23.73      11.37      0.4790     4.68       0.17       0.16       0.31       8          6.18       0          20         8          8          0.1351     2.7522     0          9          11         14         16         19         27        
644        6100       6100       23.75      11.10      0.4674     4.72       0.17       0.15       0.31       8          6.18       0          20         8          8          0.1350     2.7522     0          9          11         14         16         19         27        
645        6100       6100       23.73      10.92      0.4603     4.73       0.16       0.16       0.31       8          6.18       0          20         8          8          0.1350     2.7522     0          9          11         14         16         19         27        
646        6100       6100       23.73      11.11      0.4682     4.74       0.16       0.17       0.31       8          6.18       0          20         8          8          0.1350     2.7522     0          9          11         14         16         19         27        
647        6100       6100       23.75      11.37      0.4788     4.80       0.15       0.17       0.31       8          6.18       0          20         8          8          0.1350     2.7522     0          9          11         14         16         19         27        
648        6100       6100       23.74      10.98      0.4625     4.76       0.16       0.16       0.31       8          6.18       0          20         8          8          0.1350     2.7521     0          9          11         14         16         19         27        
649        6100       6100       23.77      11.00      0.4627     4.75       0.16       0.16       0.31       8          6.18       0          20         8          8          0.1350     2.7520     0          9          11         14         16         19         27        
650        6100       6100       23.73      11.06      0.4661     4.76       0.18       0.16       0.31       8          6.18       0          20         8          8          0.1350     2.7520     0          9          11         14         16         19         27        
651        6100       6100       23.77      10.88      0.4575     4.67       0.16       0.16       0.31       8          6.18       0          20         8          8          0.1350     2.7521     0          9          11         14         16         19         27        
652        6100       6100       23.76      11.10      0.4670     4.71       0.15       0.16       0.31       8          6.18       0          20         8          8          0.1350     2.7521     0          9          11         14         16         19         27        
653        6100       6100       23.74      11.54      0.4864     4.88       0.17       0.17       0.31       8          6.18       0          20         8          8          0.1350     2.7522     0          9          11         14         16         19         27        
654        6100       6100       23.75      10.80      0.4546     4.67       0.16       0.15       0.31       8          6.18       0          20         8          8          0.1350     2.7522     0          9          11         14         16         19         27        
655        6100       6100       23.76      11.58      0.4874     4.73       0.16       0.15       0.31       8          6.18       0          20         8          8          0.1350     2.7522     0          9          11         14         16         19         27        
656        6100       6100       23.74      11.16      0.4703     4.78       0.16       0.16       0.31       8          6.18       0          20         8          8          0.1350     2.7522     0          9          11         14         16         19         27        
657        6100       6100       23.76      11.60      0.4882     4.64       0.15       0.15       0.31       8          6.18       0          20         8          8          0.1350     2.7515     0          9          11         14         16         19         27        
658        6100       6100       23.78      11.83      0.4973     4.73       0.16       0.16       0.31       8          6.18       0          20         8          8          0.1350     2.7514     0          9          11         14         16         19         27        
659        6100       6100       23.77      10.70      0.4502     4.57       0.16       0.15       0.30       8          6.18       0          20         8          8          0.1350     2.7514     0          9          11         14         16         19         27        
660        6100       6100       23.77      11.26      0.4739     4.67       0.16       0.16       0.30       8          6.18       0          20         8          8          0.1350     2.7514     0          9          11         14         16         19         27        
661        6100       6100       23.77      11.01      0.4632     4.85       0.16       0.17       0.31       8          6.18       0          20         8          8          0.1349     2.7514     0          9          11         14         16         19         27        
662        6100       6100       23.74      11.15      0.4696     4.70       0.16       0.16       0.30       8          6.18       0          20         8          8          0.1349     2.7514     0          9          11         14         16         19         27        
663        6100       6100       23.77      11.14      0.4686     4.65       0.16       0.16       0.30       8          6.18       0          20         8          8          0.1349     2.7513     0          9          11         14         16         19         27        
664        6100       6100       23.75      10.70      0.4505     4.67       0.15       0.16       0.31       8          6.18       0          20         8          8          0.1349     2.7513     0          9          11         14         16         19         27        
665        6100       6100       23.77      11.01      0.4633     4.75       0.16       0.16       0.32       8          6.18       0          20         8          8          0.1349     2.7513     0          9          11         14         16         19         27        
666        6100       6100       23.76      11.33      0.4770     4.78       0.17       0.17       0.31       8          6.18       0          20         8          8          0.1349     2.7513     0          9          11         14         16         19         27        
667        6100       6100       23.76      11.00      0.4629     4.66       0.17       0.16       0.30       8          6.18       0          20         8          8          0.1349     2.7513     0          9          11         14         16         19         27        
668        6100       6100       23.79      11.60      0.4877     4.72       0.17       0.16       0.30       8          6.18       0          20         8          8          0.1349     2.7513     0          9          11         14         16         19         27        
669        6100       6100       23.78      10.86      0.4569     4.68       0.17       0.15       0.30       8          6.18       0          20         8          8          0.1349     2.7513     0          9          11         14         16         19         27        
670        6100       6100       23.76      10.77      0.4532     4.59       0.15       0.15       0.30       8          6.18       0          20         8          8          0.1349     2.7513     0          9          11         14         16         19         27        
671        6100       6100       23.78      10.98      0.4620     4.75       0.17       0.16       0.31       8          6.18       0          20         8          8          0.1349     2.7513     0          9          11         14         16         19         27        
672        6100       6100       23.77      11.39      0.4794     4.64       0.15       0.15       0.31       8          6.18       0          20         8          8          0.1349     2.7513     0          9          11         14         16         19         27        
673        6100       6100       23.76      11.05      0.4652     4.74       0.17       0.15       0.31       8          6.17       0          20         8          8          0.1348     2.7512     0          9          11         14         16         19         27        
674        6100       6100       23.77      11.76      0.4948     4.78       0.17       0.16       0.31       8          6.17       0          20         8          8          0.1348     2.7511     0          9          11         14         16         19         27        
675        6100       6100       23.77      11.08      0.4663     4.78       0.18       0.16       0.31       8          6.17       0          20         8          8          0.1348     2.7511     0          9          11         14         16         19         27        
676        6100       6100       23.76      10.74      0.4522     4.75       0.17       0.16       0.31       8          6.17       0          20         8          8          0.1347     2.7511     0          9          11         14         16         19         27        
677        6100       6100       23.77      11.40      0.4797     4.78       0.16       0.16       0.31       8          6.17       0          20         8          8          0.1347     2.7511     0          9          11         14         16         19         27        
678        6100       6100       23.79      11.05      0.4645     4.77       0.15       0.17       0.31       8          6.17       0          20         8          8          0.1347     2.7511     0          9          11         14         16         19         27        
679        6100       6100       23.80      11.10      0.4666     4.73       0.16       0.16       0.31       8          6.17       0          20         8          8          0.1347     2.7510     0          9          11         14         16         19         27        
680        6100       6100       23.77      11.53      0.4849     4.79       0.17       0.17       0.31       8          6.17       0          20         8          8          0.1347     2.7510     0          9          11         14         16         19         27        
681        6100       6100       23.77      11.14      0.4686     4.85       0.18       0.17       0.31       8          6.17       0          20         8          8          0.1347     2.7510     0          9          11         14         16         19         27        
682        6100       6100       23.77      11.25      0.4731     4.74       0.18       0.16       0.30       8          6.17       0          20         8          8          0.1346     2.7508     0          9          11         14         16         19         27        
683        6100       6100       23.77      11.23      0.4723     4.80       0.17       0.17       0.31       8          6.17       0          20         8          8          0.1346     2.7505     0          9          11         14         16         19         27        
684        6100       6100       23.75      11.56      0.4869     4.77       0.16       0.16       0.31       8          6.17       0          20         8          8          0.1346     2.7505     0          9          11         14         16         19         27        
685        6100       6100       23.75      11.32      0.4766     4.80       0.17       0.17       0.31       8          6.17       0          20         8          8          0.1346     2.7505     0          9          11         14         16         19         27        
686        6100       6100       23.79      11.01      0.4630     4.83       0.18       0.16       0.31       8          6.17       0          20         8          8          0.1346     2.7505     0          9          11         14         16         19         27        
687        6100       6100       23.75      11.35      0.4777     4.74       0.16       0.16       0.31       8          6.17       0          20         8          8          0.1346     2.7505     0          9          11         14         16         19         27        
688        6100       6100       23.75      10.94      0.4605     4.70       0.16       0.16       0.31       8          6.17       0          20         8          8          0.1346     2.7505     0          9          11         14         16         19         27        
689        6100       6100       23.76      11.10      0.4673     4.68       0.16       0.16       0.31       8          6.17       0          20         8          8          0.1346     2.7505     0          9          11         14         16         19         27        
690        6100       6100       23.75      11.45      0.4821     4.67       0.15       0.15       0.31       8          6.17       0          20         8          8          0.1346     2.7505     0          9          11         14         16         19         27        
691        6100       6100       23.78      10.99      0.4622     4.75       0.16       0.16       0.31       8          6.17       0          20         8          8          0.1346     2.7505     0          9          11         14         16         19         27        
692        6100       6100       23.74      11.63      0.4897     4.74       0.17       0.17       0.31       8          6.17       0          20         8          8          0.1346     2.7504     0          9          11         14         16         19         27        
693        6100       6100       23.75      11.49      0.4837     4.82       0.17       0.17       0.31       8          6.17       0          20         8          8          0.1346     2.7493     0          9          11         14         16         19         27        
694        6100       6100       23.73      10.51      0.4427     4.72       0.15       0.16       0.31       8          6.16       0          20         8          8          0.1345     2.7492     0          9          11         14         16         19         27        
695        6100       6100       23.71      11.74      0.4950     4.80       0.16       0.17       0.31       8          6.16       0          20         8          8          0.1345     2.7494     0          9          11         14         16         19         27        
696        6100       6100       23.72      11.04      0.4653     4.74       0.17       0.17       0.30       8          6.16       0          20         8          8          0.1345     2.7494     0          9          11         14         16         19         27        
697        6100       6100       23.73      11.28      0.4756     4.79       0.17       0.16       0.31       8          6.16       0          20         8          8          0.1345     2.7495     0          9          11         14         16         19         27        
698        6100       6100       23.72      10.99      0.4634     4.84       0.17       0.17       0.31       8          6.16       0          20         8          8          0.1345     2.7495     0          9          11         14         16         19         27        
699        6100       6100       23.75      11.02      0.4640     4.86       0.17       0.17       0.31       8          6.16       0          20         8          8          0.1345     2.7497     0          9          11         14         16         19         27        
700        6100       6100       23.75      11.39      0.4795     4.82       0.17       0.17       0.31       8          6.16       0          20         8          8          0.1345     2.7497     0          9          11         14         16         19         27        
701        6100       6100       23.75      11.15      0.4693     4.75       0.16       0.16       0.31       8          6.16       0          20         8          8          0.1345     2.7496     0          9          11         14         16         19         27        
702        6100       6100       23.74      11.54      0.4860     4.75       0.17       0.17       0.31       8          6.16       0          20         8          8          0.1345     2.7496     0          9          11         14         16         19         27        
703        6100       6100       23.74      11.55      0.4867     4.77       0.16       0.17       0.31       8          6.16       0          20         8          8          0.1345     2.7496     0          9          11         14         16         19         27        
704        6100       6100       23.73      11.07      0.4667     4.83       0.18       0.17       0.31       8          6.16       0          20         8          8          0.1344     2.7495     0          9          11         14         16         19         27        
705        6100       6100       23.73      10.81      0.4554     4.83       0.18       0.17       0.31       8          6.16       0          20         8          8          0.1344     2.7495     0          9          11         14         16         19         27        
706        6100       6100       23.75      11.39      0.4797     4.89       0.18       0.17       0.31       8          6.16       0          20         8          8          0.1344     2.7495     0          9          11         14         16         19         27        
707        6100       6100       23.75      11.39      0.4793     4.76       0.17       0.16       0.31       8          6.16       0          20         8          8          0.1344     2.7495     0          9          11         14         16         19         27        
708        6100       6100       23.74      11.41      0.4807     4.76       0.17       0.16       0.31       8          6.16       0          20         8          8          0.1344     2.7495     0          9          11         14         16         19         27        
709        6100       6100       23.73      11.18      0.4712     4.77       0.16       0.16       0.31       8          6.16       0          20         8          8          0.1344     2.7495     0          9          11         14         16         19         27        
710        6100       6100       23.71      10.92      0.4605     4.69       0.16       0.16       0.31       8          6.16       0          20         8          8          0.1344     2.7495     0          9          11         14         16         19         27        
711        6100       6100       23.75      10.96      0.4616     4.64       0.14       0.16       0.31       8          6.16       0          20         8          8          0.1344     2.7495     0          9          11         14         16         19         27        
712        6100       6100       23.74      11.11      0.4679     4.71       0.16       0.16       0.31       8          6.16       0          20         8          8          0.1344     2.7495     0          9          11         14         16         19         27        
713        6100       6100       23.75      10.71      0.4508     4.79       0.17       0.17       0.31       8          6.16       0          20         8          8          0.1344     2.7496     0          9          11         14         16         19         27        
714        6100       6100       23.74      10.79      0.4546     4.68       0.17       0.17       0.30       8          6.16       0          20         8          8          0.1343     2.7494     0          9          11         14         16         19         27        
715        6100       6100       23.73      11.06      0.4662     4.72       0.17       0.16       0.31       8          6.16       0          20         8          8          0.1343     2.7494     0          9          11         14         16         19         27        
716        6100       6100       23.72      10.56      0.4451     4.71       0.17       0.16       0.31       8          6.16       0          20         8          8          0.1343     2.7494     0          9          11         14         16         19         27        
717        6100       6100       23.75      10.95      0.4610     4.69       0.17       0.16       0.30       8          6.16       0          20         8          8          0.1343     2.7494     0          9          11         14         16         19         27        
718        6100       6100       23.73      10.85      0.4573     4.65       0.16       0.16       0.30       8          6.16       0          20         8          8          0.1343     2.7494     0          9          11         14         16         19         27        
719        6100       6100       23.75      11.18      0.4709     4.75       0.16       0.17       0.31       8          6.16       0          20         8          8          0.1343     2.7494     0          9          11         14         16         19         27        
720        6100       6100       23.73      10.82      0.4560     4.67       0.15       0.16       0.31       8          6.16       0          20         8          8          0.1342     2.7493     0          9          11         14         16         19         27        
721        6100       6100       23.74      11.08      0.4667     4.69       0.16       0.16       0.31       8          6.16       0          20         8          8          0.1342     2.7493     0          9          11         14         16         19         27        
722        6100       6100       23.73      11.15      0.4699     4.67       0.17       0.15       0.31       8          6.16       0          20         8          8          0.1342     2.7493     0          9          11         14         16         19         27        
723        6100       6100       23.73      10.97      0.4625     4.66       0.16       0.16       0.31       8          6.15       0          20         8          8          0.1341     2.7493     0          9          11         14         16         19         27        
724        6100       6100       23.71      11.29      0.4763     4.74       0.17       0.16       0.31       8          6.15       0          20         8          8          0.1341     2.7491     0          9          11         14         16         19         27        
725        6100       6100       23.73      11.23      0.4734     4.67       0.17       0.15       0.30       8          6.15       0          20         8          8          0.1341     2.7491     0          9          11         14         16         19         27        
726        6100       6100       23.72      11.34      0.4781     4.68       0.17       0.15       0.31       8          6.15       0          20         8          8          0.1341     2.7492     0          9          11         14         16         19         27        
727        6100       6100       23.73      11.70      0.4930     4.61       0.16       0.16       0.30       8          6.15       0          20         8          8          0.1341     2.7492     0          9          11         14         16         19         27        
728        6100       6100       23.75      10.76      0.4532     4.76       0.16       0.16       0.32       8          6.15       0          20         8          8          0.1341     2.7491     0          9          11         14         16         19         27        
729        6100       6100       23.73      10.92      0.4599     4.74       0.15       0.16       0.32       8          6.15       0          20         8          8          0.1341     2.7491     0          9          11         14         16         19         27        
730        6100       6100       23.73      11.60      0.4888     4.66       0.15       0.16       0.31       8          6.15       0          20         8          8          0.1341     2.7491     0          9          11         14         16         19         27        
731        6100       6100       23.71      11.25      0.4744     4.72       0.16       0.16       0.31       8          6.15       0          20         8          8          0.1341     2.7491     0          9          11         14         16         19         27        
732        6100       6100       23.73      10.99      0.4633     4.66       0.16       0.15       0.31       8          6.15       0          20         8          8          0.1341     2.7491     0          9          11         14         16         19         27        
733        6100       6100       23.70      11.27      0.4756     4.72       0.17       0.16       0.31       8          6.15       0          20         8          8          0.1341     2.7491     0          9          11         14         16         19         27        
734        6100       6100       23.73      10.72      0.4518     4.70       0.16       0.16       0.30       8          6.15       0          20         8          8          0.1341     2.7491     0          9          11         14         16         19         27        
735        6100       6100       23.70      11.15      0.4703     4.65       0.16       0.16       0.30       8          6.15       0          20         8          8          0.1341     2.7491     0          9          11         14         16         19         27        
736        6100       6100       23.71      11.18      0.4714     4.66       0.17       0.16       0.30       8          6.15       0          20         8          8          0.1341     2.7492     0          9          11         14         16         19         27        
737        6100       6100       23.72      11.69      0.4929     4.65       0.16       0.16       0.30       8          6.15       0          20         8          8          0.1341     2.7492     0          9          11         14         16         19         27        
738        6100       6100       23.70      11.53      0.4864     4.66       0.16       0.16       0.30       8          6.15       0          20         8          8          0.1341     2.7492     0          9          11         14         16         19         27        
739        6100       6100       23.72      11.21      0.4726     4.68       0.16       0.16       0.31       8          6.15       0          20         8          8          0.1341     2.7492     0          9          11         14         16         19         27        
740        6100       6100       23.70      11.06      0.4669     4.84       0.18       0.17       0.31       8          6.15       0          20         8          8          0.1341     2.7492     0          9          11         14         16         19         27        
741        6100       6100       23.72      10.84      0.4570     4.69       0.16       0.16       0.31       8          6.15       0          20         8          8          0.1341     2.7492     0          9          11         14         16         19         27        
742        6100       6100       23.71      11.51      0.4855     4.80       0.17       0.16       0.32       8          6.15       0          20         8          8          0.1340     2.7491     0          9          11         14         16         19         27        
743        6100       6100       23.70      11.04      0.4657     4.82       0.17       0.17       0.31       8          6.15       0          20         8          8          0.1340     2.7491     0          9          11         14         16         19         27        
744        6100       6100       23.71      11.21      0.4726     4.74       0.16       0.16       0.31       8          6.15       0          20         8          8          0.1340     2.7491     0          9          11         14         16         19         27        
745        6100       6100       23.72      11.75      0.4953     4.82       0.18       0.17       0.30       8          6.15       0          20         8          8          0.1340     2.7491     0          9          11         14         16         19         27        
746        6100       6100       23.71      11.19      0.4720     4.82       0.18       0.17       0.30       8          6.15       0          20         8          8          0.1340     2.7491     0          9          11         14         16         19         27        
747        6100       6100       23.72      11.19      0.4719     4.80       0.17       0.17       0.30       8          6.15       0          20         8          8          0.1340     2.7491     0          9          11         14         16         19         27        
748        6100       6100       23.72      11.29      0.4760     4.88       0.19       0.17       0.31       8          6.15       0          20         8          8          0.1340     2.7491     0          9          11         14         16         19         27        
749        6100       6100       23.74      11.47      0.4832     4.84       0.17       0.17       0.31       8          6.15       0          20         8          8          0.1340     2.7491     0          9          11         14         16         19         27        
750        6100       6100       23.73      11.01      0.4640     4.92       0.19       0.18       0.31       8          6.15       0          20         8          8          0.1340     2.7491     0          9          11         14         16         19         27        
751        6100       6100       23.71      11.59      0.4886     4.87       0.18       0.17       0.31       8          6.15       0          20         8          8          0.1340     2.7491     0          9          11         14         16         19         27        
752        6100       6100       23.71      11.27      0.4753     4.84       0.19       0.17       0.31       8          6.15       0          20         8          8          0.1340     2.7491     0          9          11         14         16         19         27        
753        6100       6100       23.72      11.75      0.4954     4.87       0.17       0.19       0.30       8          6.15       0          20         8          8          0.1340     2.7491     0          9          11         14         16         19         27        
754        6100       6100       23.72      11.26      0.4746     4.92       0.17       0.18       0.31       8          6.15       0          20         8          8          0.1340     2.7491     0          9          11         14         16         19         27        
755        6100       6100       23.72      11.18      0.4712     4.88       0.18       0.18       0.31       8          6.15       0          20         8          8          0.1340     2.7491     0          9          11         14         16         19         27        
756        6100       6100       23.70      11.30      0.4768     4.91       0.20       0.17       0.31       8          6.15       0          20         8          8          0.1340     2.7490     0          9          11         14         16         19         27        
757        6100       6100       23.71      11.67      0.4921     4.90       0.18       0.17       0.31       8          6.15       0          20         8          8          0.1340     2.7490     0          9          11         14         16         19         27        
758        6100       6100       23.71      11.72      0.4943     4.92       0.19       0.18       0.31       8          6.15       0          20         8          8          0.1340     2.7490     0          9          11         14         16         19         27        
759        6100       6100       23.74      11.41      0.4807     4.92       0.18       0.18       0.31       8          6.15       0          20         8          8          0.1340     2.7490     0          9          11         14         16         19         27        
760        6100       6100       23.73      11.98      0.5047     4.96       0.18       0.18       0.31       8          6.15       0          20         8          8          0.1340     2.7490     0          9          11         14         16         19         27        
761        6100       6100       23.73      11.28      0.4753     4.84       0.17       0.17       0.31       8          6.15       0          20         8          8          0.1340     2.7490     0          9          11         14         16         19         27        
762        6100       6100       23.73      11.85      0.4995     4.83       0.17       0.18       0.30       8          6.15       0          20         8          8          0.1340     2.7490     0          9          11         14         16         19         27        
763        6100       6100       23.73      11.25      0.4740     4.98       0.19       0.19       0.31       8          6.15       0          20         8          8          0.1340     2.7490     0          9          11         14         16         19         27        
764        6100       6100       23.73      11.52      0.4855     4.94       0.18       0.19       0.31       8          6.15       0          20         8          8          0.1339     2.7490     0          9          11         14         16         19         27        
765        6100       6100       23.72      11.84      0.4992     4.85       0.19       0.17       0.31       8          6.15       0          20         8          8          0.1339     2.7490     0          9          11         14         16         19         27        
766        6100       6100       23.73      11.36      0.4786     4.87       0.18       0.18       0.31       8          6.15       0          20         8          8          0.1339     2.7490     0          9          11         14         16         19         27        
767        6100       6100       23.71      11.53      0.4861     4.86       0.18       0.18       0.31       8          6.15       0          20         8          8          0.1339     2.7490     0          9          11         14         16         19         27        
768        6100       6100       23.74      11.73      0.4941     4.89       0.19       0.18       0.30       8          6.15       0          20         8          8          0.1339     2.7490     0          9          11         14         16         19         27        
769        6100       6100       23.70      11.32      0.4774     4.92       0.18       0.19       0.31       8          6.15       0          20         8          8          0.1339     2.7490     0          9          11         14         16         19         27        
770        6100       6100       23.73      11.27      0.4748     4.96       0.19       0.19       0.31       8          6.15       0          20         8          8          0.1339     2.7490     0          9          11         14         16         19         27        
771        6100       6100       23.72      11.53      0.4860     4.82       0.19       0.17       0.30       8          6.15       0          20         8          8          0.1339     2.7490     0          9          11         14         16         19         27        
772        6100       6100       23.71      11.21      0.4730     4.72       0.18       0.17       0.30       8          6.15       0          20         8          8          0.1339     2.7490     0          9          11         14         16         19         27        
773        6100       6100       23.74      11.34      0.4776     4.83       0.19       0.16       0.31       8          6.15       0          20         8          8          0.1339     2.7490     0          9          11         14         16         19         27        
774        6100       6100       23.70      10.97      0.4627     4.75       0.17       0.17       0.30       8          6.15       0          20         8          8          0.1339     2.7490     0          9          11         14         16         19         27        
775        6100       6100       23.69      11.69      0.4934     4.83       0.17       0.18       0.31       8          6.15       0          20         8          8          0.1339     2.7490     0          9          11         14         16         19         27        
776        6100       6100       23.69      10.91      0.4604     4.79       0.17       0.17       0.31       8          6.15       0          20         8          8          0.1339     2.7490     0          9          11         14         16         19         27        
777        6100       6100       23.71      11.39      0.4805     4.76       0.17       0.17       0.30       8          6.15       0          20         8          8          0.1339     2.7490     0          9          11         14         16         19         27        
778        6100       6100       23.71      11.20      0.4725     4.79       0.17       0.17       0.31       8          6.15       0          20         8          8          0.1339     2.7489     0          9          11         14         16         19         27        
779        6100       6100       23.72      11.60      0.4889     4.81       0.16       0.17       0.31       8          6.15       0          20         8          8          0.1339     2.7489     0          9          11         14         16         19         27        
780        6100       6100       23.71      11.34      0.4782     4.80       0.16       0.18       0.30       8          6.15       0          20         8          8          0.1339     2.7489     0          9          11         14         16         19         27        
781        6100       6100       23.71      11.19      0.4720     4.74       0.16       0.17       0.31       8          6.15       0          20         8          8          0.1339     2.7489     0          9          11         14         16         19         27        
782        6100       6100       23.74      11.17      0.4707     4.86       0.18       0.18       0.31       8          6.15       0          20         8          8          0.1339     2.7489     0          9          11         14         16         19         27        
783        6100       6100       23.71      10.98      0.4632     4.90       0.18       0.17       0.32       8          6.15       0          20         8          8          0.1339     2.7489     0          9          11         14         16         19         27        
784        6100       6100       23.71      11.22      0.4733     4.76       0.16       0.17       0.31       8          6.15       0          20         8          8          0.1339     2.7489     0          9          11         14         16         19         27        
785        6100       6100       23.71      11.07      0.4670     4.71       0.17       0.17       0.31       8          6.15       0          20         8          8          0.1339     2.7489     0          9          11         14         16         19         27        
786        6100       6100       23.75      11.28      0.4747     4.88       0.17       0.18       0.31       8          6.15       0          20         8          8          0.1339     2.7489     0          9          11         14         16         19         27        
787        6100       6100       23.73      11.17      0.4709     4.76       0.16       0.16       0.31       8          6.15       0          20         8          8          0.1339     2.7490     0          9          11         14         16         19         27        
788        6100       6100       23.74      11.15      0.4695     4.85       0.17       0.18       0.31       8          6.15       0          20         8          8          0.1339     2.7490     0          9          11         14         16         19         27        
789        6100       6100       23.73      11.25      0.4742     4.94       0.19       0.18       0.31       8          6.15       0          20         8          8          0.1339     2.7490     0          9          11         14         16         19         27        
790        6100       6100       23.69      11.31      0.4774     4.86       0.19       0.16       0.31       8          6.15       0          20         8          8          0.1338     2.7490     0          9          11         14         16         19         27        
791        6100       6100       23.73      11.38      0.4796     4.75       0.17       0.16       0.31       8          6.15       0          20         8          8          0.1338     2.7490     0          9          11         14         16         19         27        
792        6100       6100       23.71      11.17      0.4711     4.76       0.16       0.17       0.31       8          6.15       0          20         8          8          0.1338     2.7490     0          9          11         14         16         19         27        
793        6100       6100       23.76      11.23      0.4727     4.77       0.18       0.17       0.30       8          6.14       0          20         8          8          0.1338     2.7490     0          9          11         14         16         19         27        
794        6100       6100       23.73      11.40      0.4804     4.85       0.17       0.17       0.31       8          6.14       0          20         8          8          0.1338     2.7490     0          9          11         14         16         19         27        
795        6100       6100       23.73      11.40      0.4804     4.83       0.17       0.17       0.31       8          6.14       0          20         8          8          0.1338     2.7490     0          9          11         14         16         19         27        
796        6100       6100       23.75      11.25      0.4737     4.84       0.17       0.18       0.31       8          6.14       0          20         8          8          0.1337     2.7489     0          9          11         14         16         19         27        
797        6100       6100       23.75      11.45      0.4820     4.78       0.17       0.17       0.30       8          6.14       0          20         8          8          0.1337     2.7489     0          9          11         14         16         19         27        
798        6100       6100       23.75      11.26      0.4744     4.79       0.18       0.17       0.30       8          6.14       0          20         8          8          0.1337     2.7489     0          9          11         14         16         19         27        
799        6100       6100       23.74      11.30      0.4762     4.80       0.18       0.16       0.31       8          6.14       0          20         8          8          0.1337     2.7489     0          9          11         14         16         19         27        
800        6100       6100       23.71      11.30      0.4765     4.82       0.18       0.17       0.30       8          6.14       0          20         8          8          0.1337     2.7489     0          9          11         14         16         19         27        
801        6100       6100       23.73      10.79      0.4547     4.83       0.18       0.18       0.30       8          6.14       0          20         8          8          0.1337     2.7489     0          9          11         14         16         19         27        
802        6100       6100       23.74      11.33      0.4773     4.84       0.18       0.18       0.30       8          6.14       0          20         8          8          0.1337     2.7489     0          9          11         14         16         19         27        
803        6100       6100       23.72      11.56      0.4873     4.93       0.18       0.19       0.31       8          6.14       0          20         8          8          0.1337     2.7489     0          9          11         14         16         19         27        
804        6100       6100       23.72      11.42      0.4812     4.91       0.17       0.19       0.31       8          6.14       0          20         8          8          0.1337     2.7489     0          9          11         14         16         19         27        
805        6100       6100       23.71      11.46      0.4832     4.91       0.16       0.19       0.31       8          6.14       0          20         8          8          0.1337     2.7489     0          9          11         14         16         19         27        
806        6100       6100       23.71      11.36      0.4790     4.87       0.18       0.18       0.31       8          6.14       0          20         8          8          0.1337     2.7489     0          9          11         14         16         19         27        
807        6100       6100       23.70      11.61      0.4901     4.92       0.18       0.19       0.31       8          6.14       0          20         8          8          0.1337     2.7489     0          9          11         14         16         19         27        
808        6100       6100       23.74      11.42      0.4809     4.91       0.16       0.18       0.31       8          6.14       0          20         8          8          0.1337     2.7489     0          9          11         14         16         19         27        
809        6100       6100       23.71      11.62      0.4899     4.91       0.18       0.18       0.31       8          6.14       0          20         8          8          0.1337     2.7489     0          9          11         14         16         19         27        
810        6100       6100       23.69      11.19      0.4721     4.98       0.19       0.18       0.31       8          6.14       0          20         8          8          0.1337     2.7489     0          9          11         14         16         19         27        
811        6100       6100       23.70      11.36      0.4791     4.93       0.19       0.18       0.31       8          6.14       0          20         8          8          0.1337     2.7489     0          9          11         14         16         19         27        
812        6100       6100       23.70      11.72      0.4947     4.90       0.19       0.18       0.30       8          6.14       0          20         8          8          0.1337     2.7489     0          9          11         14         16         19         27        
813        6100       6100       23.69      11.73      0.4953     4.88       0.19       0.17       0.31       8          6.14       0          20         8          8          0.1337     2.7489     0          9          11         14         16         19         27        
814        6100       6100       23.74      10.86      0.4576     4.87       0.19       0.18       0.31       8          6.14       0          20         8          8          0.1337     2.7489     0          9          11         14         16         19         27        
815        6100       6100       23.70      11.40      0.4810     4.90       0.18       0.18       0.31       8          6.14       0          20         8          8          0.1337     2.7489     0          9          11         14         16         19         27        
816        6100       6100       23.71      11.48      0.4841     4.91       0.19       0.18       0.31       8          6.14       0          20         8          8          0.1337     2.7489     0          9          11         14         16         19         27        
817        6100       6100       23.71      11.39      0.4802     4.94       0.19       0.18       0.31       8          6.14       0          20         8          8          0.1337     2.7489     0          9          11         14         16         19         27        
818        6100       6100       23.72      11.43      0.4821     4.78       0.16       0.17       0.31       8          6.14       0          20         8          8          0.1337     2.7489     0          9          11         14         16         19         27        
819        6100       6100       23.72      11.75      0.4953     4.75       0.17       0.17       0.30       8          6.14       0          20         8          8          0.1337     2.7489     0          9          11         14         16         19         27        
820        6100       6100       23.71      11.60      0.4895     4.76       0.16       0.17       0.31       8          6.14       0          20         8          8          0.1337     2.7489     0          9          11         14         16         19         27        
821        6100       6100       23.75      11.23      0.4727     4.79       0.17       0.17       0.30       8          6.14       0          20         8          8          0.1337     2.7490     0          9          11         14         16         19         27        
97.66%
occupancy of 97.66%
occupancy of 97.66%
occupancy of 97.66%
occupancy of 97.66%
occupancy of 97.66%
occupancy of 97.66%
occupancy of 97.66%
occupancy of 97.66%
occupancy of 97.66%
occupancy of 97.66%
occupancy of 97.66%
occupancy of 97.66%
occupancy of 97.66%
occupancy of 97.66%
occupancy of 97.66%
occupancy of 97.66%
occupancy of 97.66%
occupancy of 97.66%
occupancy of 97.66%
occupancy of 97.66%
occupancy of 97.66%
occupancy of 97.66%
occupancy of 97.66%
occupancy of 97.66%
occupancy of 97.66%
occupancy of 97.66%
occupancy of 97.66%
occupancy of 97.66%
occupancy of 97.66%
occupancy of 97.66%
occupancy of 97.66%
occupancy of 97.66%
occupancy of 97.66%
occupancy of 97.66%
occupancy of 97.66%
occupancy of 97.66%
occupancy of 97.66%
occupancy of 97.66%
occupancy of 97.66%
occupancy of 97.66%
occupancy of 97.66%
occupancy of 97.66%
occupancy of 97.66%
occupancy of 97.66%
occupancy of 97.66%
occupancy of 97.66%
occupancy of 97.66%
occupancy of 97.66%
occupancy of 97.66%
occupancy of 97.66%
occupancy of 97.66%
occupancy of 97.66%
occupancy of 97.66%
occupancy of 97.66%
occupancy of 97.66%
occupancy of 97.66%
occupancy of 97.66%
occupancy of 97.66%
occupancy of 97.66%
occupancy of 97.66%
occupancy of 97.66%
occupancy of 97.66%
occupancy of 97.66%
occupancy of 97.66%
occupancy of 97.66%
occupancy of 97.66%
occupancy of 97.66%
occupancy of 97.66%
occupancy of 97.66%
occupancy of 97.66%
occupancy of 97.66%
occupancy of 97.66%
occupancy of 97.66%
occupancy of 97.66%
occupancy of 97.66%
occupancy of 97.66%
occupancy of 97.66%
occupancy of 97.66%
occupancy of 97.66%
occupancy of 97.66%
occupancy of 97.66%
occupancy of 97.66%
occupancy of 97.66%
occupancy of 97.66%
occupancy of 97.66%
occupancy of 97.66%
occupancy of 97.66%
occupancy of 97.66%
occupancy of 97.66%
occupancy of 97.66%
occupancy of 97.66%
occupancy of 97.66%
occupancy of 97.66%
occupancy of 97.66%
occupancy of 97.66%
occupancy of 97.66%
occupancy of 97.66%
occupancy of 97.66%
occupancy of 97.66%
occupancy of 97.66%
occupancy of 97.66%
occupancy of 97.66%
occupancy of 97.66%
occupancy of 97.66%
occupancy of 97.66%
occupancy of 97.66%
occupancy of 97.66%
occupancy of 97.66%
occupancy of 97.66%
occupancy of 97.66%
occupancy of 97.66%
occupancy of 97.66%
occupancy of 97.66%
occupancy of 97.66%
occupancy of 97.66%
occupancy of 97.66%
occupancy of 97.66%
occupancy of 97.66%
occupancy of 97.66%
occupancy of 97.66%
occupancy of 97.66%
occupancy of 97.66%
occupancy of 97.66%
occupancy of 97.66%
occupancy of 97.66%
occupancy of 97.66%
occupancy of 97.66%
occupancy of 97.66%
occupancy of 97.66%
occupancy of 97.66%
occupancy of 97.66%
occupancy of 97.66%
occupancy of 97.66%
occupancy of 97.66%
occupancy of 97.66%
occupancy of 97.66%
occupancy of 97.66%
occupancy of 97.66%
occupancy of 97.66%
occupancy of 97.66%
occupancy of 97.66%
occupancy of 97.66%
occupancy of 97.66%
occupancy of 97.66%
occupancy of 97.66%
occupancy of 97.66%
occupancy of 97.66%
occupancy of 97.66%
occupancy of 97.66%
occupancy of 97.66%
occupancy of 97.66%
occupancy of 97.66%
occupancy of 97.66%
occupancy of 97.66%
occupancy of 97.66%
occupancy of 97.66%
occupancy of 97.66%
occupancy of 97.66%
occupancy of 97.66%
occupancy of 97.66%
occupancy of 97.66%
occupancy of 97.66%
occupancy of 97.66%
occupancy of 97.66%
occupancy of 97.66%
occupancy of 97.66%
occupancy of 97.66%
occupancy of 97.66%
occupancy of 97.66%
occupancy of 97.66%
occupancy of 97.66%
occupancy of 97.66%
occupancy of 97.66%
occupancy of 97.66%
occupancy of 97.66%
occupancy of 97.66%
occupancy of 97.66%
occupancy of 97.66%
occupancy of 97.66%
occupancy of 97.66%
occupancy of 97.66%
occupancy of 97.66%
occupancy of 97.66%
occupancy of 97.66%
occupancy of 97.66%
occupancy of 97.66%
occupancy of 97.66%
occupancy of 97.66%
occupancy of 97.66%
occupancy of 97.66%
occupancy of 97.66%
occupancy of 97.66%
occupancy of 97.66%
occupancy of 97.66%
occupancy of 97.66%
occupancy of 97.66%
occupancy of 97.66%
occupancy of 97.66%
occupancy of 97.66%
occupancy of 97.66%
occupancy of 97.66%
occupancy of 97.66%
occupancy of 97.66%
occupancy of 97.66%
occupancy822        6100       6100       23.70      11.45      0.4830     4.93       0.17       0.18       0.32       8          6.14       0          20         8          8          0.1337     2.7490     0          9          11         14         16         19         27        
823        6100       6100       23.72      11.54      0.4865     4.95       0.18       0.18       0.31       8          6.14       0          20         8          8          0.1337     2.7490     0          9          11         14         16         19         27        
824        6100       6100       23.72      11.55      0.4870     4.90       0.20       0.17       0.31       8          6.14       0          20         8          8          0.1337     2.7489     0          9          11         14         16         19         27        
825        6100       6100       23.75      11.60      0.4885     4.96       0.19       0.18       0.31       8          6.14       0          20         8          8          0.1337     2.7489     0          9          11         14         16         19         27        
826        6100       6100       23.74      11.68      0.4920     4.89       0.18       0.19       0.30       8          6.14       0          20         8          8          0.1337     2.7489     0          9          11         14         16         19         27        
827        6100       6100       23.73      11.21      0.4726     4.92       0.18       0.18       0.31       8          6.14       0          20         8          8          0.1337     2.7489     0          9          11         14         16         19         27        
828        6100       6100       23.74      11.28      0.4753     4.98       0.19       0.19       0.31       8          6.14       0          20         8          8          0.1337     2.7489     0          9          11         14         16         19         27        
829        6100       6100       23.71      11.45      0.4831     4.96       0.19       0.18       0.31       8          6.14       0          20         8          8          0.1337     2.7489     0          9          11         14         16         19         27        
830        6100       6100       23.71      11.80      0.4976     4.92       0.19       0.19       0.30       8          6.14       0          20         8          8          0.1337     2.7489     0          9          11         14         16         19         27        
831        6100       6100       23.73      11.72      0.4939     5.05       0.19       0.19       0.31       8          6.14       0          20         8          8          0.1336     2.7489     0          9          11         14         16         19         27        
832        6100       6100       23.72      11.24      0.4741     4.94       0.19       0.19       0.31       8          6.14       0          20         8          8          0.1336     2.7489     0          9          11         14         16         19         27        
833        6100       6100       23.73      11.81      0.4976     5.01       0.19       0.19       0.31       8          6.14       0          20         8          8          0.1336     2.7487     0          9          11         14         16         19         27        
834        6100       6100       23.68      11.35      0.4791     4.97       0.19       0.19       0.31       8          6.14       0          20         8          8          0.1336     2.7487     0          9          11         14         16         19         27        
835        6100       6100       23.70      11.86      0.5006     5.06       0.20       0.19       0.31       8          6.14       0          20         8          8          0.1336     2.7487     0          9          11         14         16         19         27        
836        6100       6100       23.70      11.38      0.4801     4.97       0.18       0.19       0.31       8          6.14       0          20         8          8          0.1336     2.7486     0          9          11         14         16         19         27        
837        6100       6100       23.72      11.44      0.4823     4.83       0.18       0.18       0.30       8          6.14       0          20         8          8          0.1336     2.7486     0          9          11         14         16         19         27        
838        6100       6100       23.76      11.22      0.4721     4.88       0.18       0.17       0.31       8          6.14       0          20         8          8          0.1336     2.7486     0          9          11         14         16         19         27        
839        6100       6100       23.72      11.33      0.4777     4.92       0.19       0.18       0.31       8          6.14       0          20         8          8          0.1336     2.7486     0          9          11         14         16         19         27        
840        6100       6100       23.75      11.62      0.4895     4.90       0.19       0.18       0.31       8          6.14       0          20         8          8          0.1336     2.7486     0          9          11         14         16         19         27        
841        6100       6100       23.72      11.35      0.4786     4.91       0.18       0.18       0.31       8          6.14       0          20         8          8          0.1336     2.7486     0          9          11         14         16         19         27        
842        6100       6100       23.71      11.34      0.4782     4.94       0.18       0.18       0.31       8          6.14       0          20         8          8          0.1336     2.7486     0          9          11         14         16         19         27        
843        6100       6100       23.70      11.50      0.4850     4.97       0.18       0.19       0.31       8          6.14       0          20         8          8          0.1336     2.7486     0          9          11         14         16         19         27        
844        6100       6100       23.75      11.45      0.4821     4.92       0.18       0.18       0.31       8          6.14       0          20         8          8          0.1336     2.7486     0          9          11         14         16         19         27        
845        6100       6100       23.75      11.73      0.4938     4.91       0.20       0.18       0.30       8          6.14       0          20         8          8          0.1336     2.7486     0          9          11         14         16         19         27        
846        6100       6100       23.73      11.74      0.4948     4.98       0.18       0.18       0.31       8          6.14       0          20         8          8          0.1336     2.7486     0          9          11         14         16         19         27        
847        6100       6100       23.71      11.41      0.4810     4.92       0.19       0.18       0.30       8          6.14       0          20         8          8          0.1336     2.7486     0          9          11         14         16         19         27        
848        6100       6100       23.71      11.50      0.4849     5.00       0.20       0.19       0.30       8          6.14       0          20         8          8          0.1336     2.7486     0          9          11         14         16         19         27        
849        6100       6100       23.72      11.49      0.4843     4.84       0.19       0.18       0.30       8          6.14       0          20         8          8          0.1336     2.7486     0          9          11         14         16         19         27        
850        6100       6100       23.72      11.42      0.4815     5.01       0.18       0.18       0.31       8          6.14       0          20         8          8          0.1336     2.7486     0          9          11         14         16         19         27        
851        6100       6100       23.74      11.39      0.4796     4.92       0.19       0.17       0.31       8          6.14       0          20         8          8          0.1336     2.7486     0          9          11         14         16         19         27        
852        6100       6100       23.71      11.90      0.5020     4.92       0.17       0.18       0.31       8          6.14       0          20         8          8          0.1336     2.7486     0          9          11         14         16         19         27        
853        6100       6100       23.73      11.45      0.4827     4.89       0.18       0.18       0.31       8          6.14       0          20         8          8          0.1336     2.7486     0          9          11         14         16         19         27        
854        6100       6100       23.75      11.72      0.4937     4.78       0.17       0.17       0.31       8          6.14       0          20         8          8          0.1336     2.7486     0          9          11         14         16         19         27        
855        6100       6100       23.72      11.59      0.4886     4.79       0.18       0.17       0.30       8          6.14       0          20         8          8          0.1335     2.7484     0          9          11         14         16         19         27        
856        6100       6100       23.76      10.86      0.4573     4.94       0.19       0.18       0.31       8          6.14       0          20         8          8          0.1335     2.7484     0          9          11         14         16         19         27        
857        6100       6100       23.74      11.46      0.4828     4.79       0.17       0.16       0.31       8          6.14       0          20         8          8          0.1335     2.7484     0          9          11         14         16         19         27        
858        6100       6100       23.72      11.64      0.4908     4.89       0.18       0.17       0.31       8          6.14       0          20         8          8          0.1335     2.7484     0          9          11         14         16         19         27        
859        6100       6100       23.75      11.20      0.4716     4.79       0.16       0.17       0.31       8          6.14       0          20         8          8          0.1335     2.7484     0          9          11         14         16         19         27        
860        6100       6100       23.74      11.74      0.4946     4.85       0.17       0.17       0.31       8          6.14       0          20         8          8          0.1335     2.7484     0          9          11         14         16         19         27        
861        6100       6100       23.75      11.37      0.4788     4.75       0.17       0.17       0.30       8          6.14       0          20         8          8          0.1335     2.7484     0          9          11         14         16         19         27        
862        6100       6100       23.79      11.32      0.4758     4.75       0.18       0.17       0.30       8          6.14       0          20         8          8          0.1335     2.7484     0          9          11         14         16         19         27        
863        6100       6100       23.79      11.20      0.4707     4.89       0.19       0.18       0.30       8          6.14       0          20         8          8          0.1335     2.7484     0          9          11         14         16         19         27        
864        6100       6100       23.74      10.89      0.4587     4.83       0.18       0.17       0.31       8          6.14       0          20         8          8          0.1335     2.7484     0          9          11         14         16         19         27        
865        6100       6100       23.76      11.70      0.4923     4.90       0.17       0.17       0.31       8          6.14       0          20         8          8          0.1335     2.7484     0          9          11         14         16         19         27        
866        6100       6100       23.74      11.59      0.4880     4.91       0.18       0.17       0.31       8          6.14       0          20         8          8          0.1335     2.7484     0          9          11         14         16         19         27        
867        6100       6100       23.73      11.47      0.4831     4.88       0.18       0.17       0.31       8          6.14       0          20         8          8          0.1335     2.7484     0          9          11         14         16         19         27        
868        6100       6100       23.71      11.48      0.4841     4.89       0.17       0.17       0.32       8          6.14       0          20         8          8          0.1335     2.7484     0          9          11         14         16         19         27        
869        6100       6100       23.73      11.21      0.4723     4.92       0.18       0.17       0.31       8          6.14       0          20         8          8          0.1335     2.7484     0          9          11         14         16         19         27        
870        6100       6100       23.72      11.32      0.4774     4.93       0.19       0.18       0.31       8          6.14       0          20         8          8          0.1335     2.7483     0          9          11         14         16         19         27        
871        6100       6100       23.75      11.50      0.4841     4.87       0.17       0.17       0.31       8          6.14       0          20         8          8          0.1335     2.7483     0          9          11         14         16         19         27        
872        6100       6100       23.75      10.94      0.4607     4.94       0.18       0.18       0.31       8          6.14       0          20         8          8          0.1335     2.7483     0          9          11         14         16         19         27        
873        6100       6100       23.73      11.61      0.4892     4.89       0.18       0.17       0.31       8          6.14       0          20         8          8          0.1335     2.7482     0          9          11         14         16         19         27        
874        6100       6100       23.74      11.59      0.4884     4.90       0.19       0.17       0.31       8          6.14       0          20         8          8          0.1335     2.7482     0          9          11         14         16         19         27        
875        6100       6100       23.77      11.84      0.4983     4.91       0.19       0.18       0.31       8          6.14       0          20         8          8          0.1335     2.7482     0          9          11         14         16         19         27        
876        6100       6100       23.73      11.24      0.4738     4.84       0.17       0.18       0.31       8          6.14       0          20         8          8          0.1335     2.7482     0          9          11         14         16         19         27        
877        6100       6100       23.80      11.46      0.4816     4.86       0.18       0.17       0.31       8          6.14       0          20         8          8          0.1335     2.7482     0          9          11         14         16         19         27        
878        6100       6100       23.75      11.36      0.4783     4.78       0.17       0.17       0.31       8          6.14       0          20         8          8          0.1335     2.7482     0          9          11         14         16         19         27        
879        6100       6100       23.73      11.18      0.4713     4.85       0.17       0.17       0.31       8          6.14       0          20         8          8          0.1335     2.7482     0          9          11         14         16         19         27        
880        6100       6100       23.76      11.66      0.4906     4.81       0.16       0.18       0.30       8          6.14       0          20         8          8          0.1335     2.7482     0          9          11         14         16         19         27        
881        6100       6100       23.73      11.65      0.4910     4.88       0.18       0.18       0.30       8          6.14       0          20         8          8          0.1335     2.7482     0          9          11         14         16         19         27        
882        6100       6100       23.73      11.37      0.4790     4.96       0.19       0.18       0.31       8          6.14       0          20         8          8          0.1335     2.7482     0          9          11         14         16         19         27        
883        6100       6100       23.74      11.67      0.4917     4.97       0.19       0.18       0.31       8          6.14       0          20         8          8          0.1335     2.7482     0          9          11         14         16         19         27        
884        6100       6100       23.74      11.59      0.4884     4.99       0.18       0.19       0.31       8          6.14       0          20         8          8          0.1335     2.7482     0          9          11         14         16         19         27        
885        6100       6100       23.71      11.89      0.5016     5.00       0.19       0.19       0.31       8          6.14       0          20         8          8          0.1335     2.7482     0          9          11         14         16         19         27        
886        6100       6100       23.72      11.09      0.4675     4.92       0.20       0.18       0.30       8          6.14       0          20         8          8          0.1335     2.7482     0          9          11         14         16         19         27        
887        6100       6100       23.74      11.61      0.4888     4.96       0.19       0.19       0.30       8          6.14       0          20         8          8          0.1335     2.7482     0          9          11         14         16         19         27        
888        6100       6100       23.74      11.37      0.4791     5.03       0.19       0.20       0.31       8          6.14       0          20         8          8          0.1335     2.7482     0          9          11         14         16         19         27        
889        6100       6100       23.71      11.76      0.4960     4.93       0.17       0.19       0.31       8          6.14       0          20         8          8          0.1335     2.7482     0          9          11         14         16         19         27        
890        6100       6100       23.76      11.69      0.4923     4.92       0.17       0.18       0.31       8          6.14       0          20         8          8          0.1335     2.7482     0          9          11         14         16         19         27        
891        6100       6100       23.75      11.62      0.4891     4.94       0.18       0.19       0.31       8          6.14       0          20         8          8          0.1335     2.7482     0          9          11         14         16         19         27        
892        6100       6100       23.75      11.27      0.4745     4.93       0.19       0.18       0.31       8          6.14       0          20         8          8          0.1335     2.7482     0          9          11         14         16         19         27        
893        6100       6100       23.73      11.45      0.4826     4.93       0.19       0.17       0.31       8          6.14       0          20         8          8          0.1335     2.7482     0          9          11         14         16         19         27        
894        6100       6100       23.76      11.89      0.5003     4.97       0.18       0.18       0.31       8          6.14       0          20         8          8          0.1335     2.7482     0          9          11         14         16         19         27        
895        6100       6100       23.75      11.62      0.4893     4.88       0.19       0.18       0.31       8          6.14       0          20         8          8          0.1335     2.7482     0          9          11         14         16         19         27        
896        6100       6100       23.77      11.78      0.4959     4.90       0.18       0.19       0.30       8          6.14       0          20         8          8          0.1335     2.7482     0          9          11         14         16         19         27        
897        6100       6100       23.73      11.26      0.4747     4.89       0.19       0.18       0.30       8          6.14       0          20         8          8          0.1335     2.7482     0          9          11         14         16         19         27        
898        6100       6100       23.74      11.65      0.4908     4.92       0.19       0.18       0.31       8          6.14       0          20         8          8          0.1335     2.7482     0          9          11         14         16         19         27        
899        6100       6100       23.73      11.38      0.4794     4.91       0.18       0.18       0.31       8          6.14       0          20         8          8          0.1335     2.7482     0          9          11         14         16         19         27        
900        6100       6100       23.74      11.39      0.4796     4.85       0.18       0.17       0.30       8          6.14       0          20         8          8          0.1335     2.7482     0          9          11         14         16         19         27        
901        6100       6100       23.74      11.53      0.4857     4.88       0.19       0.17       0.31       8          6.14       0          20         8          8          0.1335     2.7482     0          9          11         14         16         19         27        
902        6100       6100       23.74      11.24      0.4733     4.87       0.18       0.17       0.31       8          6.14       0          20         8          8          0.1335     2.7482     0          9          11         14         16         19         27        
903        6100       6100       23.73      11.03      0.4646     4.88       0.17       0.18       0.31       8          6.14       0          20         8          8          0.1335     2.7482     0          9          11         14         16         19         27        
904        6100       6100       23.76      11.53      0.4851     4.75       0.16       0.17       0.30       8          6.14       0          20         8          8          0.1335     2.7482     0          9          11         14         16         19         27        
905        6100       6100       23.77      11.14      0.4688     4.80       0.17       0.17       0.30       8          6.14       0          20         8          8          0.1335     2.7482     0          9          11         14         16         19         27        
906        6100       6100       23.76      11.29      0.4752     4.78       0.18       0.17       0.30       8          6.13       0          20         8          8          0.1335     2.7482     0          9          11         14         16         19         27        
907        6100       6100       23.76      11.41      0.4801     4.74       0.16       0.17       0.30       8          6.13       0          20         8          8          0.1335     2.7482     0          9          11         14         16         19         27        
908        6100       6100       23.74      11.29      0.4757     4.83       0.17       0.17       0.31       8          6.13       0          20         8          8          0.1335     2.7482     0          9          11         14         16         19         27        
909        6100       6100       23.75      10.80      0.4546     4.90       0.17       0.17       0.31       8          6.13       0          20         8          8          0.1335     2.7482     0          9          11         14         16         19         27        
910        6100       6100       23.76      11.20      0.4714     4.71       0.17       0.16       0.30       8          6.13       0          20         8          8          0.1335     2.7482     0          9          11         14         16         19         27        
911        6100       6100       23.74      11.36      0.4785     4.75       0.16       0.16       0.31       8          6.13       0          20         8          8          0.1335     2.7482     0          9          11         14         16         19         27        
912        6100       6100       23.77      11.19      0.4706     4.73       0.16       0.16       0.31       8          6.13       0          20         8          8          0.1335     2.7482     0          9          11         14         16         19         27        
913        6100       6100       23.73      10.64      0.4485     4.78       0.16       0.17       0.31       8          6.13       0          20         8          8          0.1335     2.7482     0          9          11         14         16         19         27        
914        6100       6100       23.72      11.04      0.4654     4.72       0.16       0.15       0.31       8          6.13       0          20         8          8          0.1335     2.7482     0          9          11         14         16         19         27        
915        6100       6100       23.75      11.19      0.4710     4.82       0.18       0.17       0.30       8          6.13       0          20         8          8          0.1335     2.7480     0          9          11         14         16         19         27        
916        6100       6100       23.74      11.12      0.4685     4.74       0.18       0.17       0.30       8          6.13       0          20         8          8          0.1335     2.7480     0          9          11         14         16         19         27        
917        6100       6100       23.75      11.17      0.4702     4.78       0.17       0.17       0.31       8          6.13       0          20         8          8          0.1335     2.7480     0          9          11         14         16         19         27        
918        6100       6100       23.75      10.84      0.4562     4.70       0.16       0.16       0.31       8          6.13       0          20         8          8          0.1335     2.7480     0          9          11         14         16         19         27        
919        6100       6100       23.73      10.93      0.4605     4.75       0.17       0.17       0.30       8          6.13       0          20         8          8          0.1335     2.7480     0          9          11         14         16         19         27        
920        6100       6100       23.72      11.03      0.4650     4.71       0.17       0.17       0.30       8          6.13       0          20         8          8          0.1335     2.7480     0          9          11         14         16         19         27        
921        6100       6100       23.72      11.46      0.4832     4.72       0.18       0.16       0.31       8          6.13       0          20         8          8          0.1335     2.7480     0          9          11         14         16         19         27        
922        6100       6100       23.74      11.09      0.4670     4.74       0.17       0.16       0.31       8          6.13       0          20         8          8          0.1335     2.7480     0          9          11         14         16         19         27        
923        6100       6100       23.75      11.05      0.4652     4.83       0.17       0.18       0.30       8          6.13       0          20         8          8          0.1335     2.7480     0          9          11         14         16         19         27        
924        6100       6100       23.75      11.00      0.4634     4.80       0.16       0.18       0.31       8          6.13       0          20         8          8          0.1335     2.7480     0          9          11         14         16         19         27        
925        6100       6100       23.75      11.85      0.4989     4.89       0.18       0.17       0.31       8          6.13       0          20         8          8          0.1335     2.7480     0          9          11         14         16         19         27        
926        6100       6100       23.73      11.53      0.4857     4.87       0.17       0.17       0.31       8          6.13       0          20         8          8          0.1335     2.7480     0          9          11         14         16         19         27        
927        6100       6100       23.74      11.41      0.4808     4.87       0.18       0.17       0.31       8          6.13       0          20         8          8          0.1335     2.7480     0          9          11         14         16         19         27        
928        6100       6100       23.78      11.08      0.4659     4.86       0.18       0.17       0.31       8          6.13       0          20         8          8          0.1335     2.7480     0          9          11         14         16         19         27        
929        6100       6100       23.73      11.53      0.4860     4.80       0.16       0.17       0.30       8          6.13       0          20         8          8          0.1335     2.7480     0          9          11         14         16         19         27        
930        6100       6100       23.73      11.25      0.4742     4.74       0.17       0.17       0.30       8          6.13       0          20         8          8          0.1335     2.7480     0          9          11         14         16         19         27        
931        6100       6100       23.76      11.46      0.4822     4.84       0.17       0.17       0.31       8          6.13       0          20         8          8          0.1335     2.7480     0          9          11         14         16         19         27        
932        6100       6100       23.72      11.63      0.4904     4.98       0.18       0.18       0.31       8          6.13       0          20         8          8          0.1335     2.7480     0          9          11         14         16         19         27        
933        6100       6100       23.75      11.42      0.4806     4.91       0.18       0.17       0.31       8          6.13       0          20         8          8          0.1335     2.7480     0          9          11         14         16         19         27        
934        6100       6100       23.74      11.49      0.4839     4.80       0.17       0.17       0.31       8          6.13       0          20         8          8          0.1335     2.7480     0          9          11         14         16         19         27        
935        6100       6100       23.76      11.19      0.4710     4.87       0.17       0.18       0.31       8          6.13       0          20         8          8          0.1335     2.7480     0          9          11         14         16         19         27        
936        6100       6100       23.74      11.57      0.4873     4.86       0.17       0.17       0.31       8          6.13       0          20         8          8          0.1335     2.7480     0          9          11         14         16         19         27        
937        6100       6100       23.76      11.17      0.4701     4.94       0.18       0.17       0.31       8          6.13       0          20         8          8          0.1335     2.7480     0          9          11         14         16         19         27        
938        6100       6100       23.76      11.20      0.4713     4.88       0.18       0.18       0.30       8          6.13       0          20         8          8          0.1335     2.7480     0          9          11         14         16         19         27        
939        6100       6100       23.75      11.43      0.4812     4.85       0.18       0.18       0.30       8          6.13       0          20         8          8          0.1335     2.7480     0          9          11         14         16         19         27        
940        6100       6100       23.76      11.20      0.4714     4.91       0.18       0.17       0.31       8          6.13       0          20         8          8          0.1335     2.7480     0          9          11         14         16         19         27        
941        6100       6100       23.75      11.01      0.4636     4.91       0.18       0.18       0.31       8          6.13       0          20         8          8          0.1335     2.7480     0          9          11         14         16         19         27        
942        6100       6100       23.75      11.04      0.4647     4.76       0.17       0.17       0.30       8          6.13       0          20         8          8          0.1334     2.7480     0          9          11         14         16         19         27        
943        6100       6100       23.77      11.18      0.4702     4.75       0.17       0.17       0.30       8          6.13       0          20         8          8          0.1334     2.7480     0          9          11         14         16         19         27        
944        6100       6100       23.73      11.42      0.4812     4.80       0.17       0.17       0.31       8          6.13       0          20         8          8          0.1334     2.7480     0          9          11         14         16         19         27        
945        6100       6100       23.74      11.20      0.4719     4.73       0.16       0.17       0.31       8          6.13       0          20         8          8          0.1334     2.7480     0          9          11         14         16         19         27        
946        6100       6100       23.77      11.34      0.4769     4.89       0.19       0.18       0.30       8          6.13       0          20         8          8          0.1334     2.7480     0          9          11         14         16         19         27        
947        6100       6100       23.73      11.77      0.4963     4.81       0.18       0.18       0.30       8          6.13       0          20         8          8          0.1334     2.7480     0          9          11         14         16         19         27        
948        6100       6100       23.71      11.28      0.4757     4.95       0.18       0.18       0.31       8          6.13       0          20         8          8          0.1334     2.7480     0          9          11         14         16         19         27        
949        6100       6100       23.73      11.54      0.4861     4.93       0.18       0.18       0.31       8          6.13       0          20         8          8          0.1334     2.7480     0          9          11         14         16         19         27        
950        6100       6100       23.72      11.26      0.4747     4.92       0.19       0.17       0.31       8          6.13       0          20         8          8          0.1334     2.7480     0          9          11         14         16         19         27        
951        6100       6100       23.74      11.38      0.4793     4.75       0.16       0.16       0.31       8          6.13       0          20         8          8          0.1334     2.7480     0          9          11         14         16         19         27        
952        6100       6100       23.76      11.29      0.4753     4.78       0.18       0.16       0.30       8          6.13       0          20         8          8          0.1334     2.7480     0          9          11         14         16         19         27        
953        6100       6100       23.75      11.09      0.4671     4.82       0.18       0.17       0.30       8          6.13       0          20         8          8          0.1334     2.7480     0          9          11         14         16         19         27        
954        6100       6100       23.73      11.48      0.4837     4.87       0.19       0.17       0.30       8          6.13       0          20         8          8          0.1334     2.7480     0          9          11         14         16         19         27        
955        6100       6100       23.73      11.54      0.4863     4.82       0.17       0.17       0.31       8          6.13       0          20         8          8          0.1334     2.7480     0          9          11         14         16         19         27        
956        6100       6100       23.67      11.52      0.4867     4.90       0.18       0.17       0.31       8          6.13       0          20         8          8          0.1334     2.7480     0          9          11         14         16         19         27        
957        6100       6100       23.73      10.90      0.4593     4.89       0.17       0.17       0.31       8          6.13       0          20         8          8          0.1334     2.7480     0          9          11         14         16         19         27        
958        6100       6100       23.69      11.44      0.4828     4.85       0.17       0.17       0.31       8          6.13       0          20         8          8          0.1334     2.7480     0          9          11         14         16         19         27        
959        6100       6100       23.72      11.21      0.4727     4.85       0.17       0.18       0.31       8          6.13       0          20         8          8          0.1334     2.7480     0          9          11         14         16         19         27        
960        6100       6100       23.74      11.12      0.4684     4.88       0.17       0.18       0.31       8          6.13       0          20         8          8          0.1334     2.7480     0          9          11         14         16         19         27        
961        6100       6100       23.74      11.24      0.4734     4.89       0.18       0.18       0.31       8          6.13       0          20         8          8          0.1334     2.7480     0          9          11         14         16         19         27        
962        6100       6100       23.76      10.92      0.4596     4.81       0.17       0.17       0.30       8          6.13       0          20         8          8          0.1334     2.7480     0          9          11         14         16         19         27        
963        6100       6100       23.72      11.62      0.4901     4.75       0.17       0.16       0.31       8          6.13       0          20         8          8          0.1334     2.7480     0          9          11         14         16         19         27        
964        6100       6100       23.76      10.90      0.4588     4.90       0.18       0.18       0.31       8          6.13       0          20         8          8          0.1334     2.7480     0          9          11         14         16         19         27        
965        6100       6100       23.75      11.28      0.4749     4.85       0.17       0.17       0.31       8          6.13       0          20         8          8          0.1334     2.7480     0          9          11         14         16         19         27        
966        6100       6100       23.74      11.15      0.4696     4.91       0.17       0.18       0.31       8          6.13       0          20         8          8          0.1334     2.7480     0          9          11         14         16         19         27        
967        6100       6100       23.76      11.46      0.4822     4.84       0.18       0.17       0.30       8          6.13       0          20         8          8          0.1334     2.7480     0          9          11         14         16         19         27        
968        6100       6100       23.75      11.29      0.4755     4.81       0.18       0.17       0.30       8          6.13       0          20         8          8          0.1334     2.7480     0          9          11         14         16         19         27        
969        6100       6100       23.76      11.64      0.4899     4.93       0.19       0.19       0.30       8          6.13       0          20         8          8          0.1334     2.7480     0          9          11         14         16         19         27        
970        6100       6100       23.75      11.08      0.4666     4.96       0.19       0.19       0.31       8          6.13       0          20         8          8          0.1334     2.7480     0          9          11         14         16         19         27        
971        6100       6100       23.71      11.30      0.4764     4.90       0.19       0.18       0.30       8          6.13       0          20         8          8          0.1334     2.7480     0          9          11         14         16         19         27        
972        6100       6100       23.74      12.11      0.5103     4.83       0.18       0.17       0.31       8          6.13       0          20         8          8          0.1334     2.7480     0          9          11         14         16         19         27        
973        6100       6100       23.74      10.89      0.4587     4.86       0.19       0.18       0.30       8          6.13       0          20         8          8          0.1334     2.7480     0          9          11         14         16         19         27        
974        6100       6100       23.73      11.42      0.4811     4.94       0.20       0.18       0.31       8          6.13       0          20         8          8          0.1334     2.7480     0          9          11         14         16         19         27        
975        6100       6100       23.73      11.59      0.4881     4.94       0.18       0.19       0.31       8          6.13       0          20         8          8          0.1334     2.7480     0          9          11         14         16         19         27        
976        6100       6100       23.72      11.68      0.4923     4.87       0.17       0.18       0.31       8          6.13       0          20         8          8          0.1334     2.7480     0          9          11         14         16         19         27        
977        6100       6100       23.75      10.85      0.4569     4.82       0.19       0.18       0.30       8          6.13       0          20         8          8          0.1334     2.7480     0          9          11         14         16         19         27        
978        6100       6100       23.75      11.34      0.4773     4.87       0.18       0.18       0.31       8          6.13       0          20         8          8          0.1334     2.7480     0          9          11         14         16         19         27        
979        6100       6100       23.76      11.21      0.4718     4.81       0.17       0.17       0.31       8          6.13       0          20         8          8          0.1334     2.7480     0          9          11         14         16         19         27        
980        6100       6100       23.73      11.30      0.4759     4.83       0.18       0.18       0.30       8          6.13       0          20         8          8          0.1334     2.7480     0          9          11         14         16         19         27        
981        6100       6100       23.74      11.57      0.4875     4.86       0.17       0.18       0.31       8          6.13       0          20         8          8          0.1334     2.7480     0          9          11         14         16         19         27        
982        6100       6100       23.74      10.92      0.4598     4.78       0.17       0.16       0.31       8          6.13       0          20         8          8          0.1334     2.7480     0          9          11         14         16         19         27        
983        6100       6100       23.74      11.44      0.4818     4.91       0.17       0.17       0.31       8          6.13       0          20         8          8          0.1334     2.7480     0          9          11         14         16         19         27        
984        6100       6100       23.74      11.27      0.4747     4.94       0.18       0.18       0.31       8          6.13       0          20         8          8          0.1334     2.7480     0          9          11         14         16         19         27        
985        6100       6100       23.75      11.37      0.4787     4.88       0.19       0.17       0.31       8          6.13       0          20         8          8          0.1334     2.7480     0          9          11         14         16         19         27        
986        6100       6100       23.72      11.27      0.4752     4.85       0.20       0.17       0.31       8          6.13       0          20         8          8          0.1334     2.7480     0          9          11         14         16         19         27        
987        6100       6100       23.76      11.64      0.4897     4.82       0.19       0.17       0.30       8          6.13       0          20         8          8          0.1334     2.7480     0          9          11         14         16         19         27        
988        6100       6100       23.77      11.28      0.4744     4.84       0.17       0.17       0.31       8          6.13       0          20         8          8          0.1334     2.7480     0          9          11         14         16         19         27        
989        6100       6100       23.76      11.47      0.4828     4.85       0.18       0.17       0.31       8          6.13       0          20         8          8          0.1334     2.7480     0          9          11         14         16         19         27        
990        6100       6100       23.75      11.80      0.4966     4.84       0.17       0.17       0.31       8          6.13       0          20         8          8          0.1334     2.7480     0          9          11         14         16         19         27        
991        6100       6100       23.78      11.57      0.4867     4.91       0.17       0.18       0.31       8          6.13       0          20         8          8          0.1334     2.7480     0          9          11         14         16         19         27        
992        6100       6100       23.76      11.52      0.4849     4.90       0.18       0.18       0.31       8          6.13       0          20         8          8          0.1334     2.7479     0          9          11         14         16         19         27        
993        6100       6100       23.76      11.94      0.5026     4.82       0.17       0.18       0.30       8          6.13       0          20         8          8          0.1334     2.7479     0          9          11         14         16         19         27        
994        6100       6100       23.77      11.30      0.4754     4.82       0.18       0.17       0.31       8          6.13       0          20         8          8          0.1334     2.7479     0          9          11         14         16         19         27        
995        6100       6100       23.77      11.08      0.4661     4.82       0.18       0.17       0.30       8          6.13       0          20         8          8          0.1334     2.7479     0          9          11         14         16         19         27        
996        6100       6100       23.78      11.17      0.4698     4.89       0.18       0.17       0.31       8          6.13       0          20         8          8          0.1334     2.7479     0          9          11         14         16         19         27        
997        6100       6100       23.77      11.63      0.4892     4.94       0.17       0.18       0.31       8          6.13       0          20         8          8          0.1334     2.7479     0          9          11         14         16         19         27        
998        6100       6100       23.80      11.44      0.4805     4.95       0.18       0.18       0.31       8          6.13       0          20         8          8          0.1334     2.7479     0          9          11         14         16         19         27        
999        6100       6100       23.78      11.77      0.4950     4.95       0.19       0.18       0.31       8          6.13       0          20         8          8          0.1334     2.7479     0          9          11         14         16         19         27        
1000       6100       6100       23.79      11.62      0.4886     4.94       0.18       0.18       0.31       8          6.13       0          20         8          8          0.1334     2.7479     0          9          11         14         16         19         27        
1001       6100       6100       23.72      11.65      0.4911     4.96       0.18       0.19       0.31       8          6.13       0          20         8          8          0.1334     2.7479     0          9          11         14         16         19         27        
1002       6100       6100       23.78      11.79      0.4961     4.97       0.20       0.19       0.30       8          6.13       0          20         8          8          0.1334     2.7479     0          9          11         14         16         19         27        
1003       6100       6100       23.77      11.42      0.4805     4.99       0.19       0.19       0.30       8          6.13       0          20         8          8          0.1334     2.7479     0          9          11         14         16         19         27        
1004       6100       6100       23.77      11.07      0.4659     4.95       0.19       0.19       0.30       8          6.13       0          20         8          8          0.1334     2.7479     0          9          11         14         16         19         27        
1005       6100       6100       23.77      11.51      0.4842     4.92       0.20       0.18       0.30       8          6.13       0          20         8          8          0.1334     2.7479     0          9          11         14         16         19         27        
1006       6100       6100       23.79      11.31      0.4755     5.02       0.19       0.19       0.31       8          6.13       0          20         8          8          0.1334     2.7479     0          9          11         14         16         19         27        
1007       6100       6100       23.77      11.46      0.4819     4.89       0.18       0.18       0.31       8          6.13       0          20         8          8          0.1334     2.7479     0          9          11         14         16         19         27        
1008       6100       6100       23.77      11.84      0.4980     4.83       0.19       0.18       0.30       8          6.13       0          20         8          8          0.1334     2.7479     0          9          11         14         16         19         27        
1009       6100       6100       23.77      11.38      0.4788     4.96       0.18       0.20       0.30       8          6.13       0          20         8          8          0.1334     2.7479     0          9          11         14         16         19         27        
1010       6100       6100       23.77      11.29      0.4751     4.91       0.19       0.19       0.30       8          6.13       0          20         8          8          0.1334     2.7479     0          9          11         14         16         19         27        
1011       6100       6100       23.75      11.81      0.4971     4.91       0.19       0.19       0.30       8          6.13       0          20         8          8          0.1334     2.7479     0          9          11         14         16         19         27        
1012       6100       6100       23.75      11.37      0.4790     5.02       0.18       0.20       0.31       8          6.13       0          20         8          8          0.1334     2.7479     0          9          11         14         16         19         27        
1013       6100       6100       23.78      11.01      0.4629     4.99       0.19       0.19       0.31       8          6.13       0          20         8          8          0.1334     2.7479     0          9          11         14         16         19         27        
1014       6100       6100       23.74      11.36      0.4787     4.95       0.19       0.19       0.30       8          6.13       0          20         8          8          0.1334     2.7479     0          9          11         14         16         19         27        
1015       6100       6100       23.79      11.62      0.4884     4.96       0.19       0.19       0.30       8          6.13       0          20         8          8          0.1334     2.7479     0          9          11         14         16         19         27        
1016       6100       6100       23.77      11.52      0.4845     5.04       0.19       0.20       0.31       8          6.13       0          20         8          8          0.1334     2.7479     0          9          11         14         16         19         27        
1017       6100       6100       23.77      11.58      0.4873     5.09       0.21       0.19       0.31       8          6.13       0          20         8          8          0.1334     2.7479     0          9          11         14         16         19         27        
1018       6100       6100       23.76      11.72      0.4934     4.97       0.19       0.18       0.31       8          6.13       0          20         8          8          0.1334     2.7479     0          9          11         14         16         19         27        
1019       6100       6100       23.76      11.93      0.5020     5.06       0.20       0.19       0.31       8          6.13       0          20         8          8          0.1334     2.7479     0          9          11         14         16         19         27        
1020       6100       6100       23.78      11.38      0.4784     5.03       0.19       0.19       0.31       8          6.13       0          20         8          8          0.1334     2.7479     0          9          11         14         16         19         27        
1021       6100       6100       23.78      11.94      0.5019     4.99       0.19       0.19       0.31       8          6.13       0          20         8          8          0.1334     2.7479     0          9          11         14         16         19         27        
1022       6100       6100       23.79      11.81      0.4965     5.06       0.20       0.20       0.30       8          6.13       0          20         8          8          0.1334     2.7479     0          9          11         14         16         19         27        
1023       6100       6100       23.76      11.68      0.4914     4.97       0.20       0.19       0.30       8          6.13       0          20         8          8          0.1334     2.7479     0          9          11         14         16         19         27        
1024       6100       6100       23.80      11.78      0.4949     5.05       0.20       0.20       0.31       8          6.13       0          20         8          8          0.1334     2.7479     0          9          11         14         16         19         27        
1025       6100       6100       23.77      11.78      0.4955     5.02       0.19       0.20       0.31       8          6.13       0          20         8          8          0.1334     2.7479     0          9          11         14         16         19         27        
1026       6100       6100       23.80      12.10      0.5083     5.00       0.19       0.19       0.31       8          6.13       0          20         8          8          0.1334     2.7479     0          9          11         14         16         19         27        
 of 97.66%
occupancy of 97.66%
occupancy of 97.66%
occupancy of 97.66%
occupancy of 97.66%
occupancy of 97.66%
occupancy of 97.66%
occupancy of 97.66%
occupancy of 97.66%
occupancy of 97.66%
occupancy of 97.66%
occupancy of 97.66%
occupancy of 97.66%
occupancy of 97.66%
occupancy of 97.66%
occupancy of 97.66%
occupancy of 97.66%
occupancy of 97.66%
occupancy of 97.66%
occupancy of 97.66%
occupancy of 97.66%
occupancy of 97.66%
occupancy of 97.66%
occupancy of 97.66%
occupancy of 97.66%
occupancy of 97.66%
occupancy of 97.66%
occupancy of 97.66%
occupancy of 97.66%
occupancy of 97.66%
occupancy of 97.66%
occupancy of 97.66%
occupancy of 97.66%
occupancy of 97.66%
occupancy of 97.66%
occupancy of 97.66%
occupancy of 97.66%
occupancy of 97.66%
occupancy of 97.66%
occupancy of 97.66%
occupancy of 97.66%
occupancy of 97.66%
occupancy of 97.66%
occupancy of 97.66%
occupancy of 97.66%
occupancy of 97.66%
occupancy of 97.66%
occupancy of 97.66%
occupancy of 97.66%
occupancy of 97.66%
occupancy of 97.66%
occupancy of 97.66%
occupancy of 97.66%
occupancy of 97.66%
occupancy of 97.66%
occupancy of 97.66%
occupancy of 97.66%
occupancy of 97.66%
occupancy of 97.66%
occupancy of 97.66%
occupancy of 97.66%
occupancy of 98.44%
occupancy of 98.44%
occupancy of 98.44%
occupancy of 98.44%
occupancy of 98.44%
occupancy of 98.44%
occupancy of 98.44%
occupancy of 98.44%
occupancy of 98.44%
occupancy of 98.44%
occupancy of 98.44%
occupancy of 98.44%
occupancy of 98.44%
occupancy of 98.44%
occupancy of 98.44%
occupancy of 98.44%
occupancy of 98.44%
occupancy of 98.44%
occupancy of 98.44%
occupancy of 98.44%
occupancy of 98.44%
occupancy of 98.44%
occupancy of 98.44%
occupancy of 98.44%
occupancy of 98.44%
occupancy of 98.44%
occupancy of 98.44%
occupancy of 98.44%
occupancy of 98.44%
occupancy of 98.44%
occupancy of 98.44%
occupancy of 98.44%
occupancy of 98.44%
occupancy of 98.44%
occupancy of 98.44%
occupancy of 98.44%
occupancy of 98.44%
occupancy of 98.44%
occupancy of 98.44%
occupancy of 98.44%
occupancy of 98.44%
occupancy of 98.44%
occupancy of 98.44%
occupancy of 98.44%
occupancy of 98.44%
occupancy of 98.44%
occupancy of 98.44%
occupancy of 98.44%
occupancy of 98.44%
occupancy of 98.44%
occupancy of 98.44%
occupancy of 98.44%
occupancy of 98.44%
occupancy of 98.44%
occupancy of 98.44%
occupancy of 98.44%
occupancy of 98.44%
occupancy of 98.44%
occupancy of 98.44%
occupancy of 98.44%
occupancy of 98.44%
occupancy of 98.44%
occupancy of 98.44%
occupancy of 98.44%
occupancy of 98.44%
occupancy of 98.44%
occupancy of 98.44%
occupancy of 98.44%
occupancy of 98.44%
occupancy of 98.44%
occupancy of 98.44%
occupancy of 98.44%
occupancy of 98.44%
occupancy of 98.44%
occupancy of 98.44%
occupancy of 98.44%
occupancy of 98.44%
occupancy of 98.44%
occupancy of 98.44%
occupancy of 98.44%
occupancy of 98.44%
occupancy of 98.44%
occupancy of 98.44%
occupancy of 98.44%
occupancy of 98.44%
occupancy of 98.44%
occupancy of 98.44%
occupancy of 98.44%
occupancy of 98.44%
occupancy of 98.44%
occupancy of 98.44%
occupancy of 98.44%
occupancy of 98.44%
occupancy of 98.44%
occupancy of 98.44%
occupancy of 98.44%
occupancy of 98.44%
occupancy of 98.44%
occupancy of 98.44%
occupancy of 98.44%
occupancy of 98.44%
occupancy of 98.44%
occupancy of 98.44%
occupancy of 98.44%
occupancy of 98.44%
occupancy of 98.44%
occupancy of 98.44%
occupancy of 98.44%
occupancy of 98.44%
occupancy of 98.44%
occupancy of 98.44%
occupancy of 98.44%
occupancy of 98.44%
occupancy of 98.44%
occupancy of 98.44%
occupancy of 98.44%
occupancy of 98.44%
occupancy of 98.44%
occupancy of 98.44%
occupancy of 98.44%
occupancy of 98.44%
occupancy of 98.44%
occupancy of 98.44%
occupancy of 98.44%
occupancy of 98.44%
occupancy of 98.44%
occupancy of 98.44%
occupancy of 98.44%
occupancy of 98.44%
occupancy of 98.44%
occupancy of 98.44%
occupancy of 98.44%
occupancy of 98.44%
occupancy of 98.44%
occupancy of 98.44%
occupancy of 98.44%
occupancy of 98.44%
occupancy of 98.44%
occupancy of 98.44%
occupancy of 98.44%
occupancy of 98.44%
occupancy of 98.44%
occupancy of 98.44%
occupancy of 98.44%
occup1027       6100       6100       23.77      11.52      0.4845     5.05       0.20       0.19       0.31       8          6.13       0          20         8          8          0.1334     2.7479     0          9          11         14         16         19         27        
1028       6100       6100       23.80      11.46      0.4814     5.09       0.20       0.20       0.31       8          6.13       0          20         8          8          0.1334     2.7479     0          9          11         14         16         19         27        
1029       6100       6100       23.76      11.82      0.4973     5.14       0.20       0.20       0.31       8          6.13       0          20         8          8          0.1334     2.7479     0          9          11         14         16         19         27        
1030       6100       6100       23.79      11.48      0.4826     5.07       0.18       0.20       0.31       8          6.13       0          20         8          8          0.1334     2.7479     0          9          11         14         16         19         27        
1031       6100       6100       23.77      12.31      0.5180     5.03       0.19       0.19       0.31       8          6.13       0          20         8          8          0.1334     2.7479     0          9          11         14         16         19         27        
1032       6100       6100       23.77      11.68      0.4914     4.95       0.19       0.19       0.31       8          6.13       0          20         8          8          0.1334     2.7479     0          9          11         14         16         19         27        
1033       6100       6100       23.80      11.62      0.4881     5.07       0.19       0.19       0.31       8          6.13       0          20         8          8          0.1334     2.7479     0          9          11         14         16         19         27        
1034       6100       6100       23.78      11.53      0.4846     5.09       0.19       0.19       0.31       8          6.13       0          20         8          8          0.1334     2.7479     0          9          11         14         16         19         27        
1035       6100       6100       23.78      11.87      0.4992     5.01       0.18       0.19       0.31       8          6.13       0          20         8          8          0.1334     2.7479     0          9          11         14         16         19         27        
1036       6100       6100       23.78      11.96      0.5031     4.93       0.19       0.18       0.31       8          6.13       0          20         8          8          0.1334     2.7479     0          9          11         14         16         19         27        
1037       6100       6100       23.78      11.71      0.4924     4.97       0.19       0.18       0.31       8          6.13       0          20         8          8          0.1334     2.7479     0          9          11         14         16         19         27        
1038       6100       6100       23.78      11.55      0.4856     4.96       0.20       0.18       0.31       8          6.13       0          20         8          8          0.1334     2.7479     0          9          11         14         16         19         27        
1039       6100       6100       23.82      11.77      0.4941     4.98       0.19       0.19       0.30       8          6.13       0          20         8          8          0.1334     2.7479     0          9          11         14         16         19         27        
1040       6100       6100       23.75      11.77      0.4955     4.98       0.20       0.19       0.30       8          6.13       0          20         8          8          0.1334     2.7479     0          9          11         14         16         19         27        
1041       6100       6100       23.78      12.11      0.5094     4.96       0.20       0.19       0.31       8          6.13       0          20         8          8          0.1334     2.7479     0          9          11         14         16         19         27        
1042       6100       6100       23.79      11.55      0.4857     4.87       0.18       0.18       0.30       8          6.13       0          20         8          8          0.1334     2.7479     0          9          11         14         16         19         27        
1043       6100       6100       23.81      11.52      0.4841     4.96       0.18       0.20       0.30       8          6.13       0          20         8          8          0.1334     2.7479     0          9          11         14         16         19         27        
1044       6100       6100       23.79      11.13      0.4678     4.90       0.18       0.19       0.30       8          6.13       0          20         8          8          0.1334     2.7479     0          9          11         14         16         19         27        
1045       6100       6100       23.79      11.25      0.4727     4.96       0.19       0.19       0.31       8          6.13       0          20         8          8          0.1334     2.7479     0          9          11         14         16         19         27        
1046       6100       6100       23.76      11.48      0.4833     4.96       0.18       0.19       0.30       8          6.13       0          20         8          8          0.1334     2.7479     0          9          11         14         16         19         27        
1047       6100       6100       23.78      11.61      0.4883     5.08       0.20       0.20       0.30       8          6.13       0          20         8          8          0.1334     2.7479     0          9          11         14         16         19         27        
1048       6100       6100       23.76      11.13      0.4682     4.88       0.19       0.18       0.30       8          6.13       0          20         8          8          0.1334     2.7479     0          9          11         14         16         19         27        
1049       6100       6100       23.80      11.97      0.5029     4.98       0.20       0.18       0.31       8          6.13       0          20         8          8          0.1334     2.7479     0          9          11         14         16         19         27        
1050       6100       6100       23.80      11.29      0.4743     5.04       0.20       0.19       0.31       8          6.13       0          20         8          8          0.1334     2.7479     0          9          11         14         16         19         27        
1051       6100       6100       23.78      11.42      0.4801     4.94       0.19       0.18       0.31       8          6.13       0          20         8          8          0.1334     2.7479     0          9          11         14         16         19         27        
1052       6100       6100       23.78      11.94      0.5022     4.93       0.19       0.18       0.31       8          6.13       0          20         8          8          0.1334     2.7480     0          9          11         14         16         19         27        
1053       6100       6100       23.77      11.54      0.4853     4.91       0.19       0.18       0.31       8          6.13       0          20         8          8          0.1334     2.7480     0          9          11         14         16         19         27        
1054       6100       6100       23.78      11.78      0.4955     4.95       0.19       0.20       0.30       8          6.13       0          20         8          8          0.1334     2.7480     0          9          11         14         16         19         27        
1055       6100       6100       23.76      11.32      0.4762     4.89       0.18       0.18       0.30       8          6.13       0          20         8          8          0.1334     2.7480     0          9          11         14         16         19         27        
1056       6100       6100       23.81      11.47      0.4817     4.97       0.19       0.18       0.31       8          6.13       0          20         8          8          0.1334     2.7480     0          9          11         14         16         19         27        
1057       6100       6100       23.78      11.58      0.4867     5.00       0.19       0.18       0.31       8          6.13       0          20         8          8          0.1334     2.7480     0          9          11         14         16         19         27        
1058       6100       6100       23.83      11.78      0.4945     4.96       0.18       0.18       0.31       8          6.13       0          20         8          8          0.1334     2.7480     0          9          11         14         16         19         27        
1059       6100       6100       23.81      11.93      0.5011     5.00       0.20       0.18       0.31       8          6.13       0          20         8          8          0.1334     2.7480     0          9          11         14         16         19         27        
1060       6100       6100       23.77      11.20      0.4711     4.94       0.19       0.17       0.31       8          6.13       0          20         8          8          0.1334     2.7480     0          9          11         14         16         19         27        
1061       6100       6100       23.77      11.62      0.4891     4.96       0.19       0.18       0.31       8          6.13       0          20         8          8          0.1334     2.7480     0          9          11         14         16         19         27        
1062       6100       6100       23.78      11.60      0.4880     5.01       0.20       0.18       0.31       8          6.13       0          20         8          8          0.1334     2.7480     0          9          11         14         16         19         27        
1063       6100       6100       23.74      11.21      0.4720     4.96       0.19       0.19       0.30       8          6.13       0          20         8          8          0.1334     2.7480     0          9          11         14         16         19         27        
1064       6100       6100       23.76      11.64      0.4900     5.02       0.18       0.19       0.31       8          6.13       0          20         8          8          0.1334     2.7480     0          9          11         14         16         19         27        
1065       6100       6100       23.75      11.82      0.4978     5.01       0.19       0.18       0.31       8          6.13       0          20         8          8          0.1334     2.7480     0          9          11         14         16         19         27        
1066       6100       6100       23.79      11.88      0.4994     5.02       0.19       0.19       0.31       8          6.13       0          20         8          8          0.1334     2.7480     0          9          11         14         16         19         27        
1067       6100       6100       23.76      11.37      0.4787     5.01       0.19       0.19       0.31       8          6.13       0          20         8          8          0.1334     2.7480     0          9          11         14         16         19         27        
1068       6100       6100       23.76      12.04      0.5069     4.96       0.20       0.19       0.31       8          6.13       0          20         8          8          0.1334     2.7480     0          9          11         14         16         19         27        
1069       6100       6100       23.77      11.38      0.4788     4.97       0.18       0.19       0.31       8          6.13       0          20         8          8          0.1334     2.7480     0          9          11         14         16         19         27        
1070       6100       6100       23.78      11.63      0.4890     4.89       0.19       0.19       0.30       8          6.13       0          20         8          8          0.1334     2.7480     0          9          11         14         16         19         27        
1071       6100       6100       23.75      11.42      0.4808     4.93       0.19       0.19       0.30       8          6.13       0          20         8          8          0.1334     2.7480     0          9          11         14         16         19         27        
1072       6100       6100       23.79      11.50      0.4835     4.95       0.19       0.19       0.30       8          6.13       0          20         8          8          0.1334     2.7480     0          9          11         14         16         19         27        
1073       6100       6100       23.78      11.56      0.4862     4.98       0.18       0.20       0.30       8          6.13       0          20         8          8          0.1334     2.7480     0          9          11         14         16         19         27        
1074       6100       6100       23.78      11.29      0.4747     4.93       0.19       0.18       0.31       8          6.13       0          20         8          8          0.1334     2.7480     0          9          11         14         16         19         27        
1075       6100       6100       23.77      11.33      0.4769     5.00       0.19       0.19       0.31       8          6.13       0          20         8          8          0.1334     2.7480     0          9          11         14         16         19         27        
1076       6100       6100       23.75      11.38      0.4789     4.96       0.19       0.19       0.31       8          6.13       0          20         8          8          0.1334     2.7480     0          9          11         14         16         19         27        
1077       6100       6100       23.77      11.33      0.4767     5.06       0.20       0.19       0.31       8          6.13       0          20         8          8          0.1334     2.7480     0          9          11         14         16         19         27        
1078       6100       6100       23.74      11.95      0.5032     5.08       0.20       0.20       0.31       8          6.13       0          20         8          8          0.1334     2.7480     0          9          11         14         16         19         27        
1079       6100       6100       23.74      11.56      0.4871     4.95       0.19       0.18       0.30       8          6.13       0          20         8          8          0.1334     2.7480     0          9          11         14         16         19         27        
1080       6100       6100       23.78      11.93      0.5017     5.07       0.21       0.19       0.31       8          6.13       0          20         8          8          0.1334     2.7480     0          9          11         14         16         19         27        
1081       6100       6100       23.75      11.53      0.4854     5.05       0.21       0.19       0.30       8          6.13       0          20         8          8          0.1334     2.7480     0          9          11         14         16         19         27        
1082       6100       6100       23.74      11.61      0.4889     5.03       0.18       0.19       0.31       8          6.13       0          20         8          8          0.1334     2.7480     0          9          11         14         16         19         27        
1083       6100       6100       23.76      11.85      0.4989     5.01       0.18       0.20       0.30       8          6.13       0          20         8          8          0.1334     2.7480     0          9          11         14         16         19         27        
1084       6100       6100       23.78      11.68      0.4914     5.06       0.19       0.19       0.31       8          6.13       0          20         8          8          0.1334     2.7480     0          9          11         14         16         19         27        
1085       6100       6100       23.76      11.82      0.4974     5.03       0.19       0.19       0.31       8          6.13       0          20         8          8          0.1334     2.7480     0          9          11         14         16         19         27        
1086       6100       6100       23.80      11.74      0.4934     4.92       0.19       0.19       0.30       8          6.13       0          20         8          8          0.1334     2.7480     0          9          11         14         16         19         27        
1087       6100       6100       23.74      11.64      0.4901     4.95       0.18       0.19       0.30       8          6.13       0          20         8          8          0.1334     2.7479     0          9          11         14         16         19         27        
1088       6100       6100       23.77      11.40      0.4794     4.93       0.17       0.19       0.31       8          6.13       0          20         8          8          0.1334     2.7479     0          9          11         14         16         19         27        
1089       6100       6100       23.76      11.22      0.4720     4.96       0.18       0.19       0.31       8          6.13       0          20         8          8          0.1334     2.7479     0          9          11         14         16         19         27        
1090       6100       6100       23.74      11.31      0.4763     5.00       0.19       0.19       0.31       8          6.13       0          20         8          8          0.1334     2.7479     0          9          11         14         16         19         27        
1091       6100       6100       23.75      11.52      0.4852     5.00       0.19       0.19       0.31       8          6.13       0          20         8          8          0.1334     2.7479     0          9          11         14         16         19         27        
1092       6100       6100       23.76      11.11      0.4679     5.10       0.19       0.19       0.32       8          6.13       0          20         8          8          0.1334     2.7479     0          9          11         14         16         19         27        
1093       6100       6100       23.74      11.59      0.4882     4.98       0.19       0.18       0.31       8          6.13       0          20         8          8          0.1334     2.7479     0          9          11         14         16         19         27        
1094       6100       6100       23.76      11.71      0.4928     4.88       0.17       0.18       0.30       8          6.13       0          20         8          8          0.1334     2.7479     0          9          11         14         16         19         27        
1095       6100       6100       23.75      11.44      0.4816     4.95       0.19       0.17       0.31       8          6.13       0          20         8          8          0.1334     2.7479     0          9          11         14         16         19         27        
1096       6100       6100       23.76      11.86      0.4990     4.89       0.18       0.19       0.30       8          6.13       0          20         8          8          0.1334     2.7479     0          9          11         14         16         19         27        
1097       6100       6100       23.78      11.64      0.4893     4.92       0.19       0.19       0.30       8          6.13       0          20         8          8          0.1334     2.7479     0          9          11         14         16         19         27        
1098       6100       6100       23.73      11.41      0.4808     4.85       0.18       0.19       0.30       8          6.13       0          20         8          8          0.1334     2.7479     0          9          11         14         16         19         27        
1099       6100       6100       23.76      11.44      0.4816     4.96       0.19       0.19       0.31       8          6.13       0          20         8          8          0.1333     2.7479     0          9          11         14         16         19         27        
1100       6100       6100       23.76      11.66      0.4906     5.07       0.20       0.19       0.31       8          6.13       0          20         8          8          0.1333     2.7479     0          9          11         14         16         19         27        
1101       6100       6100       23.75      11.74      0.4943     5.07       0.20       0.18       0.32       8          6.13       0          20         8          8          0.1333     2.7479     0          9          11         14         16         19         27        
1102       6100       6100       23.74      11.59      0.4879     5.01       0.20       0.19       0.31       8          6.13       0          20         8          8          0.1333     2.7479     0          9          11         14         16         19         27        
1103       6100       6100       23.75      11.79      0.4964     5.02       0.19       0.20       0.31       8          6.13       0          20         8          8          0.1333     2.7479     0          9          11         14         16         19         27        
1104       6100       6100       23.73      11.72      0.4936     4.94       0.17       0.18       0.31       8          6.13       0          20         8          8          0.1333     2.7479     0          9          11         14         16         19         27        
1105       6100       6100       23.75      11.77      0.4957     4.88       0.17       0.18       0.31       8          6.13       0          20         8          8          0.1333     2.7479     0          9          11         14         16         19         27        
1106       6100       6100       23.76      11.53      0.4854     4.95       0.18       0.18       0.31       8          6.13       0          20         8          8          0.1333     2.7479     0          9          11         14         16         19         27        
1107       6100       6100       23.77      11.81      0.4967     5.00       0.18       0.19       0.31       8          6.13       0          20         8          8          0.1333     2.7479     0          9          11         14         16         19         27        
1108       6100       6100       23.78      11.91      0.5008     4.92       0.17       0.18       0.31       8          6.13       0          20         8          8          0.1333     2.7479     0          9          11         14         16         19         27        
1109       6100       6100       23.75      11.91      0.5015     5.06       0.18       0.20       0.31       8          6.13       0          20         8          8          0.1333     2.7479     0          9          11         14         16         19         27        
1110       6100       6100       23.77      11.87      0.4993     5.03       0.19       0.19       0.31       8          6.13       0          20         8          8          0.1333     2.7479     0          9          11         14         16         19         27        
1111       6100       6100       23.75      11.55      0.4862     4.99       0.19       0.19       0.31       8          6.13       0          20         8          8          0.1333     2.7479     0          9          11         14         16         19         27        
1112       6100       6100       23.77      12.15      0.5113     5.06       0.20       0.19       0.31       8          6.13       0          20         8          8          0.1333     2.7479     0          9          11         14         16         19         27        
1113       6100       6100       23.75      11.59      0.4879     5.07       0.19       0.19       0.31       8          6.13       0          20         8          8          0.1333     2.7479     0          9          11         14         16         19         27        
1114       6100       6100       23.76      12.27      0.5164     5.01       0.20       0.20       0.30       8          6.13       0          20         8          8          0.1333     2.7479     0          9          11         14         16         19         27        
1115       6100       6100       23.75      11.62      0.4891     5.08       0.19       0.19       0.31       8          6.13       0          20         8          8          0.1333     2.7479     0          9          11         14         16         19         27        
1116       6100       6100       23.78      11.63      0.4889     4.99       0.19       0.19       0.30       8          6.13       0          20         8          8          0.1333     2.7479     0          9          11         14         16         19         27        
1117       6100       6100       23.77      11.26      0.4738     5.01       0.19       0.19       0.31       8          6.13       0          20         8          8          0.1333     2.7479     0          9          11         14         16         19         27        
1118       6100       6100       23.77      11.38      0.4790     5.03       0.19       0.19       0.31       8          6.13       0          20         8          8          0.1333     2.7479     0          9          11         14         16         19         27        
1119       6100       6100       23.74      11.57      0.4872     4.99       0.20       0.19       0.30       8          6.13       0          20         8          8          0.1333     2.7479     0          9          11         14         16         19         27        
1120       6100       6100       23.78      11.69      0.4917     5.11       0.19       0.20       0.31       8          6.13       0          20         8          8          0.1333     2.7479     0          9          11         14         16         19         27        
1121       6100       6100       23.76      11.54      0.4856     5.09       0.19       0.20       0.31       8          6.13       0          20         8          8          0.1333     2.7479     0          9          11         14         16         19         27        
1122       6100       6100       23.80      12.09      0.5080     5.00       0.19       0.19       0.31       8          6.13       0          20         8          8          0.1333     2.7479     0          9          11         14         16         19         27        
1123       6100       6100       23.77      11.46      0.4824     5.10       0.20       0.20       0.30       8          6.13       0          20         8          8          0.1333     2.7479     0          9          11         14         16         19         27        
1124       6100       6100       23.75      11.76      0.4950     5.00       0.19       0.19       0.30       8          6.13       0          20         8          8          0.1333     2.7479     0          9          11         14         16         19         27        
1125       6100       6100       23.77      11.88      0.4998     4.96       0.19       0.19       0.30       8          6.13       0          20         8          8          0.1333     2.7479     0          9          11         14         16         19         27        
1126       6100       6100       23.74      11.29      0.4755     5.11       0.21       0.20       0.31       8          6.13       0          20         8          8          0.1333     2.7479     0          9          11         14         16         19         27        
1127       6100       6100       23.77      11.19      0.4708     5.06       0.20       0.19       0.31       8          6.13       0          20         8          8          0.1333     2.7479     0          9          11         14         16         19         27        
1128       6100       6100       23.78      12.01      0.5053     5.00       0.19       0.18       0.31       8          6.13       0          20         8          8          0.1333     2.7479     0          9          11         14         16         19         27        
1129       6100       6100       23.78      11.79      0.4960     5.00       0.19       0.19       0.31       8          6.13       0          20         8          8          0.1333     2.7479     0          9          11         14         16         19         27        
1130       6100       6100       23.76      11.33      0.4770     5.01       0.19       0.20       0.30       8          6.13       0          20         8          8          0.1333     2.7479     0          9          11         14         16         19         27        
1131       6100       6100       23.75      11.49      0.4839     4.98       0.20       0.19       0.30       8          6.13       0          20         8          8          0.1333     2.7479     0          9          11         14         16         19         27        
1132       6100       6100       23.74      11.10      0.4675     5.00       0.19       0.19       0.31       8          6.13       0          20         8          8          0.1333     2.7479     0          9          11         14         16         19         27        
1133       6100       6100       23.78      11.84      0.4977     4.93       0.19       0.19       0.30       8          6.13       0          20         8          8          0.1333     2.7479     0          9          11         14         16         19         27        
1134       6100       6100       23.77      11.74      0.4938     4.91       0.19       0.18       0.30       8          6.13       0          20         8          8          0.1333     2.7479     0          9          11         14         16         19         27        
1135       6100       6100       23.78      11.64      0.4896     5.03       0.21       0.19       0.30       8          6.13       0          20         8          8          0.1333     2.7479     0          9          11         14         16         19         27        
1136       6100       6100       23.78      11.18      0.4703     5.06       0.21       0.19       0.30       8          6.13       0          20         8          8          0.1333     2.7479     0          9          11         14         16         19         27        
1137       6100       6100       23.76      11.51      0.4844     5.00       0.20       0.18       0.31       8          6.13       0          20         8          8          0.1333     2.7479     0          9          11         14         16         19         27        
1138       6100       6100       23.75      11.85      0.4991     5.02       0.20       0.19       0.31       8          6.13       0          20         8          8          0.1333     2.7479     0          9          11         14         16         19         27        
1139       6100       6100       23.76      11.78      0.4959     5.01       0.19       0.19       0.31       8          6.13       0          20         8          8          0.1333     2.7479     0          9          11         14         16         19         27        
1140       6100       6100       23.74      12.00      0.5056     4.93       0.19       0.19       0.30       8          6.13       0          20         8          8          0.1333     2.7479     0          9          11         14         16         19         27        
1141       6100       6100       23.74      11.53      0.4858     4.95       0.19       0.19       0.31       8          6.13       0          20         8          8          0.1333     2.7479     0          9          11         14         16         19         27        
1142       6100       6100       23.76      11.02      0.4636     4.98       0.21       0.19       0.30       8          6.13       0          20         8          8          0.1333     2.7479     0          9          11         14         16         19         27        
1143       6100       6100       23.74      11.47      0.4833     5.03       0.21       0.19       0.30       8          6.13       0          20         8          8          0.1333     2.7479     0          9          11         14         16         19         27        
1144       6100       6100       23.75      12.01      0.5057     5.06       0.19       0.19       0.31       8          6.13       0          20         8          8          0.1333     2.7479     0          9          11         14         16         19         27        
1145       6100       6100       23.76      11.85      0.4988     5.01       0.18       0.19       0.31       8          6.13       0          20         8          8          0.1333     2.7479     0          9          11         14         16         19         27        
1146       6100       6100       23.74      11.61      0.4891     5.03       0.19       0.20       0.31       8          6.13       0          20         8          8          0.1333     2.7479     0          9          11         14         16         19         27        
1147       6100       6100       23.75      11.42      0.4808     5.13       0.20       0.19       0.32       8          6.13       0          20         8          8          0.1333     2.7479     0          9          11         14         16         19         27        
1148       6100       6100       23.75      11.70      0.4924     4.94       0.19       0.19       0.30       8          6.13       0          20         8          8          0.1333     2.7479     0          9          11         14         16         19         27        
1149       6100       6100       23.74      11.79      0.4966     5.01       0.19       0.20       0.30       8          6.13       0          20         8          8          0.1333     2.7479     0          9          11         14         16         19         27        
1150       6100       6100       23.75      11.43      0.4810     5.01       0.20       0.20       0.30       8          6.13       0          20         8          8          0.1333     2.7479     0          9          11         14         16         19         27        
1151       6100       6100       23.73      11.19      0.4715     5.13       0.21       0.21       0.30       8          6.13       0          20         8          8          0.1333     2.7479     0          9          11         14         16         19         27        
1152       6100       6100       23.76      11.97      0.5038     5.06       0.21       0.20       0.30       8          6.13       0          20         8          8          0.1333     2.7479     0          9          11         14         16         19         27        
1153       6100       6100       23.73      11.84      0.4990     5.09       0.19       0.20       0.31       8          6.13       0          20         8          8          0.1333     2.7479     0          9          11         14         16         19         27        
1154       6100       6100       23.73      11.45      0.4823     5.19       0.20       0.21       0.31       8          6.13       0          20         8          8          0.1333     2.7479     0          9          11         14         16         19         27        
1155       6100       6100       23.72      11.98      0.5050     5.12       0.21       0.20       0.30       8          6.13       0          20         8          8          0.1333     2.7479     0          9          11         14         16         19         27        
1156       6100       6100       23.73      11.94      0.5033     5.12       0.21       0.20       0.30       8          6.13       0          20         8          8          0.1333     2.7479     0          9          11         14         16         19         27        
1157       6100       6100       23.74      11.72      0.4936     5.00       0.19       0.20       0.30       8          6.13       0          20         8          8          0.1333     2.7479     0          9          11         14         16         19         27        
1158       6100       6100       23.73      11.54      0.4863     5.01       0.20       0.19       0.30       8          6.13       0          20         8          8          0.1333     2.7479     0          9          11         14         16         19         27        
1159       6100       6100       23.75      11.44      0.4816     5.13       0.20       0.19       0.31       8          6.13       0          20         8          8          0.1333     2.7479     0          9          11         14         16         19         27        
1160       6100       6100       23.74      11.34      0.4777     4.99       0.20       0.20       0.30       8          6.13       0          20         8          8          0.1333     2.7479     0          9          11         14         16         19         27        
1161       6100       6100       23.78      11.71      0.4926     4.96       0.19       0.19       0.30       8          6.13       0          20         8          8          0.1333     2.7479     0          9          11         14         16         19         27        
1162       6100       6100       23.76      11.76      0.4948     5.17       0.22       0.20       0.31       8          6.13       0          20         8          8          0.1333     2.7479     0          9          11         14         16         19         27        
1163       6100       6100       23.73      11.60      0.4891     5.11       0.21       0.20       0.31       8          6.13       0          20         8          8          0.1333     2.7479     0          9          11         14         16         19         27        
1164       6100       6100       23.73      11.76      0.4956     5.11       0.21       0.20       0.30       8          6.13       0          20         8          8          0.1333     2.7479     0          9          11         14         16         19         27        
1165       6100       6100       23.71      11.96      0.5047     5.04       0.20       0.20       0.30       8          6.13       0          20         8          8          0.1333     2.7479     0          9          11         14         16         19         27        
1166       6100       6100       23.74      11.86      0.4996     5.15       0.19       0.20       0.31       8          6.13       0          20         8          8          0.1333     2.7479     0          9          11         14         16         19         27        
1167       6100       6100       23.73      11.68      0.4922     5.14       0.21       0.20       0.31       8          6.13       0          20         8          8          0.1333     2.7479     0          9          11         14         16         19         27        
1168       6100       6100       23.73      11.89      0.5010     5.07       0.19       0.19       0.31       8          6.13       0          20         8          8          0.1333     2.7479     0          9          11         14         16         19         27        
1169       6100       6100       23.72      11.32      0.4774     5.10       0.21       0.21       0.30       8          6.13       0          20         8          8          0.1333     2.7479     0          9          11         14         16         19         27        
1170       6100       6100       23.74      12.24      0.5154     5.16       0.20       0.20       0.31       8          6.13       0          20         8          8          0.1333     2.7479     0          9          11         14         16         19         27        
1171       6100       6100       23.77      11.96      0.5032     5.07       0.19       0.20       0.31       8          6.13       0          20         8          8          0.1333     2.7479     0          9          11         14         16         19         27        
1172       6100       6100       23.73      11.84      0.4989     5.06       0.20       0.20       0.30       8          6.13       0          20         8          8          0.1333     2.7479     0          9          11         14         16         19         27        
1173       6100       6100       23.75      11.72      0.4937     5.19       0.20       0.20       0.31       8          6.13       0          20         8          8          0.1333     2.7479     0          9          11         14         16         19         27        
1174       6100       6100       23.73      11.85      0.4991     5.21       0.20       0.21       0.31       8          6.13       0          20         8          8          0.1333     2.7479     0          9          11         14         16         19         27        
1175       6100       6100       23.76      11.77      0.4954     5.08       0.21       0.20       0.31       8          6.13       0          20         8          8          0.1333     2.7479     0          9          11         14         16         19         27        
1176       6100       6100       23.76      12.07      0.5083     5.12       0.20       0.20       0.31       8          6.13       0          20         8          8          0.1333     2.7479     0          9          11         14         16         19         27        
1177       6100       6100       23.73      11.86      0.5000     5.13       0.20       0.20       0.31       8          6.13       0          20         8          8          0.1333     2.7479     0          9          11         14         16         19         27        
1178       6100       6100       23.75      12.02      0.5061     5.16       0.21       0.20       0.31       8          6.13       0          20         8          8          0.1333     2.7479     0          9          11         14         16         19         27        
1179       6100       6100       23.75      12.09      0.5092     5.08       0.19       0.20       0.30       8          6.13       0          20         8          8          0.1333     2.7479     0          9          11         14         16         19         27        
1180       6100       6100       23.73      11.90      0.5013     5.18       0.21       0.20       0.31       8          6.13       0          20         8          8          0.1333     2.7479     0          9          11         14         16         19         27        
1181       6100       6100       23.74      12.09      0.5091     5.08       0.20       0.20       0.30       8          6.13       0          20         8          8          0.1333     2.7479     0          9          11         14         16         19         27        
1182       6100       6100       23.74      12.62      0.5314     5.13       0.19       0.20       0.31       8          6.13       0          20         8          8          0.1333     2.7479     0          9          11         14         16         19         27        
1183       6100       6100       23.74      11.79      0.4967     5.13       0.21       0.19       0.31       8          6.13       0          20         8          8          0.1333     2.7479     0          9          11         14         16         19         27        
1184       6100       6100       23.74      11.94      0.5028     5.21       0.22       0.20       0.31       8          6.13       0          20         8          8          0.1333     2.7479     0          9          11         14         16         19         27        
1185       6100       6100       23.75      12.17      0.5124     5.08       0.21       0.20       0.31       8          6.13       0          20         8          8          0.1333     2.7479     0          9          11         14         16         19         27        
1186       6100       6100       23.75      11.53      0.4855     5.16       0.21       0.20       0.31       8          6.13       0          20         8          8          0.1333     2.7479     0          9          11         14         16         19         27        
1187       6100       6100       23.74      11.43      0.4815     5.17       0.22       0.20       0.31       8          6.13       0          20         8          8          0.1333     2.7479     0          9          11         14         16         19         27        
1188       6100       6100       23.75      12.01      0.5059     5.15       0.22       0.20       0.30       8          6.13       0          20         8          8          0.1333     2.7479     0          9          11         14         16         19         27        
1189       6100       6100       23.77      12.05      0.5071     5.13       0.21       0.20       0.31       8          6.13       0          20         8          8          0.1333     2.7479     0          9          11         14         16         19         27        
1190       6100       6100       23.74      11.60      0.4884     5.17       0.20       0.20       0.31       8          6.13       0          20         8          8          0.1333     2.7477     0          9          11         14         16         19         27        
1191       6100       6100       23.73      11.69      0.4925     5.16       0.21       0.20       0.31       8          6.13       0          20         8          8          0.1333     2.7477     0          9          11         14         16         19         27        
1192       6100       6100       23.72      11.77      0.4961     5.21       0.20       0.21       0.31       8          6.13       0          20         8          8          0.1333     2.7477     0          9          11         14         16         19         27        
1193       6100       6100       23.72      12.16      0.5129     5.18       0.22       0.19       0.31       8          6.13       0          20         8          8          0.1333     2.7477     0          9          11         14         16         19         27        
1194       6100       6100       23.76      11.72      0.4934     5.22       0.22       0.20       0.31       8          6.13       0          20         8          8          0.1333     2.7477     0          9          11         14         16         19         27        
1195       6100       6100       23.70      11.90      0.5023     5.12       0.20       0.20       0.31       8          6.13       0          20         8          8          0.1333     2.7477     0          9          11         14         16         19         27        
1196       6100       6100       23.71      11.58      0.4883     5.14       0.20       0.20       0.31       8          6.13       0          20         8          8          0.1333     2.7477     0          9          11         14         16         19         27        
1197       6100       6100       23.74      11.61      0.4890     5.06       0.20       0.19       0.31       8          6.13       0          20         8          8          0.1333     2.7477     0          9          11         14         16         19         27        
1198       6100       6100       23.71      11.87      0.5006     5.04       0.21       0.19       0.30       8          6.13       0          20         8          8          0.1333     2.7477     0          9          11         14         16         19         27        
1199       6100       6100       23.73      11.62      0.4898     5.16       0.22       0.19       0.31       8          6.13       0          20         8          8          0.1333     2.7477     0          9          11         14         16         19         27        
1200       6100       6100       23.74      11.85      0.4990     5.14       0.20       0.20       0.31       8          6.13       0          20         8          8          0.1333     2.7477     0          9          11         14         16         19         27        
1201       6100       6100       23.74      11.91      0.5016     5.25       0.22       0.20       0.32       8          6.13       0          20         8          8          0.1333     2.7477     0          9          11         14         16         19         27        
1202       6100       6100       23.73      11.95      0.5037     5.06       0.21       0.20       0.30       8          6.13       0          20         8          8          0.1333     2.7477     0          9          11         14         16         19         27        
1203       6100       6100       23.73      12.39      0.5221     5.12       0.20       0.21       0.30       8          6.13       0          20         8          8          0.1333     2.7477     0          9          11         14         16         19         27        
1204       6100       6100       23.74      11.81      0.4974     5.15       0.20       0.20       0.31       8          6.13       0          20         8          8          0.1333     2.7477     0          9          11         14         16         19         27        
1205       6100       6100       23.75      12.09      0.5089     5.14       0.21       0.20       0.31       8          6.13       0          20         8          8          0.1333     2.7477     0          9          11         14         16         19         27        
1206       6100       6100       23.73      11.13      0.4690     5.04       0.20       0.20       0.30       8          6.13       0          20         8          8          0.1333     2.7477     0          9          11         14         16         19         27        
1207       6100       6100       23.73      11.54      0.4862     5.13       0.21       0.20       0.30       8          6.13       0          20         8          8          0.1333     2.7477     0          9          11         14         16         19         27        
1208       6100       6100       23.72      12.14      0.5119     5.13       0.21       0.20       0.30       8          6.13       0          20         8          8          0.1333     2.7477     0          9          11         14         16         19         27        
1209       6100       6100       23.72      11.95      0.5040     5.11       0.20       0.20       0.30       8          6.13       0          20         8          8          0.1333     2.7477     0          9          11         14         16         19         27        
1210       6100       6100       23.74      11.78      0.4961     5.09       0.20       0.20       0.31       8          6.13       0          20         8          8          0.1333     2.7477     0          9          11         14         16         19         27        
1211       6100       6100       23.75      11.99      0.5049     5.02       0.19       0.20       0.30       8          6.13       0          20         8          8          0.1333     2.7477     0          9          11         14         16         19         27        
1212       6100       6100       23.77      11.81      0.4969     5.11       0.20       0.21       0.30       8          6.13       0          20         8          8          0.1333     2.7477     0          9          11         14         16         19         27        
1213       6100       6100       23.76      11.43      0.4808     5.27       0.21       0.22       0.31       8          6.13       0          20         8          8          0.1333     2.7477     0          9          11         14         16         19         27        
1214       6100       6100       23.73      11.74      0.4947     5.29       0.22       0.22       0.31       8          6.13       0          20         8          8          0.1333     2.7477     0          9          11         14         16         19         27        
1215       6100       6100       23.71      12.17      0.5132     5.26       0.22       0.21       0.31       8          6.13       0          20         8          8          0.1333     2.7477     0          9          11         14         16         19         27        
1216       6100       6100       23.74      12.14      0.5113     5.21       0.22       0.21       0.31       8          6.13       0          20         8          8          0.1333     2.7477     0          9          11         14         16         19         27        
1217       6100       6100       23.72      12.09      0.5100     5.15       0.22       0.20       0.30       8          6.13       0          20         8          8          0.1333     2.7477     0          9          11         14         16         19         27        
1218       6100       6100       23.75      11.46      0.4824     5.16       0.22       0.20       0.30       8          6.13       0          20         8          8          0.1333     2.7477     0          9          11         14         16         19         27        
1219       6100       6100       23.73      11.77      0.4958     5.14       0.20       0.20       0.31       8          6.13       0          20         8          8          0.1333     2.7477     0          9          11         14         16         19         27        
1220       6100       6100       23.74      11.60      0.4886     5.09       0.22       0.19       0.30       8          6.13       0          20         8          8          0.1333     2.7477     0          9          11         14         16         19         27        
1221       6100       6100       23.74      12.03      0.5066     5.15       0.20       0.20       0.31       8          6.13       0          20         8          8          0.1333     2.7477     0          9          11         14         16         19         27        
1222       6100       6100       23.75      12.19      0.5134     5.06       0.20       0.19       0.31       8          6.13       0          20         8          8          0.1333     2.7477     0          9          11         14         16         19         27        
1223       6100       6100       23.73      11.70      0.4930     5.15       0.21       0.20       0.31       8          6.13       0          20         8          8          0.1333     2.7477     0          9          11         14         16         19         27        
1224       6100       6100       23.74      11.27      0.4746     5.16       0.21       0.20       0.31       8          6.13       0          20         8          8          0.1333     2.7477     0          9          11         14         16         19         27        
1225       6100       6100       23.76      11.83      0.4979     5.08       0.20       0.20       0.30       8          6.13       0          20         8          8          0.1333     2.7477     0          9          11         14         16         19         27        
1226       6100       6100       23.80      11.58      0.4864     4.99       0.19       0.19       0.30       8          6.13       0          20         8          8          0.1333     2.7477     0          9          11         14         16         19         27        
1227       6100       6100       23.75      11.60      0.4885     5.08       0.20       0.19       0.31       8          6.13       0          20         8          8          0.1333     2.7477     0          9          11         14         16         19         27        
1228       6100       6100       23.78      11.02      0.4635     5.21       0.21       0.20       0.31       8          6.13       0          20         8          8          0.1333     2.7477     0          9          11         14         16         19         27        
1229       6100       6100       23.77      11.81      0.4970     5.15       0.21       0.20       0.31       8          6.13       0          20         8          8          0.1333     2.7477     0          9          11         14         16         19         27        
1230       6100       6100       23.71      11.69      0.4929     5.13       0.21       0.19       0.31       8          6.13       0          20         8          8          0.1333     2.7477     0          9          11         14         16         19         27        
1231       6100       6100       23.77      12.17      0.5121     5.12       0.22       0.20       0.30       8          6.13       0          20         8          8          0.1333     2.7477     0          9          11         14         16         19         27        
ancy of 98.44%
occupancy of 98.44%
occupancy of 98.44%
occupancy of 98.44%
occupancy of 98.44%
occupancy of 98.44%
occupancy of 98.44%
occupancy of 98.44%
occupancy of 98.44%
occupancy of 98.44%
occupancy of 98.44%
occupancy of 98.44%
occupancy of 98.44%
occupancy of 98.44%
occupancy of 98.44%
occupancy of 98.44%
occupancy of 98.44%
occupancy of 98.44%
occupancy of 98.44%
occupancy of 98.44%
occupancy of 98.44%
occupancy of 98.44%
occupancy of 98.44%
occupancy of 98.44%
occupancy of 98.44%
occupancy of 98.44%
occupancy of 98.44%
occupancy of 98.44%
occupancy of 98.44%
occupancy of 98.44%
occupancy of 98.44%
occupancy of 98.44%
occupancy of 98.44%
occupancy of 98.44%
occupancy of 98.44%
occupancy of 98.44%
occupancy of 98.44%
occupancy of 98.44%
occupancy of 98.44%
occupancy of 98.44%
occupancy of 98.44%
occupancy of 98.44%
occupancy of 98.44%
occupancy of 98.44%
occupancy of 98.44%
occupancy of 98.44%
occupancy of 98.44%
occupancy of 98.44%
occupancy of 98.44%
occupancy of 98.44%
occupancy of 98.44%
occupancy of 98.44%
occupancy of 98.44%
occupancy of 98.44%
occupancy of 98.44%
occupancy of 98.44%
occupancy of 98.44%
occupancy of 98.44%
occupancy of 98.44%
occupancy of 98.44%
occupancy of 98.44%
occupancy of 98.44%
occupancy of 98.44%
occupancy of 98.44%
occupancy of 98.44%
occupancy of 98.44%
occupancy of 98.44%
occupancy of 98.44%
occupancy of 98.44%
occupancy of 98.44%
occupancy of 98.44%
occupancy of 98.44%
occupancy of 98.44%
occupancy of 98.44%
occupancy of 98.44%
occupancy of 98.44%
occupancy of 98.44%
occupancy of 98.44%
occupancy of 98.44%
occupancy of 98.44%
occupancy of 98.44%
occupancy of 98.44%
occupancy of 98.44%
occupancy of 98.44%
occupancy of 98.44%
occupancy of 98.44%
occupancy of 98.44%
occupancy of 98.44%
occupancy of 98.44%
occupancy of 98.44%
occupancy of 98.44%
occupancy of 98.44%
occupancy of 98.44%
occupancy of 98.44%
occupancy of 98.44%
occupancy of 98.44%
occupancy of 98.44%
occupancy of 98.44%
occupancy of 98.44%
occupancy of 98.44%
occupancy of 98.44%
occupancy of 98.44%
occupancy of 98.44%
occupancy of 98.44%
occupancy of 98.44%
occupancy of 98.44%
occupancy of 98.44%
occupancy of 98.44%
occupancy of 98.44%
occupancy of 98.44%
occupancy of 98.44%
occupancy of 98.44%
occupancy of 98.44%
occupancy of 98.44%
occupancy of 98.44%
occupancy of 98.44%
occupancy of 98.44%
occupancy of 98.44%
occupancy of 98.44%
occupancy of 98.44%
occupancy of 98.44%
occupancy of 98.44%
occupancy of 98.44%
occupancy of 98.44%
occupancy of 98.44%
occupancy of 98.44%
occupancy of 98.44%
occupancy of 98.44%
occupancy of 98.44%
occupancy of 98.44%
occupancy of 98.44%
occupancy of 98.44%
occupancy of 98.44%
occupancy of 98.44%
occupancy of 98.44%
occupancy of 98.44%
occupancy of 98.44%
occupancy of 98.44%
occupancy of 98.44%
occupancy of 98.44%
occupancy of 98.44%
occupancy of 98.44%
occupancy of 98.44%
occupancy of 98.44%
occupancy of 98.44%
occupancy of 98.44%
occupancy of 98.44%
occupancy of 98.44%
occupancy of 98.44%
occupancy of 98.44%
occupancy of 98.44%
occupancy of 98.44%
occupancy of 98.44%
occupancy of 98.44%
occupancy of 98.44%
occupancy of 98.44%
occupancy of 98.44%
occupancy of 98.44%
occupancy of 98.44%
occupancy of 98.44%
occupancy of 98.44%
occupancy of 98.44%
occupancy of 98.44%
occupancy of 98.44%
occupancy of 98.44%
occupancy of 98.44%
occupancy of 98.44%
occupancy of 98.44%
occupancy of 98.44%
occupancy of 98.44%
occupancy of 98.44%
occupancy of 98.44%
occupancy of 98.44%
occupancy of 98.44%
occupancy of 98.44%
occupancy of 98.44%
occupancy of 98.44%
occupancy of 98.44%
occupancy of 98.44%
occupancy of 98.44%
occupancy of 98.44%
occupancy of 98.44%
occupancy of 98.44%
occupancy of 98.44%
occupancy of 98.44%
occupancy of 98.44%
occupancy of 98.44%
occupancy of 98.44%
occupancy of 98.44%
occupancy of 98.44%
occupancy of 98.44%
occupancy of 98.44%
occupancy of 98.44%
occupancy of 98.44%
occupancy of 98.44%
occupancy of 98.44%
occupancy of 98.44%
occupancy of 98.44%
occupancy of 98.44%
occupancy of 98.44%
occupancy of 98.44%
occupancy of 98.44%
occupancy of 98.44%
occupancy of 98.44%
occupancy of 98.44%
o1232       6100       6100       23.77      11.73      0.4937     5.05       0.20       0.19       0.31       8          6.13       0          20         8          8          0.1333     2.7477     0          9          11         14         16         19         27        
1233       6100       6100       23.75      11.91      0.5015     4.96       0.19       0.19       0.30       8          6.13       0          20         8          8          0.1333     2.7477     0          9          11         14         16         19         27        
1234       6100       6100       23.75      11.53      0.4855     5.04       0.20       0.20       0.30       8          6.13       0          20         8          8          0.1333     2.7477     0          9          11         14         16         19         27        
1235       6100       6100       23.75      11.62      0.4891     5.10       0.21       0.20       0.31       8          6.13       0          20         8          8          0.1333     2.7477     0          9          11         14         16         19         27        
1236       6100       6100       23.74      11.45      0.4824     5.02       0.20       0.19       0.30       8          6.13       0          20         8          8          0.1333     2.7477     0          9          11         14         16         19         27        
1237       6100       6100       23.76      11.83      0.4980     4.97       0.19       0.19       0.30       8          6.13       0          20         8          8          0.1333     2.7477     0          9          11         14         16         19         27        
1238       6100       6100       23.74      11.54      0.4861     5.01       0.20       0.19       0.30       8          6.13       0          20         8          8          0.1333     2.7477     0          9          11         14         16         19         27        
1239       6100       6100       23.77      12.12      0.5100     5.12       0.21       0.20       0.30       8          6.13       0          20         8          8          0.1333     2.7477     0          9          11         14         16         19         27        
1240       6100       6100       23.76      11.37      0.4784     5.15       0.20       0.20       0.31       8          6.13       0          20         8          8          0.1333     2.7477     0          9          11         14         16         19         27        
1241       6100       6100       23.77      12.02      0.5055     5.17       0.21       0.19       0.32       8          6.13       0          20         8          8          0.1333     2.7477     0          9          11         14         16         19         27        
1242       6100       6100       23.75      11.65      0.4906     5.09       0.21       0.19       0.31       8          6.13       0          20         8          8          0.1333     2.7477     0          9          11         14         16         19         27        
1243       6100       6100       23.74      11.85      0.4993     5.03       0.20       0.20       0.30       8          6.13       0          20         8          8          0.1333     2.7477     0          9          11         14         16         19         27        
1244       6100       6100       23.78      11.90      0.5005     5.09       0.19       0.21       0.31       8          6.13       0          20         8          8          0.1333     2.7477     0          9          11         14         16         19         27        
1245       6100       6100       23.75      11.58      0.4874     5.17       0.20       0.20       0.32       8          6.13       0          20         8          8          0.1333     2.7477     0          9          11         14         16         19         27        
1246       6100       6100       23.76      11.39      0.4793     5.03       0.19       0.20       0.30       8          6.13       0          20         8          8          0.1333     2.7477     0          9          11         14         16         19         27        
1247       6100       6100       23.76      12.07      0.5080     5.10       0.20       0.20       0.31       8          6.13       0          20         8          8          0.1333     2.7477     0          9          11         14         16         19         27        
1248       6100       6100       23.76      11.65      0.4906     5.09       0.21       0.19       0.31       8          6.13       0          20         8          8          0.1333     2.7477     0          9          11         14         16         19         27        
1249       6100       6100       23.76      11.60      0.4884     5.05       0.19       0.19       0.31       8          6.13       0          20         8          8          0.1333     2.7477     0          9          11         14         16         19         27        
1250       6100       6100       23.77      11.62      0.4889     5.17       0.20       0.21       0.30       8          6.13       0          20         8          8          0.1333     2.7477     0          9          11         14         16         19         27        
1251       6100       6100       23.76      11.64      0.4899     5.03       0.19       0.20       0.30       8          6.13       0          20         8          8          0.1333     2.7477     0          9          11         14         16         19         27        
1252       6100       6100       23.78      11.97      0.5033     5.09       0.21       0.20       0.30       8          6.13       0          20         8          8          0.1333     2.7477     0          9          11         14         16         19         27        
1253       6100       6100       23.76      11.10      0.4674     5.11       0.20       0.20       0.30       8          6.13       0          20         8          8          0.1333     2.7477     0          9          11         14         16         19         27        
1254       6100       6100       23.75      11.71      0.4930     5.18       0.21       0.20       0.31       8          6.13       0          20         8          8          0.1333     2.7477     0          9          11         14         16         19         27        
1255       6100       6100       23.79      12.01      0.5048     5.16       0.21       0.20       0.31       8          6.13       0          20         8          8          0.1333     2.7477     0          9          11         14         16         19         27        
1256       6100       6100       23.76      11.28      0.4747     5.16       0.22       0.20       0.31       8          6.13       0          20         8          8          0.1333     2.7477     0          9          11         14         16         19         27        
1257       6100       6100       23.77      11.71      0.4924     5.12       0.20       0.20       0.30       8          6.13       0          20         8          8          0.1333     2.7477     0          9          11         14         16         19         27        
1258       6100       6100       23.80      11.97      0.5030     5.01       0.19       0.19       0.31       8          6.13       0          20         8          8          0.1333     2.7477     0          9          11         14         16         19         27        
1259       6100       6100       23.78      11.90      0.5004     4.98       0.19       0.20       0.30       8          6.13       0          20         8          8          0.1333     2.7477     0          9          11         14         16         19         27        
1260       6100       6100       23.76      11.72      0.4934     5.15       0.20       0.20       0.31       8          6.13       0          20         8          8          0.1333     2.7477     0          9          11         14         16         19         27        
1261       6100       6100       23.76      11.40      0.4797     5.02       0.19       0.20       0.30       8          6.13       0          20         8          8          0.1333     2.7477     0          9          11         14         16         19         27        
1262       6100       6100       23.75      11.85      0.4987     5.19       0.20       0.20       0.31       8          6.13       0          20         8          8          0.1333     2.7477     0          9          11         14         16         19         27        
1263       6100       6100       23.78      11.31      0.4756     5.05       0.19       0.20       0.31       8          6.13       0          20         8          8          0.1333     2.7477     0          9          11         14         16         19         27        
1264       6100       6100       23.78      11.79      0.4956     5.15       0.20       0.20       0.31       8          6.13       0          20         8          8          0.1333     2.7477     0          9          11         14         16         19         27        
1265       6100       6100       23.80      11.66      0.4898     5.16       0.21       0.19       0.31       8          6.13       0          20         8          8          0.1333     2.7477     0          9          11         14         16         19         27        
1266       6100       6100       23.77      11.92      0.5015     5.06       0.21       0.20       0.30       8          6.13       0          20         8          8          0.1333     2.7477     0          9          11         14         16         19         27        
1267       6100       6100       23.74      11.76      0.4953     5.07       0.20       0.20       0.30       8          6.13       0          20         8          8          0.1333     2.7477     0          9          11         14         16         19         27        
1268       6100       6100       23.74      11.63      0.4900     5.12       0.20       0.20       0.31       8          6.13       0          20         8          8          0.1333     2.7477     0          9          11         14         16         19         27        
1269       6100       6100       23.75      11.91      0.5014     5.16       0.22       0.21       0.30       8          6.13       0          20         8          8          0.1333     2.7477     0          9          11         14         16         19         27        
1270       6100       6100       23.78      11.42      0.4801     5.26       0.22       0.21       0.31       8          6.13       0          20         8          8          0.1333     2.7477     0          9          11         14         16         19         27        
1271       6100       6100       23.76      11.63      0.4896     5.23       0.22       0.20       0.30       8          6.13       0          20         8          8          0.1333     2.7477     0          9          11         14         16         19         27        
1272       6100       6100       23.76      11.73      0.4937     5.26       0.21       0.21       0.31       8          6.13       0          20         8          8          0.1333     2.7477     0          9          11         14         16         19         27        
1273       6100       6100       23.75      11.84      0.4987     5.23       0.21       0.21       0.31       8          6.13       0          20         8          8          0.1333     2.7477     0          9          11         14         16         19         27        
1274       6100       6100       23.74      11.96      0.5039     5.17       0.21       0.21       0.30       8          6.13       0          20         8          8          0.1333     2.7477     0          9          11         14         16         19         27        
1275       6100       6100       23.77      12.18      0.5125     5.24       0.21       0.21       0.31       8          6.13       0          20         8          8          0.1333     2.7477     0          9          11         14         16         19         27        
1276       6100       6100       23.74      11.42      0.4811     5.19       0.21       0.21       0.30       8          6.13       0          20         8          8          0.1333     2.7477     0          9          11         14         16         19         27        
1277       6100       6100       23.77      11.73      0.4934     5.20       0.20       0.20       0.31       8          6.13       0          20         8          8          0.1333     2.7477     0          9          11         14         16         19         27        
1278       6100       6100       23.76      11.65      0.4903     5.24       0.21       0.20       0.31       8          6.13       0          20         8          8          0.1333     2.7477     0          9          11         14         16         19         27        
1279       6100       6100       23.74      12.10      0.5096     5.20       0.20       0.21       0.31       8          6.13       0          20         8          8          0.1333     2.7477     0          9          11         14         16         19         27        
1280       6100       6100       23.74      11.84      0.4985     5.15       0.20       0.21       0.30       8          6.13       0          20         8          8          0.1333     2.7477     0          9          11         14         16         19         27        
1281       6100       6100       23.73      12.15      0.5120     5.15       0.21       0.20       0.31       8          6.13       0          20         8          8          0.1333     2.7477     0          9          11         14         16         19         27        
1282       6100       6100       23.81      12.09      0.5077     5.18       0.21       0.21       0.30       8          6.13       0          20         8          8          0.1333     2.7477     0          9          11         14         16         19         27        
1283       6100       6100       23.76      12.01      0.5054     5.14       0.21       0.20       0.30       8          6.13       0          20         8          8          0.1333     2.7477     0          9          11         14         16         19         27        
1284       6100       6100       23.76      12.04      0.5066     5.29       0.22       0.21       0.32       8          6.13       0          20         8          8          0.1333     2.7477     0          9          11         14         16         19         27        
1285       6100       6100       23.78      11.73      0.4934     5.28       0.22       0.21       0.31       8          6.13       0          20         8          8          0.1333     2.7477     0          9          11         14         16         19         27        
1286       6100       6100       23.73      11.72      0.4939     5.33       0.22       0.22       0.31       8          6.13       0          20         8          8          0.1333     2.7477     0          9          11         14         16         19         27        
1287       6100       6100       23.75      12.15      0.5117     5.29       0.22       0.22       0.31       8          6.13       0          20         8          8          0.1333     2.7477     0          9          11         14         16         19         27        
1288       6100       6100       23.73      12.06      0.5081     5.29       0.23       0.22       0.30       8          6.13       0          20         8          8          0.1333     2.7477     0          9          11         14         16         19         27        
1289       6100       6100       23.74      11.95      0.5033     5.24       0.23       0.21       0.30       8          6.13       0          20         8          8          0.1333     2.7477     0          9          11         14         16         19         27        
1290       6100       6100       23.76      11.67      0.4913     5.23       0.21       0.21       0.31       8          6.13       0          20         8          8          0.1333     2.7477     0          9          11         14         16         19         27        
1291       6100       6100       23.76      12.24      0.5152     5.24       0.20       0.22       0.30       8          6.13       0          20         8          8          0.1333     2.7477     0          9          11         14         16         19         27        
1292       6100       6100       23.75      11.89      0.5008     5.34       0.22       0.21       0.31       8          6.13       0          20         8          8          0.1333     2.7477     0          9          11         14         16         19         27        
1293       6100       6100       23.73      12.28      0.5177     5.35       0.24       0.22       0.31       8          6.13       0          20         8          8          0.1333     2.7477     0          9          11         14         16         19         27        
1294       6100       6100       23.75      12.44      0.5237     5.27       0.22       0.21       0.31       8          6.13       0          20         8          8          0.1333     2.7477     0          9          11         14         16         19         27        
1295       6100       6100       23.74      11.97      0.5041     5.28       0.22       0.22       0.31       8          6.13       0          20         8          8          0.1333     2.7477     0          9          11         14         16         19         27        
1296       6100       6100       23.75      12.00      0.5055     5.26       0.22       0.21       0.31       8          6.13       0          20         8          8          0.1333     2.7477     0          9          11         14         16         19         27        
1297       6100       6100       23.71      12.14      0.5121     5.25       0.20       0.21       0.31       8          6.13       0          20         8          8          0.1333     2.7477     0          9          11         14         16         19         27        
1298       6100       6100       23.75      11.99      0.5049     5.27       0.22       0.21       0.31       8          6.13       0          20         8          8          0.1333     2.7477     0          9          11         14         16         19         27        
1299       6100       6100       23.72      11.73      0.4945     5.34       0.24       0.21       0.31       8          6.13       0          20         8          8          0.1333     2.7477     0          9          11         14         16         19         27        
1300       6100       6100       23.74      12.30      0.5181     5.29       0.23       0.21       0.31       8          6.13       0          20         8          8          0.1333     2.7477     0          9          11         14         16         19         27        
1301       6100       6100       23.73      11.93      0.5027     5.35       0.23       0.22       0.31       8          6.13       0          20         8          8          0.1333     2.7477     0          9          11         14         16         19         27        
1302       6100       6100       23.72      12.06      0.5082     5.31       0.21       0.22       0.31       8          6.13       0          20         8          8          0.1333     2.7477     0          9          11         14         16         19         27        
1303       6100       6100       23.75      12.07      0.5081     5.28       0.21       0.22       0.31       8          6.13       0          20         8          8          0.1333     2.7477     0          9          11         14         16         19         27        
1304       6100       6100       23.75      12.28      0.5173     5.34       0.23       0.23       0.30       8          6.13       0          20         8          8          0.1333     2.7477     0          9          11         14         16         19         27        
1305       6100       6100       23.74      12.03      0.5070     5.30       0.21       0.22       0.31       8          6.13       0          20         8          8          0.1333     2.7477     0          9          11         14         16         19         27        
1306       6100       6100       23.75      12.27      0.5169     5.29       0.22       0.23       0.30       8          6.13       0          20         8          8          0.1333     2.7477     0          9          11         14         16         19         27        
1307       6100       6100       23.72      11.96      0.5043     5.40       0.23       0.23       0.30       8          6.13       0          20         8          8          0.1333     2.7477     0          9          11         14         16         19         27        
1308       6100       6100       23.73      12.04      0.5074     5.27       0.22       0.22       0.30       8          6.13       0          20         8          8          0.1333     2.7477     0          9          11         14         16         19         27        
1309       6100       6100       23.70      12.34      0.5205     5.30       0.23       0.22       0.30       8          6.13       0          20         8          8          0.1333     2.7477     0          9          11         14         16         19         27        
1310       6100       6100       23.73      12.24      0.5156     5.30       0.23       0.23       0.30       8          6.13       0          20         8          8          0.1333     2.7477     0          9          11         14         16         19         27        
1311       6100       6100       23.75      11.64      0.4902     5.30       0.22       0.23       0.30       8          6.13       0          20         8          8          0.1333     2.7477     0          9          11         14         16         19         27        
1312       6100       6100       23.74      11.91      0.5019     5.31       0.22       0.23       0.30       8          6.13       0          20         8          8          0.1333     2.7477     0          9          11         14         16         19         27        
1313       6100       6100       23.71      11.81      0.4981     5.30       0.22       0.23       0.30       8          6.13       0          20         8          8          0.1333     2.7477     0          9          11         14         16         19         27        
1314       6100       6100       23.75      12.14      0.5112     5.33       0.23       0.22       0.30       8          6.13       0          20         8          8          0.1333     2.7477     0          9          11         14         16         19         27        
1315       6100       6100       23.73      12.54      0.5285     5.41       0.23       0.22       0.32       8          6.13       0          20         8          8          0.1333     2.7477     0          9          11         14         16         19         27        
1316       6100       6100       23.72      12.53      0.5282     5.35       0.21       0.22       0.32       8          6.13       0          20         8          8          0.1333     2.7477     0          9          11         14         16         19         27        
1317       6100       6100       23.73      12.37      0.5212     5.43       0.22       0.23       0.31       8          6.13       0          20         8          8          0.1333     2.7477     0          9          11         14         16         19         27        
1318       6100       6100       23.72      11.83      0.4989     5.25       0.22       0.22       0.30       8          6.13       0          20         8          8          0.1333     2.7477     0          9          11         14         16         19         27        
1319       6100       6100       23.73      12.52      0.5277     5.40       0.23       0.23       0.31       8          6.13       0          20         8          8          0.1333     2.7477     0          9          11         14         16         19         27        
1320       6100       6100       23.70      12.11      0.5109     5.38       0.22       0.23       0.31       8          6.13       0          20         8          8          0.1333     2.7477     0          9          11         14         16         19         27        
1321       6100       6100       23.75      12.00      0.5053     5.38       0.23       0.22       0.30       8          6.13       0          20         8          8          0.1333     2.7477     0          9          11         14         16         19         27        
1322       6100       6100       23.72      12.61      0.5317     5.27       0.23       0.22       0.30       8          6.13       0          20         8          8          0.1333     2.7477     0          9          11         14         16         19         27        
1323       6100       6100       23.73      12.16      0.5126     5.38       0.22       0.23       0.30       8          6.13       0          20         8          8          0.1333     2.7477     0          9          11         14         16         19         27        
1324       6100       6100       23.72      11.96      0.5042     5.41       0.22       0.23       0.31       8          6.13       0          20         8          8          0.1333     2.7477     0          9          11         14         16         19         27        
1325       6100       6100       23.70      12.14      0.5121     5.32       0.23       0.22       0.30       8          6.13       0          20         8          8          0.1333     2.7477     0          9          11         14         16         19         27        
1326       6100       6100       23.74      11.94      0.5032     5.30       0.23       0.21       0.31       8          6.13       0          20         8          8          0.1333     2.7477     0          9          11         14         16         19         27        
1327       6100       6100       23.71      12.19      0.5141     5.38       0.22       0.23       0.31       8          6.13       0          20         8          8          0.1333     2.7477     0          9          11         14         16         19         27        
1328       6100       6100       23.71      11.59      0.4886     5.40       0.23       0.23       0.30       8          6.13       0          20         8          8          0.1333     2.7477     0          9          11         14         16         19         27        
1329       6100       6100       23.72      12.92      0.5449     5.37       0.22       0.23       0.31       8          6.13       0          20         8          8          0.1333     2.7477     0          9          11         14         16         19         27        
1330       6100       6100       23.70      12.32      0.5198     5.48       0.23       0.23       0.31       8          6.13       0          20         8          8          0.1333     2.7477     0          9          11         14         16         19         27        
1331       6100       6100       23.69      11.58      0.4889     5.40       0.22       0.22       0.31       8          6.13       0          20         8          8          0.1333     2.7477     0          9          11         14         16         19         27        
1332       6100       6100       23.69      12.47      0.5263     5.32       0.21       0.22       0.31       8          6.13       0          20         8          8          0.1333     2.7477     0          9          11         14         16         19         27        
1333       6100       6100       23.73      12.39      0.5223     5.26       0.21       0.22       0.31       8          6.13       0          20         8          8          0.1333     2.7477     0          9          11         14         16         19         27        
1334       6100       6100       23.73      11.96      0.5038     5.36       0.20       0.23       0.31       8          6.13       0          20         8          8          0.1333     2.7477     0          9          11         14         16         19         27        
1335       6100       6100       23.74      11.92      0.5023     5.38       0.23       0.23       0.31       8          6.13       0          20         8          8          0.1333     2.7477     0          9          11         14         16         19         27        
1336       6100       6100       23.72      11.83      0.4985     5.34       0.24       0.22       0.30       8          6.13       0          20         8          8          0.1333     2.7477     0          9          11         14         16         19         27        
1337       6100       6100       23.76      12.32      0.5184     5.41       0.23       0.23       0.31       8          6.13       0          20         8          8          0.1333     2.7477     0          9          11         14         16         19         27        
1338       6100       6100       23.71      12.16      0.5128     5.39       0.25       0.22       0.31       8          6.13       0          20         8          8          0.1333     2.7477     0          9          11         14         16         19         27        
1339       6100       6100       23.72      12.44      0.5244     5.36       0.25       0.23       0.30       8          6.13       0          20         8          8          0.1333     2.7477     0          9          11         14         16         19         27        
1340       6100       6100       23.74      12.42      0.5231     5.46       0.24       0.23       0.31       8          6.13       0          20         8          8          0.1333     2.7477     0          9          11         14         16         19         27        
1341       6100       6100       23.73      11.95      0.5035     5.45       0.24       0.24       0.31       8          6.13       0          20         8          8          0.1333     2.7477     0          9          11         14         16         19         27        
1342       6100       6100       23.71      12.28      0.5180     5.39       0.22       0.24       0.30       8          6.13       0          20         8          8          0.1333     2.7477     0          9          11         14         16         19         27        
1343       6100       6100       23.73      12.49      0.5263     5.47       0.24       0.23       0.31       8          6.13       0          20         8          8          0.1333     2.7477     0          9          11         14         16         19         27        
1344       6100       6100       23.70      11.98      0.5055     5.42       0.24       0.24       0.30       8          6.13       0          20         8          8          0.1333     2.7477     0          9          11         14         16         19         27        
1345       6100       6100       23.73      12.25      0.5160     5.42       0.23       0.23       0.31       8          6.13       0          20         8          8          0.1333     2.7477     0          9          11         14         16         19         27        
1346       6100       6100       23.70      12.16      0.5130     5.49       0.25       0.24       0.30       8          6.13       0          20         8          8          0.1333     2.7477     0          9          11         14         16         19         27        
1347       6100       6100       23.69      12.39      0.5228     5.49       0.24       0.23       0.31       8          6.13       0          20         8          8          0.1333     2.7477     0          9          11         14         16         19         27        
1348       6100       6100       23.73      12.53      0.5282     5.49       0.23       0.25       0.31       8          6.13       0          20         8          8          0.1333     2.7477     0          9          11         14         16         19         27        
1349       6100       6100       23.71      11.81      0.4978     5.51       0.25       0.24       0.31       8          6.13       0          20         8          8          0.1333     2.7477     0          9          11         14         16         19         27        
1350       6100       6100       23.73      12.52      0.5275     5.51       0.24       0.25       0.30       8          6.13       0          20         8          8          0.1333     2.7477     0          9          11         14         16         19         27        
1351       6100       6100       23.74      11.92      0.5023     5.51       0.22       0.25       0.31       8          6.13       0          20         8          8          0.1333     2.7477     0          9          11         14         16         19         27        
1352       6100       6100       23.74      12.63      0.5318     5.46       0.24       0.25       0.30       8          6.13       0          20         8          8          0.1333     2.7477     0          9          11         14         16         19         27        
1353       6100       6100       23.74      12.67      0.5339     5.60       0.26       0.25       0.30       8          6.13       0          20         8          8          0.1333     2.7477     0          9          11         14         16         19         27        
1354       6100       6100       23.74      12.61      0.5310     5.53       0.25       0.25       0.30       8          6.13       0          20         8          8          0.1333     2.7477     0          9          11         14         16         19         27        
1355       6100       6100       23.74      12.55      0.5285     5.64       0.25       0.24       0.32       8          6.13       0          20         8          8          0.1333     2.7477     0          9          11         14         16         19         27        
1356       6100       6100       23.72      11.84      0.4994     5.58       0.26       0.24       0.31       8          6.13       0          20         8          8          0.1333     2.7477     0          9          11         14         16         19         27        
1357       6100       6100       23.69      12.41      0.5240     5.62       0.26       0.24       0.31       8          6.13       0          20         8          8          0.1333     2.7477     0          9          11         14         16         19         27        
1358       6100       6100       23.73      12.73      0.5363     5.62       0.25       0.25       0.31       8          6.13       0          20         8          8          0.1333     2.7477     0          9          11         14         16         19         27        
1359       6100       6100       23.73      12.28      0.5176     5.46       0.25       0.24       0.30       8          6.13       0          20         8          8          0.1333     2.7477     0          9          11         14         16         19         27        
1360       6100       6100       23.71      12.31      0.5191     5.49       0.23       0.25       0.30       8          6.13       0          20         8          8          0.1333     2.7477     0          9          11         14         16         19         27        
1361       6100       6100       23.74      12.35      0.5200     5.51       0.24       0.24       0.30       8          6.13       0          20         8          8          0.1333     2.7477     0          9          11         14         16         19         27        
1362       6100       6100       23.75      12.52      0.5273     5.49       0.26       0.24       0.30       8          6.13       0          20         8          8          0.1333     2.7477     0          9          11         14         16         19         27        
1363       6100       6100       23.71      12.11      0.5106     5.51       0.24       0.25       0.30       8          6.13       0          20         8          8          0.1333     2.7477     0          9          11         14         16         19         27        
1364       6100       6100       23.71      11.92      0.5027     5.42       0.25       0.24       0.30       8          6.13       0          20         8          8          0.1333     2.7477     0          9          11         14         16         19         27        
1365       6100       6100       23.72      12.03      0.5074     5.38       0.23       0.24       0.30       8          6.13       0          20         8          8          0.1333     2.7477     0          9          11         14         16         19         27        
1366       6100       6100       23.74      12.72      0.5356     5.49       0.25       0.24       0.30       8          6.13       0          20         8          8          0.1333     2.7477     0          9          11         14         16         19         27        
1367       6100       6100       23.75      12.13      0.5108     5.51       0.24       0.24       0.31       8          6.13       0          20         8          8          0.1333     2.7477     0          9          11         14         16         19         27        
1368       6100       6100       23.73      12.82      0.5404     5.55       0.25       0.24       0.31       8          6.13       0          20         8          8          0.1333     2.7477     0          9          11         14         16         19         27        
1369       6100       6100       23.69      13.17      0.5562     5.55       0.25       0.25       0.31       8          6.13       0          20         8          8          0.1333     2.7477     0          9          11         14         16         19         27        
1370       6100       6100       23.70      12.13      0.5119     5.52       0.25       0.24       0.31       8          6.13       0          20         8          8          0.1333     2.7477     0          9          11         14         16         19         27        
1371       6100       6100       23.73      12.34      0.5200     5.54       0.25       0.24       0.31       8          6.13       0          20         8          8          0.1333     2.7477     0          9          11         14         16         19         27        
1372       6100       6100       23.71      12.58      0.5307     5.64       0.25       0.25       0.31       8          6.13       0          20         8          8          0.1333     2.7477     0          9          11         14         16         19         27        
1373       6100       6100       23.69      12.56      0.5303     5.58       0.26       0.24       0.31       8          6.13       0          20         8          8          0.1333     2.7477     0          9          11         14         16         19         27        
1374       6100       6100       23.70      12.45      0.5254     5.52       0.24       0.25       0.30       8          6.13       0          20         8          8          0.1333     2.7477     0          9          11         14         16         19         27        
1375       6100       6100       23.71      11.92      0.5026     5.54       0.25       0.24       0.31       8          6.13       0          20         8          8          0.1333     2.7477     0          9          11         14         16         19         27        
1376       6100       6100       23.72      12.37      0.5216     5.45       0.25       0.24       0.30       8          6.13       0          20         8          8          0.1333     2.7477     0          9          11         14         16         19         27        
1377       6100       6100       23.71      12.62      0.5323     5.57       0.26       0.25       0.31       8          6.13       0          20         8          8          0.1333     2.7477     0          9          11         14         16         19         27        
1378       6100       6100       23.71      12.24      0.5163     5.45       0.25       0.24       0.30       8          6.13       0          20         8          8          0.1333     2.7477     0          9          11         14         16         19         27        
1379       6100       6100       23.72      12.32      0.5194     5.58       0.25       0.25       0.31       8          6.13       0          20         8          8          0.1333     2.7477     0          9          11         14         16         19         27        
1380       6100       6100       23.71      12.48      0.5265     5.57       0.25       0.24       0.31       8          6.13       0          20         8          8          0.1333     2.7477     0          9          11         14         16         19         27        
1381       6100       6100       23.71      12.66      0.5340     5.55       0.23       0.25       0.31       8          6.13       0          20         8          8          0.1333     2.7477     0          9          11         14         16         19         27        
1382       6100       6100       23.69      12.61      0.5323     5.55       0.23       0.25       0.31       8          6.13       0          20         8          8          0.1333     2.7477     0          9          11         14         16         19         27        
1383       6100       6100       23.72      12.38      0.5221     5.52       0.24       0.24       0.31       8          6.13       0          20         8          8          0.1333     2.7477     0          9          11         14         16         19         27        
1384       6100       6100       23.69      12.40      0.5232     5.52       0.24       0.24       0.31       8          6.13       0          20         8          8          0.1333     2.7477     0          9          11         14         16         19         27        
1385       6100       6100       23.74      12.10      0.5096     5.59       0.25       0.25       0.31       8          6.13       0          20         8          8          0.1333     2.7477     0          9          11         14         16         19         27        
1386       6100       6100       23.71      12.19      0.5141     5.64       0.26       0.26       0.30       8          6.13       0          20         8          8          0.1333     2.7477     0          9          11         14         16         19         27        
1387       6100       6100       23.71      11.94      0.5037     5.54       0.24       0.25       0.30       8          6.13       0          20         8          8          0.1333     2.7477     0          9          11         14         16         19         27        
1388       6100       6100       23.71      12.73      0.5369     5.66       0.25       0.25       0.31       8          6.13       0          20         8          8          0.1333     2.7477     0          9          11         14         16         19         27        
1389       6100       6100       23.71      12.68      0.5348     5.60       0.25       0.25       0.31       8          6.13       0          20         8          8          0.1333     2.7477     0          9          11         14         16         19         27        
1390       6100       6100       23.69      12.71      0.5368     5.48       0.25       0.24       0.30       8          6.13       0          20         8          8          0.1333     2.7477     0          9          11         14         16         19         27        
1391       6100       6100       23.72      12.71      0.5359     5.56       0.25       0.25       0.31       8          6.13       0          20         8          8          0.1333     2.7477     0          9          11         14         16         19         27        
1392       6100       6100       23.72      12.74      0.5371     5.63       0.26       0.25       0.31       8          6.13       0          20         8          8          0.1333     2.7477     0          9          11         14         16         19         27        
1393       6100       6100       23.68      12.73      0.5375     5.61       0.25       0.25       0.31       8          6.13       0          20         8          8          0.1333     2.7477     0          9          11         14         16         19         27        
1394       6100       6100       23.75      12.42      0.5227     5.46       0.24       0.24       0.30       8          6.13       0          20         8          8          0.1333     2.7477     0          9          11         14         16         19         27        
1395       6100       6100       23.71      12.61      0.5320     5.58       0.25       0.25       0.30       8          6.13       0          20         8          8          0.1333     2.7477     0          9          11         14         16         19         27        
1396       6100       6100       23.73      12.40      0.5226     5.58       0.24       0.25       0.30       8          6.13       0          20         8          8          0.1333     2.7477     0          9          11         14         16         19         27        
1397       6100       6100       23.74      12.92      0.5440     5.55       0.25       0.24       0.30       8          6.13       0          20         8          8          0.1333     2.7477     0          9          11         14         16         19         27        
1398       6100       6100       23.72      12.50      0.5270     5.63       0.25       0.25       0.31       8          6.13       0          20         8          8          0.1333     2.7477     0          9          11         14         16         19         27        
1399       6100       6100       23.70      12.94      0.5459     5.60       0.25       0.25       0.31       8          6.13       0          20         8          8          0.1333     2.7477     0          9          11         14         16         19         27        
1400       6100       6100       23.73      12.40      0.5223     5.56       0.24       0.25       0.31       8          6.13       0          20         8          8          0.1333     2.7477     0          9          11         14         16         19         27        
1401       6100       6100       23.70      12.68      0.5350     5.58       0.25       0.25       0.30       8          6.13       0          20         8          8          0.1333     2.7477     0          9          11         14         16         19         27        
1402       6100       6100       23.70      12.91      0.5446     5.66       0.25       0.25       0.31       8          6.13       0          20         8          8          0.1333     2.7477     0          9          11         14         16         19         27        
1403       6100       6100       23.72      12.64      0.5328     5.56       0.23       0.25       0.31       8          6.13       0          20         8          8          0.1333     2.7477     0          9          11         14         16         19         27        
1404       6100       6100       23.72      12.63      0.5326     5.60       0.25       0.25       0.30       8          6.13       0          20         8          8          0.1333     2.7477     0          9          11         14         16         19         27        
1405       6100       6100       23.75      12.49      0.5261     5.55       0.25       0.25       0.30       8          6.13       0          20         8          8          0.1333     2.7477     0          9          11         14         16         19         27        
1406       6100       6100       23.72      12.43      0.5241     5.62       0.24       0.26       0.30       8          6.13       0          20         8          8          0.1333     2.7477     0          9          11         14         16         19         27        
1407       6100       6100       23.72      12.04      0.5077     5.59       0.25       0.25       0.31       8          6.13       0          20         8          8          0.1333     2.7477     0          9          11         14         16         19         27        
1408       6100       6100       23.73      12.25      0.5164     5.64       0.25       0.26       0.31       8          6.13       0          20         8          8          0.1333     2.7477     0          9          11         14         16         19         27        
1409       6100       6100       23.73      12.63      0.5321     5.63       0.25       0.25       0.31       8          6.13       0          20         8          8          0.1333     2.7477     0          9          11         14         16         19         27        
1410       6100       6100       23.69      12.60      0.5318     5.58       0.25       0.24       0.31       8          6.13       0          20         8          8          0.1333     2.7477     0          9          11         14         16         19         27        
1411       6100       6100       23.74      12.56      0.5291     5.69       0.26       0.26       0.30       8          6.13       0          20         8          8          0.1333     2.7477     0          9          11         14         16         19         27        
1412       6100       6100       23.73      12.20      0.5141     5.60       0.27       0.25       0.30       8          6.13       0          20         8          8          0.1333     2.7477     0          9          11         14         16         19         27        
1413       6100       6100       23.72      12.84      0.5415     5.84       0.28       0.27       0.31       8          6.13       0          20         8          8          0.1333     2.7477     0          9          11         14         16         19         27        
1414       6100       6100       23.69      12.65      0.5341     5.82       0.27       0.27       0.31       8          6.13       0          20         8          8          0.1333     2.7477     0          9          11         14         16         19         27        
1415       6100       6100       23.70      12.44      0.5249     5.80       0.26       0.26       0.31       8          6.13       0          20         8          8          0.1333     2.7477     0          9          11         14         16         19         27        
1416       6100       6100       23.71      13.11      0.5527     5.67       0.28       0.25       0.30       8          6.13       0          20         8          8          0.1333     2.7477     0          9          11         14         16         19         27        
1417       6100       6100       23.66      12.42      0.5249     5.77       0.27       0.26       0.31       8          6.13       0          20         8          8          0.1333     2.7477     0          9          11         14         16         19         27        
1418       6100       6100       23.68      12.80      0.5407     5.74       0.27       0.25       0.31       8          6.13       0          20         8          8          0.1333     2.7477     0          9          11         14         16         19         27        
1419       6100       6100       23.71      12.44      0.5247     5.69       0.26       0.26       0.31       8          6.13       0          20         8          8          0.1333     2.7477     0          9          11         14         16         19         27        
1420       6100       6100       23.70      12.44      0.5251     5.71       0.27       0.26       0.31       8          6.13       0          20         8          8          0.1333     2.7477     0          9          11         14         16         19         27        
1421       6100       6100       23.71      12.78      0.5390     5.71       0.26       0.26       0.30       8          6.13       0          20         8          8          0.1333     2.7477     0          9          11         14         16         19         27        
1422       6100       6100       23.69      12.80      0.5400     5.73       0.26       0.26       0.31       8          6.13       0          20         8          8          0.1333     2.7477     0          9          11         14         16         19         27        
1423       6100       6100       23.70      12.79      0.5398     5.71       0.27       0.26       0.31       8          6.13       0          20         8          8          0.1333     2.7477     0          9          11         14         16         19         27        
1424       6100       6100       23.68      12.56      0.5303     5.70       0.27       0.26       0.30       8          6.13       0          20         8          8          0.1333     2.7477     0          9          11         14         16         19         27        
1425       6100       6100       23.71      12.95      0.5461     5.71       0.26       0.26       0.31       8          6.13       0          20         8          8          0.1333     2.7477     0          9          11         14         16         19         27        
1426       6100       6100       23.68      12.55      0.5298     5.79       0.26       0.27       0.31       8          6.13       0          20         8          8          0.1333     2.7477     0          9          11         14         16         19         27        
1427       6100       6100       23.70      13.29      0.5608     5.87       0.28       0.28       0.31       8          6.13       0          20         8          8          0.1333     2.7477     0          9          11         14         16         19         27        
1428       6100       6100       23.67      12.58      0.5314     5.77       0.26       0.27       0.31       8          6.13       0          20         8          8          0.1333     2.7477     0          9          11         14         16         19         27        
1429       6100       6100       23.69      13.31      0.5616     5.78       0.27       0.27       0.30       8          6.13       0          20         8          8          0.1333     2.7477     0          9          11         14         16         19         27        
1430       6100       6100       23.68      12.49      0.5274     5.91       0.27       0.28       0.31       8          6.13       0          20         8          8          0.1333     2.7477     0          9          11         14         16         19         27        
1431       6100       6100       23.68      12.70      0.5365     5.83       0.27       0.28       0.31       8          6.13       0          20         8          8          0.1333     2.7477     0          9          11         14         16         19         27        
1432       6100       6100       23.68      12.78      0.5400     5.87       0.27       0.28       0.31       8          6.13       0          20         8          8          0.1333     2.7477     0          9          11         14         16         19         27        
1433       6100       6100       23.66      13.06      0.5519     5.97       0.29       0.28       0.31       8          6.13       0          20         8          8          0.1333     2.7477     0          9          11         14         16         19         27        
1434       6100       6100       23.67      12.69      0.5363     5.90       0.27       0.28       0.31       8          6.13       0          20         8          8          0.1333     2.7477     0          9          11         14         16         19         27        
1435       6100       6100       23.68      13.24      0.5592     5.94       0.28       0.28       0.31       8          6.13       0          20         8          8          0.1333     2.7477     0          9          11         14         16         19         27        
ccupancy of 98.44%
occupancy of 98.44%
occupancy of 98.44%
occupancy of 98.44%
occupancy of 98.44%
occupancy of 98.44%
occupancy of 98.44%
occupancy of 98.44%
occupancy of 98.44%
occupancy of 98.44%
occupancy of 98.44%
occupancy of 98.44%
occupancy of 98.44%
occupancy of 98.44%
occupancy of 98.44%
occupancy of 98.44%
occupancy of 98.44%
occupancy of 98.44%
occupancy of 98.44%
occupancy of 98.44%
occupancy of 98.44%
occupancy of 98.44%
occupancy of 98.44%
occupancy of 98.44%
occupancy of 98.44%
occupancy of 98.44%
occupancy of 98.44%
occupancy of 98.44%
occupancy of 98.44%
occupancy of 98.44%
occupancy of 98.44%
occupancy of 98.44%
occupancy of 98.44%
occupancy of 98.44%
occupancy of 98.44%
occupancy of 98.44%
occupancy of 98.44%
occupancy of 98.44%
occupancy of 98.44%
occupancy of 98.44%
occupancy of 98.44%
occupancy of 98.44%
occupancy of 98.44%
occupancy of 98.44%
occupancy of 98.44%
occupancy of 98.44%
occupancy of 98.44%
occupancy of 98.44%
occupancy of 98.44%
occupancy of 98.44%
occupancy of 98.44%
occupancy of 98.44%
occupancy of 98.44%
occupancy of 98.44%
occupancy of 98.44%
occupancy of 98.44%
occupancy of 98.44%
occupancy of 98.44%
occupancy of 98.44%
occupancy of 98.44%
occupancy of 98.44%
occupancy of 98.44%
occupancy of 98.44%
occupancy of 98.44%
occupancy of 98.44%
occupancy of 98.44%
occupancy of 98.44%
occupancy of 98.44%
occupancy of 98.44%
occupancy of 98.44%
occupancy of 98.44%
occupancy of 98.44%
occupancy of 98.44%
occupancy of 98.44%
occupancy of 98.44%
occupancy of 98.44%
occupancy of 98.44%
occupancy of 98.44%
occupancy of 98.44%
occupancy of 98.44%
occupancy of 98.44%
occupancy of 98.44%
occupancy of 98.44%
occupancy of 98.44%
occupancy of 98.44%
occupancy of 98.44%
occupancy of 98.44%
occupancy of 98.44%
occupancy of 98.44%
occupancy of 98.44%
occupancy of 98.44%
occupancy of 98.44%
occupancy of 98.44%
occupancy of 98.44%
occupancy of 98.44%
occupancy of 98.44%
occupancy of 98.44%
occupancy of 98.44%
occupancy of 98.44%
occupancy of 98.44%
occupancy of 98.44%
occupancy of 98.44%
occupancy of 98.44%
occupancy of 98.44%
occupancy of 98.44%
occupancy of 98.44%
occupancy of 98.44%
occupancy of 98.44%
occupancy of 98.44%
occupancy of 98.44%
occupancy of 98.44%
occupancy of 98.44%
occupancy of 98.44%
occupancy of 98.44%
occupancy of 98.44%
occupancy of 98.44%
occupancy of 98.44%
occupancy of 98.44%
occupancy of 98.44%
occupancy of 98.44%
occupancy of 98.44%
occupancy of 98.44%
occupancy of 98.44%
occupancy of 98.44%
occupancy of 98.44%
occupancy of 98.44%
occupancy of 98.44%
occupancy of 98.44%
occupancy of 98.44%
occupancy of 98.44%
occupancy of 98.44%
occupancy of 98.44%
occupancy of 98.44%
occupancy of 98.44%
occupancy of 98.44%
occupancy of 98.44%
occupancy of 98.44%
occupancy of 98.44%
occupancy of 98.44%
occupancy of 98.44%
occupancy of 98.44%
occupancy of 98.44%
occupancy of 98.44%
occupancy of 98.44%
occupancy of 98.44%
occupancy of 98.44%
occupancy of 98.44%
occupancy of 98.44%
occupancy of 98.44%
occupancy of 98.44%
occupancy of 98.44%
occupancy of 98.44%
occupancy of 98.44%
occupancy of 98.44%
occupancy of 98.44%
occupancy of 98.44%
occupancy of 98.44%
occupancy of 98.44%
occupancy of 98.44%
occupancy of 98.44%
occupancy of 98.44%
occupancy of 98.44%
occupancy of 98.44%
occupancy of 98.44%
occupancy of 98.44%
occupancy of 98.44%
occupancy of 98.44%
occupancy of 98.44%
occupancy of 98.44%
occupancy of 98.44%
occupancy of 98.44%
occupancy of 98.44%
occupancy of 98.44%
occupancy of 98.44%
occupancy of 98.44%
occupancy of 98.44%
occupancy of 98.44%
occupancy of 98.44%
occupancy of 98.44%
occupancy of 98.44%
occupancy of 98.44%
occupancy of 98.44%
occupancy of 98.44%
occupancy of 98.44%
occupancy of 98.44%
occupancy of 98.44%
occupancy of 98.44%
occupancy of 98.44%
occupancy of 98.44%
occupancy of 98.44%
occupancy of 98.44%
occupancy of 98.44%
occupancy of 98.44%
occupancy of 98.44%
occupancy of 98.44%
occupancy of 98.44%
occupancy of 98.44%
occupancy of 98.44%
occupancy of 98.44%
occupancy of 98.44%
occupancy of 98.44%
occupancy of 98.44%
occupancy of 98.44%
occupancy of 98.44%
occupancy of 98.41436       6100       6100       23.65      12.79      0.5406     6.00       0.27       0.29       0.31       8          6.13       0          20         8          8          0.1333     2.7477     0          9          11         14         16         19         27        
1437       6100       6100       23.68      13.39      0.5655     6.00       0.31       0.28       0.30       8          6.13       0          20         8          8          0.1333     2.7477     0          9          11         14         16         19         27        
1438       6100       6100       23.68      13.00      0.5490     5.97       0.30       0.29       0.30       8          6.13       0          20         8          8          0.1333     2.7477     0          9          11         14         16         19         27        
1439       6100       6100       23.69      12.75      0.5385     5.92       0.29       0.29       0.30       8          6.13       0          20         8          8          0.1333     2.7477     0          9          11         14         16         19         27        
1440       6100       6100       23.65      13.00      0.5496     5.89       0.30       0.28       0.30       8          6.13       0          20         8          8          0.1333     2.7477     0          9          11         14         16         19         27        
1441       6100       6100       23.70      13.47      0.5685     6.01       0.29       0.29       0.31       8          6.13       0          20         8          8          0.1333     2.7477     0          9          11         14         16         19         27        
1442       6100       6100       23.68      13.12      0.5538     5.96       0.28       0.29       0.31       8          6.13       0          20         8          8          0.1333     2.7477     0          9          11         14         16         19         27        
1443       6100       6100       23.68      13.28      0.5609     5.86       0.28       0.27       0.31       8          6.13       0          20         8          8          0.1333     2.7477     0          9          11         14         16         19         27        
1444       6100       6100       23.65      12.80      0.5412     6.02       0.28       0.29       0.31       8          6.13       0          20         8          8          0.1333     2.7477     0          9          11         14         16         19         27        
1445       6100       6100       23.69      13.06      0.5513     5.93       0.29       0.28       0.31       8          6.13       0          20         8          8          0.1333     2.7477     0          9          11         14         16         19         27        
1446       6100       6100       23.69      12.92      0.5454     5.93       0.28       0.28       0.31       8          6.13       0          20         8          8          0.1333     2.7477     0          9          11         14         16         19         27        
1447       6100       6100       23.68      12.54      0.5298     6.00       0.28       0.28       0.31       8          6.13       0          20         8          8          0.1333     2.7477     0          9          11         14         16         19         27        
1448       6100       6100       23.66      12.46      0.5267     5.99       0.27       0.29       0.31       8          6.13       0          20         8          8          0.1333     2.7477     0          9          11         14         16         19         27        
1449       6100       6100       23.66      12.67      0.5353     5.95       0.28       0.28       0.31       8          6.13       0          20         8          8          0.1333     2.7477     0          9          11         14         16         19         27        
1450       6100       6100       23.66      12.84      0.5428     6.00       0.30       0.28       0.31       8          6.13       0          20         8          8          0.1333     2.7477     0          9          11         14         16         19         27        
1451       6100       6100       23.69      12.94      0.5465     6.03       0.29       0.29       0.31       8          6.13       0          20         8          8          0.1333     2.7477     0          9          11         14         16         19         27        
1452       6100       6100       23.65      12.95      0.5474     5.99       0.30       0.29       0.31       8          6.13       0          20         8          8          0.1333     2.7477     0          9          11         14         16         19         27        
1453       6100       6100       23.67      13.07      0.5523     5.95       0.28       0.29       0.31       8          6.13       0          20         8          8          0.1333     2.7477     0          9          11         14         16         19         27        
1454       6100       6100       23.64      12.87      0.5445     5.89       0.29       0.28       0.30       8          6.13       0          20         8          8          0.1333     2.7477     0          9          11         14         16         19         27        
1455       6100       6100       23.68      12.91      0.5452     5.93       0.31       0.28       0.30       8          6.13       0          20         8          8          0.1333     2.7477     0          9          11         14         16         19         27        
1456       6100       6100       23.67      12.86      0.5434     6.05       0.30       0.29       0.31       8          6.13       0          20         8          8          0.1333     2.7477     0          9          11         14         16         19         27        
1457       6100       6100       23.68      13.12      0.5539     5.97       0.30       0.28       0.31       8          6.13       0          20         8          8          0.1333     2.7477     0          9          11         14         16         19         27        
1458       6100       6100       23.70      13.48      0.5691     5.88       0.28       0.28       0.31       8          6.13       0          20         8          8          0.1333     2.7477     0          9          11         14         16         19         27        
1459       6100       6100       23.69      13.31      0.5619     5.94       0.28       0.29       0.30       8          6.13       0          20         8          8          0.1333     2.7477     0          9          11         14         16         19         27        
1460       6100       6100       23.65      12.54      0.5302     6.01       0.29       0.29       0.31       8          6.13       0          20         8          8          0.1333     2.7477     0          9          11         14         16         19         27        
1461       6100       6100       23.65      12.94      0.5471     6.11       0.30       0.29       0.31       8          6.13       0          20         8          8          0.1333     2.7477     0          9          11         14         16         19         27        
1462       6100       6100       23.66      14.02      0.5925     5.99       0.29       0.29       0.30       8          6.13       0          20         8          8          0.1333     2.7477     0          9          11         14         16         19         27        
1463       6100       6100       23.68      13.16      0.5560     6.18       0.30       0.30       0.31       8          6.13       0          20         8          8          0.1333     2.7477     0          9          11         14         16         19         27        
1464       6100       6100       23.65      12.81      0.5418     6.09       0.29       0.30       0.31       8          6.13       0          20         8          8          0.1333     2.7477     0          9          11         14         16         19         27        
1465       6100       6100       23.71      13.36      0.5635     6.08       0.29       0.30       0.30       8          6.13       0          20         8          8          0.1333     2.7477     0          9          11         14         16         19         27        
1466       6100       6100       23.66      13.37      0.5651     6.13       0.29       0.30       0.31       8          6.13       0          20         8          8          0.1333     2.7477     0          9          11         14         16         19         27        
1467       6100       6100       23.69      13.06      0.5515     6.10       0.30       0.30       0.30       8          6.13       0          20         8          8          0.1333     2.7477     0          9          11         14         16         19         27        
1468       6100       6100       23.70      12.96      0.5469     6.16       0.31       0.31       0.31       8          6.13       0          20         8          8          0.1333     2.7477     0          9          11         14         16         19         27        
1469       6100       6100       23.69      13.34      0.5630     6.15       0.30       0.31       0.30       8          6.13       0          20         8          8          0.1333     2.7477     0          9          11         14         16         19         27        
1470       6100       6100       23.69      12.70      0.5359     6.16       0.29       0.30       0.31       8          6.13       0          20         8          8          0.1333     2.7477     0          9          11         14         16         19         27        
1471       6100       6100       23.70      13.13      0.5539     6.00       0.29       0.30       0.30       8          6.13       0          20         8          8          0.1333     2.7477     0          9          11         14         16         19         27        
1472       6100       6100       23.68      13.73      0.5799     6.02       0.28       0.30       0.31       8          6.13       0          20         8          8          0.1333     2.7477     0          9          11         14         16         19         27        
1473       6100       6100       23.68      13.40      0.5659     6.06       0.28       0.30       0.31       8          6.13       0          20         8          8          0.1333     2.7477     0          9          11         14         16         19         27        
1474       6100       6100       23.68      13.22      0.5581     6.02       0.29       0.30       0.30       8          6.13       0          20         8          8          0.1333     2.7477     0          9          11         14         16         19         27        
1475       6100       6100       23.67      13.05      0.5515     6.01       0.30       0.29       0.30       8          6.13       0          20         8          8          0.1333     2.7477     0          9          11         14         16         19         27        
1476       6100       6100       23.67      12.77      0.5396     6.02       0.29       0.29       0.31       8          6.13       0          20         8          8          0.1333     2.7477     0          9          11         14         16         19         27        
1477       6100       6100       23.69      12.93      0.5459     6.11       0.31       0.29       0.31       8          6.13       0          20         8          8          0.1333     2.7477     0          9          11         14         16         19         27        
1478       6100       6100       23.69      12.68      0.5355     6.05       0.29       0.30       0.30       8          6.13       0          20         8          8          0.1333     2.7477     0          9          11         14         16         19         27        
1479       6100       6100       23.70      12.89      0.5439     6.05       0.30       0.30       0.30       8          6.13       0          20         8          8          0.1333     2.7477     0          9          11         14         16         19         27        
1480       6100       6100       23.63      13.15      0.5564     6.11       0.29       0.30       0.31       8          6.13       0          20         8          8          0.1333     2.7477     0          9          11         14         16         19         27        
1481       6100       6100       23.69      12.83      0.5416     6.14       0.31       0.31       0.30       8          6.13       0          20         8          8          0.1333     2.7477     0          9          11         14         16         19         27        
1482       6100       6100       23.68      13.39      0.5653     6.02       0.30       0.30       0.30       8          6.13       0          20         8          8          0.1333     2.7477     0          9          11         14         16         19         27        
1483       6100       6100       23.69      13.09      0.5525     6.07       0.31       0.29       0.30       8          6.13       0          20         8          8          0.1333     2.7477     0          9          11         14         16         19         27        
1484       6100       6100       23.68      13.46      0.5683     6.08       0.30       0.29       0.31       8          6.13       0          20         8          8          0.1333     2.7477     0          9          11         14         16         19         27        
1485       6100       6100       23.72      13.17      0.5552     6.14       0.31       0.30       0.31       8          6.13       0          20         8          8          0.1333     2.7477     0          9          11         14         16         19         27        
1486       6100       6100       23.65      12.75      0.5391     5.99       0.30       0.29       0.30       8          6.13       0          20         8          8          0.1333     2.7477     0          9          11         14         16         19         27        
1487       6100       6100       23.71      13.16      0.5550     6.05       0.29       0.29       0.31       8          6.13       0          20         8          8          0.1333     2.7477     0          9          11         14         16         19         27        
1488       6100       6100       23.70      13.01      0.5490     6.04       0.30       0.30       0.30       8          6.13       0          20         8          8          0.1333     2.7477     0          9          11         14         16         19         27        
1489       6100       6100       23.70      13.18      0.5563     5.97       0.28       0.29       0.31       8          6.13       0          20         8          8          0.1333     2.7477     0          9          11         14         16         19         27        
1490       6100       6100       23.68      13.04      0.5508     5.98       0.29       0.29       0.31       8          6.13       0          20         8          8          0.1333     2.7477     0          9          11         14         16         19         27        
1491       6100       6100       23.67      13.12      0.5540     5.98       0.29       0.29       0.31       8          6.13       0          20         8          8          0.1333     2.7477     0          9          11         14         16         19         27        
1492       6100       6100       23.71      13.33      0.5621     6.02       0.29       0.29       0.31       8          6.13       0          20         8          8          0.1333     2.7477     0          9          11         14         16         19         27        
1493       6100       6100       23.69      12.80      0.5402     6.00       0.30       0.29       0.30       8          6.13       0          20         8          8          0.1333     2.7477     0          9          11         14         16         19         27        
1494       6100       6100       23.70      13.31      0.5618     6.08       0.31       0.29       0.31       8          6.13       0          20         8          8          0.1333     2.7477     0          9          11         14         16         19         27        
1495       6100       6100       23.68      12.78      0.5397     6.08       0.29       0.30       0.31       8          6.13       0          20         8          8          0.1333     2.7477     0          9          11         14         16         19         27        
1496       6100       6100       23.70      13.38      0.5644     6.06       0.29       0.30       0.30       8          6.13       0          20         8          8          0.1333     2.7477     0          9          11         14         16         19         27        
1497       6100       6100       23.71      12.90      0.5442     6.07       0.30       0.29       0.31       8          6.13       0          20         8          8          0.1333     2.7477     0          9          11         14         16         19         27        
1498       6100       6100       23.67      13.31      0.5624     5.96       0.30       0.29       0.30       8          6.13       0          20         8          8          0.1333     2.7477     0          9          11         14         16         19         27        
1499       6100       6100       23.70      12.91      0.5446     6.08       0.29       0.30       0.31       8          6.13       0          20         8          8          0.1333     2.7477     0          9          11         14         16         19         27        
1500       6100       6100       23.70      13.42      0.5663     6.07       0.30       0.29       0.31       8          6.13       0          20         8          8          0.1333     2.7477     0          9          11         14         16         19         27        
1501       6100       6100       23.68      12.88      0.5441     6.06       0.29       0.30       0.31       8          6.13       0          20         8          8          0.1333     2.7477     0          9          11         14         16         19         27        
1502       6100       6100       23.70      13.13      0.5540     6.04       0.29       0.31       0.30       8          6.13       0          20         8          8          0.1333     2.7477     0          9          11         14         16         19         27        
1503       6100       6100       23.70      13.35      0.5633     6.12       0.30       0.30       0.31       8          6.13       0          20         8          8          0.1333     2.7477     0          9          11         14         16         19         27        
1504       6100       6100       23.68      12.83      0.5418     5.98       0.29       0.29       0.31       8          6.13       0          20         8          8          0.1333     2.7477     0          9          11         14         16         19         27        
1505       6100       6100       23.69      13.23      0.5584     6.05       0.31       0.28       0.31       8          6.13       0          20         8          8          0.1333     2.7477     0          9          11         14         16         19         27        
1506       6100       6100       23.69      13.16      0.5556     6.04       0.30       0.30       0.30       8          6.13       0          20         8          8          0.1333     2.7477     0          9          11         14         16         19         27        
1507       6100       6100       23.71      12.81      0.5403     6.00       0.30       0.29       0.30       8          6.13       0          20         8          8          0.1333     2.7477     0          9          11         14         16         19         27        
1508       6100       6100       23.68      12.83      0.5418     6.03       0.29       0.30       0.30       8          6.13       0          20         8          8          0.1333     2.7477     0          9          11         14         16         19         27        
1509       6100       6100       23.70      12.94      0.5458     6.05       0.29       0.30       0.31       8          6.13       0          20         8          8          0.1333     2.7477     0          9          11         14         16         19         27        
1510       6100       6100       23.73      13.36      0.5631     5.96       0.28       0.29       0.30       8          6.13       0          20         8          8          0.1333     2.7477     0          9          11         14         16         19         27        
1511       6100       6100       23.72      13.25      0.5586     5.95       0.29       0.28       0.30       8          6.13       0          20         8          8          0.1333     2.7477     0          9          11         14         16         19         27        
1512       6100       6100       23.65      12.87      0.5442     6.12       0.30       0.31       0.31       8          6.13       0          20         8          8          0.1333     2.7477     0          9          11         14         16         19         27        
1513       6100       6100       23.68      12.66      0.5344     6.09       0.30       0.30       0.30       8          6.13       0          20         8          8          0.1333     2.7477     0          9          11         14         16         19         27        
1514       6100       6100       23.66      13.59      0.5745     6.16       0.30       0.30       0.31       8          6.13       0          20         8          8          0.1333     2.7477     0          9          11         14         16         19         27        
1515       6100       6100       23.68      13.35      0.5640     6.05       0.28       0.29       0.31       8          6.13       0          20         8          8          0.1333     2.7477     0          9          11         14         16         19         27        
1516       6100       6100       23.70      13.32      0.5621     6.07       0.29       0.30       0.30       8          6.13       0          20         8          8          0.1333     2.7477     0          9          11         14         16         19         27        
1517       6100       6100       23.69      13.32      0.5621     6.12       0.30       0.29       0.31       8          6.13       0          20         8          8          0.1333     2.7477     0          9          11         14         16         19         27        
1518       6100       6100       23.67      13.26      0.5604     6.11       0.32       0.29       0.31       8          6.13       0          20         8          8          0.1333     2.7477     0          9          11         14         16         19         27        
1519       6100       6100       23.67      12.96      0.5474     6.25       0.32       0.31       0.31       8          6.13       0          20         8          8          0.1333     2.7477     0          9          11         14         16         19         27        
1520       6100       6100       23.68      13.27      0.5604     6.01       0.29       0.29       0.30       8          6.13       0          20         8          8          0.1333     2.7477     0          9          11         14         16         19         27        
1521       6100       6100       23.70      13.43      0.5668     6.04       0.30       0.30       0.30       8          6.13       0          20         8          8          0.1333     2.7477     0          9          11         14         16         19         27        
1522       6100       6100       23.72      13.14      0.5539     5.96       0.29       0.28       0.30       8          6.13       0          20         8          8          0.1333     2.7477     0          9          11         14         16         19         27        
1523       6100       6100       23.70      13.27      0.5597     6.05       0.31       0.29       0.31       8          6.13       0          20         8          8          0.1333     2.7477     0          9          11         14         16         19         27        
1524       6100       6100       23.69      13.25      0.5593     6.04       0.30       0.30       0.30       8          6.13       0          20         8          8          0.1333     2.7477     0          9          11         14         16         19         27        
1525       6100       6100       23.69      12.92      0.5454     6.08       0.28       0.31       0.31       8          6.13       0          20         8          8          0.1333     2.7477     0          9          11         14         16         19         27        
1526       6100       6100       23.70      13.01      0.5490     6.10       0.29       0.31       0.31       8          6.13       0          20         8          8          0.1333     2.7477     0          9          11         14         16         19         27        
1527       6100       6100       23.68      13.33      0.5629     6.11       0.30       0.31       0.31       8          6.13       0          20         8          8          0.1333     2.7477     0          9          11         14         16         19         27        
1528       6100       6100       23.69      13.24      0.5590     6.16       0.30       0.31       0.31       8          6.13       0          20         8          8          0.1333     2.7477     0          9          11         14         16         19         27        
1529       6100       6100       23.67      13.03      0.5506     6.18       0.31       0.31       0.30       8          6.13       0          20         8          8          0.1333     2.7477     0          9          11         14         16         19         27        
1530       6100       6100       23.68      13.15      0.5553     6.17       0.31       0.31       0.30       8          6.13       0          20         8          8          0.1333     2.7477     0          9          11         14         16         19         27        
1531       6100       6100       23.66      13.36      0.5648     6.27       0.32       0.32       0.31       8          6.13       0          20         8          8          0.1333     2.7477     0          9          11         14         16         19         27        
1532       6100       6100       23.65      13.57      0.5737     6.21       0.30       0.32       0.31       8          6.13       0          20         8          8          0.1333     2.7477     0          9          11         14         16         19         27        
1533       6100       6100       23.67      13.39      0.5659     6.29       0.33       0.31       0.31       8          6.13       0          20         8          8          0.1333     2.7477     0          9          11         14         16         19         27        
1534       6100       6100       23.67      13.27      0.5607     6.24       0.33       0.31       0.30       8          6.13       0          20         8          8          0.1333     2.7477     0          9          11         14         16         19         27        
1535       6100       6100       23.66      13.02      0.5501     6.18       0.30       0.31       0.30       8          6.13       0          20         8          8          0.1333     2.7477     0          9          11         14         16         19         27        
1536       6100       6100       23.68      13.21      0.5579     6.27       0.31       0.31       0.31       8          6.13       0          20         8          8          0.1333     2.7477     0          9          11         14         16         19         27        
1537       6100       6100       23.68      13.97      0.5899     6.29       0.31       0.32       0.31       8          6.13       0          20         8          8          0.1333     2.7477     0          9          11         14         16         19         27        
1538       6100       6100       23.67      13.73      0.5801     6.26       0.31       0.32       0.31       8          6.13       0          20         8          8          0.1333     2.7477     0          9          11         14         16         19         27        
1539       6100       6100       23.67      13.66      0.5771     6.25       0.31       0.32       0.30       8          6.13       0          20         8          8          0.1333     2.7477     0          9          11         14         16         19         27        
1540       6100       6100       23.68      13.95      0.5892     6.36       0.32       0.32       0.31       8          6.13       0          20         8          8          0.1333     2.7477     0          9          11         14         16         19         27        
1541       6100       6100       23.65      13.08      0.5530     6.35       0.33       0.32       0.31       8          6.13       0          20         8          8          0.1333     2.7477     0          9          11         14         16         19         27        
1542       6100       6100       23.64      13.85      0.5859     6.38       0.32       0.33       0.31       8          6.13       0          20         8          8          0.1333     2.7477     0          9          11         14         16         19         27        
1543       6100       6100       23.67      13.37      0.5650     6.33       0.32       0.32       0.31       8          6.13       0          20         8          8          0.1333     2.7477     0          9          11         14         16         19         27        
1544       6100       6100       23.66      13.31      0.5626     6.22       0.31       0.31       0.30       8          6.13       0          20         8          8          0.1333     2.7477     0          9          11         14         16         19         27        
1545       6100       6100       23.68      13.77      0.5815     6.22       0.30       0.33       0.30       8          6.13       0          20         8          8          0.1333     2.7477     0          9          11         14         16         19         27        
1546       6100       6100       23.65      13.08      0.5531     6.38       0.32       0.32       0.31       8          6.13       0          20         8          8          0.1333     2.7477     0          9          11         14         16         19         27        
1547       6100       6100       23.66      13.47      0.5695     6.30       0.33       0.31       0.31       8          6.13       0          20         8          8          0.1333     2.7477     0          9          11         14         16         19         27        
1548       6100       6100       23.69      13.40      0.5657     6.17       0.33       0.30       0.30       8          6.13       0          20         8          8          0.1333     2.7477     0          9          11         14         16         19         27        
1549       6100       6100       23.68      13.28      0.5606     6.31       0.33       0.32       0.31       8          6.13       0          20         8          8          0.1333     2.7477     0          9          11         14         16         19         27        
1550       6100       6100       23.66      13.36      0.5649     6.26       0.32       0.32       0.31       8          6.13       0          20         8          8          0.1333     2.7477     0          9          11         14         16         19         27        
1551       6100       6100       23.65      13.41      0.5672     6.19       0.31       0.31       0.30       8          6.13       0          20         8          8          0.1333     2.7477     0          9          11         14         16         19         27        
1552       6100       6100       23.68      13.53      0.5716     6.34       0.31       0.33       0.31       8          6.13       0          20         8          8          0.1333     2.7477     0          9          11         14         16         19         27        
1553       6100       6100       23.68      13.12      0.5540     6.35       0.32       0.32       0.30       8          6.13       0          20         8          8          0.1333     2.7477     0          9          11         14         16         19         27        
1554       6100       6100       23.64      13.74      0.5813     6.38       0.32       0.33       0.31       8          6.13       0          20         8          8          0.1333     2.7477     0          9          11         14         16         19         27        
1555       6100       6100       23.68      13.57      0.5730     6.34       0.33       0.31       0.31       8          6.13       0          20         8          8          0.1333     2.7477     0          9          11         14         16         19         27        
1556       6100       6100       23.66      13.58      0.5740     6.33       0.34       0.31       0.31       8          6.13       0          20         8          8          0.1333     2.7477     0          9          11         14         16         19         27        
1557       6100       6100       23.68      13.48      0.5692     6.23       0.32       0.30       0.31       8          6.13       0          20         8          8          0.1333     2.7477     0          9          11         14         16         19         27        
1558       6100       6100       23.66      13.39      0.5658     6.36       0.33       0.31       0.31       8          6.13       0          20         8          8          0.1333     2.7477     0          9          11         14         16         19         27        
1559       6100       6100       23.65      13.28      0.5615     6.44       0.34       0.32       0.31       8          6.13       0          20         8          8          0.1333     2.7477     0          9          11         14         16         19         27        
1560       6100       6100       23.71      13.82      0.5829     6.38       0.34       0.32       0.31       8          6.13       0          20         8          8          0.1333     2.7477     0          9          11         14         16         19         27        
1561       6100       6100       23.68      13.28      0.5608     6.27       0.32       0.32       0.31       8          6.13       0          20         8          8          0.1333     2.7477     0          9          11         14         16         19         27        
1562       6100       6100       23.69      13.56      0.5721     6.27       0.32       0.31       0.31       8          6.13       0          20         8          8          0.1333     2.7477     0          9          11         14         16         19         27        
1563       6100       6100       23.66      12.96      0.5478     6.28       0.33       0.31       0.31       8          6.13       0          20         8          8          0.1333     2.7477     0          9          11         14         16         19         27        
1564       6100       6100       23.67      13.15      0.5558     6.24       0.32       0.32       0.30       8          6.13       0          20         8          8          0.1333     2.7477     0          9          11         14         16         19         27        
1565       6100       6100       23.69      13.54      0.5715     6.29       0.32       0.31       0.31       8          6.13       0          20         8          8          0.1333     2.7477     0          9          11         14         16         19         27        
1566       6100       6100       23.68      13.12      0.5539     6.41       0.34       0.33       0.31       8          6.13       0          20         8          8          0.1333     2.7477     0          9          11         14         16         19         27        
1567       6100       6100       23.66      13.48      0.5699     6.26       0.32       0.31       0.31       8          6.13       0          20         8          8          0.1333     2.7477     0          9          11         14         16         19         27        
1568       6100       6100       23.65      14.20      0.6004     6.25       0.32       0.32       0.30       8          6.13       0          20         8          8          0.1333     2.7477     0          9          11         14         16         19         27        
1569       6100       6100       23.68      13.65      0.5763     6.31       0.32       0.33       0.30       8          6.13       0          20         8          8          0.1333     2.7477     0          9          11         14         16         19         27        
1570       6100       6100       23.64      13.16      0.5565     6.29       0.31       0.32       0.31       8          6.13       0          20         8          8          0.1333     2.7477     0          9          11         14         16         19         27        
1571       6100       6100       23.67      12.89      0.5445     6.35       0.33       0.32       0.31       8          6.13       0          20         8          8          0.1333     2.7477     0          9          11         14         16         19         27        
1572       6100       6100       23.63      13.64      0.5772     6.27       0.33       0.31       0.31       8          6.13       0          20         8          8          0.1333     2.7477     0          9          11         14         16         19         27        
1573       6100       6100       23.69      13.69      0.5779     6.16       0.31       0.30       0.31       8          6.13       0          20         8          8          0.1333     2.7477     0          9          11         14         16         19         27        
1574       6100       6100       23.66      13.31      0.5624     6.24       0.32       0.31       0.31       8          6.13       0          20         8          8          0.1333     2.7477     0          9          11         14         16         19         27        
1575       6100       6100       23.67      13.40      0.5660     6.24       0.31       0.31       0.31       8          6.13       0          20         8          8          0.1333     2.7477     0          9          11         14         16         19         27        
1576       6100       6100       23.68      13.57      0.5729     6.34       0.33       0.31       0.31       8          6.13       0          20         8          8          0.1333     2.7477     0          9          11         14         16         19         27        
1577       6100       6100       23.68      13.52      0.5710     6.15       0.32       0.30       0.30       8          6.13       0          20         8          8          0.1333     2.7477     0          9          11         14         16         19         27        
1578       6100       6100       23.67      13.81      0.5835     6.35       0.32       0.31       0.31       8          6.13       0          20         8          8          0.1333     2.7477     0          9          11         14         16         19         27        
1579       6100       6100       23.64      13.41      0.5673     6.24       0.32       0.31       0.31       8          6.13       0          20         8          8          0.1333     2.7477     0          9          11         14         16         19         27        
1580       6100       6100       23.66      13.27      0.5606     6.18       0.31       0.32       0.30       8          6.13       0          20         8          8          0.1333     2.7477     0          9          11         14         16         19         27        
1581       6100       6100       23.69      13.97      0.5896     6.25       0.32       0.31       0.30       8          6.13       0          20         8          8          0.1333     2.7477     0          9          11         14         16         19         27        
1582       6100       6100       23.65      12.97      0.5486     6.33       0.30       0.32       0.31       8          6.13       0          20         8          8          0.1333     2.7477     0          9          11         14         16         19         27        
1583       6100       6100       23.65      13.25      0.5604     6.33       0.32       0.32       0.31       8          6.13       0          20         8          8          0.1333     2.7477     0          9          11         14         16         19         27        
1584       6100       6100       23.68      13.79      0.5825     6.24       0.31       0.31       0.31       8          6.13       0          20         8          8          0.1333     2.7477     0          9          11         14         16         19         27        
1585       6100       6100       23.70      13.20      0.5569     6.35       0.31       0.32       0.32       8          6.13       0          20         8          8          0.1333     2.7477     0          9          11         14         16         19         27        
1586       6100       6100       23.64      13.71      0.5802     6.30       0.32       0.33       0.30       8          6.13       0          20         8          8          0.1333     2.7477     0          9          11         14         16         19         27        
1587       6100       6100       23.67      13.39      0.5658     6.39       0.32       0.33       0.31       8          6.13       0          20         8          8          0.1333     2.7477     0          9          11         14         16         19         27        
1588       6100       6100       23.65      13.73      0.5807     6.42       0.31       0.33       0.31       8          6.13       0          20         8          8          0.1333     2.7477     0          9          11         14         16         19         27        
1589       6100       6100       23.67      13.65      0.5765     6.35       0.33       0.31       0.31       8          6.13       0          20         8          8          0.1333     2.7477     0          9          11         14         16         19         27        
1590       6100       6100       23.68      13.40      0.5659     6.42       0.34       0.33       0.31       8          6.13       0          20         8          8          0.1333     2.7477     0          9          11         14         16         19         27        
1591       6100       6100       23.68      13.43      0.5673     6.22       0.31       0.32       0.30       8          6.13       0          20         8          8          0.1333     2.7477     0          9          11         14         16         19         27        
1592       6100       6100       23.69      13.74      0.5800     6.20       0.31       0.32       0.30       8          6.13       0          20         8          8          0.1333     2.7477     0          9          11         14         16         19         27        
1593       6100       6100       23.69      13.53      0.5711     6.31       0.31       0.32       0.31       8          6.13       0          20         8          8          0.1333     2.7477     0          9          11         14         16         19         27        
1594       6100       6100       23.68      13.03      0.5503     6.30       0.30       0.33       0.31       8          6.13       0          20         8          8          0.1333     2.7477     0          9          11         14         16         19         27        
1595       6100       6100       23.66      13.14      0.5555     6.30       0.31       0.32       0.31       8          6.13       0          20         8          8          0.1333     2.7477     0          9          11         14         16         19         27        
1596       6100       6100       23.68      13.54      0.5718     6.19       0.31       0.31       0.31       8          6.13       0          20         8          8          0.1333     2.7477     0          9          11         14         16         19         27        
1597       6100       6100       23.70      13.19      0.5567     6.33       0.33       0.31       0.31       8          6.13       0          20         8          8          0.1333     2.7477     0          9          11         14         16         19         27        
1598       6100       6100       23.69      13.06      0.5514     6.26       0.32       0.31       0.31       8          6.13       0          20         8          8          0.1333     2.7477     0          9          11         14         16         19         27        
1599       6100       6100       23.67      13.60      0.5746     6.27       0.32       0.31       0.31       8          6.13       0          20         8          8          0.1333     2.7477     0          9          11         14         16         19         27        
1600       6100       6100       23.69      13.29      0.5609     6.29       0.31       0.32       0.30       8          6.13       0          20         8          8          0.1333     2.7477     0          9          11         14         16         19         27        
1601       6100       6100       23.69      13.43      0.5668     6.30       0.32       0.32       0.31       8          6.13       0          20         8          8          0.1333     2.7477     0          9          11         14         16         19         27        
1602       6100       6100       23.65      13.53      0.5723     6.21       0.31       0.32       0.30       8          6.13       0          20         8          8          0.1333     2.7477     0          9          11         14         16         19         27        
1603       6100       6100       23.68      13.42      0.5667     6.37       0.34       0.33       0.30       8          6.13       0          20         8          8          0.1333     2.7477     0          9          11         14         16         19         27        
1604       6100       6100       23.66      13.28      0.5613     6.28       0.33       0.33       0.30       8          6.13       0          20         8          8          0.1333     2.7477     0          9          11         14         16         19         27        
1605       6100       6100       23.67      13.55      0.5725     6.39       0.32       0.34       0.30       8          6.13       0          20         8          8          0.1333     2.7477     0          9          11         14         16         19         27        
1606       6100       6100       23.64      13.49      0.5705     6.34       0.33       0.33       0.30       8          6.13       0          20         8          8          0.1333     2.7477     0          9          11         14         16         19         27        
1607       6100       6100       23.67      13.60      0.5746     6.31       0.32       0.32       0.31       8          6.13       0          20         8          8          0.1333     2.7477     0          9          11         14         16         19         27        
1608       6100       6100       23.67      13.52      0.5711     6.28       0.32       0.32       0.30       8          6.13       0          20         8          8          0.1333     2.7477     0          9          11         14         16         19         27        
1609       6100       6100       23.67      13.27      0.5606     6.37       0.33       0.32       0.31       8          6.13       0          20         8          8          0.1333     2.7477     0          9          11         14         16         19         27        
1610       6100       6100       23.66      13.10      0.5538     6.33       0.31       0.33       0.31       8          6.13       0          20         8          8          0.1333     2.7477     0          9          11         14         16         19         27        
1611       6100       6100       23.66      13.56      0.5731     6.31       0.33       0.32       0.30       8          6.13       0          20         8          8          0.1333     2.7477     0          9          11         14         16         19         27        
1612       6100       6100       23.68      13.84      0.5843     6.46       0.33       0.33       0.31       8          6.13       0          20         8          8          0.1333     2.7477     0          9          11         14         16         19         27        
1613       6100       6100       23.68      13.51      0.5705     6.46       0.34       0.33       0.31       8          6.13       0          20         8          8          0.1333     2.7477     0          9          11         14         16         19         27        
1614       6100       6100       23.66      13.77      0.5821     6.46       0.36       0.32       0.31       8          6.13       0          20         8          8          0.1333     2.7477     0          9          11         14         16         19         27        
1615       6100       6100       23.65      13.96      0.5904     6.45       0.34       0.34       0.31       8          6.13       0          20         8          8          0.1333     2.7477     0          9          11         14         16         19         27        
1616       6100       6100       23.69      13.93      0.5878     6.53       0.34       0.34       0.31       8          6.13       0          20         8          8          0.1333     2.7477     0          9          11         14         16         19         27        
1617       6100       6100       23.67      14.11      0.5961     6.38       0.32       0.33       0.31       8          6.13       0          20         8          8          0.1333     2.7477     0          9          11         14         16         19         27        
1618       6100       6100       23.68      13.43      0.5672     6.43       0.34       0.33       0.30       8          6.13       0          20         8          8          0.1333     2.7477     0          9          11         14         16         19         27        
1619       6100       6100       23.64      13.72      0.5804     6.36       0.32       0.33       0.31       8          6.13       0          20         8          8          0.1333     2.7477     0          9          11         14         16         19         27        
1620       6100       6100       23.67      14.07      0.5944     6.42       0.32       0.33       0.31       8          6.13       0          20         8          8          0.1333     2.7477     0          9          11         14         16         19         27        
1621       6100       6100       23.67      13.41      0.5666     6.51       0.32       0.34       0.31       8          6.13       0          20         8          8          0.1333     2.7477     0          9          11         14         16         19         27        
1622       6100       6100       23.63      13.50      0.5713     6.42       0.33       0.34       0.31       8          6.13       0          20         8          8          0.1333     2.7477     0          9          11         14         16         19         27        
1623       6100       6100       23.66      13.99      0.5912     6.27       0.32       0.32       0.30       8          6.13       0          20         8          8          0.1333     2.7477     0          9          11         14         16         19         27        
1624       6100       6100       23.69      13.59      0.5736     6.37       0.33       0.33       0.31       8          6.13       0          20         8          8          0.1333     2.7477     0          9          11         14         16         19         27        
1625       6100       6100       23.68      13.59      0.5737     6.48       0.34       0.33       0.31       8          6.13       0          20         8          8          0.1333     2.7477     0          9          11         14         16         19         27        
1626       6100       6100       23.67      13.62      0.5754     6.51       0.35       0.34       0.30       8          6.13       0          20         8          8          0.1333     2.7477     0          9          11         14         16         19         27        
1627       6100       6100       23.65      13.74      0.5810     6.47       0.34       0.33       0.31       8          6.13       0          20         8          8          0.1333     2.7477     0          9          11         14         16         19         27        
1628       6100       6100       23.66      13.59      0.5744     6.42       0.35       0.32       0.31       8          6.13       0          20         8          8          0.1333     2.7477     0          9          11         14         16         19         27        
1629       6100       6100       23.64      14.02      0.5929     6.42       0.34       0.33       0.30       8          6.13       0          20         8          8          0.1333     2.7477     0          9          11         14         16         19         27        
1630       6100       6100       23.67      13.82      0.5838     6.36       0.34       0.33       0.30       8          6.13       0          20         8          8          0.1333     2.7477     0          9          11         14         16         19         27        
1631       6100       6100       23.69      13.73      0.5796     6.40       0.35       0.33       0.30       8          6.13       0          20         8          8          0.1333     2.7477     0          9          11         14         16         19         27        
1632       6100       6100       23.68      13.23      0.5589     6.52       0.35       0.34       0.31       8          6.13       0          20         8          8          0.1333     2.7477     0          9          11         14         16         19         27        
1633       6100       6100       23.67      13.45      0.5683     6.52       0.34       0.34       0.31       8          6.13       0          20         8          8          0.1333     2.7477     0          9          11         14         16         19         27        
1634       6100       6100       23.65      13.98      0.5910     6.52       0.33       0.34       0.31       8          6.13       0          20         8          8          0.1333     2.7477     0          9          11         14         16         19         27        
1635       6100       6100       23.66      13.76      0.5817     6.55       0.33       0.34       0.31       8          6.13       0          20         8          8          0.1333     2.7477     0          9          11         14         16         19         27        
1636       6100       6100       23.67      13.51      0.5706     6.37       0.34       0.32       0.30       8          6.13       0          20         8          8          0.1333     2.7477     0          9          11         14         16         19         27        
1637       6100       6100       23.65      14.09      0.5959     6.39       0.34       0.32       0.30       8          6.13       0          20         8          8          0.1333     2.7477     0          9          11         14         16         19         27        
1638       6100       6100       23.66      13.45      0.5685     6.50       0.35       0.34       0.31       8          6.13       0          20         8          8          0.1333     2.7477     0          9          11         14         16         19         27        
1639       6100       6100       23.67      13.63      0.5760     6.57       0.35       0.35       0.31       8          6.13       0          20         8          8          0.1333     2.7477     0          9          11         14         16         19         27        
1640       6100       6100       23.65      13.69      0.5786     6.38       0.34       0.33       0.30       8          6.13       0          20         8          8          0.1333     2.7477     0          9          11         14         16         19         27        
4%
occupancy of 98.44%
occupancy of 98.44%
occupancy of 98.44%
occupancy of 98.44%
occupancy of 98.44%
occupancy of 98.44%
occupancy of 98.44%
occupancy of 98.44%
occupancy of 98.44%
occupancy of 98.44%
occupancy of 98.44%
occupancy of 98.44%
occupancy of 98.44%
occupancy of 98.44%
occupancy of 98.44%
occupancy of 98.44%
occupancy of 98.44%
occupancy of 98.44%
occupancy of 98.44%
occupancy of 98.44%
occupancy of 98.44%
occupancy of 98.44%
occupancy of 98.44%
occupancy of 98.44%
occupancy of 98.44%
occupancy of 98.44%
occupancy of 98.44%
occupancy of 98.44%
occupancy of 98.44%
occupancy of 98.44%
occupancy of 98.44%
occupancy of 98.44%
occupancy of 98.44%
occupancy of 98.44%
occupancy of 98.44%
occupancy of 98.44%
occupancy of 98.44%
occupancy of 98.44%
occupancy of 98.44%
occupancy of 98.44%
occupancy of 98.44%
occupancy of 98.44%
occupancy of 98.44%
occupancy of 98.44%
occupancy of 98.44%
occupancy of 98.44%
occupancy of 98.44%
occupancy of 98.44%
occupancy of 98.44%
occupancy of 98.44%
occupancy of 98.44%
occupancy of 98.44%
occupancy of 98.44%
occupancy of 98.44%
occupancy of 98.44%
occupancy of 98.44%
occupancy of 98.44%
occupancy of 98.44%
occupancy of 98.44%
occupancy of 98.44%
occupancy of 98.44%
occupancy of 98.44%
occupancy of 98.44%
occupancy of 98.44%
occupancy of 98.44%
occupancy of 98.44%
occupancy of 98.44%
occupancy of 98.44%
occupancy of 98.44%
occupancy of 98.44%
occupancy of 98.44%
occupancy of 98.44%
occupancy of 98.44%
occupancy of 98.44%
occupancy of 98.44%
occupancy of 98.44%
occupancy of 98.44%
occupancy of 98.44%
occupancy of 98.44%
occupancy of 98.44%
occupancy of 98.44%
occupancy of 98.44%
occupancy of 98.44%
occupancy of 98.44%
occupancy of 98.44%
occupancy of 98.44%
occupancy of 98.44%
occupancy of 98.44%
occupancy of 98.44%
occupancy of 98.44%
occupancy of 98.44%
occupancy of 98.44%
occupancy of 98.44%
occupancy of 98.44%
occupancy of 98.44%
occupancy of 98.44%
occupancy of 98.44%
occupancy of 98.44%
occupancy of 98.44%
occupancy of 98.44%
occupancy of 98.44%
occupancy of 98.44%
occupancy of 98.44%
occupancy of 98.44%
occupancy of 98.44%
occupancy of 98.44%
occupancy of 98.44%
occupancy of 98.44%
occupancy of 98.44%
occupancy of 98.44%
occupancy of 98.44%
occupancy of 98.44%
occupancy of 98.44%
occupancy of 98.44%
occupancy of 98.44%
occupancy of 98.44%
occupancy of 98.44%
occupancy of 98.44%
occupancy of 98.44%
occupancy of 98.44%
occupancy of 98.44%
occupancy of 98.44%
occupancy of 98.44%
occupancy of 98.44%
occupancy of 98.44%
occupancy of 98.44%
occupancy of 98.44%
occupancy of 98.44%
occupancy of 98.44%
occupancy of 98.44%
occupancy of 98.44%
occupancy of 98.44%
occupancy of 98.44%
occupancy of 98.44%
occupancy of 98.44%
occupancy of 98.44%
occupancy of 98.44%
occupancy of 98.44%
occupancy of 98.44%
occupancy of 98.44%
occupancy of 98.44%
occupancy of 98.44%
occupancy of 98.44%
occupancy of 98.44%
occupancy of 98.44%
occupancy of 98.44%
occupancy of 98.44%
occupancy of 98.44%
occupancy of 98.44%
occupancy of 98.44%
occupancy of 98.44%
occupancy of 98.44%
occupancy of 98.44%
occupancy of 98.44%
occupancy of 98.44%
occupancy of 98.44%
occupancy of 98.44%
occupancy of 98.44%
occupancy of 98.44%
occupancy of 98.44%
occupancy of 98.44%
occupancy of 98.44%
occupancy of 99.22%
occupancy of 99.22%
occupancy of 99.22%
occupancy of 99.22%
occupancy of 99.22%
occupancy of 99.22%
occupancy of 99.22%
occupancy of 99.22%
occupancy of 99.22%
occupancy of 99.22%
occupancy of 99.22%
occupancy of 99.22%
occupancy of 99.22%
occupancy of 99.22%
occupancy of 99.22%
occupancy of 99.22%
occupancy of 99.22%
occupancy of 99.22%
occupancy of 99.22%
occupancy of 99.22%
occupancy of 99.22%
occupancy of 99.22%
occupancy of 99.22%
occupancy of 99.22%
occupancy of 99.22%
occupancy of 99.22%
occupancy of 99.22%
occupancy of 99.22%
occupancy of 99.22%
occupancy of 99.22%
occupancy of 99.22%
occupancy of 99.22%
occupancy of 99.22%
occupancy of 99.22%
occupancy of 99.22%
occupancy of 99.22%
occupancy of 99.22%
occupancy of 99.22%
occupancy of 99.22%
occupancy of 99.22%
occupancy of 99.22%
occupancy of 99.22%
occupancy of 1641       6100       6100       23.67      13.60      0.5745     6.42       0.33       0.34       0.31       8          6.13       0          20         8          8          0.1333     2.7477     0          9          11         14         16         19         27        
1642       6100       6100       23.66      13.60      0.5750     6.33       0.31       0.32       0.31       8          6.13       0          20         8          8          0.1333     2.7477     0          9          11         14         16         19         27        
1643       6100       6100       23.66      13.45      0.5685     6.49       0.33       0.33       0.31       8          6.13       0          20         8          8          0.1333     2.7477     0          9          11         14         16         19         27        
1644       6100       6100       23.69      13.29      0.5609     6.41       0.33       0.33       0.30       8          6.13       0          20         8          8          0.1333     2.7477     0          9          11         14         16         19         27        
1645       6100       6100       23.66      13.73      0.5803     6.39       0.32       0.34       0.30       8          6.13       0          20         8          8          0.1333     2.7477     0          9          11         14         16         19         27        
1646       6100       6100       23.66      13.67      0.5777     6.41       0.34       0.32       0.31       8          6.13       0          20         8          8          0.1333     2.7477     0          9          11         14         16         19         27        
1647       6100       6100       23.66      13.78      0.5824     6.45       0.34       0.34       0.30       8          6.13       0          20         8          8          0.1333     2.7477     0          9          11         14         16         19         27        
1648       6100       6100       23.69      13.64      0.5760     6.39       0.32       0.33       0.31       8          6.13       0          20         8          8          0.1333     2.7477     0          9          11         14         16         19         27        
1649       6100       6100       23.68      13.47      0.5688     6.54       0.34       0.34       0.30       8          6.13       0          20         8          8          0.1333     2.7477     0          9          11         14         16         19         27        
1650       6100       6100       23.66      13.66      0.5775     6.51       0.33       0.34       0.31       8          6.13       0          20         8          8          0.1333     2.7477     0          9          11         14         16         19         27        
1651       6100       6100       23.66      14.20      0.6000     6.40       0.33       0.33       0.30       8          6.13       0          20         8          8          0.1333     2.7477     0          9          11         14         16         19         27        
1652       6100       6100       23.66      13.87      0.5863     6.40       0.35       0.32       0.31       8          6.13       0          20         8          8          0.1333     2.7477     0          9          11         14         16         19         27        
1653       6100       6100       23.69      13.71      0.5787     6.52       0.35       0.34       0.31       8          6.13       0          20         8          8          0.1333     2.7477     0          9          11         14         16         19         27        
1654       6100       6100       23.70      13.62      0.5750     6.50       0.35       0.33       0.31       8          6.13       0          20         8          8          0.1333     2.7477     0          9          11         14         16         19         27        
1655       6100       6100       23.66      13.78      0.5824     6.47       0.33       0.34       0.31       8          6.13       0          20         8          8          0.1333     2.7477     0          9          11         14         16         19         27        
1656       6100       6100       23.68      13.91      0.5874     6.47       0.33       0.33       0.31       8          6.13       0          20         8          8          0.1333     2.7477     0          9          11         14         16         19         27        
1657       6100       6100       23.69      13.43      0.5669     6.40       0.33       0.33       0.31       8          6.13       0          20         8          8          0.1333     2.7477     0          9          11         14         16         19         27        
1658       6100       6100       23.67      13.66      0.5770     6.46       0.33       0.33       0.31       8          6.13       0          20         8          8          0.1333     2.7477     0          9          11         14         16         19         27        
1659       6100       6100       23.63      13.62      0.5764     6.48       0.34       0.33       0.31       8          6.13       0          20         8          8          0.1333     2.7477     0          9          11         14         16         19         27        
1660       6100       6100       23.68      13.55      0.5723     6.33       0.34       0.31       0.31       8          6.13       0          20         8          8          0.1333     2.7477     0          9          11         14         16         19         27        
1661       6100       6100       23.68      13.60      0.5742     6.31       0.34       0.33       0.30       8          6.13       0          20         8          8          0.1333     2.7477     0          9          11         14         16         19         27        
1662       6100       6100       23.69      13.18      0.5564     6.15       0.32       0.31       0.30       8          6.13       0          20         8          8          0.1333     2.7477     0          9          11         14         16         19         27        
1663       6100       6100       23.70      13.74      0.5800     6.37       0.32       0.33       0.31       8          6.13       0          20         8          8          0.1333     2.7477     0          9          11         14         16         19         27        
1664       6100       6100       23.67      13.43      0.5676     6.39       0.34       0.32       0.31       8          6.13       0          20         8          8          0.1333     2.7477     0          9          11         14         16         19         27        
1665       6100       6100       23.66      13.58      0.5737     6.43       0.33       0.34       0.31       8          6.13       0          20         8          8          0.1333     2.7477     0          9          11         14         16         19         27        
1666       6100       6100       23.68      13.21      0.5579     6.46       0.34       0.33       0.31       8          6.13       0          20         8          8          0.1333     2.7477     0          9          11         14         16         19         27        
1667       6100       6100       23.66      13.62      0.5756     6.37       0.35       0.32       0.30       8          6.13       0          20         8          8          0.1333     2.7477     0          9          11         14         16         19         27        
1668       6100       6100       23.67      13.88      0.5864     6.42       0.33       0.32       0.31       8          6.13       0          20         8          8          0.1333     2.7477     0          9          11         14         16         19         27        
1669       6100       6100       23.68      13.64      0.5760     6.48       0.34       0.33       0.31       8          6.13       0          20         8          8          0.1333     2.7477     0          9          11         14         16         19         27        
1670       6100       6100       23.66      13.84      0.5847     6.46       0.33       0.33       0.31       8          6.13       0          20         8          8          0.1333     2.7477     0          9          11         14         16         19         27        
1671       6100       6100       23.70      13.59      0.5734     6.29       0.33       0.32       0.30       8          6.13       0          20         8          8          0.1333     2.7477     0          9          11         14         16         19         27        
1672       6100       6100       23.70      13.67      0.5766     6.44       0.33       0.34       0.30       8          6.13       0          20         8          8          0.1333     2.7477     0          9          11         14         16         19         27        
1673       6100       6100       23.71      13.48      0.5688     6.33       0.32       0.33       0.30       8          6.13       0          20         8          8          0.1333     2.7477     0          9          11         14         16         19         27        
1674       6100       6100       23.69      14.05      0.5928     6.46       0.34       0.34       0.30       8          6.13       0          20         8          8          0.1333     2.7477     0          9          11         14         16         19         27        
1675       6100       6100       23.69      13.73      0.5796     6.43       0.32       0.33       0.31       8          6.13       0          20         8          8          0.1333     2.7477     0          9          11         14         16         19         27        
1676       6100       6100       23.70      13.70      0.5781     6.40       0.31       0.34       0.30       8          6.13       0          20         8          8          0.1333     2.7477     0          9          11         14         16         19         27        
1677       6100       6100       23.69      13.66      0.5766     6.46       0.32       0.33       0.31       8          6.13       0          20         8          8          0.1333     2.7477     0          9          11         14         16         19         27        
1678       6100       6100       23.70      13.75      0.5802     6.41       0.35       0.32       0.31       8          6.13       0          20         8          8          0.1333     2.7477     0          9          11         14         16         19         27        
1679       6100       6100       23.68      14.15      0.5974     6.42       0.34       0.33       0.30       8          6.13       0          20         8          8          0.1333     2.7477     0          9          11         14         16         19         27        
1680       6100       6100       23.69      13.65      0.5763     6.43       0.33       0.33       0.31       8          6.13       0          20         8          8          0.1333     2.7477     0          9          11         14         16         19         27        
1681       6100       6100       23.69      13.59      0.5737     6.36       0.32       0.33       0.30       8          6.13       0          20         8          8          0.1333     2.7477     0          9          11         14         16         19         27        
1682       6100       6100       23.67      14.00      0.5912     6.46       0.34       0.34       0.30       8          6.13       0          20         8          8          0.1333     2.7477     0          9          11         14         16         19         27        
1683       6100       6100       23.67      13.63      0.5759     6.52       0.35       0.34       0.31       8          6.13       0          20         8          8          0.1333     2.7477     0          9          11         14         16         19         27        
1684       6100       6100       23.69      14.25      0.6016     6.49       0.35       0.33       0.31       8          6.13       0          20         8          8          0.1333     2.7477     0          9          11         14         16         19         27        
1685       6100       6100       23.68      13.55      0.5723     6.52       0.34       0.33       0.31       8          6.13       0          20         8          8          0.1333     2.7477     0          9          11         14         16         19         27        
1686       6100       6100       23.64      13.90      0.5877     6.46       0.33       0.33       0.31       8          6.13       0          20         8          8          0.1333     2.7477     0          9          11         14         16         19         27        
1687       6100       6100       23.68      14.21      0.6002     6.47       0.32       0.33       0.31       8          6.13       0          20         8          8          0.1333     2.7477     0          9          11         14         16         19         27        
1688       6100       6100       23.71      14.10      0.5946     6.50       0.33       0.34       0.31       8          6.13       0          20         8          8          0.1333     2.7477     0          9          11         14         16         19         27        
1689       6100       6100       23.69      13.86      0.5853     6.56       0.35       0.34       0.31       8          6.13       0          20         8          8          0.1333     2.7477     0          9          11         14         16         19         27        
1690       6100       6100       23.65      14.25      0.6028     6.53       0.34       0.34       0.31       8          6.13       0          20         8          8          0.1333     2.7477     0          9          11         14         16         19         27        
1691       6100       6100       23.67      13.92      0.5878     6.54       0.36       0.34       0.30       8          6.13       0          20         8          8          0.1333     2.7477     0          9          11         14         16         19         27        
1692       6100       6100       23.68      13.78      0.5821     6.55       0.35       0.33       0.31       8          6.13       0          20         8          8          0.1333     2.7477     0          9          11         14         16         19         27        
1693       6100       6100       23.67      13.91      0.5879     6.61       0.35       0.35       0.30       8          6.13       0          20         8          8          0.1333     2.7477     0          9          11         14         16         19         27        
1694       6100       6100       23.67      14.16      0.5981     6.57       0.36       0.34       0.30       8          6.13       0          20         8          8          0.1333     2.7477     0          9          11         14         16         19         27        
1695       6100       6100       23.65      13.89      0.5873     6.58       0.36       0.35       0.31       8          6.13       0          20         8          8          0.1333     2.7477     0          9          11         14         16         19         27        
1696       6100       6100       23.68      14.28      0.6031     6.55       0.34       0.35       0.31       8          6.13       0          20         8          8          0.1333     2.7477     0          9          11         14         16         19         27        
1697       6100       6100       23.67      14.53      0.6138     6.68       0.35       0.36       0.31       8          6.13       0          20         8          8          0.1333     2.7477     0          9          11         14         16         19         27        
1698       6100       6100       23.67      14.00      0.5915     6.65       0.34       0.35       0.31       8          6.13       0          20         8          8          0.1333     2.7477     0          9          11         14         16         19         27        
1699       6100       6100       23.62      13.97      0.5912     6.61       0.34       0.35       0.31       8          6.13       0          20         8          8          0.1333     2.7477     0          9          11         14         16         19         27        
1700       6100       6100       23.69      13.97      0.5897     6.63       0.33       0.36       0.31       8          6.13       0          20         8          8          0.1333     2.7477     0          9          11         14         16         19         27        
1701       6100       6100       23.66      13.65      0.5769     6.57       0.34       0.36       0.30       8          6.13       0          20         8          8          0.1333     2.7477     0          9          11         14         16         19         27        
1702       6100       6100       23.65      13.65      0.5770     6.58       0.34       0.36       0.30       8          6.13       0          20         8          8          0.1333     2.7477     0          9          11         14         16         19         27        
1703       6100       6100       23.66      14.00      0.5917     6.62       0.36       0.35       0.30       8          6.13       0          20         8          8          0.1333     2.7477     0          9          11         14         16         19         27        
1704       6100       6100       23.65      13.72      0.5802     6.51       0.34       0.34       0.31       8          6.13       0          20         8          8          0.1333     2.7477     0          9          11         14         16         19         27        
1705       6100       6100       23.66      13.67      0.5780     6.59       0.35       0.34       0.31       8          6.13       0          20         8          8          0.1333     2.7477     0          9          11         14         16         19         27        
1706       6100       6100       23.63      14.08      0.5960     6.60       0.36       0.35       0.31       8          6.13       0          20         8          8          0.1333     2.7477     0          9          11         14         16         19         27        
1707       6100       6100       23.68      13.81      0.5833     6.51       0.35       0.34       0.30       8          6.13       0          20         8          8          0.1333     2.7477     0          9          11         14         16         19         27        
1708       6100       6100       23.65      13.79      0.5832     6.71       0.37       0.36       0.31       8          6.13       0          20         8          8          0.1333     2.7477     0          9          11         14         16         19         27        
1709       6100       6100       23.67      13.96      0.5898     6.63       0.35       0.35       0.31       8          6.13       0          20         8          8          0.1333     2.7477     0          9          11         14         16         19         27        
1710       6100       6100       23.66      13.87      0.5863     6.51       0.35       0.34       0.30       8          6.13       0          20         8          8          0.1333     2.7477     0          9          11         14         16         19         27        
1711       6100       6100       23.67      13.65      0.5766     6.60       0.34       0.35       0.31       8          6.13       0          20         8          8          0.1333     2.7477     0          9          11         14         16         19         27        
1712       6100       6100       23.65      13.65      0.5773     6.62       0.36       0.34       0.31       8          6.13       0          20         8          8          0.1333     2.7477     0          9          11         14         16         19         27        
1713       6100       6100       23.67      14.01      0.5920     6.67       0.36       0.35       0.31       8          6.13       0          20         8          8          0.1333     2.7477     0          9          11         14         16         19         27        
1714       6100       6100       23.65      13.79      0.5830     6.51       0.33       0.33       0.31       8          6.13       0          20         8          8          0.1333     2.7477     0          9          11         14         16         19         27        
1715       6100       6100       23.67      13.82      0.5838     6.51       0.33       0.34       0.31       8          6.13       0          20         8          8          0.1333     2.7477     0          9          11         14         16         19         27        
1716       6100       6100       23.67      13.86      0.5854     6.49       0.34       0.34       0.31       8          6.13       0          20         8          8          0.1333     2.7477     0          9          11         14         16         19         27        
1717       6100       6100       23.68      13.76      0.5809     6.50       0.35       0.34       0.31       8          6.13       0          20         8          8          0.1333     2.7477     0          9          11         14         16         19         27        
1718       6100       6100       23.68      13.27      0.5605     6.61       0.35       0.35       0.31       8          6.13       0          20         8          8          0.1333     2.7477     0          9          11         14         16         19         27        
1719       6100       6100       23.69      13.81      0.5829     6.54       0.34       0.34       0.31       8          6.13       0          20         8          8          0.1333     2.7477     0          9          11         14         16         19         27        
1720       6100       6100       23.70      14.04      0.5924     6.49       0.34       0.35       0.31       8          6.13       0          20         8          8          0.1333     2.7477     0          9          11         14         16         19         27        
1721       6100       6100       23.71      14.02      0.5912     6.37       0.32       0.33       0.30       8          6.13       0          20         8          8          0.1333     2.7477     0          9          11         14         16         19         27        
1722       6100       6100       23.73      13.74      0.5791     6.40       0.33       0.33       0.30       8          6.13       0          20         8          8          0.1333     2.7477     0          9          11         14         16         19         27        
1723       6100       6100       23.67      13.42      0.5672     6.59       0.35       0.35       0.31       8          6.13       0          20         8          8          0.1333     2.7477     0          9          11         14         16         19         27        
1724       6100       6100       23.69      13.39      0.5650     6.61       0.35       0.34       0.32       8          6.13       0          20         8          8          0.1333     2.7477     0          9          11         14         16         19         27        
1725       6100       6100       23.68      13.87      0.5857     6.50       0.33       0.34       0.30       8          6.13       0          20         8          8          0.1333     2.7477     0          9          11         14         16         19         27        
1726       6100       6100       23.69      14.22      0.6005     6.45       0.34       0.34       0.30       8          6.13       0          20         8          8          0.1333     2.7477     0          9          11         14         16         19         27        
1727       6100       6100       23.69      13.73      0.5793     6.44       0.34       0.33       0.31       8          6.13       0          20         8          8          0.1333     2.7477     0          9          11         14         16         19         27        
1728       6100       6100       23.73      13.81      0.5817     6.41       0.32       0.33       0.31       8          6.13       0          20         8          8          0.1333     2.7477     0          9          11         14         16         19         27        
1729       6100       6100       23.69      13.67      0.5771     6.39       0.33       0.33       0.30       8          6.13       0          20         8          8          0.1333     2.7477     0          9          11         14         16         19         27        
1730       6100       6100       23.68      13.82      0.5835     6.52       0.34       0.34       0.31       8          6.13       0          20         8          8          0.1333     2.7477     0          9          11         14         16         19         27        
1731       6100       6100       23.71      13.69      0.5773     6.52       0.35       0.33       0.31       8          6.13       0          20         8          8          0.1333     2.7477     0          9          11         14         16         19         27        
1732       6100       6100       23.68      13.87      0.5859     6.40       0.33       0.33       0.31       8          6.13       0          20         8          8          0.1333     2.7477     0          9          11         14         16         19         27        
1733       6100       6100       23.68      14.12      0.5965     6.48       0.34       0.33       0.31       8          6.13       0          20         8          8          0.1333     2.7477     0          9          11         14         16         19         27        
1734       6100       6100       23.67      13.75      0.5809     6.41       0.35       0.32       0.31       8          6.13       0          20         8          8          0.1333     2.7477     0          9          11         14         16         19         27        
1735       6100       6100       23.70      13.69      0.5775     6.45       0.34       0.33       0.31       8          6.13       0          20         8          8          0.1333     2.7477     0          9          11         14         16         19         27        
1736       6100       6100       23.68      13.42      0.5666     6.51       0.34       0.33       0.31       8          6.13       0          20         8          8          0.1333     2.7477     0          9          11         14         16         19         27        
1737       6100       6100       23.65      13.96      0.5902     6.49       0.34       0.33       0.30       8          6.13       0          20         8          8          0.1333     2.7477     0          9          11         14         16         19         27        
1738       6100       6100       23.68      13.71      0.5791     6.38       0.34       0.32       0.30       8          6.13       0          20         8          8          0.1333     2.7477     0          9          11         14         16         19         27        
1739       6100       6100       23.69      14.09      0.5947     6.53       0.35       0.33       0.30       8          6.13       0          20         8          8          0.1333     2.7477     0          9          11         14         16         19         27        
1740       6100       6100       23.68      13.15      0.5553     6.50       0.33       0.34       0.31       8          6.13       0          20         8          8          0.1333     2.7477     0          9          11         14         16         19         27        
1741       6100       6100       23.70      14.06      0.5931     6.60       0.34       0.35       0.31       8          6.13       0          20         8          8          0.1333     2.7477     0          9          11         14         16         19         27        
1742       6100       6100       23.69      13.92      0.5876     6.67       0.36       0.34       0.31       8          6.13       0          20         8          8          0.1333     2.7477     0          9          11         14         16         19         27        
1743       6100       6100       23.69      13.97      0.5894     6.62       0.35       0.35       0.31       8          6.13       0          20         8          8          0.1333     2.7477     0          9          11         14         16         19         27        
1744       6100       6100       23.67      13.94      0.5886     6.57       0.34       0.35       0.31       8          6.13       0          20         8          8          0.1333     2.7477     0          9          11         14         16         19         27        
1745       6100       6100       23.65      14.20      0.6004     6.57       0.34       0.34       0.31       8          6.13       0          20         8          8          0.1333     2.7477     0          9          11         14         16         19         27        
1746       6100       6100       23.70      13.67      0.5767     6.65       0.34       0.35       0.31       8          6.13       0          20         8          8          0.1332     2.7477     0          9          11         14         16         19         27        
1747       6100       6100       23.70      13.99      0.5903     6.64       0.33       0.35       0.31       8          6.13       0          20         8          8          0.1332     2.7477     0          9          11         14         16         19         27        
1748       6100       6100       23.66      14.05      0.5939     6.58       0.33       0.35       0.31       8          6.13       0          20         8          8          0.1332     2.7477     0          9          11         14         16         19         27        
1749       6100       6100       23.70      14.05      0.5929     6.49       0.34       0.34       0.31       8          6.13       0          20         8          8          0.1332     2.7477     0          9          11         14         16         19         27        
1750       6100       6100       23.70      14.07      0.5934     6.63       0.36       0.34       0.31       8          6.13       0          20         8          8          0.1332     2.7477     0          9          11         14         16         19         27        
1751       6100       6100       23.69      13.87      0.5853     6.52       0.34       0.34       0.31       8          6.13       0          20         8          8          0.1332     2.7477     0          9          11         14         16         19         27        
1752       6100       6100       23.71      13.86      0.5847     6.51       0.35       0.34       0.30       8          6.13       0          20         8          8          0.1332     2.7477     0          9          11         14         16         19         27        
1753       6100       6100       23.70      13.49      0.5693     6.55       0.35       0.35       0.30       8          6.13       0          20         8          8          0.1332     2.7477     0          9          11         14         16         19         27        
1754       6100       6100       23.70      14.00      0.5906     6.55       0.34       0.34       0.31       8          6.13       0          20         8          8          0.1332     2.7477     0          9          11         14         16         19         27        
1755       6100       6100       23.71      13.46      0.5676     6.62       0.35       0.35       0.31       8          6.13       0          20         8          8          0.1332     2.7477     0          9          11         14         16         19         27        
1756       6100       6100       23.70      13.90      0.5864     6.59       0.34       0.35       0.31       8          6.13       0          20         8          8          0.1332     2.7477     0          9          11         14         16         19         27        
1757       6100       6100       23.71      13.73      0.5792     6.64       0.35       0.35       0.31       8          6.13       0          20         8          8          0.1332     2.7477     0          9          11         14         16         19         27        
1758       6100       6100       23.69      14.08      0.5942     6.48       0.34       0.35       0.30       8          6.13       0          20         8          8          0.1332     2.7477     0          9          11         14         16         19         27        
1759       6100       6100       23.70      14.20      0.5992     6.52       0.34       0.34       0.31       8          6.13       0          20         8          8          0.1332     2.7477     0          9          11         14         16         19         27        
1760       6100       6100       23.68      13.60      0.5746     6.51       0.33       0.34       0.31       8          6.13       0          20         8          8          0.1332     2.7477     0          9          11         14         16         19         27        
1761       6100       6100       23.71      13.95      0.5885     6.57       0.34       0.35       0.31       8          6.13       0          20         8          8          0.1332     2.7477     0          9          11         14         16         19         27        
1762       6100       6100       23.68      13.83      0.5840     6.67       0.36       0.35       0.31       8          6.13       0          20         8          8          0.1332     2.7477     0          9          11         14         16         19         27        
1763       6100       6100       23.68      13.77      0.5816     6.50       0.34       0.34       0.30       8          6.13       0          20         8          8          0.1332     2.7477     0          9          11         14         16         19         27        
1764       6100       6100       23.69      13.80      0.5826     6.45       0.33       0.34       0.30       8          6.13       0          20         8          8          0.1332     2.7477     0          9          11         14         16         19         27        
1765       6100       6100       23.68      13.87      0.5857     6.55       0.35       0.34       0.31       8          6.13       0          20         8          8          0.1332     2.7477     0          9          11         14         16         19         27        
1766       6100       6100       23.66      13.96      0.5899     6.44       0.33       0.33       0.31       8          6.13       0          20         8          8          0.1332     2.7477     0          9          11         14         16         19         27        
1767       6100       6100       23.69      13.99      0.5908     6.33       0.34       0.32       0.30       8          6.13       0          20         8          8          0.1332     2.7477     0          9          11         14         16         19         27        
1768       6100       6100       23.70      13.62      0.5746     6.45       0.33       0.34       0.31       8          6.13       0          20         8          8          0.1332     2.7477     0          9          11         14         16         19         27        
1769       6100       6100       23.70      13.96      0.5888     6.51       0.34       0.35       0.30       8          6.13       0          20         8          8          0.1332     2.7477     0          9          11         14         16         19         27        
1770       6100       6100       23.70      14.04      0.5924     6.56       0.34       0.35       0.30       8          6.13       0          20         8          8          0.1332     2.7477     0          9          11         14         16         19         27        
1771       6100       6100       23.71      13.54      0.5709     6.38       0.35       0.33       0.30       8          6.13       0          20         8          8          0.1332     2.7477     0          9          11         14         16         19         27        
1772       6100       6100       23.68      13.96      0.5894     6.48       0.34       0.33       0.31       8          6.13       0          20         8          8          0.1332     2.7477     0          9          11         14         16         19         27        
1773       6100       6100       23.69      13.62      0.5752     6.57       0.35       0.35       0.31       8          6.13       0          20         8          8          0.1332     2.7477     0          9          11         14         16         19         27        
1774       6100       6100       23.70      13.47      0.5683     6.50       0.35       0.34       0.31       8          6.13       0          20         8          8          0.1332     2.7477     0          9          11         14         16         19         27        
1775       6100       6100       23.67      14.28      0.6032     6.34       0.32       0.33       0.31       8          6.13       0          20         8          8          0.1332     2.7477     0          9          11         14         16         19         27        
1776       6100       6100       23.69      13.78      0.5817     6.49       0.35       0.34       0.31       8          6.13       0          20         8          8          0.1332     2.7477     0          9          11         14         16         19         27        
1777       6100       6100       23.69      13.24      0.5587     6.49       0.34       0.34       0.31       8          6.13       0          20         8          8          0.1332     2.7477     0          9          11         14         16         19         27        
1778       6100       6100       23.70      13.78      0.5813     6.48       0.34       0.33       0.31       8          6.13       0          20         8          8          0.1332     2.7477     0          9          11         14         16         19         27        
1779       6100       6100       23.65      14.20      0.6006     6.38       0.34       0.32       0.31       8          6.13       0          20         8          8          0.1332     2.7477     0          9          11         14         16         19         27        
1780       6100       6100       23.71      13.61      0.5741     6.32       0.32       0.32       0.30       8          6.13       0          20         8          8          0.1332     2.7477     0          9          11         14         16         19         27        
1781       6100       6100       23.72      13.49      0.5689     6.33       0.34       0.33       0.30       8          6.13       0          20         8          8          0.1332     2.7477     0          9          11         14         16         19         27        
1782       6100       6100       23.68      13.94      0.5886     6.41       0.34       0.34       0.30       8          6.13       0          20         8          8          0.1332     2.7477     0          9          11         14         16         19         27        
1783       6100       6100       23.71      13.86      0.5845     6.44       0.34       0.33       0.31       8          6.13       0          20         8          8          0.1332     2.7477     0          9          11         14         16         19         27        
1784       6100       6100       23.71      13.50      0.5694     6.40       0.34       0.33       0.31       8          6.13       0          20         8          8          0.1332     2.7477     0          9          11         14         16         19         27        
1785       6100       6100       23.70      13.86      0.5849     6.52       0.35       0.34       0.31       8          6.13       0          20         8          8          0.1332     2.7477     0          9          11         14         16         19         27        
1786       6100       6100       23.68      13.80      0.5830     6.48       0.33       0.34       0.31       8          6.13       0          20         8          8          0.1332     2.7477     0          9          11         14         16         19         27        
1787       6100       6100       23.71      13.93      0.5877     6.51       0.35       0.34       0.30       8          6.13       0          20         8          8          0.1332     2.7477     0          9          11         14         16         19         27        
1788       6100       6100       23.69      13.92      0.5878     6.49       0.33       0.34       0.31       8          6.13       0          20         8          8          0.1332     2.7477     0          9          11         14         16         19         27        
1789       6100       6100       23.70      13.52      0.5704     6.49       0.33       0.34       0.31       8          6.13       0          20         8          8          0.1332     2.7477     0          9          11         14         16         19         27        
1790       6100       6100       23.70      13.77      0.5808     6.43       0.33       0.33       0.31       8          6.13       0          20         8          8          0.1332     2.7477     0          9          11         14         16         19         27        
1791       6100       6100       23.71      13.49      0.5689     6.42       0.33       0.33       0.31       8          6.13       0          20         8          8          0.1332     2.7477     0          9          11         14         16         19         27        
1792       6100       6100       23.70      13.48      0.5686     6.44       0.34       0.33       0.30       8          6.13       0          20         8          8          0.1332     2.7477     0          9          11         14         16         19         27        
1793       6100       6100       23.67      13.69      0.5784     6.47       0.33       0.34       0.31       8          6.13       0          20         8          8          0.1332     2.7477     0          9          11         14         16         19         27        
1794       6100       6100       23.70      13.32      0.5619     6.59       0.35       0.35       0.31       8          6.13       0          20         8          8          0.1332     2.7477     0          9          11         14         16         19         27        
1795       6100       6100       23.69      14.05      0.5932     6.52       0.32       0.34       0.31       8          6.13       0          20         8          8          0.1332     2.7477     0          9          11         14         16         19         27        
1796       6100       6100       23.69      13.81      0.5831     6.43       0.33       0.34       0.30       8          6.13       0          20         8          8          0.1332     2.7477     0          9          11         14         16         19         27        
1797       6100       6100       23.70      14.14      0.5965     6.49       0.35       0.34       0.30       8          6.13       0          20         8          8          0.1332     2.7477     0          9          11         14         16         19         27        
1798       6100       6100       23.67      13.29      0.5614     6.41       0.34       0.34       0.30       8          6.13       0          20         8          8          0.1332     2.7477     0          9          11         14         16         19         27        
1799       6100       6100       23.72      13.89      0.5858     6.42       0.34       0.34       0.30       8          6.13       0          20         8          8          0.1332     2.7477     0          9          11         14         16         19         27        
1800       6100       6100       23.69      13.87      0.5855     6.48       0.35       0.34       0.30       8          6.13       0          20         8          8          0.1332     2.7477     0          9          11         14         16         19         27        
1801       6100       6100       23.71      13.80      0.5820     6.61       0.36       0.35       0.30       8          6.13       0          20         8          8          0.1332     2.7477     0          9          11         14         16         19         27        
1802       6100       6100       23.69      14.03      0.5924     6.58       0.36       0.34       0.31       8          6.13       0          20         8          8          0.1332     2.7477     0          9          11         14         16         19         27        
1803       6100       6100       23.66      13.62      0.5758     6.52       0.34       0.35       0.30       8          6.13       0          20         8          8          0.1332     2.7477     0          9          11         14         16         19         27        
1804       6100       6100       23.68      13.87      0.5860     6.52       0.35       0.34       0.30       8          6.13       0          20         8          8          0.1332     2.7477     0          9          11         14         16         19         27        
1805       6100       6100       23.67      13.82      0.5840     6.64       0.35       0.35       0.31       8          6.13       0          20         8          8          0.1332     2.7477     0          9          11         14         16         19         27        
1806       6100       6100       23.70      13.57      0.5728     6.48       0.33       0.34       0.31       8          6.13       0          20         8          8          0.1332     2.7477     0          9          11         14         16         19         27        
1807       6100       6100       23.67      14.02      0.5925     6.51       0.35       0.34       0.30       8          6.13       0          20         8          8          0.1332     2.7477     0          9          11         14         16         19         27        
1808       6100       6100       23.71      13.98      0.5899     6.54       0.34       0.34       0.30       8          6.13       0          20         8          8          0.1332     2.7477     0          9          11         14         16         19         27        
1809       6100       6100       23.67      14.13      0.5970     6.51       0.33       0.35       0.30       8          6.13       0          20         8          8          0.1332     2.7477     0          9          11         14         16         19         27        
1810       6100       6100       23.70      13.98      0.5899     6.60       0.33       0.36       0.31       8          6.13       0          20         8          8          0.1332     2.7477     0          9          11         14         16         19         27        
1811       6100       6100       23.68      13.58      0.5736     6.62       0.34       0.35       0.31       8          6.13       0          20         8          8          0.1332     2.7477     0          9          11         14         16         19         27        
1812       6100       6100       23.69      13.16      0.5553     6.60       0.36       0.35       0.31       8          6.13       0          20         8          8          0.1332     2.7477     0          9          11         14         16         19         27        
1813       6100       6100       23.71      13.76      0.5801     6.47       0.34       0.34       0.31       8          6.13       0          20         8          8          0.1332     2.7477     0          9          11         14         16         19         27        
1814       6100       6100       23.69      13.81      0.5832     6.44       0.33       0.34       0.31       8          6.13       0          20         8          8          0.1332     2.7477     0          9          11         14         16         19         27        
1815       6100       6100       23.71      13.58      0.5728     6.42       0.32       0.33       0.31       8          6.13       0          20         8          8          0.1332     2.7477     0          9          11         14         16         19         27        
1816       6100       6100       23.69      13.40      0.5656     6.58       0.35       0.34       0.31       8          6.13       0          20         8          8          0.1332     2.7477     0          9          11         14         16         19         27        
1817       6100       6100       23.71      13.72      0.5786     6.47       0.34       0.33       0.31       8          6.13       0          20         8          8          0.1332     2.7477     0          9          11         14         16         19         27        
1818       6100       6100       23.70      13.90      0.5866     6.38       0.32       0.34       0.30       8          6.13       0          20         8          8          0.1332     2.7477     0          9          11         14         16         19         27        
1819       6100       6100       23.70      13.39      0.5652     6.33       0.32       0.32       0.30       8          6.13       0          20         8          8          0.1332     2.7477     0          9          11         14         16         19         27        
1820       6100       6100       23.70      13.54      0.5711     6.32       0.33       0.32       0.31       8          6.13       0          20         8          8          0.1332     2.7477     0          9          11         14         16         19         27        
1821       6100       6100       23.70      13.63      0.5751     6.38       0.33       0.33       0.30       8          6.13       0          20         8          8          0.1332     2.7477     0          9          11         14         16         19         27        
1822       6100       6100       23.71      13.24      0.5583     6.44       0.33       0.33       0.31       8          6.13       0          20         8          8          0.1332     2.7477     0          9          11         14         16         19         27        
1823       6100       6100       23.68      13.23      0.5587     6.34       0.32       0.32       0.31       8          6.13       0          20         8          8          0.1332     2.7477     0          9          11         14         16         19         27        
1824       6100       6100       23.69      12.98      0.5477     6.32       0.33       0.32       0.30       8          6.13       0          20         8          8          0.1332     2.7477     0          9          11         14         16         19         27        
1825       6100       6100       23.69      13.65      0.5762     6.34       0.33       0.32       0.30       8          6.13       0          20         8          8          0.1332     2.7477     0          9          11         14         16         19         27        
1826       6100       6100       23.70      13.68      0.5771     6.20       0.32       0.31       0.30       8          6.13       0          20         8          8          0.1332     2.7477     0          9          11         14         16         19         27        
1827       6100       6100       23.70      13.27      0.5597     6.36       0.34       0.31       0.31       8          6.13       0          20         8          8          0.1332     2.7477     0          9          11         14         16         19         27        
1828       6100       6100       23.68      13.62      0.5753     6.27       0.32       0.32       0.30       8          6.13       0          20         8          8          0.1332     2.7477     0          9          11         14         16         19         27        
1829       6100       6100       23.70      13.80      0.5824     6.29       0.33       0.32       0.30       8          6.13       0          20         8          8          0.1332     2.7477     0          9          11         14         16         19         27        
1830       6100       6100       23.70      13.39      0.5650     6.31       0.32       0.32       0.30       8          6.13       0          20         8          8          0.1332     2.7477     0          9          11         14         16         19         27        
1831       6100       6100       23.70      13.54      0.5714     6.29       0.31       0.32       0.31       8          6.13       0          20         8          8          0.1332     2.7477     0          9          11         14         16         19         27        
1832       6100       6100       23.70      13.26      0.5595     6.40       0.32       0.33       0.30       8          6.13       0          20         8          8          0.1332     2.7477     0          9          11         14         16         19         27        
1833       6100       6100       23.66      13.49      0.5703     6.30       0.33       0.32       0.30       8          6.13       0          20         8          8          0.1332     2.7477     0          9          11         14         16         19         27        
1834       6100       6100       23.73      13.46      0.5672     6.31       0.34       0.31       0.31       8          6.13       0          20         8          8          0.1332     2.7477     0          9          11         14         16         19         27        
1835       6100       6100       23.71      13.34      0.5626     6.30       0.34       0.31       0.30       8          6.13       0          20         8          8          0.1332     2.7477     0          9          11         14         16         19         27        
1836       6100       6100       23.70      13.17      0.5556     6.44       0.34       0.34       0.30       8          6.13       0          20         8          8          0.1332     2.7477     0          9          11         14         16         19         27        
1837       6100       6100       23.68      13.50      0.5699     6.40       0.35       0.32       0.31       8          6.13       0          20         8          8          0.1332     2.7477     0          9          11         14         16         19         27        
1838       6100       6100       23.69      13.84      0.5843     6.25       0.31       0.32       0.30       8          6.13       0          20         8          8          0.1332     2.7477     0          9          11         14         16         19         27        
1839       6100       6100       23.69      13.90      0.5868     6.46       0.33       0.33       0.31       8          6.13       0          20         8          8          0.1332     2.7477     0          9          11         14         16         19         27        
1840       6100       6100       23.69      13.30      0.5613     6.35       0.33       0.32       0.30       8          6.13       0          20         8          8          0.1332     2.7477     0          9          11         14         16         19         27        
1841       6100       6100       23.71      13.96      0.5890     6.38       0.32       0.33       0.30       8          6.13       0          20         8          8          0.1332     2.7477     0          9          11         14         16         19         27        
1842       6100       6100       23.70      13.30      0.5612     6.44       0.34       0.33       0.30       8          6.13       0          20         8          8          0.1332     2.7477     0          9          11         14         16         19         27        
1843       6100       6100       23.70      13.75      0.5802     6.50       0.35       0.33       0.30       8          6.13       0          20         8          8          0.1332     2.7477     0          9          11         14         16         19         27        
1844       6100       6100       23.67      13.81      0.5835     6.51       0.36       0.34       0.30       8          6.13       0          20         8          8          0.1332     2.7477     0          9          11         14         16         19         27        
1845       6100       6100       23.70      13.50      0.5696     6.50       0.31       0.34       0.31       8          6.13       0          20         8          8          0.1332     2.7477     0          9          11         14         16         19         27        
99.22%
occupancy of 99.22%
occupancy of 99.22%
occupancy of 99.22%
occupancy of 99.22%
occupancy of 99.22%
occupancy of 99.22%
occupancy of 99.22%
occupancy of 99.22%
occupancy of 99.22%
occupancy of 99.22%
occupancy of 99.22%
occupancy of 99.22%
occupancy of 99.22%
occupancy of 99.22%
occupancy of 99.22%
occupancy of 99.22%
occupancy of 99.22%
occupancy of 99.22%
occupancy of 99.22%
occupancy of 99.22%
occupancy of 99.22%
occupancy of 99.22%
occupancy of 99.22%
occupancy of 99.22%
occupancy of 99.22%
occupancy of 99.22%
occupancy of 99.22%
occupancy of 99.22%
occupancy of 99.22%
occupancy of 99.22%
occupancy of 99.22%
occupancy of 99.22%
occupancy of 99.22%
occupancy of 99.22%
occupancy of 99.22%
occupancy of 99.22%
occupancy of 99.22%
occupancy of 99.22%
occupancy of 99.22%
occupancy of 99.22%
occupancy of 99.22%
occupancy of 99.22%
occupancy of 99.22%
occupancy of 99.22%
occupancy of 99.22%
occupancy of 99.22%
occupancy of 99.22%
occupancy of 99.22%
occupancy of 99.22%
occupancy of 99.22%
occupancy of 99.22%
occupancy of 99.22%
occupancy of 99.22%
occupancy of 99.22%
occupancy of 99.22%
occupancy of 99.22%
occupancy of 99.22%
occupancy of 99.22%
occupancy of 99.22%
occupancy of 99.22%
occupancy of 99.22%
occupancy of 99.22%
occupancy of 99.22%
occupancy of 99.22%
occupancy of 99.22%
occupancy of 99.22%
occupancy of 99.22%
occupancy of 99.22%
occupancy of 99.22%
occupancy of 99.22%
occupancy of 99.22%
occupancy of 99.22%
occupancy of 99.22%
occupancy of 99.22%
occupancy of 99.22%
occupancy of 99.22%
occupancy of 99.22%
occupancy of 99.22%
occupancy of 99.22%
occupancy of 99.22%
occupancy of 99.22%
occupancy of 99.22%
occupancy of 99.22%
occupancy of 99.22%
occupancy of 99.22%
occupancy of 99.22%
occupancy of 99.22%
occupancy of 99.22%
occupancy of 99.22%
occupancy of 99.22%
occupancy of 99.22%
occupancy of 99.22%
occupancy of 99.22%
occupancy of 99.22%
occupancy of 99.22%
occupancy of 99.22%
occupancy of 99.22%
occupancy of 99.22%
occupancy of 99.22%
occupancy of 99.22%
occupancy of 99.22%
occupancy of 99.22%
occupancy of 99.22%
occupancy of 99.22%
occupancy of 99.22%
occupancy of 99.22%
occupancy of 99.22%
occupancy of 99.22%
occupancy of 99.22%
occupancy of 99.22%
occupancy of 99.22%
occupancy of 99.22%
occupancy of 99.22%
occupancy of 99.22%
occupancy of 99.22%
occupancy of 99.22%
occupancy of 99.22%
occupancy of 99.22%
occupancy of 99.22%
occupancy of 99.22%
occupancy of 99.22%
occupancy of 99.22%
occupancy of 99.22%
occupancy of 99.22%
occupancy of 99.22%
occupancy of 99.22%
occupancy of 99.22%
occupancy of 99.22%
occupancy of 99.22%
occupancy of 99.22%
occupancy of 99.22%
occupancy of 99.22%
occupancy of 99.22%
occupancy of 99.22%
occupancy of 99.22%
occupancy of 99.22%
occupancy of 99.22%
occupancy of 99.22%
occupancy of 99.22%
occupancy of 99.22%
occupancy of 99.22%
occupancy of 99.22%
occupancy of 99.22%
occupancy of 99.22%
occupancy of 99.22%
occupancy of 99.22%
occupancy of 99.22%
occupancy of 99.22%
occupancy of 99.22%
occupancy of 99.22%
occupancy of 99.22%
occupancy of 99.22%
occupancy of 99.22%
occupancy of 99.22%
occupancy of 99.22%
occupancy of 99.22%
occupancy of 99.22%
occupancy of 99.22%
occupancy of 99.22%
occupancy of 99.22%
occupancy of 99.22%
occupancy of 99.22%
occupancy of 99.22%
occupancy of 99.22%
occupancy of 99.22%
occupancy of 99.22%
occupancy of 99.22%
occupancy of 99.22%
occupancy of 99.22%
occupancy of 99.22%
occupancy of 99.22%
occupancy of 99.22%
occupancy of 99.22%
occupancy of 99.22%
occupancy of 99.22%
occupancy of 99.22%
occupancy of 99.22%
occupancy of 99.22%
occupancy of 99.22%
occupancy of 99.22%
occupancy of 99.22%
occupancy of 99.22%
occupancy of 99.22%
occupancy of 99.22%
occupancy of 99.22%
occupancy of 99.22%
occupancy of 99.22%
occupancy of 99.22%
occupancy of 99.22%
occupancy of 99.22%
occupancy of 99.22%
occupancy of 99.22%
occupancy of 99.22%
occupancy of 99.22%
occupancy of 99.22%
occupancy of 99.22%
occupancy of 99.22%
occupancy of 99.22%
occupancy of 99.22%
occupancy of 99.22%
occupancy of 99.22%
occupancy of 99.22%
occupancy of 99.22%
occupancy of 99.22%
occupancy1846       6100       6100       23.67      14.09      0.5952     6.39       0.31       0.33       0.31       8          6.13       0          20         8          8          0.1332     2.7477     0          9          11         14         16         19         27        
1847       6100       6100       23.70      14.13      0.5962     6.47       0.32       0.34       0.31       8          6.13       0          20         8          8          0.1332     2.7477     0          9          11         14         16         19         27        
1848       6100       6100       23.70      13.75      0.5799     6.40       0.31       0.33       0.31       8          6.13       0          20         8          8          0.1332     2.7477     0          9          11         14         16         19         27        
1849       6100       6100       23.71      13.77      0.5809     6.28       0.32       0.32       0.30       8          6.13       0          20         8          8          0.1332     2.7477     0          9          11         14         16         19         27        
1850       6100       6100       23.73      13.31      0.5612     6.47       0.35       0.33       0.31       8          6.13       0          20         8          8          0.1332     2.7477     0          9          11         14         16         19         27        
1851       6100       6100       23.70      13.56      0.5720     6.41       0.34       0.32       0.30       8          6.13       0          20         8          8          0.1332     2.7477     0          9          11         14         16         19         27        
1852       6100       6100       23.71      13.39      0.5646     6.39       0.34       0.33       0.30       8          6.13       0          20         8          8          0.1332     2.7477     0          9          11         14         16         19         27        
1853       6100       6100       23.72      13.53      0.5703     6.37       0.34       0.31       0.31       8          6.13       0          20         8          8          0.1332     2.7477     0          9          11         14         16         19         27        
1854       6100       6100       23.69      13.52      0.5708     6.42       0.35       0.32       0.31       8          6.13       0          20         8          8          0.1332     2.7477     0          9          11         14         16         19         27        
1855       6100       6100       23.67      14.01      0.5920     6.30       0.33       0.31       0.31       8          6.13       0          20         8          8          0.1332     2.7477     0          9          11         14         16         19         27        
1856       6100       6100       23.69      14.03      0.5923     6.29       0.32       0.33       0.30       8          6.13       0          20         8          8          0.1332     2.7477     0          9          11         14         16         19         27        
1857       6100       6100       23.72      13.69      0.5772     6.36       0.33       0.32       0.31       8          6.13       0          20         8          8          0.1332     2.7477     0          9          11         14         16         19         27        
1858       6100       6100       23.68      13.72      0.5795     6.30       0.31       0.32       0.30       8          6.13       0          20         8          8          0.1332     2.7477     0          9          11         14         16         19         27        
1859       6100       6100       23.67      13.39      0.5655     6.34       0.32       0.33       0.30       8          6.13       0          20         8          8          0.1332     2.7477     0          9          11         14         16         19         27        
1860       6100       6100       23.71      13.54      0.5711     6.36       0.33       0.32       0.31       8          6.13       0          20         8          8          0.1332     2.7477     0          9          11         14         16         19         27        
1861       6100       6100       23.68      13.35      0.5640     6.27       0.31       0.32       0.31       8          6.13       0          20         8          8          0.1332     2.7477     0          9          11         14         16         19         27        
1862       6100       6100       23.68      13.28      0.5607     6.44       0.33       0.32       0.32       8          6.13       0          20         8          8          0.1332     2.7477     0          9          11         14         16         19         27        
1863       6100       6100       23.69      13.82      0.5834     6.36       0.33       0.32       0.31       8          6.13       0          20         8          8          0.1332     2.7477     0          9          11         14         16         19         27        
1864       6100       6100       23.67      13.61      0.5750     6.31       0.33       0.32       0.30       8          6.13       0          20         8          8          0.1332     2.7477     0          9          11         14         16         19         27        
1865       6100       6100       23.70      13.29      0.5610     6.23       0.32       0.32       0.30       8          6.13       0          20         8          8          0.1332     2.7477     0          9          11         14         16         19         27        
1866       6100       6100       23.67      13.81      0.5834     6.20       0.32       0.31       0.30       8          6.13       0          20         8          8          0.1332     2.7477     0          9          11         14         16         19         27        
1867       6100       6100       23.72      13.14      0.5540     6.19       0.32       0.31       0.30       8          6.13       0          20         8          8          0.1332     2.7477     0          9          11         14         16         19         27        
1868       6100       6100       23.70      12.98      0.5478     6.35       0.33       0.32       0.31       8          6.13       0          20         8          8          0.1332     2.7477     0          9          11         14         16         19         27        
1869       6100       6100       23.72      13.16      0.5546     6.23       0.32       0.31       0.30       8          6.13       0          20         8          8          0.1332     2.7477     0          9          11         14         16         19         27        
1870       6100       6100       23.71      13.36      0.5633     6.45       0.34       0.33       0.31       8          6.13       0          20         8          8          0.1332     2.7477     0          9          11         14         16         19         27        
1871       6100       6100       23.67      13.27      0.5608     6.33       0.33       0.32       0.31       8          6.13       0          20         8          8          0.1332     2.7477     0          9          11         14         16         19         27        
1872       6100       6100       23.70      13.78      0.5815     6.30       0.33       0.32       0.30       8          6.13       0          20         8          8          0.1332     2.7477     0          9          11         14         16         19         27        
1873       6100       6100       23.71      13.74      0.5796     6.39       0.33       0.33       0.30       8          6.13       0          20         8          8          0.1332     2.7477     0          9          11         14         16         19         27        
1874       6100       6100       23.71      13.87      0.5848     6.34       0.31       0.33       0.30       8          6.13       0          20         8          8          0.1332     2.7477     0          9          11         14         16         19         27        
1875       6100       6100       23.72      13.86      0.5844     6.28       0.33       0.32       0.30       8          6.13       0          20         8          8          0.1332     2.7477     0          9          11         14         16         19         27        
1876       6100       6100       23.72      13.47      0.5677     6.36       0.32       0.32       0.31       8          6.13       0          20         8          8          0.1332     2.7477     0          9          11         14         16         19         27        
1877       6100       6100       23.72      13.28      0.5599     6.20       0.31       0.31       0.30       8          6.13       0          20         8          8          0.1332     2.7477     0          9          11         14         16         19         27        
1878       6100       6100       23.69      13.94      0.5885     6.29       0.32       0.32       0.30       8          6.13       0          20         8          8          0.1332     2.7477     0          9          11         14         16         19         27        
1879       6100       6100       23.73      13.32      0.5613     6.38       0.34       0.33       0.30       8          6.13       0          20         8          8          0.1332     2.7477     0          9          11         14         16         19         27        
1880       6100       6100       23.73      13.24      0.5581     6.38       0.33       0.33       0.30       8          6.13       0          20         8          8          0.1332     2.7477     0          9          11         14         16         19         27        
1881       6100       6100       23.71      13.45      0.5673     6.32       0.31       0.32       0.31       8          6.13       0          20         8          8          0.1332     2.7477     0          9          11         14         16         19         27        
1882       6100       6100       23.71      13.91      0.5866     6.28       0.33       0.31       0.31       8          6.13       0          20         8          8          0.1332     2.7477     0          9          11         14         16         19         27        
1883       6100       6100       23.71      13.31      0.5615     6.20       0.31       0.30       0.31       8          6.13       0          20         8          8          0.1332     2.7477     0          9          11         14         16         19         27        
1884       6100       6100       23.73      13.40      0.5647     6.22       0.33       0.31       0.30       8          6.13       0          20         8          8          0.1332     2.7477     0          9          11         14         16         19         27        
1885       6100       6100       23.71      13.67      0.5768     6.08       0.33       0.30       0.30       8          6.13       0          20         8          8          0.1332     2.7477     0          9          11         14         16         19         27        
1886       6100       6100       23.73      13.38      0.5637     6.14       0.31       0.31       0.31       8          6.13       0          20         8          8          0.1332     2.7477     0          9          11         14         16         19         27        
1887       6100       6100       23.70      13.12      0.5535     6.19       0.30       0.30       0.32       8          6.13       0          20         8          8          0.1332     2.7477     0          9          11         14         16         19         27        
1888       6100       6100       23.67      13.63      0.5757     6.28       0.31       0.31       0.31       8          6.13       0          20         8          8          0.1332     2.7477     0          9          11         14         16         19         27        
1889       6100       6100       23.69      13.57      0.5726     6.23       0.30       0.30       0.31       8          6.13       0          20         8          8          0.1332     2.7477     0          9          11         14         16         19         27        
1890       6100       6100       23.72      13.16      0.5549     6.18       0.30       0.31       0.31       8          6.13       0          20         8          8          0.1332     2.7477     0          9          11         14         16         19         27        
1891       6100       6100       23.70      13.44      0.5672     6.14       0.30       0.30       0.31       8          6.13       0          20         8          8          0.1332     2.7477     0          9          11         14         16         19         27        
1892       6100       6100       23.72      13.41      0.5652     6.30       0.32       0.32       0.31       8          6.13       0          20         8          8          0.1332     2.7477     0          9          11         14         16         19         27        
1893       6100       6100       23.68      13.85      0.5850     6.21       0.30       0.31       0.31       8          6.13       0          20         8          8          0.1332     2.7477     0          9          11         14         16         19         27        
1894       6100       6100       23.70      13.27      0.5596     6.32       0.32       0.32       0.30       8          6.13       0          20         8          8          0.1332     2.7477     0          9          11         14         16         19         27        
1895       6100       6100       23.71      13.16      0.5549     6.30       0.32       0.33       0.30       8          6.13       0          20         8          8          0.1332     2.7477     0          9          11         14         16         19         27        
1896       6100       6100       23.69      13.79      0.5821     6.28       0.31       0.32       0.31       8          6.13       0          20         8          8          0.1332     2.7477     0          9          11         14         16         19         27        
1897       6100       6100       23.70      13.59      0.5734     6.25       0.32       0.32       0.30       8          6.13       0          20         8          8          0.1332     2.7477     0          9          11         14         16         19         27        
1898       6100       6100       23.72      13.41      0.5651     6.27       0.32       0.32       0.31       8          6.13       0          20         8          8          0.1332     2.7477     0          9          11         14         16         19         27        
1899       6100       6100       23.70      13.70      0.5779     6.39       0.31       0.33       0.31       8          6.13       0          20         8          8          0.1332     2.7477     0          9          11         14         16         19         27        
1900       6100       6100       23.72      13.64      0.5750     6.34       0.32       0.33       0.31       8          6.13       0          20         8          8          0.1332     2.7477     0          9          11         14         16         19         27        
1901       6100       6100       23.71      13.72      0.5787     6.27       0.32       0.32       0.31       8          6.13       0          20         8          8          0.1332     2.7477     0          9          11         14         16         19         27        
1902       6100       6100       23.71      13.44      0.5669     6.33       0.33       0.32       0.31       8          6.13       0          20         8          8          0.1332     2.7477     0          9          11         14         16         19         27        
1903       6100       6100       23.67      13.09      0.5527     6.30       0.32       0.32       0.31       8          6.13       0          20         8          8          0.1332     2.7477     0          9          11         14         16         19         27        
1904       6100       6100       23.71      13.90      0.5863     6.25       0.32       0.32       0.30       8          6.13       0          20         8          8          0.1332     2.7477     0          9          11         14         16         19         27        
1905       6100       6100       23.73      13.74      0.5789     6.37       0.33       0.32       0.31       8          6.13       0          20         8          8          0.1332     2.7477     0          9          11         14         16         19         27        
1906       6100       6100       23.68      13.65      0.5764     6.37       0.33       0.32       0.31       8          6.13       0          20         8          8          0.1332     2.7477     0          9          11         14         16         19         27        
1907       6100       6100       23.70      13.40      0.5655     6.32       0.33       0.32       0.30       8          6.13       0          20         8          8          0.1332     2.7477     0          9          11         14         16         19         27        
1908       6100       6100       23.72      13.63      0.5744     6.35       0.32       0.31       0.31       8          6.13       0          20         8          8          0.1332     2.7477     0          9          11         14         16         19         27        
1909       6100       6100       23.71      13.80      0.5821     6.24       0.31       0.31       0.31       8          6.13       0          20         8          8          0.1332     2.7477     0          9          11         14         16         19         27        
1910       6100       6100       23.70      13.54      0.5715     6.33       0.32       0.32       0.31       8          6.13       0          20         8          8          0.1332     2.7477     0          9          11         14         16         19         27        
1911       6100       6100       23.72      13.23      0.5579     6.31       0.33       0.32       0.31       8          6.13       0          20         8          8          0.1332     2.7477     0          9          11         14         16         19         27        
1912       6100       6100       23.68      13.55      0.5722     6.34       0.32       0.32       0.31       8          6.13       0          20         8          8          0.1332     2.7477     0          9          11         14         16         19         27        
1913       6100       6100       23.69      13.37      0.5647     6.24       0.31       0.31       0.31       8          6.13       0          20         8          8          0.1332     2.7477     0          9          11         14         16         19         27        
1914       6100       6100       23.70      13.45      0.5675     6.16       0.29       0.31       0.31       8          6.13       0          20         8          8          0.1332     2.7477     0          9          11         14         16         19         27        
1915       6100       6100       23.72      13.37      0.5636     6.11       0.30       0.31       0.30       8          6.13       0          20         8          8          0.1332     2.7477     0          9          11         14         16         19         27        
1916       6100       6100       23.74      13.56      0.5710     6.17       0.30       0.31       0.31       8          6.13       0          20         8          8          0.1332     2.7477     0          9          11         14         16         19         27        
1917       6100       6100       23.69      13.35      0.5636     6.26       0.30       0.32       0.31       8          6.13       0          20         8          8          0.1332     2.7477     0          9          11         14         16         19         27        
1918       6100       6100       23.69      13.39      0.5654     6.34       0.32       0.32       0.31       8          6.13       0          20         8          8          0.1332     2.7477     0          9          11         14         16         19         27        
1919       6100       6100       23.73      13.84      0.5833     6.20       0.31       0.30       0.31       8          6.13       0          20         8          8          0.1332     2.7477     0          9          11         14         16         19         27        
1920       6100       6100       23.72      13.21      0.5569     6.29       0.32       0.32       0.30       8          6.13       0          20         8          8          0.1332     2.7477     0          9          11         14         16         19         27        
1921       6100       6100       23.71      13.37      0.5638     6.29       0.32       0.31       0.31       8          6.13       0          20         8          8          0.1332     2.7477     0          9          11         14         16         19         27        
1922       6100       6100       23.75      13.93      0.5866     6.33       0.32       0.32       0.31       8          6.13       0          20         8          8          0.1332     2.7477     0          9          11         14         16         19         27        
1923       6100       6100       23.71      13.40      0.5653     6.35       0.32       0.33       0.31       8          6.13       0          20         8          8          0.1332     2.7477     0          9          11         14         16         19         27        
1924       6100       6100       23.70      13.94      0.5881     6.28       0.32       0.32       0.30       8          6.13       0          20         8          8          0.1332     2.7477     0          9          11         14         16         19         27        
1925       6100       6100       23.74      13.83      0.5826     6.27       0.31       0.31       0.31       8          6.13       0          20         8          8          0.1332     2.7477     0          9          11         14         16         19         27        
1926       6100       6100       23.68      13.26      0.5598     6.28       0.34       0.31       0.31       8          6.13       0          20         8          8          0.1332     2.7477     0          9          11         14         16         19         27        
1927       6100       6100       23.70      13.52      0.5706     6.34       0.31       0.32       0.31       8          6.13       0          20         8          8          0.1332     2.7477     0          9          11         14         16         19         27        
1928       6100       6100       23.71      12.80      0.5398     6.32       0.33       0.31       0.31       8          6.13       0          20         8          8          0.1332     2.7477     0          9          11         14         16         19         27        
1929       6100       6100       23.74      13.47      0.5676     6.16       0.31       0.32       0.30       8          6.13       0          20         8          8          0.1332     2.7477     0          9          11         14         16         19         27        
1930       6100       6100       23.72      13.44      0.5666     6.15       0.31       0.31       0.30       8          6.13       0          20         8          8          0.1332     2.7477     0          9          11         14         16         19         27        
1931       6100       6100       23.70      13.44      0.5672     6.24       0.30       0.31       0.31       8          6.13       0          20         8          8          0.1332     2.7477     0          9          11         14         16         19         27        
1932       6100       6100       23.72      13.69      0.5773     6.30       0.31       0.32       0.31       8          6.13       0          20         8          8          0.1332     2.7477     0          9          11         14         16         19         27        
1933       6100       6100       23.71      13.47      0.5680     6.27       0.32       0.31       0.31       8          6.13       0          20         8          8          0.1332     2.7477     0          9          11         14         16         19         27        
1934       6100       6100       23.74      13.51      0.5692     6.36       0.33       0.32       0.31       8          6.13       0          20         8          8          0.1332     2.7477     0          9          11         14         16         19         27        
1935       6100       6100       23.69      13.83      0.5836     6.32       0.32       0.32       0.31       8          6.13       0          20         8          8          0.1332     2.7477     0          9          11         14         16         19         27        
1936       6100       6100       23.73      13.95      0.5880     6.40       0.35       0.32       0.31       8          6.13       0          20         8          8          0.1332     2.7477     0          9          11         14         16         19         27        
1937       6100       6100       23.72      13.78      0.5810     6.27       0.33       0.31       0.31       8          6.13       0          20         8          8          0.1332     2.7477     0          9          11         14         16         19         27        
1938       6100       6100       23.73      13.74      0.5788     6.34       0.32       0.32       0.31       8          6.13       0          20         8          8          0.1332     2.7477     0          9          11         14         16         19         27        
1939       6100       6100       23.70      13.49      0.5692     6.42       0.34       0.32       0.31       8          6.13       0          20         8          8          0.1332     2.7477     0          9          11         14         16         19         27        
1940       6100       6100       23.74      13.64      0.5746     6.27       0.32       0.31       0.31       8          6.13       0          20         8          8          0.1332     2.7477     0          9          11         14         16         19         27        
1941       6100       6100       23.71      13.81      0.5825     6.26       0.32       0.31       0.31       8          6.13       0          20         8          8          0.1332     2.7477     0          9          11         14         16         19         27        
1942       6100       6100       23.75      13.15      0.5538     6.31       0.33       0.31       0.31       8          6.13       0          20         8          8          0.1332     2.7477     0          9          11         14         16         19         27        
1943       6100       6100       23.73      13.38      0.5636     6.33       0.33       0.32       0.31       8          6.13       0          20         8          8          0.1332     2.7477     0          9          11         14         16         19         27        
1944       6100       6100       23.73      13.82      0.5826     6.31       0.32       0.32       0.31       8          6.13       0          20         8          8          0.1332     2.7477     0          9          11         14         16         19         27        
1945       6100       6100       23.74      13.76      0.5798     6.28       0.31       0.32       0.31       8          6.13       0          20         8          8          0.1332     2.7477     0          9          11         14         16         19         27        
1946       6100       6100       23.70      13.37      0.5640     6.33       0.31       0.32       0.32       8          6.13       0          20         8          8          0.1332     2.7477     0          9          11         14         16         19         27        
1947       6100       6100       23.72      13.83      0.5832     6.29       0.33       0.32       0.31       8          6.13       0          20         8          8          0.1332     2.7477     0          9          11         14         16         19         27        
1948       6100       6100       23.73      13.38      0.5639     6.28       0.32       0.31       0.31       8          6.13       0          20         8          8          0.1332     2.7477     0          9          11         14         16         19         27        
1949       6100       6100       23.70      13.67      0.5765     6.40       0.33       0.33       0.31       8          6.13       0          20         8          8          0.1332     2.7477     0          9          11         14         16         19         27        
1950       6100       6100       23.69      13.91      0.5873     6.19       0.31       0.31       0.30       8          6.13       0          20         8          8          0.1332     2.7477     0          9          11         14         16         19         27        
1951       6100       6100       23.73      13.54      0.5704     6.34       0.34       0.31       0.31       8          6.13       0          20         8          8          0.1332     2.7477     0          9          11         14         16         19         27        
1952       6100       6100       23.71      13.41      0.5657     6.29       0.33       0.32       0.30       8          6.13       0          20         8          8          0.1332     2.7477     0          9          11         14         16         19         27        
1953       6100       6100       23.72      13.50      0.5692     6.20       0.31       0.30       0.31       8          6.13       0          20         8          8          0.1332     2.7477     0          9          11         14         16         19         27        
1954       6100       6100       23.72      13.48      0.5684     6.32       0.34       0.32       0.30       8          6.13       0          20         8          8          0.1332     2.7477     0          9          11         14         16         19         27        
1955       6100       6100       23.72      13.93      0.5873     6.20       0.32       0.31       0.31       8          6.13       0          20         8          8          0.1332     2.7477     0          9          11         14         16         19         27        
1956       6100       6100       23.71      13.43      0.5667     6.32       0.31       0.32       0.31       8          6.13       0          20         8          8          0.1332     2.7477     0          9          11         14         16         19         27        
1957       6100       6100       23.75      13.77      0.5795     6.22       0.31       0.32       0.31       8          6.13       0          20         8          8          0.1332     2.7477     0          9          11         14         16         19         27        
1958       6100       6100       23.70      13.39      0.5649     6.27       0.33       0.32       0.30       8          6.13       0          20         8          8          0.1332     2.7477     0          9          11         14         16         19         27        
1959       6100       6100       23.72      13.01      0.5484     6.22       0.31       0.31       0.30       8          6.13       0          20         8          8          0.1332     2.7477     0          9          11         14         16         19         27        
1960       6100       6100       23.74      13.43      0.5657     6.17       0.32       0.32       0.30       8          6.13       0          20         8          8          0.1332     2.7477     0          9          11         14         16         19         27        
1961       6100       6100       23.69      13.63      0.5753     6.20       0.32       0.31       0.31       8          6.13       0          20         8          8          0.1332     2.7477     0          9          11         14         16         19         27        
1962       6100       6100       23.72      13.46      0.5675     6.27       0.32       0.31       0.31       8          6.13       0          20         8          8          0.1332     2.7477     0          9          11         14         16         19         27        
1963       6100       6100       23.72      13.06      0.5506     6.26       0.33       0.31       0.31       8          6.13       0          20         8          8          0.1332     2.7477     0          9          11         14         16         19         27        
1964       6100       6100       23.69      13.65      0.5762     6.28       0.32       0.31       0.31       8          6.13       0          20         8          8          0.1332     2.7477     0          9          11         14         16         19         27        
1965       6100       6100       23.68      13.38      0.5652     6.29       0.32       0.32       0.31       8          6.13       0          20         8          8          0.1332     2.7477     0          9          11         14         16         19         27        
1966       6100       6100       23.71      13.21      0.5574     6.16       0.31       0.32       0.30       8          6.13       0          20         8          8          0.1332     2.7477     0          9          11         14         16         19         27        
1967       6100       6100       23.73      13.62      0.5739     6.09       0.30       0.30       0.30       8          6.13       0          20         8          8          0.1332     2.7477     0          9          11         14         16         19         27        
1968       6100       6100       23.70      13.64      0.5753     6.06       0.31       0.29       0.30       8          6.13       0          20         8          8          0.1332     2.7477     0          9          11         14         16         19         27        
1969       6100       6100       23.70      13.47      0.5683     6.16       0.30       0.31       0.30       8          6.13       0          20         8          8          0.1332     2.7477     0          9          11         14         16         19         27        
1970       6100       6100       23.71      13.22      0.5577     6.16       0.30       0.31       0.30       8          6.13       0          20         8          8          0.1332     2.7477     0          9          11         14         16         19         27        
1971       6100       6100       23.70      13.25      0.5591     6.23       0.31       0.31       0.31       8          6.13       0          20         8          8          0.1332     2.7477     0          9          11         14         16         19         27        
1972       6100       6100       23.72      13.22      0.5575     6.27       0.31       0.31       0.31       8          6.13       0          20         8          8          0.1332     2.7477     0          9          11         14         16         19         27        
1973       6100       6100       23.70      13.32      0.5623     6.26       0.32       0.31       0.31       8          6.13       0          20         8          8          0.1332     2.7477     0          9          11         14         16         19         27        
1974       6100       6100       23.70      13.73      0.5794     6.16       0.30       0.30       0.31       8          6.13       0          20         8          8          0.1332     2.7477     0          9          11         14         16         19         27        
1975       6100       6100       23.72      13.57      0.5722     6.18       0.30       0.30       0.31       8          6.13       0          20         8          8          0.1332     2.7477     0          9          11         14         16         19         27        
1976       6100       6100       23.70      12.68      0.5350     6.11       0.30       0.31       0.30       8          6.13       0          20         8          8          0.1332     2.7477     0          9          11         14         16         19         27        
1977       6100       6100       23.67      13.24      0.5593     6.13       0.31       0.30       0.31       8          6.13       0          20         8          8          0.1332     2.7477     0          9          11         14         16         19         27        
1978       6100       6100       23.72      13.16      0.5550     6.17       0.31       0.31       0.30       8          6.13       0          20         8          8          0.1332     2.7477     0          9          11         14         16         19         27        
1979       6100       6100       23.70      13.20      0.5571     6.18       0.32       0.30       0.31       8          6.13       0          20         8          8          0.1332     2.7477     0          9          11         14         16         19         27        
1980       6100       6100       23.72      13.32      0.5614     6.12       0.29       0.30       0.31       8          6.13       0          20         8          8          0.1332     2.7477     0          9          11         14         16         19         27        
1981       6100       6100       23.71      13.41      0.5657     6.18       0.31       0.31       0.31       8          6.13       0          20         8          8          0.1332     2.7477     0          9          11         14         16         19         27        
1982       6100       6100       23.70      13.68      0.5774     6.08       0.30       0.29       0.31       8          6.13       0          20         8          8          0.1332     2.7477     0          9          11         14         16         19         27        
1983       6100       6100       23.71      13.56      0.5717     6.03       0.29       0.29       0.30       8          6.13       0          20         8          8          0.1332     2.7477     0          9          11         14         16         19         27        
1984       6100       6100       23.72      13.19      0.5560     6.09       0.29       0.30       0.31       8          6.13       0          20         8          8          0.1332     2.7477     0          9          11         14         16         19         27        
1985       6100       6100       23.70      13.17      0.5559     6.05       0.30       0.29       0.31       8          6.13       0          20         8          8          0.1332     2.7477     0          9          11         14         16         19         27        
1986       6100       6100       23.73      13.54      0.5706     6.02       0.29       0.29       0.31       8          6.13       0          20         8          8          0.1332     2.7477     0          9          11         14         16         19         27        
1987       6100       6100       23.70      13.42      0.5661     6.03       0.30       0.29       0.30       8          6.13       0          20         8          8          0.1332     2.7477     0          9          11         14         16         19         27        
1988       6100       6100       23.67      12.95      0.5473     6.03       0.29       0.29       0.31       8          6.13       0          20         8          8          0.1332     2.7477     0          9          11         14         16         19         27        
1989       6100       6100       23.69      12.80      0.5402     6.07       0.30       0.30       0.31       8          6.13       0          20         8          8          0.1332     2.7477     0          9          11         14         16         19         27        
1990       6100       6100       23.71      13.13      0.5536     6.00       0.29       0.29       0.31       8          6.13       0          20         8          8          0.1332     2.7477     0          9          11         14         16         19         27        
1991       6100       6100       23.72      13.50      0.5690     6.02       0.29       0.29       0.30       8          6.13       0          20         8          8          0.1332     2.7477     0          9          11         14         16         19         27        
1992       6100       6100       23.72      12.66      0.5335     6.08       0.32       0.29       0.31       8          6.13       0          20         8          8          0.1332     2.7477     0          9          11         14         16         19         27        
1993       6100       6100       23.73      13.00      0.5478     6.08       0.31       0.30       0.30       8          6.13       0          20         8          8          0.1332     2.7477     0          9          11         14         16         19         27        
1994       6100       6100       23.72      13.54      0.5708     6.20       0.32       0.31       0.31       8          6.13       0          20         8          8          0.1332     2.7477     0          9          11         14         16         19         27        
1995       6100       6100       23.72      13.12      0.5531     6.11       0.31       0.30       0.31       8          6.13       0          20         8          8          0.1332     2.7477     0          9          11         14         16         19         27        
1996       6100       6100       23.71      13.56      0.5721     6.02       0.29       0.29       0.31       8          6.13       0          20         8          8          0.1332     2.7477     0          9          11         14         16         19         27        
1997       6100       6100       23.72      13.31      0.5614     6.13       0.31       0.30       0.31       8          6.13       0          20         8          8          0.1332     2.7477     0          9          11         14         16         19         27        
1998       6100       6100       23.71      13.14      0.5542     6.09       0.30       0.30       0.31       8          6.13       0          20         8          8          0.1332     2.7477     0          9          11         14         16         19         27        
1999       6100       6100       23.72      13.17      0.5552     6.11       0.31       0.30       0.30       8          6.13       0          20         8          8          0.1332     2.7477     0          9          11         14         16         19         27        
2000       6100       6100       23.71      13.14      0.5542     6.13       0.32       0.30       0.30       8          6.13       0          20         8          8          0.1332     2.7477     0          9          11         14         16         19         27        
 of 99.22%
occupancy of 99.22%
occupancy of 99.22%
occupancy of 99.22%
occupancy of 99.22%
occupancy of 99.22%
occupancy of 99.22%
occupancy of 99.22%
occupancy of 99.22%
occupancy of 99.22%
occupancy of 99.22%
occupancy of 99.22%
occupancy of 99.22%
occupancy of 99.22%
occupancy of 99.22%
occupancy of 99.22%
occupancy of 99.22%
occupancy of 99.22%
occupancy of 99.22%
occupancy of 99.22%
occupancy of 99.22%
occupancy of 99.22%
occupancy of 99.22%
occupancy of 99.22%
occupancy of 99.22%
occupancy of 99.22%
occupancy of 99.22%
occupancy of 99.22%
occupancy of 99.22%
occupancy of 99.22%
occupancy of 99.22%
occupancy of 99.22%
occupancy of 99.22%
occupancy of 99.22%
occupancy of 99.22%
occupancy of 99.22%
occupancy of 99.22%
occupancy of 99.22%
occupancy of 99.22%
occupancy of 99.22%
occupancy of 99.22%
occupancy of 99.22%
occupancy of 99.22%
occupancy of 99.22%
occupancy of 99.22%
occupancy of 99.22%
occupancy of 99.22%
occupancy of 99.22%
occupancy of 99.22%
occupancy of 99.22%
occupancy of 99.22%
occupancy of 99.22%
occupancy of 99.22%
occupancy of 99.22%
occupancy of 99.22%
occupancy of 99.22%
occupancy of 99.22%
occupancy of 99.22%
occupancy of 99.22%
occupancy of 99.22%
occupancy of 99.22%
occupancy of 99.22%
occupancy of 99.22%
occupancy of 99.22%
occupancy of 99.22%
occupancy of 99.22%
occupancy of 99.22%
occupancy of 99.22%
occupancy of 99.22%
occupancy of 99.22%
occupancy of 99.22%
occupancy of 99.22%
occupancy of 99.22%
occupancy of 99.22%
occupancy of 99.22%
occupancy of 99.22%
occupancy of 99.22%
occupancy of 99.22%
occupancy of 99.22%
occupancy of 99.22%
occupancy of 99.22%
occupancy of 99.22%
occupancy of 99.22%
occupancy of 99.22%
occupancy of 99.22%
occupancy of 99.22%
occupancy of 99.22%
occupancy of 99.22%
occupancy of 99.22%
occupancy of 99.22%
occupancy of 99.22%
occupancy of 99.22%
occupancy of 99.22%
occupancy of 99.22%
occupancy of 99.22%
occupancy of 99.22%
occupancy of 99.22%
occupancy of 99.22%
occupancy of 99.22%
occupancy of 99.22%
occupancy of 99.22%
occupancy of 99.22%
occupancy of 99.22%
occupancy of 99.22%
occupancy of 99.22%
occupancy of 99.22%
occupancy of 99.22%
occupancy of 99.22%
occupancy of 99.22%
occupancy of 99.22%
occupancy of 99.22%
occupancy of 99.22%
occupancy of 99.22%
occupancy of 99.22%
occupancy of 99.22%
occupancy of 99.22%
occupancy of 99.22%
occupancy of 99.22%
occupancy of 99.22%
occupancy of 99.22%
occupancy of 99.22%
occupancy of 99.22%
occupancy of 99.22%
occupancy of 99.22%
occupancy of 99.22%
occupancy of 99.22%
occupancy of 99.22%
occupancy of 99.22%
occupancy of 99.22%
occupancy of 99.22%
occupancy of 99.22%
occupancy of 99.22%
occupancy of 99.22%
occupancy of 99.22%
occupancy of 99.22%
occupancy of 99.22%
occupancy of 99.22%
occupancy of 99.22%
occupancy of 99.22%
occupancy of 99.22%
occupancy of 99.22%
occupancy of 99.22%
occupancy of 99.22%
occupancy of 99.22%
occupancy of 99.22%
occupancy of 99.22%
occupancy of 99.22%
occupancy of 99.22%
occupancy of 99.22%
occupancy of 99.22%
occupancy of 99.22%
occupancy of 99.22%
occupancy of 99.22%
occupancy of 99.22%
occupancy of 99.22%
