time       n_sent     n_recv     avgRecv    avgByzRecv pByzRecv   avgByzN    pushByzN   pullByzN   sampByzN   n_isolated avgByzSamp min        max        n_fullbyz  n_fbi      cluscoeff  MPL        id_min     id_d1      id_q1      id_med     id_q3      id_d9      id_max    
0          10000      0          0.00       0.00       NaN        41.64      0.00       0.00       0.00       0          41.58      16         72         0          0          0.0776     2.4497     46         64         69         75         81         86         109       
1          50800      10000      0.00       0.00       NaN        41.64      0.00       0.00       0.00       0          41.58      16         72         0          0          0.0776     2.4497     46         64         69         75         81         86         109       
2          58200      50800      3.34       2.60       0.7782     41.64      0.00       0.00       0.00       0          41.58      16         72         0          0          0.0776     2.4497     46         64         69         75         81         86         109       
3          58200      58200      163.35     75.79      0.4640     65.13      0.52       0.37       0.26       0          57.46      19         121        0          0          0.1660     2.4893     44         62         67         74         80         86         119       
4          58200      58200      163.19     82.47      0.5054     75.04      0.68       0.52       0.42       0          66.87      21         135        0          0          0.2125     2.4628     38         63         69         76         83         90         119       
5          58200      58200      163.13     109.28     0.6699     78.95      0.54       0.54       0.46       0          73.76      22         143        0          0          0.2508     2.4875     35         61         67         74         82         89         117       
6          58200      58200      163.10     117.56     0.7208     88.58      0.58       0.64       0.51       0          81.17      22         147        0          0          0.2948     2.5172     29         57         63         70         77         84         117       
7          58200      58200      163.05     123.93     0.7601     96.39      0.66       0.71       0.54       0          87.07      22         149        0          0          0.3320     2.5572     28         53         59         66         73         80         108       
8          58200      58200      162.99     132.27     0.8115     102.55     0.73       0.76       0.58       0          92.13      22         150        0          0          0.3657     2.5918     25         49         55         62         69         76         104       
9          58200      58200      162.96     138.59     0.8505     107.90     0.78       0.80       0.60       0          96.61      26         152        0          0          0.3968     2.6242     24         46         52         58         65         72         101       
10         58200      58200      162.92     143.10     0.8783     112.47     0.82       0.84       0.63       0          100.57     26         153        0          0          0.4255     2.6574     24         43         49         55         62         69         93        
11         58200      58200      162.89     146.28     0.8980     116.08     0.85       0.87       0.65       0          103.86     26         154        0          0          0.4502     2.6816     23         41         46         52         59         66         94        
12         58200      58200      162.87     148.98     0.9147     119.04     0.87       0.89       0.67       0          106.68     26         155        0          0          0.4721     2.7102     20         39         44         50         56         63         90        
13         58200      58200      162.86     151.02     0.9273     121.59     0.89       0.90       0.68       0          109.17     30         156        0          0          0.4919     2.7298     17         37         42         48         54         60         87        
14         58200      58200      162.84     152.63     0.9373     123.69     0.91       0.91       0.70       0          111.31     30         157        0          0          0.5092     2.7493     16         35         40         46         52         58         81        
15         58200      58200      162.82     153.66     0.9437     125.33     0.92       0.92       0.71       0          113.14     30         157        0          0          0.5245     2.7692     15         34         38         44         50         57         83        
16         58200      58200      162.83     154.82     0.9508     126.85     0.93       0.93       0.72       0          114.82     37         157        0          0          0.5385     2.7840     16         32         37         43         49         55         79        
17         58200      58200      162.81     155.30     0.9539     128.13     0.93       0.94       0.73       0          116.30     37         157        0          0          0.5511     2.7999     16         31         36         41         47         53         77        
18         58200      58200      162.80     155.83     0.9572     129.18     0.94       0.94       0.73       0          117.57     37         157        0          0          0.5620     2.8129     15         30         35         40         46         52         76        
19         58200      58200      162.79     155.90     0.9577     130.01     0.94       0.94       0.74       0          118.63     37         157        0          0          0.5713     2.8227     15         29         34         39         45         51         73        
20         58200      58200      162.78     157.04     0.9647     130.88     0.94       0.95       0.75       0          119.64     37         157        0          0          0.5802     2.8290     14         29         33         38         44         50         74        
21         58200      58200      162.77     156.96     0.9643     131.60     0.95       0.95       0.75       0          120.52     37         157        0          0          0.5880     2.8377     14         28         32         38         43         49         73        
22         58200      58200      162.78     157.24     0.9660     132.18     0.95       0.95       0.76       0          121.30     39         157        0          0          0.5950     2.8468     14         27         32         37         42         48         74        
23         58200      58200      162.77     157.78     0.9694     132.76     0.95       0.95       0.76       0          122.00     39         157        0          0          0.6013     2.8542     14         27         31         36         42         47         70        
24         58200      58200      162.77     157.77     0.9692     133.23     0.95       0.96       0.77       0          122.61     39         157        0          0          0.6068     2.8590     11         26         31         36         41         46         70        
25         58200      58200      162.77     158.17     0.9718     133.57     0.95       0.96       0.77       0          123.12     39         157        0          0          0.6115     2.8624     10         26         30         35         41         46         69        
26         58200      58200      162.76     158.28     0.9724     133.91     0.96       0.96       0.77       0          123.62     39         157        0          0          0.6161     2.8681     10         26         30         35         40         45         69        
27         58200      58200      162.76     158.18     0.9719     134.26     0.95       0.96       0.78       0          124.06     39         157        0          0          0.6202     2.8743     10         25         29         34         40         45         68        
28         58200      58200      162.76     158.29     0.9725     134.62     0.95       0.96       0.78       0          124.48     39         157        0          0          0.6240     2.8792     10         25         29         34         39         45         70        
29         58200      58200      162.77     158.47     0.9736     134.84     0.96       0.96       0.78       0          124.83     39         157        0          0          0.6273     2.8876     10         25         29         34         39         44         69        
30         58200      58200      162.76     158.62     0.9746     135.03     0.96       0.96       0.78       1          125.15     39         157        0          0          0.6303     2.8904     10         24         28         33         39         44         68        
31         58200      58200      162.75     158.66     0.9748     135.21     0.96       0.96       0.78       1          125.44     39         157        0          0          0.6330     2.8948     10         24         28         33         38         44         67        
32         58200      58200      162.75     159.02     0.9771     135.45     0.96       0.96       0.79       0          125.73     39         157        0          0          0.6357     2.8989     10         24         28         33         38         43         68        
33         58200      58200      162.75     158.71     0.9751     135.76     0.96       0.96       0.79       0          125.97     44         157        0          0          0.6379     2.9019     10         24         28         33         38         43         67        
34         58200      58200      162.76     158.89     0.9762     135.82     0.96       0.96       0.79       0          126.18     44         157        0          0          0.6398     2.9041     10         23         28         32         38         43         68        
35         58200      58200      162.75     159.09     0.9775     135.96     0.96       0.96       0.79       0          126.38     48         157        0          0          0.6418     2.9063     10         23         27         32         38         43         70        
36         58200      58200      162.75     159.08     0.9774     136.05     0.96       0.96       0.79       0          126.55     48         157        0          0          0.6434     2.9087     10         23         27         32         37         43         70        
37         58200      58200      162.74     159.03     0.9772     136.14     0.96       0.96       0.79       0          126.69     48         157        0          0          0.6447     2.9112     10         23         27         32         37         42         71        
38         58200      58200      162.75     158.87     0.9761     136.22     0.96       0.96       0.79       0          126.82     48         158        0          0          0.6459     2.9154     10         23         27         32         37         42         72        
39         58200      58200      162.75     159.21     0.9783     136.21     0.96       0.96       0.79       0          126.94     48         158        0          0          0.6470     2.9154     10         23         27         32         37         42         73        
40         58200      58200      162.75     159.16     0.9780     136.28     0.96       0.96       0.79       2          127.03     48         158        0          0          0.6478     2.9170     10         23         27         32         37         42         73        
41         58200      58200      162.75     159.07     0.9774     136.24     0.96       0.96       0.79       1          127.12     52         158        0          0          0.6487     2.9181     10         23         27         32         37         42         73        
42         58200      58200      162.75     159.00     0.9769     136.30     0.96       0.96       0.79       1          127.18     52         158        0          0          0.6493     2.9188     10         23         27         31         37         42         74        
43         58200      58200      162.75     159.10     0.9776     136.28     0.96       0.96       0.80       1          127.23     52         158        0          0          0.6498     2.9192     10         23         26         31         37         42         74        
44         58200      58200      162.75     159.11     0.9777     136.22     0.96       0.96       0.80       1          127.29     52         158        0          0          0.6503     2.9197     10         22         26         31         37         42         74        
45         58200      58200      162.74     159.22     0.9783     136.30     0.96       0.96       0.80       0          127.33     52         158        0          0          0.6507     2.9217     9          22         26         31         37         42         72        
46         58200      58200      162.74     159.06     0.9773     136.22     0.95       0.96       0.80       2          127.36     52         158        0          0          0.6510     2.9226     9          22         26         31         37         42         72        
47         58200      58200      162.76     159.11     0.9776     136.26     0.96       0.95       0.80       1          127.39     52         158        0          0          0.6512     2.9228     9          22         26         31         37         42         72        
48         58200      58200      162.75     159.01     0.9770     136.20     0.96       0.95       0.80       0          127.40     52         158        0          0          0.6513     2.9233     9          22         26         31         37         42         72        
49         58200      58200      162.75     159.17     0.9780     136.15     0.95       0.95       0.80       0          127.41     52         158        0          0          0.6514     2.9250     9          22         26         31         37         42         72        
50         58200      58200      162.74     159.03     0.9772     136.12     0.95       0.95       0.80       1          127.41     52         158        0          0          0.6514     2.9240     10         22         26         31         37         42         73        
51         58200      58200      162.75     159.07     0.9774     136.04     0.95       0.95       0.80       1          127.41     85         158        0          0          0.6514     2.9241     10         22         26         31         37         42         73        
52         58200      58200      162.75     159.03     0.9772     136.02     0.95       0.95       0.80       1          127.40     85         158        0          0          0.6513     2.9233     10         22         26         31         37         42         73        
53         58200      58200      162.75     159.03     0.9771     135.96     0.95       0.95       0.80       1          127.38     85         158        0          0          0.6511     2.9231     10         22         26         31         37         42         73        
54         58200      58200      162.75     158.88     0.9762     135.88     0.95       0.95       0.80       1          127.33     85         158        0          0          0.6506     2.9184     10         22         26         31         37         42         73        
55         58200      58200      162.76     158.91     0.9764     135.78     0.95       0.95       0.80       1          127.30     85         158        0          0          0.6502     2.9181     10         22         26         32         37         42         73        
56         58200      58200      162.75     158.94     0.9766     135.72     0.95       0.95       0.80       1          127.25     85         158        0          0          0.6498     2.9179     10         22         26         32         37         42         73        
57         58200      58200      162.76     159.05     0.9772     135.53     0.95       0.94       0.79       1          127.20     85         158        0          0          0.6492     2.9176     10         22         26         32         37         42         74        
58         58200      58200      162.75     158.74     0.9753     135.43     0.95       0.94       0.79       0          127.15     85         158        0          0          0.6488     2.9174     10         22         26         32         37         42         74        
59         58200      58200      162.75     158.83     0.9759     135.37     0.94       0.94       0.79       1          127.09     85         158        0          0          0.6482     2.9162     10         22         26         32         37         43         73        
60         58200      58200      162.76     158.87     0.9761     135.25     0.94       0.94       0.79       0          127.03     85         158        0          0          0.6476     2.9153     10         22         27         32         37         43         72        
61         58200      58200      162.76     158.85     0.9759     135.20     0.94       0.94       0.79       2          126.97     85         158        0          0          0.6470     2.9145     10         22         27         32         37         43         72        
62         58200      58200      162.76     158.89     0.9762     135.10     0.94       0.94       0.79       0          126.91     85         158        0          0          0.6465     2.9141     10         22         27         32         37         43         71        
63         58200      58200      162.76     158.76     0.9754     135.04     0.94       0.94       0.79       1          126.85     85         158        0          0          0.6458     2.9109     10         22         27         32         37         43         70        
64         58200      58200      162.76     158.71     0.9752     134.89     0.94       0.94       0.79       0          126.77     85         158        0          0          0.6451     2.9096     10         22         27         32         38         43         72        
65         58200      58200      162.76     158.40     0.9732     134.67     0.93       0.93       0.79       0          126.69     85         158        0          0          0.6443     2.9066     10         23         27         32         38         43         71        
66         58200      58200      162.75     158.75     0.9754     134.53     0.93       0.93       0.79       1          126.60     85         158        0          0          0.6435     2.9058     10         23         27         32         38         43         72        
67         58200      58200      162.76     158.51     0.9739     134.41     0.93       0.93       0.79       0          126.53     85         158        0          0          0.6428     2.9043     10         23         27         32         38         43         73        
68         58200      58200      162.76     158.53     0.9740     134.29     0.93       0.93       0.79       0          126.44     85         158        0          0          0.6420     2.9029     10         23         27         32         38         44         73        
69         58200      58200      162.76     158.47     0.9736     134.12     0.93       0.93       0.79       0          126.36     85         158        0          0          0.6411     2.9020     10         23         27         32         38         44         73        
70         58200      58200      162.76     158.45     0.9735     134.05     0.93       0.93       0.79       0          126.27     89         158        0          0          0.6403     2.9010     10         23         27         33         38         44         73        
71         58200      58200      162.76     158.21     0.9720     133.89     0.93       0.93       0.79       1          126.18     89         158        0          0          0.6394     2.9000     10         23         27         33         38         44         73        
72         58200      58200      162.76     158.65     0.9747     133.71     0.93       0.92       0.79       0          126.09     89         158        0          0          0.6386     2.8989     10         23         27         33         38         44         74        
73         58200      58200      162.77     158.17     0.9718     133.56     0.93       0.92       0.79       1          125.99     89         158        0          0          0.6376     2.8963     10         23         27         33         39         44         74        
74         58200      58200      162.77     158.22     0.9720     133.46     0.92       0.92       0.79       0          125.90     89         158        0          0          0.6367     2.8952     10         23         27         33         39         44         73        
75         58200      58200      162.77     158.35     0.9728     133.25     0.92       0.92       0.79       0          125.78     89         158        0          0          0.6356     2.8906     10         23         28         33         39         44         73        
76         58200      58200      162.76     158.28     0.9724     133.15     0.92       0.92       0.79       0          125.68     89         158        0          0          0.6347     2.8895     10         23         28         33         39         45         73        
77         58200      58200      162.76     158.20     0.9720     133.01     0.92       0.92       0.78       1          125.58     87         158        0          0          0.6336     2.8869     10         23         28         33         39         45         72        
78         58200      58200      162.77     158.03     0.9709     132.85     0.92       0.92       0.78       0          125.48     87         158        0          0          0.6327     2.8832     10         23         28         33         39         45         72        
79         58200      58200      162.77     157.97     0.9705     132.64     0.92       0.91       0.78       0          125.37     87         158        0          0          0.6316     2.8825     10         23         28         33         39         45         72        
80         58200      58200      162.77     158.01     0.9708     132.48     0.92       0.91       0.78       0          125.25     87         158        0          0          0.6305     2.8816     11         23         28         33         39         45         72        
81         58200      58200      162.77     158.04     0.9710     132.29     0.91       0.91       0.78       0          125.14     87         158        0          0          0.6294     2.8801     11         23         28         34         40         45         73        
82         58200      58200      162.77     157.84     0.9697     132.11     0.91       0.91       0.78       1          125.01     87         158        0          0          0.6282     2.8790     11         23         28         34         40         46         73        
83         58200      58200      162.77     157.62     0.9683     131.93     0.91       0.91       0.78       1          124.89     86         158        0          0          0.6272     2.8783     10         23         28         34         40         46         73        
84         58200      58200      162.77     157.73     0.9690     131.79     0.91       0.90       0.78       0          124.76     86         158        0          0          0.6259     2.8768     10         24         28         34         40         46         73        
85         58200      58200      162.77     157.76     0.9692     131.53     0.91       0.90       0.78       0          124.64     86         158        0          0          0.6248     2.8743     10         24         28         34         40         46         73        
86         58200      58200      162.78     157.63     0.9684     131.30     0.90       0.90       0.78       0          124.51     86         158        0          0          0.6235     2.8731     10         24         28         34         40         46         73        
87         58200      58200      162.78     157.36     0.9667     131.19     0.90       0.90       0.78       1          124.39     86         158        0          0          0.6224     2.8714     10         24         29         34         41         47         75        
88         58200      58200      162.78     157.30     0.9664     130.91     0.90       0.89       0.78       1          124.25     85         158        0          0          0.6211     2.8701     11         24         29         35         41         47         74        
89         58200      58200      162.79     157.26     0.9660     130.63     0.89       0.89       0.78       0          124.11     85         158        0          0          0.6198     2.8681     11         24         29         35         41         47         75        
90         58200      58200      162.78     157.37     0.9667     130.46     0.89       0.89       0.78       0          123.97     85         158        0          0          0.6185     2.8673     11         24         29         35         41         47         75        
91         58200      58200      162.79     157.22     0.9658     130.23     0.89       0.89       0.77       0          123.84     85         158        0          0          0.6172     2.8660     11         24         29         35         41         47         76        
92         58200      58200      162.78     157.20     0.9657     129.96     0.89       0.89       0.77       0          123.71     85         158        0          0          0.6160     2.8638     11         24         29         35         41         47         75        
93         58200      58200      162.79     157.30     0.9663     129.89     0.89       0.89       0.77       0          123.57     85         158        0          0          0.6147     2.8628     11         24         29         35         41         48         74        
94         58200      58200      162.79     157.00     0.9645     129.67     0.89       0.88       0.77       0          123.42     85         158        0          0          0.6133     2.8608     11         24         29         35         42         48         75        
95         58200      58200      162.78     157.07     0.9649     129.48     0.89       0.88       0.77       1          123.27     85         158        0          0          0.6119     2.8590     11         25         29         35         42         48         76        
96         58200      58200      162.78     156.71     0.9627     129.21     0.88       0.88       0.77       1          123.13     84         158        0          0          0.6105     2.8582     11         25         29         35         42         48         76        
97         58200      58200      162.80     156.76     0.9629     128.91     0.88       0.87       0.77       1          122.97     82         158        0          0          0.6091     2.8572     11         25         30         36         42         48         76        
98         58200      58200      162.79     156.66     0.9623     128.71     0.88       0.87       0.77       0          122.82     82         158        0          0          0.6077     2.8557     11         25         30         36         42         49         76        
99         58200      58200      162.79     156.44     0.9610     128.32     0.87       0.87       0.77       1          122.68     82         158        0          0          0.6063     2.8547     11         25         30         36         42         49         76        
100        58200      58200      162.80     156.45     0.9610     128.10     0.87       0.87       0.77       0          122.52     82         158        0          0          0.6048     2.8533     11         25         30         36         43         49         77        
101        58200      58200      162.80     156.22     0.9596     127.89     0.87       0.86       0.76       0          122.36     82         158        0          0          0.6033     2.8516     11         25         30         36         43         49         78        
102        58200      58200      162.80     156.03     0.9584     127.60     0.86       0.86       0.76       0          122.19     82         158        0          0          0.6018     2.8505     11         25         30         36         43         49         78        
103        58200      58200      162.81     156.24     0.9597     127.23     0.86       0.85       0.76       0          122.03     82         158        0          0          0.6003     2.8487     11         25         30         36         43         50         78        
104        58200      58200      162.80     155.84     0.9572     126.97     0.85       0.85       0.76       1          121.86     81         158        0          0          0.5987     2.8469     11         25         31         37         44         50         78        
105        58200      58200      162.80     156.01     0.9583     126.66     0.85       0.85       0.76       0          121.70     78         158        0          0          0.5972     2.8454     11         26         31         37         44         50         78        
106        58200      58200      162.80     155.73     0.9565     126.48     0.85       0.85       0.76       1          121.53     78         158        0          0          0.5956     2.8418     11         26         31         37         44         50         79        
107        58200      58200      162.82     155.79     0.9569     126.31     0.85       0.85       0.76       1          121.35     78         158        0          0          0.5940     2.8402     11         26         31         37         44         51         79        
108        58200      58200      162.82     155.35     0.9541     125.84     0.85       0.84       0.76       1          121.17     78         158        0          0          0.5923     2.8387     11         26         31         37         44         51         79        
109        58200      58200      162.81     155.22     0.9533     125.59     0.84       0.84       0.76       0          120.99     78         158        0          0          0.5907     2.8373     12         26         31         38         45         51         79        
110        58200      58200      162.81     155.47     0.9549     125.27     0.84       0.83       0.76       0          120.81     78         158        0          0          0.5890     2.8346     11         26         31         38         45         51         79        
111        58200      58200      162.82     155.34     0.9541     125.04     0.84       0.83       0.75       1          120.64     77         158        0          0          0.5874     2.8324     11         26         31         38         45         52         79        
112        58200      58200      162.82     154.88     0.9512     124.76     0.84       0.83       0.75       0          120.45     77         158        0          0          0.5857     2.8307     12         26         32         38         45         52         79        
113        58200      58200      162.83     154.74     0.9503     124.35     0.83       0.82       0.75       0          120.27     77         158        0          0          0.5840     2.8286     12         26         32         38         45         52         80        
114        58200      58200      162.82     154.47     0.9487     123.90     0.83       0.82       0.75       1          120.06     76         158        0          0          0.5821     2.8264     12         26         32         38         46         52         79        
115        58200      58200      162.83     154.32     0.9478     123.66     0.82       0.82       0.75       0          119.85     76         158        0          0          0.5802     2.8245     12         27         32         39         46         53         79        
116        58200      58200      162.83     154.27     0.9474     123.19     0.82       0.81       0.75       0          119.66     76         158        0          0          0.5785     2.8225     12         27         32         39         46         53         80        
117        58200      58200      162.83     154.06     0.9461     122.83     0.82       0.81       0.75       0          119.46     76         158        0          0          0.5767     2.8193     12         27         32         39         46         53         80        
118        58200      58200      162.83     153.86     0.9449     122.47     0.81       0.80       0.75       0          119.26     75         158        0          0          0.5748     2.8168     12         27         32         39         47         54         80        
119        58200      58200      162.83     153.88     0.9450     122.10     0.81       0.80       0.74       0          119.05     75         158        0          0          0.5729     2.8151     12         27         33         39         47         54         81        
120        58200      58200      162.83     153.73     0.9441     121.72     0.80       0.79       0.74       0          118.83     75         158        0          0          0.5709     2.8120     12         27         33         40         47         54         82        
121        58200      58200      162.84     153.60     0.9433     121.48     0.80       0.79       0.74       1          118.61     75         158        0          0          0.5690     2.8106     12         27         33         40         47         54         83        
122        58200      58200      162.85     153.16     0.9405     121.03     0.79       0.79       0.74       0          118.39     75         158        0          0          0.5669     2.8072     12         27         33         40         47         55         84        
123        58200      58200      162.84     153.02     0.9397     120.63     0.79       0.78       0.74       0          118.17     75         158        0          0          0.5649     2.8054     12         28         33         40         48         55         86        
124        58200      58200      162.85     152.84     0.9386     120.20     0.78       0.78       0.74       0          117.93     75         158        0          0          0.5628     2.8036     12         28         34         41         48         55         88        
125        58200      58200      162.84     153.12     0.9403     119.83     0.78       0.77       0.74       0          117.71     75         158        0          0          0.5608     2.8014     12         28         34         41         48         56         89        
126        58200      58200      162.84     152.74     0.9380     119.52     0.78       0.77       0.73       0          117.49     75         158        0          0          0.5588     2.7997     12         28         34         41         49         56         91        
127        58200      58200      162.86     152.37     0.9356     119.13     0.77       0.77       0.73       0          117.26     73         158        0          0          0.5567     2.7967     12         28         34         41         49         56         92        
128        58200      58200      162.85     152.32     0.9353     118.78     0.77       0.76       0.73       0          117.02     73         158        0          0          0.5546     2.7944     12         28         34         41         49         57         92        
129        58200      58200      162.86     151.93     0.9329     118.32     0.77       0.76       0.73       0          116.78     73         158        0          0          0.5524     2.7911     12         29         35         42         49         57         90        
130        58200      58200      162.87     152.04     0.9335     117.91     0.76       0.75       0.73       1          116.54     73         158        0          0          0.5503     2.7883     12         29         35         42         50         57         90        
131        58200      58200      162.86     151.39     0.9295     117.49     0.76       0.75       0.73       0          116.29     72         158        0          0          0.5481     2.7853     12         29         35         42         50         58         90        
132        58200      58200      162.87     151.46     0.9300     117.05     0.75       0.74       0.73       0          116.05     72         158        0          0          0.5459     2.7825     12         29         35         42         50         58         92        
133        58200      58200      162.87     151.02     0.9272     116.46     0.74       0.74       0.72       0          115.77     72         158        0          0          0.5435     2.7802     12         29         35         43         51         59         92        
134        58200      58200      162.87     151.16     0.9281     115.95     0.74       0.73       0.72       0          115.52     70         158        0          0          0.5412     2.7774     12         29         36         43         51         59         92        
135        58200      58200      162.87     150.83     0.9261     115.70     0.73       0.73       0.72       0          115.27     69         158        0          0          0.5391     2.7747     12         29         36         43         51         59         92        
136        58200      58200      162.87     150.32     0.9230     115.16     0.73       0.72       0.72       0          115.00     69         158        0          0          0.5367     2.7721     12         30         36         43         51         60         94        
137        58200      58200      162.88     149.88     0.9202     114.67     0.72       0.71       0.72       1          114.73     69         158        0          0          0.5343     2.7698     12         30         36         44         52         60         95        
138        58200      58200      162.89     150.05     0.9212     114.13     0.71       0.71       0.72       0          114.44     69         158        0          0          0.5318     2.7666     12         30         36         44         52         60         95        
139        58200      58200      162.89     149.46     0.9175     113.66     0.71       0.70       0.71       0          114.17     69         158        0          0          0.5294     2.7641     12         30         37         44         52         61         95        
140        58200      58200      162.89     149.28     0.9165     113.11     0.71       0.70       0.71       0          113.89     69         158        0          0          0.5269     2.7613     12         30         37         45         53         61         95        
141        58200      58200      162.89     149.38     0.9171     112.74     0.70       0.69       0.71       1          113.60     69         158        0          0          0.5244     2.7597     12         30         37         45         53         61         96        
142        58200      58200      162.90     148.55     0.9119     112.25     0.70       0.69       0.71       0          113.30     69         158        0          0          0.5218     2.7573     12         31         37         45         53         62         97        
143        58200      58200      162.91     148.32     0.9105     111.61     0.69       0.68       0.71       0          112.99     69         158        0          0          0.5191     2.7545     12         31         37         45         54         62         98        
144        58200      58200      162.91     148.32     0.9105     111.08     0.69       0.67       0.70       0          112.70     68         158        0          0          0.5166     2.7523     12         31         38         46         54         63         98        
145        58200      58200      162.90     147.42     0.9050     110.56     0.68       0.67       0.70       1          112.40     68         158        0          0          0.5140     2.7496     12         31         38         46         54         63         97        
146        58200      58200      162.90     147.60     0.9060     110.06     0.67       0.66       0.70       0          112.10     68         158        0          0          0.5113     2.7472     12         31         38         46         55         64         97        
147        58200      58200      162.91     147.50     0.9054     109.54     0.67       0.66       0.70       1          111.78     68         158        0          0          0.5086     2.7445     12         32         38         47         55         64         99        
148        58200      58200      162.91     147.05     0.9027     109.18     0.67       0.65       0.70       0          111.48     68         158        0          0          0.5060     2.7416     12         32         39         47         55         64         99        
149        58200      58200      162.92     146.08     0.8966     108.49     0.66       0.65       0.69       0          111.16     68         158        0          0          0.5033     2.7386     12         32         39         47         56         65         101       
150        58200      58200      162.91     146.40     0.8986     107.95     0.65       0.64       0.69       0          110.81     68         158        0          0          0.5003     2.7354     12         32         39         47         56         65         103       
151        58200      58200      162.93     145.89     0.8955     107.26     0.64       0.63       0.69       0          110.49     68         158        0          0          0.4976     2.7323     13         32         39         48         57         66         102       
152        58200      58200      162.93     145.32     0.8919     106.69     0.64       0.63       0.69       0          110.15     66         158        0          0          0.4946     2.7290     13         33         40         48         57         66         104       
153        58200      58200      162.94     144.31     0.8857     106.07     0.63       0.62       0.69       0          109.79     66         158        0          0          0.4917     2.7262     13         33         40         48         58         67         103       
154        58200      58200      162.93     144.40     0.8863     105.43     0.63       0.61       0.68       0          109.44     65         158        0          0          0.4886     2.7230     13         33         40         49         58         67         105       
155        58200      58200      162.93     144.65     0.8878     104.82     0.62       0.61       0.68       0          109.09     65         158        0          0          0.4856     2.7207     13         33         41         49         58         67         105       
156        58200      58200      162.94     144.20     0.8850     104.14     0.61       0.60       0.68       0          108.73     64         158        0          0          0.4826     2.7183     13         33         41         50         59         68         107       
157        58200      58200      162.95     143.40     0.8801     103.68     0.61       0.59       0.68       0          108.38     64         158        0          0          0.4797     2.7144     13         34         41         50         59         68         107       
158        58200      58200      162.96     143.17     0.8786     103.12     0.60       0.59       0.68       0          108.01     64         157        0          0          0.4765     2.7117     12         34         42         50         60         69         109       
159        58200      58200      162.95     142.65     0.8754     102.51     0.60       0.58       0.67       0          107.63     64         157        0          0          0.4734     2.7096     11         34         42         51         60         69         110       
160        58200      58200      162.96     142.12     0.8721     101.88     0.59       0.57       0.67       0          107.26     64         157        0          0          0.4702     2.7064     11         34         42         51         61         70         110       
161        58200      58200      162.95     141.93     0.8710     101.09     0.58       0.56       0.67       0          106.87     64         157        0          0          0.4671     2.7036     13         35         43         52         61         70         112       
162        58200      58200      162.96     140.41     0.8616     100.49     0.57       0.56       0.67       0          106.48     63         157        0          0          0.4638     2.6989     12         35         43         52         62         71         114       
163        58200      58200      162.96     140.41     0.8616     99.70      0.56       0.55       0.66       0          106.09     63         157        0          0          0.4606     2.6955     13         35         43         52         62         71         115       
164        58200      58200      162.98     140.60     0.8627     99.13      0.55       0.54       0.66       0          105.69     63         157        0          0          0.4573     2.6924     13         35         44         53         63         72         115       
165        58200      58200      162.98     139.42     0.8554     98.49      0.55       0.54       0.66       0          105.29     60         157        0          0          0.4541     2.6874     13         36         44         53         63         72         116       
166        58200      58200      162.98     139.74     0.8574     97.77      0.54       0.53       0.66       0          104.87     60         157        0          0          0.4506     2.6827     13         36         44         53         64         73         116       
167        58200      58200      162.99     138.91     0.8523     97.19      0.53       0.52       0.65       0          104.48     60         157        0          0          0.4475     2.6788     13         36         44         54         64         73         116       
168        58200      58200      162.99     137.88     0.8459     96.61      0.54       0.52       0.65       0          104.05     60         157        0          0          0.4440     2.6738     13         36         45         54         64         74         118       
169        58200      58200      163.01     138.06     0.8470     95.90      0.52       0.51       0.65       0          103.62     59         157        0          0          0.4405     2.6696     13         37         45         55         65         75         119       
170        58200      58200      163.00     136.99     0.8404     95.24      0.51       0.50       0.64       0          103.19     59         156        0          0          0.4370     2.6638     12         37         45         55         65         76         119       
171        58200      58200      163.01     137.10     0.8411     94.57      0.51       0.50       0.64       0          102.75     59         156        0          0          0.4335     2.6602     12         37         46         55         66         76         120       
172        58200      58200      162.99     135.71     0.8326     93.86      0.50       0.49       0.64       0          102.33     59         156        0          0          0.4302     2.6555     12         38         46         56         66         76         119       
173        58200      58200      163.01     135.43     0.8308     93.07      0.51       0.48       0.64       0          101.87     59         156        0          0          0.4264     2.6522     12         38         46         56         67         77         121       
174        58200      58200      163.02     134.70     0.8263     92.48      0.49       0.47       0.63       1          101.43     58         156        0          0          0.4229     2.6481     12         38         47         57         68         77         118       
175        58200      58200      163.01     133.86     0.8211     91.72      0.48       0.47       0.63       0          100.98     58         156        0          0          0.4194     2.6431     12         38         47         57         68         78         119       
176        58200      58200      163.03     133.94     0.8216     90.96      0.47       0.46       0.63       0          100.53     58         156        0          0          0.4158     2.6397     12         39         48         58         69         79         118       
177        58200      58200      163.03     132.54     0.8130     90.32      0.48       0.45       0.63       0          100.07     56         156        0          0          0.4122     2.6347     11         39         48         58         69         79         120       
178        58200      58200      163.04     132.88     0.8150     89.64      0.46       0.44       0.62       0          99.60      56         156        0          0          0.4085     2.6301     11         39         48         59         70         80         120       
179        58200      58200      163.04     131.45     0.8063     88.85      0.46       0.44       0.62       0          99.12      56         156        0          0          0.4048     2.6266     11         40         49         59         70         81         121       
180        58200      58200      163.04     131.82     0.8085     88.22      0.45       0.43       0.62       0          98.66      56         156        0          0          0.4012     2.6225     11         40         49         59         71         81         123       
181        58200      58200      163.04     130.21     0.7986     87.57      0.44       0.42       0.61       0          98.18      56         156        0          0          0.3975     2.6178     11         40         49         60         71         82         128       
182        58200      58200      163.05     129.63     0.7950     86.88      0.43       0.42       0.61       0          97.71      56         156        0          0          0.3940     2.6143     11         41         50         60         72         82         127       
183        58200      58200      163.05     129.59     0.7948     86.09      0.43       0.41       0.61       0          97.23      56         156        0          0          0.3902     2.6111     11         41         50         61         73         83         128       
184        58200      58200      163.06     129.34     0.7932     85.33      0.42       0.40       0.60       0          96.75      56         156        0          0          0.3866     2.6069     11         42         51         61         73         84         128       
185        58200      58200      163.06     128.26     0.7865     84.82      0.42       0.40       0.60       0          96.27      56         156        0          0          0.3830     2.6029     11         42         51         62         74         84         130       
186        58200      58200      163.06     127.60     0.7825     84.13      0.41       0.39       0.60       0          95.80      56         156        0          0          0.3794     2.5986     12         42         51         62         74         85         132       
187        58200      58200      163.07     126.95     0.7785     83.49      0.41       0.39       0.60       0          95.30      55         156        0          0          0.3756     2.5939     12         42         52         63         75         85         133       
188        58200      58200      163.07     126.10     0.7733     82.82      0.39       0.38       0.59       0          94.81      55         156        0          0          0.3719     2.5884     12         43         52         63         75         86         134       
189        58200      58200      163.08     127.06     0.7791     82.23      0.39       0.38       0.59       0          94.32      55         156        0          0          0.3683     2.5849     12         43         53         64         76         87         134       
190        58200      58200      163.09     124.21     0.7616     81.49      0.38       0.37       0.59       0          93.82      55         156        0          0          0.3645     2.5803     12         43         53         64         76         87         135       
191        58200      58200      163.08     124.02     0.7605     80.78      0.38       0.36       0.58       0          93.32      54         156        0          0          0.3609     2.5746     12         44         53         65         77         88         135       
192        58200      58200      163.09     123.25     0.7557     80.06      0.37       0.35       0.58       0          92.81      54         155        0          0          0.3571     2.5696     11         44         54         65         78         89         136       
193        58200      58200      163.10     123.24     0.7556     79.44      0.37       0.35       0.58       0          92.31      54         155        0          0          0.3534     2.5638     11         44         54         66         78         89         136       
194        58200      58200      163.10     122.12     0.7487     78.64      0.35       0.34       0.57       0          91.79      54         155        0          0          0.3496     2.5585     11         45         55         66         79         90         138       
195        58200      58200      163.11     121.77     0.7466     78.07      0.35       0.34       0.57       0          91.28      53         155        0          0          0.3459     2.5540     11         45         55         67         79         91         138       
196        58200      58200      163.11     120.33     0.7377     77.48      0.35       0.33       0.57       0          90.78      53         155        0          0          0.3423     2.5477     11         46         56         67         80         91         141       
197        58200      58200      163.11     120.72     0.7401     76.86      0.34       0.33       0.56       0          90.26      52         155        0          0          0.3386     2.5417     11         46         56         68         81         92         142       
198        58200      58200      163.11     119.80     0.7344     76.14      0.34       0.32       0.56       0          89.74      52         155        0          0          0.3348     2.5369     11         46         56         68         81         93         145       
199        58200      58200      163.12     119.11     0.7302     75.57      0.34       0.32       0.56       0          89.23      51         155        0          0          0.3312     2.5328     11         47         57         69         82         93         145       
200        58200      58200      163.13     118.58     0.7269     74.97      0.33       0.31       0.55       0          88.74      51         155        0          0          0.3277     2.5281     11         47         57         69         82         94         143       
201        58200      58200      163.13     117.66     0.7213     74.40      0.33       0.31       0.55       0          88.22      51         155        0          0          0.3240     2.5217     11         47         58         70         83         94         145       
202        58200      58200      163.14     117.85     0.7224     73.81      0.32       0.30       0.55       0          87.71      51         155        0          0          0.3205     2.5183     9          48         58         70         84         95         148       
203        58200      58200      163.14     115.91     0.7105     73.24      0.31       0.30       0.55       0          87.21      51         155        0          0          0.3170     2.5128     9          48         59         71         84         96         150       
204        58200      58200      163.14     116.56     0.7145     72.65      0.31       0.29       0.54       0          86.70      50         155        0          0          0.3135     2.5087     9          49         59         71         85         96         151       
205        58200      58200      163.14     116.13     0.7118     72.09      0.30       0.29       0.54       0          86.20      50         155        0          0          0.3100     2.5026     9          49         60         72         85         97         153       
206        58200      58200      163.15     114.95     0.7046     71.52      0.30       0.29       0.54       0          85.69      50         155        0          0          0.3065     2.4977     9          49         60         73         86         98         154       
207        58200      58200      163.15     114.23     0.7002     71.02      0.30       0.28       0.53       0          85.20      49         155        0          0          0.3031     2.4931     9          50         61         73         86         98         156       
208        58200      58200      163.14     113.57     0.6961     70.47      0.29       0.28       0.53       0          84.71      49         155        0          0          0.2998     2.4882     9          50         61         74         87         98         156       
209        58200      58200      163.16     112.88     0.6918     69.73      0.28       0.27       0.53       0          84.20      48         155        0          0          0.2964     2.4828     9          51         61         74         87         99         159       
210        58200      58200      163.15     112.19     0.6876     69.18      0.29       0.27       0.52       0          83.71      48         155        0          0          0.2931     2.4779     9          51         62         75         88         100        159       
211        58200      58200      163.16     111.11     0.6810     68.69      0.28       0.26       0.52       0          83.23      48         155        0          0          0.2899     2.4736     9          52         63         75         88         100        160       
212        58200      58200      163.17     110.72     0.6786     68.10      0.28       0.26       0.52       0          82.72      48         155        0          0          0.2865     2.4692     9          52         63         76         89         101        157       
213        58200      58200      163.18     110.58     0.6777     67.53      0.27       0.25       0.51       0          82.24      48         155        0          0          0.2833     2.4663     9          52         63         76         89         102        159       
214        58200      58200      163.19     109.92     0.6736     66.97      0.27       0.25       0.51       0          81.76      48         155        0          0          0.2801     2.4611     9          53         64         77         90         102        158       
215        58200      58200      163.17     108.05     0.6622     66.44      0.26       0.25       0.51       0          81.26      47         155        0          0          0.2769     2.4577     9          53         64         77         91         103        159       
216        58200      58200      163.18     108.28     0.6636     65.96      0.26       0.24       0.50       0          80.81      47         155        0          0          0.2739     2.4545     8          53         65         78         91         103        159       
217        58200      58200      163.18     108.04     0.6621     65.37      0.25       0.24       0.50       0          80.31      47         155        0          0          0.2707     2.4512     8          54         65         78         92         104        158       
218        58200      58200      163.19     106.19     0.6507     64.91      0.25       0.24       0.50       0          79.83      45         155        0          0          0.2677     2.4472     8          54         65         79         92         104        159       
219        58200      58200      163.20     105.71     0.6478     64.29      0.25       0.23       0.50       0          79.38      45         155        0          0          0.2648     2.4427     8          55         66         79         93         105        159       
220        58200      58200      163.20     106.44     0.6522     63.74      0.24       0.23       0.49       0          78.90      45         155        0          0          0.2617     2.4383     8          55         66         80         93         105        160       
221        58200      58200      163.19     105.12     0.6442     63.46      0.24       0.23       0.49       0          78.44      45         154        0          0          0.2588     2.4351     8          55         67         80         94         106        160       
222        58200      58200      163.20     104.10     0.6379     63.01      0.24       0.22       0.49       0          77.96      44         154        0          0          0.2558     2.4301     8          56         67         81         94         106        159       
223        58200      58200      163.22     104.68     0.6413     62.49      0.23       0.22       0.48       0          77.51      44         154        0          0          0.2530     2.4257     8          56         68         81         95         107        157       
224        58200      58200      163.20     104.00     0.6373     62.10      0.23       0.22       0.48       0          77.05      44         154        0          0          0.2501     2.4205     8          57         68         82         95         108        156       
225        58200      58200      163.20     103.54     0.6344     61.70      0.23       0.22       0.48       0          76.61      44         154        0          0          0.2474     2.4165     8          57         69         82         96         108        159       
226        58200      58200      163.21     101.40     0.6213     61.19      0.23       0.21       0.48       0          76.17      44         154        0          0          0.2447     2.4128     8          57         69         82         96         108        158       
227        58200      58200      163.21     102.24     0.6264     60.65      0.22       0.21       0.47       0          75.74      44         154        0          0          0.2420     2.4080     8          58         69         83         97         109        159       
228        58200      58200      163.20     100.94     0.6185     60.20      0.22       0.20       0.47       0          75.30      42         154        0          0          0.2394     2.4021     7          58         70         83         97         109        159       
229        58200      58200      163.22     100.28     0.6144     59.83      0.21       0.20       0.47       0          74.88      42         154        0          0          0.2368     2.3971     7          58         70         84         97         110        161       
230        58200      58200      163.22     100.43     0.6153     59.43      0.21       0.20       0.47       0          74.46      40         154        0          0          0.2343     2.3934     7          59         71         84         98         110        162       
231        58200      58200      163.23     99.86      0.6118     59.08      0.21       0.20       0.46       0          74.03      39         154        0          0          0.2318     2.3887     7          59         71         85         98         111        164       
232        58200      58200      163.23     99.39      0.6089     58.64      0.21       0.20       0.46       0          73.60      39         154        0          0          0.2292     2.3848     7          60         72         85         99         111        163       
233        58200      58200      163.23     98.72      0.6048     58.25      0.21       0.19       0.46       0          73.20      39         154        0          0          0.2268     2.3799     7          60         72         86         99         112        162       
234        58200      58200      163.24     99.19      0.6076     57.85      0.21       0.19       0.45       0          72.80      39         154        0          0          0.2245     2.3773     7          60         72         86         100        112        161       
235        58200      58200      163.23     97.55      0.5976     57.52      0.21       0.19       0.45       0          72.40      39         154        0          0          0.2221     2.3725     7          61         73         86         100        112        161       
236        58200      58200      163.23     97.27      0.5959     57.13      0.20       0.19       0.45       0          71.99      39         154        0          0          0.2197     2.3672     7          61         73         87         100        113        162       
237        58200      58200      163.25     97.05      0.5945     56.77      0.20       0.19       0.45       0          71.60      39         154        0          0          0.2174     2.3634     7          62         73         87         101        113        163       
238        58200      58200      163.24     96.55      0.5915     56.40      0.20       0.18       0.45       0          71.21      38         154        0          0          0.2152     2.3579     7          62         74         87         101        113        165       
239        58200      58200      163.25     95.66      0.5860     56.04      0.19       0.18       0.44       0          70.82      38         154        0          0          0.2129     2.3534     7          62         74         88         102        114        162       
240        58200      58200      163.24     95.98      0.5879     55.75      0.20       0.18       0.44       0          70.43      38         154        0          0          0.2107     2.3501     7          63         75         88         102        114        161       
241        58200      58200      163.25     95.55      0.5853     55.43      0.19       0.18       0.44       0          70.06      38         154        0          0          0.2086     2.3440     7          63         75         89         103        114        160       
242        58200      58200      163.24     94.84      0.5810     55.08      0.19       0.18       0.44       0          69.69      37         154        0          0          0.2065     2.3411     7          63         75         89         103        115        161       
243        58200      58200      163.24     93.88      0.5751     54.73      0.19       0.18       0.43       0          69.32      36         154        0          0          0.2044     2.3391     7          64         76         89         103        115        160       
244        58200      58200      163.25     93.65      0.5737     54.34      0.18       0.17       0.43       0          68.93      36         154        0          0          0.2022     2.3359     6          64         76         90         104        116        159       
245        58200      58200      163.24     92.54      0.5669     53.88      0.18       0.17       0.43       0          68.57      36         154        0          0          0.2002     2.3329     6          65         77         90         104        116        159       
246        58200      58200      163.25     92.50      0.5666     53.53      0.18       0.17       0.43       0          68.21      36         154        0          0          0.1982     2.3296     7          65         77         91         104        116        160       
247        58200      58200      163.26     91.59      0.5610     53.26      0.17       0.17       0.42       0          67.85      36         154        0          0          0.1962     2.3255     7          65         77         91         105        116        160       
248        58200      58200      163.27     92.18      0.5646     52.97      0.18       0.17       0.42       0          67.50      36         154        0          0          0.1943     2.3232     7          66         78         92         105        117        162       
249        58200      58200      163.26     91.92      0.5631     52.69      0.18       0.17       0.42       0          67.17      36         154        0          0          0.1925     2.3212     7          66         78         92         105        117        162       
250        58200      58200      163.27     91.72      0.5618     52.48      0.17       0.16       0.42       0          66.83      36         154        0          0          0.1907     2.3176     7          66         78         92         106        117        163       
251        58200      58200      163.27     91.33      0.5594     52.19      0.17       0.16       0.42       0          66.49      35         149        0          0          0.1888     2.3149     8          67         79         92         106        118        163       
252        58200      58200      163.27     90.90      0.5568     51.81      0.17       0.16       0.41       0          66.15      35         149        0          0          0.1870     2.3123     8          67         79         93         106        118        162       
253        58200      58200      163.28     89.38      0.5474     51.66      0.17       0.16       0.41       0          65.84      35         149        0          0          0.1853     2.3093     8          67         80         93         107        118        162       
254        58200      58200      163.27     89.40      0.5476     51.30      0.17       0.16       0.41       0          65.51      34         149        0          0          0.1836     2.3056     8          68         80         93         107        119        161       
255        58200      58200      163.28     89.02      0.5452     50.97      0.16       0.16       0.41       0          65.18      34         149        0          0          0.1819     2.3034     8          68         80         94         107        119        160       
256        58200      58200      163.26     89.09      0.5457     50.73      0.16       0.16       0.40       0          64.87      34         149        0          0          0.1802     2.3006     8          68         81         94         108        119        159       
257        58200      58200      163.27     88.26      0.5406     50.49      0.17       0.16       0.40       0          64.56      34         149        0          0          0.1786     2.2980     9          69         81         94         108        120        160       
258        58200      58200      163.28     88.43      0.5416     50.15      0.17       0.15       0.40       0          64.24      34         149        0          0          0.1770     2.2956     10         69         81         95         108        120        162       
259        58200      58200      163.27     87.84      0.5380     49.93      0.16       0.15       0.40       0          63.95      34         149        0          0          0.1755     2.2930     10         69         82         95         108        120        164       
260        58200      58200      163.29     87.48      0.5358     49.63      0.16       0.15       0.40       0          63.65      34         149        0          0          0.1739     2.2903     11         70         82         95         109        121        164       
261        58200      58200      163.28     86.01      0.5268     49.36      0.16       0.15       0.40       0          63.35      34         145        0          0          0.1724     2.2868     13         70         82         96         109        121        163       
262        58200      58200      163.29     86.78      0.5315     49.19      0.15       0.15       0.39       0          63.06      34         145        0          0          0.1709     2.2843     13         70         83         96         109        121        163       
263        58200      58200      163.28     85.10      0.5212     48.84      0.16       0.15       0.39       0          62.77      34         139        0          0          0.1694     2.2818     13         71         83         96         109        121        163       
264        58200      58200      163.29     86.25      0.5282     48.57      0.15       0.15       0.39       0          62.49      33         139        0          0          0.1680     2.2798     13         71         83         97         110        121        163       
265        58200      58200      163.28     85.89      0.5260     48.37      0.16       0.15       0.39       0          62.21      33         133        0          0          0.1666     2.2768     13         71         84         97         110        121        163       
266        58200      58200      163.29     84.89      0.5199     48.19      0.15       0.15       0.39       0          61.94      33         132        0          0          0.1652     2.2738     13         72         84         97         110        122        162       
267        58200      58200      163.29     86.03      0.5268     48.03      0.15       0.14       0.39       0          61.67      32         132        0          0          0.1639     2.2703     14         72         84         98         110        122        163       
268        58200      58200      163.29     84.29      0.5162     47.70      0.15       0.14       0.38       0          61.39      32         132        0          0          0.1625     2.2686     15         72         85         98         110        122        165       
269        58200      58200      163.29     83.99      0.5144     47.50      0.15       0.14       0.38       0          61.14      31         128        0          0          0.1612     2.2663     16         73         85         98         111        122        164       
270        58200      58200      163.29     83.89      0.5137     47.21      0.15       0.14       0.38       0          60.86      31         128        0          0          0.1599     2.2641     16         73         85         98         111        122        166       
271        58200      58200      163.29     83.35      0.5104     46.99      0.15       0.14       0.38       0          60.60      31         124        0          0          0.1586     2.2621     16         74         85         99         111        123        166       
272        58200      58200      163.30     83.49      0.5112     46.82      0.15       0.14       0.38       0          60.35      31         120        0          0          0.1574     2.2595     17         74         86         99         112        123        167       
273        58200      58200      163.29     83.37      0.5106     46.70      0.15       0.14       0.38       0          60.10      31         120        0          0          0.1561     2.2585     17         74         86         99         112        123        169       
274        58200      58200      163.31     83.34      0.5103     46.48      0.15       0.14       0.37       0          59.85      31         116        0          0          0.1550     2.2567     17         74         86         99         112        123        171       
275        58200      58200      163.31     82.37      0.5044     46.32      0.15       0.14       0.37       0          59.62      31         116        0          0          0.1538     2.2549     17         74         87         99         112        124        171       
276        58200      58200      163.30     82.12      0.5029     46.08      0.14       0.14       0.37       0          59.37      31         116        0          0          0.1526     2.2525     17         75         87         100        112        124        170       
277        58200      58200      163.30     80.59      0.4935     45.83      0.15       0.14       0.37       0          59.12      31         116        0          0          0.1515     2.2505     17         75         87         100        112        124        170       
278        58200      58200      163.30     80.67      0.4940     45.69      0.14       0.13       0.37       0          58.89      31         116        0          0          0.1504     2.2484     17         75         87         100        113        124        170       
279        58200      58200      163.31     80.96      0.4958     45.39      0.14       0.13       0.37       0          58.66      31         116        0          0          0.1493     2.2468     17         76         88         101        113        124        171       
280        58200      58200      163.31     79.84      0.4889     45.10      0.14       0.13       0.36       0          58.43      31         116        0          0          0.1482     2.2454     17         76         88         101        113        124        170       
281        58200      58200      163.31     80.12      0.4906     44.94      0.14       0.13       0.36       0          58.21      31         116        0          0          0.1472     2.2433     18         77         88         101        113        125        173       
282        58200      58200      163.31     79.84      0.4889     44.75      0.14       0.13       0.36       0          57.98      31         112        0          0          0.1461     2.2419     18         77         89         101        114        125        173       
283        58200      58200      163.31     80.21      0.4911     44.57      0.14       0.13       0.36       0          57.76      31         112        0          0          0.1451     2.2403     19         77         89         102        114        125        170       
284        58200      58200      163.31     80.65      0.4938     44.54      0.14       0.13       0.36       0          57.55      31         112        0          0          0.1441     2.2392     19         77         89         102        114        125        169       
285        58200      58200      163.32     79.85      0.4889     44.38      0.14       0.13       0.36       0          57.34      31         111        0          0          0.1431     2.2375     20         78         89         102        114        125        169       
286        58200      58200      163.32     79.30      0.4855     44.25      0.14       0.13       0.36       0          57.13      31         111        0          0          0.1422     2.2361     19         78         90         102        114        125        169       
287        58200      58200      163.31     78.44      0.4803     43.96      0.14       0.13       0.36       0          56.92      31         111        0          0          0.1412     2.2337     19         78         90         102        115        126        170       
288        58200      58200      163.32     78.59      0.4812     43.86      0.14       0.13       0.35       0          56.71      31         110        0          0          0.1403     2.2321     19         78         90         103        115        126        171       
289        58200      58200      163.31     77.58      0.4750     43.61      0.14       0.13       0.35       0          56.51      31         107        0          0          0.1393     2.2304     19         79         90         103        115        126        171       
290        58200      58200      163.32     77.46      0.4743     43.42      0.14       0.13       0.35       0          56.30      31         106        0          0          0.1384     2.2291     19         79         90         103        115        126        171       
291        58200      58200      163.32     77.57      0.4749     43.19      0.13       0.13       0.35       0          56.10      31         106        0          0          0.1375     2.2277     19         79         91         103        115        126        171       
292        58200      58200      163.33     77.49      0.4745     43.10      0.13       0.12       0.35       0          55.90      30         103        0          0          0.1366     2.2266     19         80         91         103        115        126        172       
293        58200      58200      163.32     76.28      0.4671     42.94      0.13       0.12       0.35       0          55.70      30         100        0          0          0.1357     2.2255     19         80         91         104        115        126        172       
294        58200      58200      163.32     76.56      0.4688     42.78      0.13       0.12       0.35       0          55.52      30         98         0          0          0.1349     2.2240     21         80         91         104        116        127        172       
295        58200      58200      163.32     77.52      0.4746     42.67      0.13       0.12       0.35       0          55.33      30         96         0          0          0.1341     2.2230     21         81         92         104        116        127        171       
296        58200      58200      163.32     77.49      0.4745     42.55      0.13       0.12       0.34       0          55.14      30         96         0          0          0.1332     2.2217     21         81         92         104        116        127        171       
297        58200      58200      163.32     76.13      0.4662     42.49      0.13       0.12       0.34       0          54.97      30         96         0          0          0.1325     2.2202     21         81         92         104        116        127        171       
298        58200      58200      163.32     76.65      0.4693     42.35      0.13       0.12       0.34       0          54.78      30         96         0          0          0.1317     2.2192     21         81         92         104        116        127        170       
299        58200      58200      163.32     76.10      0.4660     42.12      0.13       0.12       0.34       0          54.61      30         96         0          0          0.1309     2.2179     21         82         93         105        116        127        170       
300        58200      58200      163.33     76.56      0.4688     41.99      0.13       0.12       0.34       0          54.44      28         95         0          0          0.1302     2.2167     21         82         93         105        116        127        170       
301        58200      58200      163.33     75.83      0.4643     41.95      0.13       0.12       0.34       0          54.27      28         95         0          0          0.1294     2.2157     21         82         93         105        116        127        170       
302        58200      58200      163.33     75.83      0.4643     41.88      0.13       0.12       0.34       0          54.11      28         95         0          0          0.1287     2.2144     21         82         93         105        117        127        169       
303        58200      58200      163.33     75.71      0.4635     41.67      0.13       0.12       0.34       0          53.94      28         95         0          0          0.1280     2.2135     22         82         93         105        117        127        170       
304        58200      58200      163.33     75.78      0.4640     41.56      0.13       0.12       0.34       0          53.77      28         92         0          0          0.1273     2.2125     22         83         94         105        117        127        170       
305        58200      58200      163.34     74.87      0.4584     41.33      0.13       0.12       0.33       0          53.61      28         91         0          0          0.1266     2.2115     22         83         94         106        117        127        170       
306        58200      58200      163.33     74.84      0.4582     41.29      0.13       0.12       0.33       0          53.45      28         91         0          0          0.1259     2.2102     22         83         94         106        117        128        170       
307        58200      58200      163.33     75.12      0.4600     41.20      0.13       0.12       0.33       0          53.30      28         91         0          0          0.1253     2.2092     22         83         94         106        117        128        172       
308        58200      58200      163.34     74.56      0.4565     41.12      0.13       0.12       0.33       0          53.14      28         91         0          0          0.1246     2.2076     22         83         94         106        117        128        172       
309        58200      58200      163.33     74.50      0.4561     41.01      0.13       0.12       0.33       0          52.98      28         91         0          0          0.1239     2.2059     22         84         95         106        118        128        173       
310        58200      58200      163.32     74.28      0.4548     40.84      0.12       0.12       0.33       0          52.84      28         91         0          0          0.1233     2.2050     22         84         95         107        118        128        171       
311        58200      58200      163.34     73.60      0.4506     40.68      0.13       0.12       0.33       0          52.69      28         91         0          0          0.1227     2.2035     22         84         95         107        118        128        173       
312        58200      58200      163.32     73.40      0.4494     40.58      0.12       0.12       0.33       0          52.54      28         87         0          0          0.1221     2.2024     22         85         95         107        118        128        173       
313        58200      58200      163.34     73.97      0.4529     40.46      0.13       0.12       0.33       0          52.40      28         87         0          0          0.1215     2.2008     23         85         95         107        118        128        173       
314        58200      58200      163.33     72.55      0.4442     40.45      0.12       0.12       0.33       0          52.25      28         87         0          0          0.1209     2.2002     24         85         96         107        118        128        173       
315        58200      58200      163.34     72.63      0.4447     40.25      0.12       0.12       0.33       0          52.11      28         87         0          0          0.1203     2.1996     25         85         96         107        118        128        174       
316        58200      58200      163.33     72.68      0.4450     40.16      0.12       0.12       0.33       0          51.98      28         87         0          0          0.1197     2.1986     25         85         96         107        118        128        174       
317        58200      58200      163.34     73.40      0.4493     40.02      0.12       0.12       0.32       0          51.84      28         86         0          0          0.1192     2.1980     25         85         96         108        118        128        174       
318        58200      58200      163.33     72.14      0.4417     40.01      0.13       0.12       0.32       0          51.71      28         86         0          0          0.1186     2.1975     25         86         96         108        119        129        173       
319        58200      58200      163.34     72.59      0.4444     39.90      0.12       0.12       0.32       0          51.58      28         86         0          0          0.1181     2.1966     26         86         96         108        119        129        172       
320        58200      58200      163.33     72.81      0.4458     39.73      0.12       0.12       0.32       0          51.45      28         86         0          0          0.1176     2.1958     27         86         97         108        119        129        172       
321        58200      58200      163.35     72.42      0.4433     39.64      0.12       0.12       0.32       0          51.32      28         86         0          0          0.1170     2.1955     29         86         97         108        119        129        171       
322        58200      58200      163.34     71.77      0.4394     39.52      0.12       0.12       0.32       0          51.19      28         86         0          0          0.1165     2.1950     29         86         97         108        119        129        171       
323        58200      58200      163.34     71.92      0.4403     39.47      0.12       0.12       0.32       0          51.07      27         86         0          0          0.1160     2.1937     29         87         97         108        119        129        171       
324        58200      58200      163.34     72.32      0.4428     39.40      0.12       0.12       0.32       0          50.94      27         85         0          0          0.1155     2.1928     29         87         97         108        119        129        171       
325        58200      58200      163.34     72.12      0.4415     39.32      0.13       0.12       0.32       0          50.82      27         85         0          0          0.1150     2.1919     29         87         97         109        119        129        171       
326        58200      58200      163.35     71.37      0.4369     39.19      0.12       0.12       0.32       0          50.70      27         85         0          0          0.1145     2.1911     29         87         98         109        119        129        171       
327        58200      58200      163.34     71.26      0.4363     39.06      0.12       0.11       0.32       0          50.57      27         85         0          0          0.1140     2.1902     30         87         98         109        119        129        170       
328        58200      58200      163.35     71.52      0.4378     39.04      0.12       0.12       0.32       0          50.46      27         84         0          0          0.1136     2.1896     30         88         98         109        119        129        170       
329        58200      58200      163.35     71.07      0.4351     39.00      0.12       0.12       0.31       0          50.34      27         84         0          0          0.1131     2.1892     30         88         98         109        120        129        171       
330        58200      58200      163.35     71.28      0.4363     38.98      0.12       0.12       0.31       0          50.24      27         84         0          0          0.1127     2.1890     30         88         98         109        120        129        171       
331        58200      58200      163.34     70.73      0.4330     38.86      0.12       0.11       0.31       0          50.13      27         84         0          0          0.1122     2.1883     30         88         98         109        120        129        172       
332        58200      58200      163.35     71.97      0.4406     38.77      0.12       0.12       0.31       0          50.01      27         84         0          0          0.1118     2.1877     30         88         98         109        120        129        173       
333        58200      58200      163.34     70.65      0.4325     38.68      0.12       0.11       0.31       0          49.91      26         84         0          0          0.1114     2.1874     30         88         99         109        120        129        174       
334        58200      58200      163.35     70.37      0.4308     38.64      0.13       0.12       0.31       0          49.80      26         84         0          0          0.1110     2.1866     34         89         99         110        120        129        175       
335        58200      58200      163.34     70.44      0.4312     38.53      0.12       0.11       0.31       0          49.69      26         84         0          0          0.1105     2.1862     34         89         99         110        120        129        175       
336        58200      58200      163.34     71.31      0.4366     38.51      0.12       0.12       0.31       0          49.59      26         84         0          0          0.1101     2.1854     34         89         99         110        120        129        175       
337        58200      58200      163.36     71.67      0.4387     38.42      0.12       0.12       0.31       0          49.49      26         84         0          0          0.1097     2.1846     34         89         99         110        120        129        176       
338        58200      58200      163.34     69.40      0.4248     38.28      0.12       0.11       0.31       0          49.39      26         84         0          0          0.1093     2.1843     33         89         99         110        120        130        177       
339        58200      58200      163.35     70.08      0.4290     38.26      0.12       0.11       0.31       0          49.29      26         84         0          0          0.1089     2.1835     35         89         99         110        120        130        178       
340        58200      58200      163.34     70.21      0.4298     38.19      0.12       0.11       0.31       0          49.19      26         84         0          0          0.1086     2.1827     35         89         99         110        120        130        178       
341        58200      58200      163.35     69.52      0.4256     38.11      0.12       0.11       0.31       0          49.10      26         84         0          0          0.1082     2.1820     34         90         100        110        121        130        178       
342        58200      58200      163.36     70.02      0.4286     38.09      0.12       0.11       0.31       0          49.00      26         84         0          0          0.1078     2.1811     34         90         100        110        121        130        177       
343        58200      58200      163.36     69.18      0.4235     37.93      0.12       0.11       0.31       0          48.91      26         83         0          0          0.1074     2.1800     34         90         100        110        121        130        176       
344        58200      58200      163.35     69.56      0.4259     37.84      0.12       0.11       0.30       0          48.81      26         83         0          0          0.1071     2.1795     34         90         100        110        121        130        176       
345        58200      58200      163.35     70.40      0.4310     37.78      0.12       0.11       0.30       0          48.71      26         83         0          0          0.1067     2.1789     34         90         100        110        121        130        176       
346        58200      58200      163.35     69.74      0.4269     37.84      0.12       0.11       0.30       0          48.62      26         80         0          0          0.1063     2.1781     35         91         100        111        121        130        177       
347        58200      58200      163.35     70.00      0.4285     37.66      0.12       0.11       0.30       0          48.54      26         80         0          0          0.1060     2.1772     36         91         100        111        121        130        179       
348        58200      58200      163.36     69.05      0.4227     37.67      0.12       0.11       0.30       0          48.45      26         79         0          0          0.1057     2.1766     37         91         100        111        121        130        179       
349        58200      58200      163.35     69.04      0.4226     37.65      0.12       0.11       0.30       0          48.36      26         79         0          0          0.1053     2.1761     37         91         100        111        121        130        178       
350        58200      58200      163.35     67.82      0.4152     37.53      0.12       0.11       0.30       0          48.27      26         79         0          0          0.1050     2.1753     37         91         101        111        121        130        178       
351        58200      58200      163.36     69.02      0.4225     37.47      0.12       0.11       0.30       0          48.18      26         79         0          0          0.1047     2.1748     37         92         101        111        121        130        178       
352        58200      58200      163.35     70.08      0.4290     37.39      0.12       0.11       0.30       0          48.10      26         79         0          0          0.1044     2.1742     38         92         101        111        121        130        178       
353        58200      58200      163.36     68.72      0.4207     37.35      0.12       0.11       0.30       0          48.02      25         79         0          0          0.1040     2.1740     38         92         101        111        121        130        177       
354        58200      58200      163.36     67.70      0.4144     37.22      0.12       0.11       0.30       0          47.94      25         79         0          0          0.1037     2.1733     39         92         101        111        121        130        176       
355        58200      58200      163.36     68.47      0.4192     37.21      0.12       0.11       0.30       0          47.86      25         79         0          0          0.1034     2.1728     39         92         101        111        121        130        176       
356        58200      58200      163.37     68.02      0.4163     37.20      0.12       0.11       0.30       0          47.78      25         79         0          0          0.1031     2.1719     39         92         101        111        121        130        176       
357        58200      58200      163.35     67.67      0.4142     37.05      0.12       0.11       0.30       0          47.71      25         79         0          0          0.1028     2.1714     41         92         101        112        121        130        175       
358        58200      58200      163.35     68.08      0.4168     36.96      0.11       0.11       0.30       0          47.63      25         79         0          0          0.1026     2.1708     41         92         102        112        121        130        176       
359        58200      58200      163.37     69.12      0.4231     37.05      0.12       0.11       0.30       0          47.55      25         79         0          0          0.1023     2.1706     42         93         102        112        121        130        177       
360        58200      58200      163.35     67.18      0.4113     36.88      0.12       0.11       0.30       0          47.47      25         78         0          0          0.1020     2.1700     42         93         102        112        122        130        177       
361        58200      58200      163.36     68.18      0.4174     36.90      0.12       0.11       0.30       0          47.40      25         77         0          0          0.1017     2.1698     42         93         102        112        122        130        177       
362        58200      58200      163.36     67.57      0.4136     36.84      0.12       0.11       0.30       0          47.33      25         77         0          0          0.1014     2.1695     42         93         102        112        122        130        179       
363        58200      58200      163.35     68.46      0.4191     36.80      0.11       0.11       0.30       0          47.26      25         77         0          0          0.1012     2.1693     42         93         102        112        122        130        179       
364        58200      58200      163.35     67.85      0.4153     36.82      0.12       0.11       0.30       0          47.19      25         76         0          0          0.1009     2.1689     43         93         102        112        122        130        179       
365        58200      58200      163.35     68.19      0.4175     36.85      0.12       0.11       0.29       0          47.12      25         75         0          0          0.1007     2.1685     43         93         102        112        122        130        179       
366        58200      58200      163.35     68.61      0.4200     36.78      0.12       0.11       0.29       0          47.06      25         75         0          0          0.1004     2.1683     45         93         102        112        122        130        179       
367        58200      58200      163.36     67.18      0.4112     36.74      0.12       0.11       0.29       0          46.99      25         74         0          0          0.1002     2.1681     48         94         102        112        122        130        179       
368        58200      58200      163.36     67.31      0.4121     36.71      0.12       0.11       0.29       0          46.92      25         74         0          0          0.0999     2.1676     49         94         103        112        122        130        179       
369        58200      58200      163.36     66.84      0.4092     36.58      0.12       0.11       0.29       0          46.86      25         74         0          0          0.0997     2.1670     49         94         103        112        122        130        179       
370        58200      58200      163.36     67.14      0.4110     36.50      0.12       0.11       0.29       0          46.80      25         74         0          0          0.0994     2.1666     49         94         103        112        122        131        180       
371        58200      58200      163.37     67.86      0.4154     36.48      0.12       0.11       0.29       0          46.73      25         74         0          0          0.0992     2.1665     49         94         103        112        122        131        180       
372        58200      58200      163.36     66.76      0.4087     36.41      0.12       0.11       0.29       0          46.67      25         73         0          0          0.0990     2.1661     52         94         103        112        122        131        181       
373        58200      58200      163.38     66.67      0.4081     36.44      0.12       0.11       0.29       0          46.61      25         73         0          0          0.0987     2.1659     53         94         103        112        122        131        180       
374        58200      58200      163.36     67.13      0.4109     36.32      0.12       0.11       0.29       0          46.54      25         73         0          0          0.0985     2.1654     53         94         103        113        122        131        181       
375        58200      58200      163.35     67.25      0.4117     36.31      0.12       0.11       0.29       0          46.48      25         73         0          0          0.0983     2.1650     53         94         103        113        122        131        180       
376        58200      58200      163.36     66.85      0.4092     36.25      0.12       0.11       0.29       0          46.42      25         72         0          0          0.0980     2.1645     53         94         103        113        122        131        180       
377        58200      58200      163.37     66.21      0.4053     36.28      0.12       0.11       0.29       0          46.35      25         72         0          0          0.0978     2.1641     53         94         103        113        122        131        179       
378        58200      58200      163.36     66.17      0.4051     36.21      0.11       0.11       0.29       0          46.30      25         72         0          0          0.0976     2.1639     53         95         103        113        122        131        179       
379        58200      58200      163.36     66.74      0.4085     36.18      0.11       0.11       0.29       0          46.24      25         72         0          0          0.0974     2.1636     53         95         103        113        122        131        179       
380        58200      58200      163.37     66.37      0.4062     36.13      0.12       0.11       0.29       0          46.18      25         72         0          0          0.0972     2.1632     52         95         103        113        122        131        179       
381        58200      58200      163.36     66.89      0.4095     36.03      0.12       0.11       0.29       0          46.13      25         72         0          0          0.0970     2.1630     52         95         104        113        122        131        178       
382        58200      58200      163.36     66.34      0.4061     35.95      0.12       0.11       0.29       0          46.07      25         71         0          0          0.0968     2.1627     52         95         104        113        122        131        178       
383        58200      58200      163.37     65.84      0.4030     35.97      0.12       0.11       0.29       0          46.02      25         71         0          0          0.0966     2.1622     52         95         104        113        123        131        177       
384        58200      58200      163.37     68.08      0.4167     35.97      0.12       0.11       0.29       0          45.96      25         71         0          0          0.0964     2.1619     51         95         104        113        122        131        177       
385        58200      58200      163.36     66.34      0.4061     36.00      0.11       0.11       0.29       0          45.91      25         71         0          0          0.0962     2.1616     52         95         104        113        123        131        175       
386        58200      58200      163.36     67.07      0.4106     36.02      0.12       0.11       0.29       0          45.86      24         71         0          0          0.0960     2.1613     52         95         104        113        123        131        174       
387        58200      58200      163.37     67.21      0.4114     35.90      0.12       0.11       0.29       0          45.81      24         71         0          0          0.0958     2.1608     52         95         104        113        123        131        174       
388        58200      58200      163.36     66.47      0.4069     35.88      0.12       0.11       0.29       0          45.75      24         71         0          0          0.0956     2.1607     55         96         104        113        123        131        174       
389        58200      58200      163.37     67.13      0.4109     35.90      0.12       0.11       0.29       0          45.70      24         70         0          0          0.0955     2.1605     56         96         104        113        123        131        174       
390        58200      58200      163.36     65.44      0.4006     35.93      0.11       0.11       0.29       0          45.65      24         70         0          0          0.0953     2.1602     56         96         104        113        123        131        174       
391        58200      58200      163.37     65.39      0.4003     35.81      0.12       0.11       0.28       0          45.60      24         70         0          0          0.0951     2.1598     56         96         104        113        123        131        174       
392        58200      58200      163.38     65.58      0.4014     35.66      0.11       0.11       0.28       0          45.55      24         70         0          0          0.0949     2.1596     59         96         104        114        123        131        174       
393        58200      58200      163.37     66.23      0.4054     35.72      0.12       0.11       0.28       0          45.50      24         70         0          0          0.0947     2.1593     59         96         104        114        123        131        173       
394        58200      58200      163.37     65.73      0.4024     35.65      0.12       0.11       0.28       0          45.46      24         70         0          0          0.0946     2.1590     60         96         104        114        123        131        173       
395        58200      58200      163.37     66.27      0.4056     35.71      0.12       0.11       0.28       0          45.41      24         70         0          0          0.0944     2.1588     59         96         104        114        123        131        173       
396        58200      58200      163.35     66.03      0.4042     35.59      0.12       0.11       0.28       0          45.36      24         70         0          0          0.0942     2.1583     59         96         105        114        123        131        173       
397        58200      58200      163.37     65.77      0.4026     35.67      0.12       0.11       0.28       0          45.32      24         70         0          0          0.0941     2.1582     60         96         105        114        123        131        173       
398        58200      58200      163.37     65.37      0.4001     35.63      0.12       0.11       0.28       0          45.27      24         70         0          0          0.0939     2.1579     60         96         105        114        123        131        173       
399        58200      58200      163.36     65.68      0.4020     35.51      0.12       0.11       0.28       0          45.23      24         70         0          0          0.0938     2.1578     59         96         105        114        123        131        172       
400        58200      58200      163.37     64.84      0.3969     35.43      0.12       0.11       0.28       0          45.19      24         70         0          0          0.0936     2.1578     59         97         105        114        123        131        172       
401        58200      58200      163.37     66.19      0.4052     35.44      0.12       0.11       0.28       0          45.14      24         70         0          0          0.0934     2.1575     59         97         105        114        123        131        172       
402        58200      58200      163.37     65.17      0.3989     35.52      0.12       0.11       0.28       0          45.10      24         70         0          0          0.0933     2.1574     59         97         105        114        123        131        172       
403        58200      58200      163.37     65.65      0.4019     35.43      0.12       0.11       0.28       0          45.06      24         70         0          0          0.0931     2.1570     59         97         105        114        123        131        172       
404        58200      58200      163.37     65.23      0.3993     35.43      0.12       0.11       0.28       0          45.01      24         70         0          0          0.0930     2.1567     59         97         105        114        123        131        172       
405        58200      58200      163.37     66.65      0.4080     35.50      0.12       0.11       0.28       0          44.97      24         70         0          0          0.0928     2.1566     59         97         105        114        123        131        172       
406        58200      58200      163.37     65.58      0.4014     35.37      0.11       0.11       0.28       0          44.93      24         70         0          0          0.0927     2.1567     59         97         105        114        123        131        172       
407        58200      58200      163.37     66.07      0.4044     35.42      0.12       0.12       0.28       0          44.89      24         70         0          0          0.0926     2.1564     59         97         105        114        123        131        172       
408        58200      58200      163.37     65.34      0.3999     35.49      0.12       0.12       0.28       0          44.85      24         70         0          0          0.0924     2.1561     60         97         105        114        123        131        172       
409        58200      58200      163.37     65.42      0.4004     35.37      0.12       0.12       0.28       0          44.81      24         70         0          0          0.0923     2.1557     60         97         105        114        123        131        172       
410        58200      58200      163.36     65.83      0.4030     35.36      0.12       0.11       0.28       0          44.77      24         70         0          0          0.0921     2.1557     60         97         105        114        123        131        172       
411        58200      58200      163.36     65.76      0.4026     35.41      0.12       0.12       0.28       0          44.74      24         70         0          0          0.0920     2.1554     60         97         106        114        123        131        172       
412        58200      58200      163.37     66.26      0.4056     35.42      0.12       0.12       0.28       0          44.70      24         70         0          0          0.0919     2.1551     60         97         106        114        123        131        171       
413        58200      58200      163.36     65.64      0.4018     35.35      0.12       0.12       0.28       0          44.66      24         70         0          0          0.0917     2.1544     61         98         106        114        123        131        172       
414        58200      58200      163.37     65.95      0.4037     35.32      0.12       0.12       0.28       0          44.62      24         70         0          0          0.0916     2.1541     61         98         106        114        123        131        172       
415        58200      58200      163.36     65.15      0.3988     35.37      0.12       0.12       0.28       0          44.58      24         70         0          0          0.0915     2.1539     60         98         106        114        123        131        172       
416        58200      58200      163.37     66.25      0.4055     35.45      0.12       0.12       0.28       0          44.55      24         70         0          0          0.0913     2.1538     60         98         106        114        123        131        172       
417        58200      58200      163.36     65.84      0.4031     35.38      0.12       0.12       0.28       0          44.51      24         70         0          0          0.0912     2.1536     61         98         106        114        123        131        171       
418        58200      58200      163.37     66.17      0.4051     35.36      0.12       0.12       0.28       0          44.48      24         69         0          0          0.0911     2.1534     61         98         106        115        123        131        171       
419        58200      58200      163.37     66.94      0.4098     35.32      0.13       0.12       0.28       0          44.44      23         69         0          0          0.0910     2.1533     61         98         106        115        123        131        171       
420        58200      58200      163.36     65.36      0.4001     35.32      0.12       0.12       0.28       0          44.41      23         69         0          0          0.0909     2.1530     61         98         106        115        123        131        172       
421        58200      58200      163.37     65.58      0.4015     35.36      0.12       0.12       0.28       0          44.38      23         69         0          0          0.0907     2.1529     61         98         106        115        123        131        172       
422        58200      58200      163.37     65.09      0.3984     35.26      0.12       0.12       0.28       0          44.34      23         69         0          0          0.0906     2.1526     61         98         106        115        123        131        172       
423        58200      58200      163.37     64.48      0.3947     35.16      0.12       0.12       0.28       0          44.31      23         69         0          0          0.0905     2.1524     61         98         106        115        123        131        172       
424        58200      58200      163.37     64.95      0.3976     35.07      0.12       0.12       0.28       0          44.28      23         69         0          0          0.0904     2.1522     61         98         106        115        123        131        172       
425        58200      58200      163.38     64.24      0.3932     35.09      0.12       0.12       0.28       0          44.26      23         69         0          0          0.0903     2.1520     61         98         106        115        123        131        172       
426        58200      58200      163.37     64.98      0.3977     35.07      0.12       0.12       0.28       0          44.23      23         69         0          0          0.0902     2.1518     61         98         106        115        123        131        172       
427        58200      58200      163.38     64.70      0.3960     34.94      0.12       0.12       0.28       0          44.20      23         69         0          0          0.0901     2.1514     61         98         106        115        123        131        172       
428        58200      58200      163.37     64.90      0.3972     35.01      0.12       0.12       0.28       0          44.17      23         69         0          0          0.0900     2.1513     61         99         106        115        124        131        172       
429        58200      58200      163.37     65.09      0.3984     35.10      0.12       0.12       0.28       0          44.14      23         69         0          0          0.0899     2.1512     61         99         106        115        124        131        172       
430        58200      58200      163.37     64.71      0.3961     35.05      0.12       0.12       0.28       0          44.11      23         69         0          0          0.0898     2.1509     61         99         106        115        124        131        172       
431        58200      58200      163.37     64.94      0.3975     35.12      0.12       0.12       0.28       0          44.08      23         69         0          0          0.0897     2.1508     61         99         106        115        124        131        172       
432        58200      58200      163.37     65.10      0.3985     35.09      0.12       0.12       0.28       0          44.06      23         69         0          0          0.0896     2.1507     61         99         107        115        124        131        172       
433        58200      58200      163.37     64.67      0.3959     35.08      0.12       0.12       0.28       0          44.02      23         69         0          0          0.0895     2.1504     61         99         107        115        124        131        171       
434        58200      58200      163.37     65.72      0.4023     35.04      0.12       0.12       0.28       0          44.00      23         69         0          0          0.0894     2.1504     61         99         107        115        124        131        171       
435        58200      58200      163.36     64.80      0.3967     34.99      0.12       0.12       0.27       0          43.97      23         69         0          0          0.0893     2.1501     61         99         107        115        124        131        171       
436        58200      58200      163.37     64.21      0.3930     34.99      0.12       0.12       0.27       0          43.94      23         69         0          0          0.0892     2.1497     61         99         107        115        124        131        171       
437        58200      58200      163.37     65.33      0.3999     34.99      0.12       0.12       0.27       0          43.92      23         69         0          0          0.0891     2.1497     62         99         107        115        124        131        171       
438        58200      58200      163.37     64.66      0.3958     35.00      0.12       0.12       0.27       0          43.89      23         69         0          0          0.0890     2.1495     62         99         107        115        124        131        171       
439        58200      58200      163.37     65.65      0.4019     35.03      0.12       0.12       0.27       0          43.86      23         69         0          0          0.0890     2.1494     62         99         107        115        124        131        171       
440        58200      58200      163.37     64.56      0.3952     35.04      0.12       0.12       0.27       0          43.84      23         69         0          0          0.0889     2.1491     62         99         107        115        124        131        171       
441        58200      58200      163.37     64.68      0.3959     35.01      0.12       0.12       0.27       0          43.81      23         69         0          0          0.0888     2.1488     62         99         107        115        124        131        171       
442        58200      58200      163.37     65.43      0.4005     35.01      0.12       0.12       0.27       0          43.79      23         69         0          0          0.0887     2.1488     63         99         107        115        124        131        171       
443        58200      58200      163.37     64.84      0.3969     35.05      0.12       0.12       0.27       0          43.76      23         69         0          0          0.0886     2.1485     63         99         107        115        124        131        171       
444        58200      58200      163.37     65.46      0.4007     35.09      0.13       0.12       0.27       0          43.74      23         69         0          0          0.0885     2.1485     63         99         107        115        124        131        171       
445        58200      58200      163.37     64.79      0.3966     34.94      0.13       0.12       0.27       0          43.71      23         69         0          0          0.0884     2.1484     64         99         107        115        124        131        171       
446        58200      58200      163.38     65.53      0.4011     34.98      0.13       0.12       0.27       0          43.69      23         69         0          0          0.0884     2.1483     64         99         107        115        124        131        171       
447        58200      58200      163.37     64.60      0.3954     34.98      0.13       0.12       0.27       0          43.66      23         69         0          0          0.0883     2.1481     64         99         107        115        124        131        171       
448        58200      58200      163.37     65.98      0.4039     35.09      0.13       0.12       0.27       0          43.64      23         69         0          0          0.0882     2.1477     64         100        107        115        124        131        170       
449        58200      58200      163.37     65.83      0.4029     35.04      0.13       0.12       0.27       0          43.62      23         69         0          0          0.0881     2.1476     64         100        107        115        124        131        170       
450        58200      58200      163.37     65.05      0.3982     35.00      0.12       0.12       0.27       0          43.60      23         69         0          0          0.0880     2.1475     64         100        107        115        124        131        170       
451        58200      58200      163.37     65.17      0.3989     35.08      0.13       0.12       0.27       0          43.58      23         69         0          0          0.0880     2.1474     64         100        107        115        124        131        170       
452        58200      58200      163.37     64.88      0.3972     35.00      0.12       0.12       0.27       0          43.56      23         69         0          0          0.0879     2.1472     64         100        107        115        124        131        170       
453        58200      58200      163.37     65.06      0.3982     35.01      0.13       0.12       0.27       0          43.53      23         69         0          0          0.0878     2.1472     64         100        107        116        124        131        170       
454        58200      58200      163.38     64.64      0.3956     34.98      0.13       0.12       0.27       0          43.51      23         69         0          0          0.0877     2.1470     65         100        107        116        124        131        170       
455        58200      58200      163.37     65.33      0.3999     34.92      0.13       0.12       0.27       0          43.49      23         69         0          0          0.0877     2.1470     65         100        107        116        124        131        170       
456        58200      58200      163.38     64.83      0.3968     34.98      0.13       0.12       0.27       0          43.47      23         69         0          0          0.0876     2.1468     65         100        107        116        124        131        171       
457        58200      58200      163.37     65.21      0.3992     34.97      0.13       0.12       0.27       0          43.44      23         69         0          0          0.0875     2.1466     65         100        107        116        124        131        170       
458        58200      58200      163.37     65.84      0.4030     34.98      0.13       0.12       0.27       0          43.42      23         69         0          0          0.0874     2.1466     65         100        107        116        124        131        170       
459        58200      58200      163.37     65.19      0.3990     35.03      0.13       0.12       0.27       0          43.40      23         69         0          0          0.0874     2.1465     65         100        107        116        124        131        170       
460        58200      58200      163.37     65.29      0.3997     35.03      0.13       0.12       0.27       0          43.38      23         69         0          0          0.0873     2.1464     65         100        108        116        124        131        170       
461        58200      58200      163.36     64.53      0.3950     35.06      0.12       0.12       0.27       0          43.36      23         69         0          0          0.0872     2.1464     65         100        108        116        124        131        170       
462        58200      58200      163.37     65.18      0.3989     34.96      0.13       0.12       0.27       0          43.34      23         69         0          0          0.0872     2.1463     65         100        108        116        124        131        170       
463        58200      58200      163.38     65.78      0.4026     34.95      0.13       0.12       0.27       0          43.32      23         69         0          0          0.0871     2.1463     65         100        108        116        124        131        170       
464        58200      58200      163.38     65.36      0.4001     34.97      0.13       0.12       0.27       0          43.30      23         69         0          0          0.0870     2.1462     65         100        108        116        124        131        170       
465        58200      58200      163.37     64.34      0.3938     34.93      0.13       0.12       0.27       0          43.28      23         69         0          0          0.0870     2.1463     65         100        108        116        124        131        170       
466        58200      58200      163.37     65.12      0.3986     34.94      0.13       0.12       0.27       0          43.27      23         69         0          0          0.0869     2.1461     65         100        108        116        124        131        170       
467        58200      58200      163.38     65.61      0.4016     34.90      0.12       0.12       0.27       0          43.25      23         69         0          0          0.0868     2.1459     65         100        108        116        124        131        170       
468        58200      58200      163.37     65.54      0.4012     34.99      0.13       0.12       0.27       0          43.23      23         69         0          0          0.0868     2.1459     65         100        108        116        124        131        170       
469        58200      58200      163.38     64.45      0.3945     34.93      0.13       0.12       0.27       0          43.21      23         69         0          0          0.0867     2.1459     65         100        108        116        124        131        170       
470        58200      58200      163.37     64.81      0.3967     34.93      0.13       0.12       0.27       0          43.19      23         69         0          0          0.0866     2.1458     65         100        108        116        124        131        170       
471        58200      58200      163.37     65.17      0.3989     34.88      0.13       0.12       0.27       0          43.17      23         69         0          0          0.0866     2.1455     65         100        108        116        124        131        170       
472        58200      58200      163.37     64.17      0.3928     34.90      0.13       0.12       0.27       0          43.15      23         69         0          0          0.0865     2.1455     65         100        108        116        124        131        170       
473        58200      58200      163.37     64.98      0.3978     34.90      0.13       0.12       0.27       0          43.13      23         69         0          0          0.0865     2.1455     65         100        108        116        124        131        170       
474        58200      58200      163.37     65.78      0.4027     34.91      0.13       0.13       0.27       0          43.12      23         69         0          0          0.0864     2.1454     65         100        108        116        124        131        170       
475        58200      58200      163.37     64.78      0.3965     34.93      0.13       0.13       0.27       0          43.10      23         68         0          0          0.0863     2.1453     65         100        108        116        124        131        170       
476        58200      58200      163.38     65.53      0.4011     34.94      0.13       0.13       0.27       0          43.09      23         68         0          0          0.0863     2.1453     65         100        108        116        124        131        170       
477        58200      58200      163.37     64.26      0.3933     34.95      0.13       0.13       0.27       0          43.07      23         68         0          0          0.0862     2.1451     65         100        108        116        124        131        170       
478        58200      58200      163.37     65.77      0.4026     34.89      0.13       0.13       0.27       0          43.05      23         68         0          0          0.0862     2.1449     65         100        108        116        124        131        170       
479        58200      58200      163.37     64.76      0.3964     34.94      0.13       0.13       0.27       0          43.04      23         68         0          0          0.0861     2.1448     65         100        108        116        124        131        170       
480        58200      58200      163.37     65.10      0.3985     34.85      0.13       0.13       0.27       0          43.02      23         68         0          0          0.0861     2.1448     65         101        108        116        124        131        170       
481        58200      58200      163.37     65.87      0.4032     34.85      0.13       0.13       0.27       0          43.00      23         68         0          0          0.0860     2.1448     65         101        108        116        124        131        170       
482        58200      58200      163.37     63.05      0.3859     34.88      0.13       0.13       0.27       0          42.99      23         67         0          0          0.0859     2.1447     65         101        108        116        124        131        170       
483        58200      58200      163.38     64.59      0.3953     34.90      0.13       0.13       0.27       0          42.97      23         67         0          0          0.0859     2.1447     65         101        108        116        124        131        170       
484        58200      58200      163.37     64.09      0.3923     34.81      0.13       0.13       0.27       0          42.95      23         67         0          0          0.0858     2.1447     65         101        108        116        124        131        170       
485        58200      58200      163.37     65.69      0.4021     34.93      0.13       0.13       0.27       0          42.94      23         67         0          0          0.0858     2.1446     65         101        108        116        124        131        170       
486        58200      58200      163.37     64.31      0.3936     34.88      0.13       0.13       0.27       0          42.93      23         67         0          0          0.0857     2.1444     65         101        108        116        124        131        170       
487        58200      58200      163.37     65.45      0.4007     34.91      0.13       0.13       0.27       0          42.91      23         67         0          0          0.0857     2.1443     65         101        108        116        124        131        170       
488        58200      58200      163.37     65.43      0.4005     34.91      0.13       0.13       0.27       0          42.90      23         67         0          0          0.0856     2.1441     65         101        108        116        124        131        170       
489        58200      58200      163.38     65.59      0.4015     34.98      0.13       0.13       0.27       0          42.88      23         67         0          0          0.0856     2.1442     65         101        108        116        124        131        170       
490        58200      58200      163.37     64.64      0.3956     34.88      0.13       0.13       0.27       0          42.87      23         67         0          0          0.0855     2.1439     65         101        108        116        124        131        170       
491        58200      58200      163.37     64.18      0.3928     34.82      0.13       0.13       0.27       0          42.85      23         67         0          0          0.0855     2.1439     65         101        108        116        124        131        170       
492        58200      58200      163.37     64.62      0.3955     34.88      0.13       0.13       0.27       0          42.84      23         67         0          0          0.0854     2.1438     65         101        108        116        124        131        170       
493        58200      58200      163.38     65.30      0.3997     34.93      0.13       0.13       0.27       0          42.82      23         67         0          0          0.0854     2.1438     65         101        108        116        124        131        170       
494        58200      58200      163.37     64.39      0.3941     34.84      0.13       0.13       0.27       0          42.81      23         67         0          0          0.0854     2.1436     65         101        108        116        124        131        170       
495        58200      58200      163.37     64.21      0.3930     34.85      0.13       0.13       0.27       0          42.80      23         67         0          0          0.0853     2.1435     66         101        108        116        124        131        170       
496        58200      58200      163.38     64.39      0.3941     34.89      0.13       0.13       0.27       0          42.79      23         67         0          0          0.0853     2.1433     66         101        108        116        124        131        170       
497        58200      58200      163.36     65.07      0.3983     34.89      0.13       0.13       0.27       0          42.77      23         67         0          0          0.0852     2.1432     67         101        108        116        124        131        170       
498        58200      58200      163.37     65.40      0.4003     34.85      0.13       0.13       0.27       0          42.76      23         67         0          0          0.0852     2.1431     67         101        108        116        124        131        170       
499        58200      58200      163.37     65.46      0.4007     34.87      0.13       0.13       0.27       0          42.75      23         67         0          0          0.0851     2.1431     67         101        108        116        124        131        170       
500        58200      58200      163.37     64.94      0.3975     34.99      0.14       0.13       0.27       0          42.73      23         67         0          0          0.0851     2.1430     67         101        108        116        124        131        170       
501        58200      58200      163.38     65.42      0.4004     34.96      0.13       0.13       0.27       0          42.72      23         67         0          0          0.0850     2.1429     67         101        108        116        124        131        170       
502        58200      58200      163.37     65.94      0.4036     35.05      0.14       0.13       0.27       0          42.71      23         67         0          0          0.0850     2.1428     67         101        108        116        124        131        170       
503        58200      58200      163.38     64.82      0.3968     35.03      0.13       0.13       0.27       0          42.70      23         67         0          0          0.0850     2.1427     68         101        108        116        124        131        171       
504        58200      58200      163.37     64.76      0.3964     35.00      0.13       0.13       0.27       0          42.68      23         67         0          0          0.0849     2.1425     68         101        109        116        124        131        171       
505        58200      58200      163.38     62.58      0.3830     34.89      0.14       0.13       0.27       0          42.67      23         67         0          0          0.0849     2.1425     68         101        109        116        124        131        171       
506        58200      58200      163.38     64.04      0.3920     34.91      0.14       0.13       0.27       0          42.66      23         67         0          0          0.0848     2.1424     68         101        109        116        124        131        171       
507        58200      58200      163.38     64.79      0.3966     34.77      0.14       0.13       0.27       0          42.65      23         67         0          0          0.0848     2.1424     68         101        109        116        124        131        171       
508        58200      58200      163.38     65.41      0.4003     34.78      0.13       0.13       0.27       0          42.64      23         67         0          0          0.0848     2.1424     68         101        109        116        124        131        171       
509        58200      58200      163.37     65.02      0.3980     34.87      0.13       0.13       0.27       0          42.63      23         67         0          0          0.0847     2.1424     68         101        109        117        124        131        171       
510        58200      58200      163.37     64.41      0.3942     34.88      0.13       0.13       0.27       0          42.62      23         67         0          0          0.0847     2.1422     68         101        109        117        124        131        171       
511        58200      58200      163.37     64.28      0.3934     34.88      0.13       0.13       0.27       0          42.60      23         66         0          0          0.0846     2.1421     68         101        109        117        124        131        171       
512        58200      58200      163.37     65.79      0.4027     34.94      0.13       0.13       0.27       0          42.59      23         66         0          0          0.0846     2.1421     68         101        109        117        124        131        171       
513        58200      58200      163.37     64.97      0.3977     34.92      0.14       0.13       0.27       0          42.58      23         66         0          0          0.0846     2.1421     68         101        109        117        124        131        171       
514        58200      58200      163.37     65.23      0.3993     34.93      0.14       0.13       0.27       0          42.57      23         66         0          0          0.0845     2.1421     68         101        109        117        124        131        171       
515        58200      58200      163.38     64.61      0.3955     34.94      0.14       0.13       0.27       0          42.55      23         66         0          0          0.0845     2.1420     68         101        109        117        124        131        171       
516        58200      58200      163.38     64.94      0.3975     34.92      0.14       0.13       0.27       0          42.54      23         66         0          0          0.0844     2.1420     68         102        109        117        124        131        171       
517        58200      58200      163.37     65.88      0.4033     34.98      0.13       0.13       0.27       0          42.53      23         66         0          0          0.0844     2.1419     68         102        109        117        124        131        171       
518        58200      58200      163.37     64.11      0.3925     34.92      0.13       0.13       0.27       0          42.52      23         66         0          0          0.0844     2.1419     69         102        109        117        124        131        171       
519        58200      58200      163.37     64.60      0.3954     34.97      0.13       0.13       0.27       0          42.51      23         66         0          0          0.0843     2.1419     69         102        109        117        124        131        171       
520        58200      58200      163.37     64.87      0.3971     34.96      0.13       0.13       0.27       0          42.50      23         66         0          0          0.0843     2.1417     69         102        109        117        124        131        171       
521        58200      58200      163.36     64.47      0.3946     34.91      0.13       0.13       0.27       0          42.49      23         66         0          0          0.0843     2.1417     69         102        109        117        124        131        171       
522        58200      58200      163.37     64.32      0.3937     34.89      0.14       0.13       0.27       0          42.48      23         66         0          0          0.0842     2.1416     69         102        109        117        124        131        171       
523        58200      58200      163.37     64.47      0.3947     34.95      0.13       0.13       0.27       0          42.47      23         66         0          0          0.0842     2.1415     69         102        109        117        124        131        171       
524        58200      58200      163.37     65.51      0.4010     34.82      0.13       0.13       0.26       0          42.46      23         66         0          0          0.0842     2.1415     70         102        109        117        124        131        171       
525        58200      58200      163.37     65.39      0.4003     34.87      0.13       0.13       0.26       0          42.45      23         66         0          0          0.0841     2.1415     70         102        109        117        124        131        171       
526        58200      58200      163.37     64.93      0.3974     34.88      0.14       0.13       0.26       0          42.44      23         66         0          0          0.0841     2.1414     70         102        109        117        124        131        171       
527        58200      58200      163.36     64.84      0.3969     34.93      0.13       0.13       0.26       0          42.43      23         66         0          0          0.0841     2.1412     70         102        109        117        124        131        171       
528        58200      58200      163.37     64.88      0.3971     35.01      0.14       0.13       0.27       0          42.43      23         66         0          0          0.0840     2.1412     70         102        109        117        124        131        171       
529        58200      58200      163.37     65.42      0.4004     34.99      0.14       0.14       0.26       0          42.42      23         66         0          0          0.0840     2.1412     70         102        109        117        124        131        170       
530        58200      58200      163.37     64.60      0.3954     34.99      0.13       0.14       0.26       0          42.41      23         66         0          0          0.0840     2.1412     70         102        109        117        124        131        170       
531        58200      58200      163.37     64.29      0.3935     34.95      0.13       0.14       0.26       0          42.40      23         66         0          0          0.0839     2.1412     70         102        109        117        124        131        170       
532        58200      58200      163.37     64.72      0.3961     34.93      0.14       0.13       0.26       0          42.39      23         66         0          0          0.0839     2.1411     70         102        109        117        124        131        170       
533        58200      58200      163.37     64.68      0.3959     34.97      0.14       0.13       0.27       0          42.38      23         66         0          0          0.0839     2.1411     70         102        109        117        124        131        170       
534        58200      58200      163.37     64.45      0.3945     34.92      0.14       0.13       0.26       0          42.37      23         66         0          0          0.0838     2.1410     70         102        109        117        124        131        170       
535        58200      58200      163.37     64.50      0.3948     34.90      0.13       0.13       0.26       0          42.36      23         66         0          0          0.0838     2.1410     70         102        109        117        124        131        170       
536        58200      58200      163.37     64.12      0.3925     34.96      0.14       0.13       0.26       0          42.35      23         66         0          0          0.0838     2.1410     70         102        109        117        124        131        170       
537        58200      58200      163.37     64.68      0.3959     35.01      0.14       0.14       0.26       0          42.35      23         66         0          0          0.0838     2.1408     70         102        109        117        124        131        170       
538        58200      58200      163.37     64.60      0.3954     35.03      0.14       0.14       0.27       0          42.34      23         66         0          0          0.0837     2.1408     71         102        109        117        124        131        170       
539        58200      58200      163.37     65.36      0.4000     35.05      0.14       0.14       0.26       0          42.33      23         66         0          0          0.0837     2.1408     71         102        109        117        124        131        170       
540        58200      58200      163.38     64.83      0.3968     34.97      0.14       0.14       0.26       0          42.32      23         66         0          0          0.0837     2.1407     71         102        109        117        124        131        170       
541        58200      58200      163.37     65.57      0.4014     35.00      0.14       0.14       0.26       0          42.32      23         66         0          0          0.0837     2.1407     71         102        109        117        124        131        170       
542        58200      58200      163.38     63.66      0.3896     35.02      0.14       0.14       0.26       0          42.31      23         66         0          0          0.0836     2.1407     71         102        109        117        124        131        170       
543        58200      58200      163.37     65.14      0.3987     35.00      0.14       0.14       0.26       0          42.30      23         66         0          0          0.0836     2.1407     71         102        109        117        124        131        170       
544        58200      58200      163.37     64.93      0.3974     35.06      0.14       0.14       0.26       0          42.29      23         66         0          0          0.0836     2.1406     71         102        109        117        124        131        170       
545        58200      58200      163.38     64.55      0.3951     35.11      0.14       0.14       0.26       0          42.29      23         66         0          0          0.0836     2.1405     72         102        109        117        124        131        169       
546        58200      58200      163.37     65.07      0.3983     35.04      0.14       0.14       0.26       0          42.28      23         66         0          0          0.0835     2.1405     72         102        109        117        124        131        169       
547        58200      58200      163.37     64.93      0.3975     35.03      0.14       0.14       0.26       0          42.27      23         66         0          0          0.0835     2.1405     72         102        109        117        124        131        169       
548        58200      58200      163.38     65.13      0.3986     35.07      0.14       0.14       0.26       0          42.26      23         66         0          0          0.0835     2.1404     72         102        109        117        124        131        169       
549        58200      58200      163.37     65.80      0.4027     34.94      0.14       0.14       0.26       0          42.25      23         66         0          0          0.0835     2.1404     72         102        109        117        124        131        169       
550        58200      58200      163.36     65.68      0.4020     34.98      0.14       0.14       0.26       0          42.25      23         65         0          0          0.0834     2.1404     72         102        109        117        124        131        169       
551        58200      58200      163.37     64.55      0.3951     35.02      0.14       0.14       0.26       0          42.24      23         65         0          0          0.0834     2.1403     72         102        109        117        124        131        169       
552        58200      58200      163.38     64.45      0.3945     35.08      0.14       0.14       0.26       0          42.23      23         65         0          0          0.0834     2.1402     72         102        109        117        124        131        169       
553        58200      58200      163.37     64.47      0.3946     34.95      0.14       0.14       0.26       0          42.23      23         65         0          0          0.0834     2.1402     72         102        109        117        124        131        169       
554        58200      58200      163.37     65.23      0.3993     34.99      0.14       0.14       0.26       0          42.22      23         65         0          0          0.0833     2.1402     72         102        109        117        124        131        169       
555        58200      58200      163.37     64.54      0.3951     35.03      0.14       0.14       0.26       0          42.21      23         65         0          0          0.0833     2.1401     72         102        109        117        124        131        169       
556        58200      58200      163.36     64.33      0.3938     34.97      0.14       0.14       0.26       0          42.21      23         65         0          0          0.0833     2.1401     72         102        109        117        124        131        169       
557        58200      58200      163.37     64.05      0.3920     35.01      0.14       0.14       0.26       0          42.20      23         65         0          0          0.0833     2.1401     72         102        109        117        124        131        169       
558        58200      58200      163.37     64.98      0.3978     35.01      0.14       0.14       0.26       0          42.19      23         65         0          0          0.0832     2.1401     72         102        109        117        124        131        169       
559        58200      58200      163.38     64.92      0.3973     35.04      0.14       0.14       0.26       0          42.19      23         65         0          0          0.0832     2.1400     72         102        109        117        124        131        169       
560        58200      58200      163.37     64.19      0.3929     35.01      0.14       0.14       0.26       0          42.18      23         65         0          0          0.0832     2.1400     72         102        109        117        124        131        169       
561        58200      58200      163.38     65.33      0.3999     35.03      0.14       0.14       0.26       0          42.17      23         65         0          0          0.0832     2.1400     73         102        109        117        124        131        169       
562        58200      58200      163.37     64.43      0.3944     35.07      0.14       0.14       0.26       0          42.17      23         65         0          0          0.0832     2.1400     73         102        109        117        124        131        169       
563        58200      58200      163.37     65.53      0.4011     35.06      0.14       0.14       0.26       0          42.16      23         65         0          0          0.0831     2.1399     73         102        109        117        124        131        169       
564        58200      58200      163.37     64.80      0.3966     35.12      0.14       0.14       0.26       0          42.15      23         65         0          0          0.0831     2.1399     74         102        109        117        124        131        169       
565        58200      58200      163.36     65.53      0.4011     35.17      0.14       0.14       0.26       0          42.15      23         65         0          0          0.0831     2.1398     74         103        109        117        124        131        169       
566        58200      58200      163.37     65.03      0.3980     35.16      0.14       0.14       0.26       0          42.14      23         65         0          0          0.0831     2.1398     74         103        109        117        124        131        169       
567        58200      58200      163.37     65.06      0.3982     35.08      0.15       0.14       0.26       0          42.14      23         65         0          0          0.0830     2.1397     74         103        109        117        124        131        169       
568        58200      58200      163.37     65.56      0.4013     35.16      0.14       0.14       0.26       0          42.13      23         65         0          0          0.0830     2.1398     74         103        109        117        124        131        169       
569        58200      58200      163.37     65.05      0.3982     35.15      0.14       0.14       0.26       0          42.12      23         65         0          0          0.0830     2.1397     74         103        109        117        124        131        169       
570        58200      58200      163.38     64.43      0.3944     35.13      0.14       0.14       0.26       0          42.12      23         65         0          0          0.0830     2.1397     74         103        109        117        124        131        169       
571        58200      58200      163.37     65.56      0.4013     35.17      0.15       0.14       0.26       0          42.11      23         65         0          0          0.0830     2.1396     75         103        109        117        124        131        169       
572        58200      58200      163.37     65.64      0.4018     35.20      0.14       0.14       0.26       0          42.10      23         65         0          0          0.0829     2.1396     75         103        109        117        124        131        169       
573        58200      58200      163.37     64.56      0.3952     35.17      0.15       0.14       0.26       0          42.10      23         65         0          0          0.0829     2.1396     75         103        109        117        124        131        169       
574        58200      58200      163.37     64.79      0.3966     35.14      0.14       0.14       0.26       0          42.09      23         65         0          0          0.0829     2.1396     76         103        109        117        124        131        169       
575        58200      58200      163.37     64.88      0.3972     35.20      0.15       0.14       0.26       0          42.09      23         65         0          0          0.0829     2.1395     76         103        109        117        124        131        169       
576        58200      58200      163.36     65.26      0.3995     35.23      0.15       0.14       0.26       0          42.08      23         65         0          0          0.0829     2.1395     76         103        109        117        124        131        169       
577        58200      58200      163.36     65.71      0.4022     35.19      0.14       0.14       0.26       0          42.07      23         65         0          0          0.0828     2.1395     76         103        109        117        124        131        169       
578        58200      58200      163.39     65.27      0.3995     35.21      0.14       0.14       0.26       0          42.07      23         65         0          0          0.0828     2.1394     76         103        109        117        124        131        169       
579        58200      58200      163.37     64.90      0.3973     35.27      0.15       0.14       0.26       0          42.06      23         65         0          0          0.0828     2.1394     76         103        109        117        124        131        169       
580        58200      58200      163.37     65.47      0.4007     35.26      0.14       0.14       0.26       0          42.06      23         65         0          0          0.0828     2.1394     76         103        109        117        124        131        169       
581        58200      58200      163.37     65.11      0.3986     35.22      0.15       0.14       0.26       0          42.05      23         65         0          0          0.0828     2.1393     76         103        109        117        124        131        169       
582        58200      58200      163.37     64.75      0.3964     35.24      0.15       0.14       0.26       0          42.05      23         65         0          0          0.0827     2.1393     76         103        109        117        124        131        169       
583        58200      58200      163.37     65.23      0.3993     35.19      0.14       0.14       0.26       0          42.04      23         65         0          0          0.0827     2.1393     76         103        109        117        124        131        169       
584        58200      58200      163.37     65.15      0.3988     35.20      0.14       0.14       0.26       0          42.04      23         65         0          0          0.0827     2.1392     76         103        109        117        124        131        169       
585        58200      58200      163.37     64.85      0.3969     35.17      0.14       0.14       0.26       0          42.03      23         65         0          0          0.0827     2.1392     76         103        109        117        124        131        169       
586        58200      58200      163.38     65.18      0.3989     35.25      0.15       0.14       0.26       0          42.03      23         65         0          0          0.0827     2.1392     76         103        109        117        124        131        169       
587        58200      58200      163.37     65.10      0.3985     35.28      0.15       0.14       0.26       0          42.02      23         65         0          0          0.0827     2.1391     76         103        109        117        124        131        169       
588        58200      58200      163.36     64.25      0.3933     35.18      0.15       0.14       0.26       0          42.02      23         65         0          0          0.0827     2.1390     76         103        109        117        124        131        169       
589        58200      58200      163.37     65.36      0.4001     35.22      0.15       0.14       0.26       0          42.01      23         65         0          0          0.0826     2.1389     76         103        109        117        124        131        169       
590        58200      58200      163.37     66.07      0.4044     35.22      0.15       0.14       0.26       0          42.01      23         65         0          0          0.0826     2.1389     76         103        109        117        124        131        169       
591        58200      58200      163.36     65.42      0.4005     35.22      0.14       0.14       0.26       0          42.00      23         65         0          0          0.0826     2.1388     76         103        109        117        124        131        169       
592        58200      58200      163.37     64.94      0.3975     35.26      0.15       0.14       0.26       0          42.00      23         65         0          0          0.0826     2.1387     76         103        109        117        124        131        169       
593        58200      58200      163.37     65.65      0.4019     35.29      0.15       0.14       0.26       0          41.99      23         64         0          0          0.0826     2.1387     76         103        110        117        124        131        169       
594        58200      58200      163.37     64.08      0.3922     35.33      0.15       0.15       0.26       0          41.99      23         64         0          0          0.0826     2.1387     77         103        110        117        124        131        169       
595        58200      58200      163.37     65.95      0.4037     35.27      0.15       0.15       0.26       0          41.99      23         64         0          0          0.0825     2.1387     77         103        110        117        124        131        169       
596        58200      58200      163.37     65.57      0.4014     35.39      0.15       0.15       0.26       0          41.98      23         64         0          0          0.0825     2.1387     77         103        110        117        124        131        169       
597        58200      58200      163.36     65.84      0.4030     35.39      0.15       0.15       0.26       0          41.98      23         64         0          0          0.0825     2.1386     77         103        110        117        124        131        169       
598        58200      58200      163.36     65.40      0.4003     35.32      0.15       0.15       0.26       0          41.97      23         64         0          0          0.0825     2.1386     77         103        110        117        124        131        169       
599        58200      58200      163.37     65.27      0.3995     35.36      0.15       0.15       0.26       0          41.97      23         64         0          0          0.0825     2.1386     77         103        110        117        124        131        169       
600        58200      58200      163.37     65.43      0.4005     35.32      0.15       0.15       0.26       0          41.96      23         64         0          0          0.0825     2.1386     77         103        110        117        124        131        169       
601        58200      58200      163.37     65.17      0.3989     35.25      0.15       0.15       0.26       0          41.96      23         64         0          0          0.0824     2.1386     77         103        110        117        124        131        169       
602        58200      58200      163.37     65.13      0.3986     35.34      0.15       0.15       0.26       0          41.95      23         64         0          0          0.0824     2.1387     77         103        110        117        124        131        169       
603        58200      58200      163.37     65.73      0.4023     35.37      0.15       0.15       0.26       0          41.95      23         64         0          0          0.0824     2.1387     77         103        110        117        124        131        169       
604        58200      58200      163.37     65.70      0.4021     35.37      0.15       0.15       0.26       0          41.95      23         64         0          0          0.0824     2.1386     76         103        110        117        124        131        169       
605        58200      58200      163.37     65.79      0.4027     35.43      0.15       0.15       0.26       0          41.94      23         64         0          0          0.0824     2.1386     76         103        110        117        124        131        169       
606        58200      58200      163.37     66.39      0.4064     35.47      0.15       0.15       0.26       0          41.94      23         64         0          0          0.0824     2.1387     75         103        110        117        124        131        169       
607        58200      58200      163.36     64.20      0.3930     35.37      0.15       0.15       0.26       0          41.93      23         64         0          0          0.0824     2.1385     75         103        110        117        124        131        169       
608        58200      58200      163.37     65.91      0.4034     35.48      0.15       0.15       0.26       0          41.93      23         64         0          0          0.0824     2.1386     76         103        110        117        124        131        169       
609        58200      58200      163.37     65.86      0.4031     35.40      0.14       0.15       0.26       0          41.93      23         64         0          0          0.0823     2.1384     76         103        110        117        124        131        169       
610        58200      58200      163.36     64.90      0.3973     35.44      0.15       0.15       0.26       0          41.92      23         64         0          0          0.0823     2.1384     76         103        110        117        124        131        169       
611        58200      58200      163.37     65.14      0.3987     35.51      0.15       0.15       0.26       0          41.92      23         64         0          0          0.0823     2.1384     76         103        110        117        124        131        169       
612        58200      58200      163.36     65.48      0.4008     35.55      0.15       0.15       0.26       0          41.91      23         64         0          0          0.0823     2.1384     76         103        110        117        124        131        169       
613        58200      58200      163.36     65.86      0.4032     35.51      0.15       0.15       0.26       0          41.91      23         64         0          0          0.0823     2.1384     76         103        110        117        124        131        169       
614        58200      58200      163.37     65.83      0.4029     35.40      0.15       0.15       0.26       0          41.91      23         64         0          0          0.0823     2.1383     76         103        110        117        124        131        169       
615        58200      58200      163.37     65.87      0.4032     35.41      0.15       0.15       0.26       0          41.90      23         64         0          0          0.0823     2.1382     76         103        110        117        124        131        169       
616        58200      58200      163.37     66.85      0.4092     35.50      0.15       0.15       0.26       0          41.90      23         64         0          0          0.0823     2.1382     76         103        110        117        124        131        169       
617        58200      58200      163.37     64.79      0.3966     35.51      0.15       0.15       0.26       0          41.90      23         64         0          0          0.0822     2.1382     76         103        110        117        124        131        169       
618        58200      58200      163.37     65.83      0.4030     35.50      0.15       0.15       0.26       0          41.89      23         64         0          0          0.0822     2.1382     76         103        110        117        124        131        169       
619        58200      58200      163.37     66.66      0.4080     35.55      0.15       0.15       0.26       0          41.89      23         64         0          0          0.0822     2.1382     76         103        110        117        124        131        169       
620        58200      58200      163.36     65.91      0.4034     35.63      0.15       0.15       0.26       0          41.89      23         64         0          0          0.0822     2.1382     76         103        110        117        124        131        169       
621        58200      58200      163.36     65.26      0.3995     35.57      0.16       0.15       0.26       0          41.88      23         64         0          0          0.0822     2.1382     76         103        110        117        124        131        169       
622        58200      58200      163.37     65.96      0.4037     35.55      0.15       0.15       0.26       0          41.88      23         64         0          0          0.0822     2.1382     76         103        110        117        124        131        169       
623        58200      58200      163.36     66.15      0.4049     35.53      0.15       0.15       0.26       0          41.88      23         64         0          0          0.0822     2.1382     76         103        110        117        124        131        169       
624        58200      58200      163.38     66.20      0.4052     35.49      0.15       0.15       0.26       0          41.87      23         64         0          0          0.0822     2.1382     76         103        110        117        125        131        169       
625        58200      58200      163.37     65.22      0.3992     35.53      0.15       0.15       0.26       0          41.87      23         64         0          0          0.0822     2.1382     76         103        110        117        125        131        169       
626        58200      58200      163.36     66.41      0.4065     35.65      0.15       0.15       0.26       0          41.87      23         64         0          0          0.0821     2.1382     77         103        110        117        125        131        169       
627        58200      58200      163.37     66.06      0.4044     35.52      0.16       0.15       0.26       0          41.86      23         64         0          0          0.0821     2.1383     77         103        110        117        125        131        169       
628        58200      58200      163.36     66.02      0.4041     35.55      0.15       0.15       0.26       0          41.86      23         64         0          0          0.0821     2.1382     77         103        110        117        125        131        169       
629        58200      58200      163.37     65.29      0.3997     35.55      0.15       0.15       0.26       0          41.86      23         63         0          0          0.0821     2.1382     77         103        110        117        125        131        169       
630        58200      58200      163.37     65.64      0.4018     35.67      0.15       0.15       0.26       0          41.86      23         63         0          0          0.0821     2.1382     77         103        110        117        125        131        169       
631        58200      58200      163.37     65.82      0.4029     35.66      0.16       0.15       0.26       0          41.85      23         63         0          0          0.0821     2.1382     77         103        110        117        125        131        169       
632        58200      58200      163.37     65.37      0.4002     35.65      0.16       0.15       0.26       0          41.85      23         63         0          0          0.0821     2.1382     77         103        110        117        125        131        169       
633        58200      58200      163.37     66.96      0.4099     35.67      0.16       0.15       0.26       0          41.85      23         63         0          0          0.0821     2.1381     77         103        110        117        125        131        169       
634        58200      58200      163.36     65.79      0.4027     35.73      0.15       0.15       0.26       0          41.84      23         63         0          0          0.0821     2.1381     77         103        110        117        125        131        169       
635        58200      58200      163.37     64.94      0.3975     35.66      0.16       0.15       0.26       0          41.84      23         63         0          0          0.0820     2.1381     77         103        110        117        125        131        169       
636        58200      58200      163.36     64.53      0.3950     35.60      0.16       0.15       0.26       0          41.84      23         63         0          0          0.0820     2.1382     77         103        110        117        125        131        169       
637        58200      58200      163.36     65.88      0.4032     35.59      0.15       0.15       0.26       0          41.83      23         63         0          0          0.0820     2.1382     77         103        110        117        125        131        169       
638        58200      58200      163.38     66.20      0.4052     35.65      0.16       0.15       0.26       0          41.83      23         63         0          0          0.0820     2.1382     77         103        110        117        125        131        169       
639        58200      58200      163.36     65.55      0.4013     35.59      0.16       0.15       0.26       0          41.83      23         63         0          0          0.0820     2.1381     77         103        110        117        125        131        169       
640        58200      58200      163.37     64.32      0.3937     35.59      0.16       0.15       0.26       0          41.83      23         63         0          0          0.0820     2.1381     77         103        110        117        125        131        169       
641        58200      58200      163.37     66.51      0.4071     35.59      0.15       0.15       0.26       0          41.82      23         63         0          0          0.0820     2.1381     77         103        110        117        125        131        169       
642        58200      58200      163.37     66.15      0.4049     35.70      0.16       0.15       0.26       0          41.82      23         63         0          0          0.0820     2.1381     77         103        110        117        125        131        169       
643        58200      58200      163.37     64.85      0.3970     35.77      0.16       0.15       0.26       0          41.82      23         63         0          0          0.0820     2.1381     77         103        110        117        125        131        169       
644        58200      58200      163.37     65.64      0.4018     35.62      0.15       0.15       0.26       0          41.82      23         63         0          0          0.0820     2.1380     77         103        110        117        125        131        169       
645        58200      58200      163.37     65.88      0.4033     35.67      0.16       0.15       0.26       0          41.81      23         63         0          0          0.0820     2.1380     77         103        110        117        125        131        169       
646        58200      58200      163.37     65.98      0.4039     35.64      0.15       0.15       0.26       0          41.81      23         63         0          0          0.0820     2.1380     77         103        110        117        125        131        169       
647        58200      58200      163.37     65.91      0.4034     35.71      0.16       0.15       0.26       0          41.81      23         63         0          0          0.0819     2.1380     77         103        110        117        125        131        169       
648        58200      58200      163.37     66.64      0.4079     35.66      0.15       0.15       0.26       0          41.81      23         63         0          0          0.0819     2.1380     77         103        110        117        125        131        169       
649        58200      58200      163.37     65.47      0.4008     35.63      0.15       0.15       0.26       0          41.80      23         63         0          0          0.0819     2.1379     77         103        110        117        125        131        169       
650        58200      58200      163.37     66.25      0.4055     35.71      0.16       0.15       0.26       0          41.80      23         63         0          0          0.0819     2.1379     77         103        110        117        125        131        169       
651        58200      58200      163.37     66.94      0.4098     35.84      0.16       0.16       0.26       0          41.80      23         63         0          0          0.0819     2.1379     77         103        110        117        125        131        169       
652        58200      58200      163.37     66.57      0.4075     35.78      0.16       0.16       0.26       0          41.79      23         63         0          0          0.0819     2.1379     77         103        110        117        125        131        169       
653        58200      58200      163.37     66.88      0.4094     35.78      0.16       0.16       0.26       0          41.79      23         63         0          0          0.0819     2.1378     77         103        110        117        125        131        169       
654        58200      58200      163.37     67.35      0.4122     35.85      0.16       0.16       0.26       0          41.79      23         63         0          0          0.0819     2.1378     77         103        110        117        125        131        169       
655        58200      58200      163.37     66.81      0.4090     35.93      0.16       0.16       0.26       0          41.79      23         63         0          0          0.0819     2.1378     77         103        110        117        125        131        169       
656        58200      58200      163.37     64.88      0.3972     35.90      0.16       0.16       0.26       0          41.78      23         63         0          0          0.0819     2.1378     77         103        110        117        125        131        169       
657        58200      58200      163.37     67.38      0.4124     35.89      0.16       0.16       0.26       0          41.78      23         63         0          0          0.0819     2.1378     77         103        110        117        125        131        169       
658        58200      58200      163.37     66.48      0.4069     35.90      0.16       0.16       0.26       0          41.78      23         63         0          0          0.0819     2.1378     77         103        110        117        125        131        169       
659        58200      58200      163.37     66.24      0.4054     35.89      0.16       0.16       0.26       0          41.78      23         63         0          0          0.0818     2.1378     77         103        110        117        125        131        169       
660        58200      58200      163.37     66.69      0.4082     35.87      0.16       0.16       0.26       0          41.78      23         63         0          0          0.0818     2.1378     77         103        110        117        125        131        169       
661        58200      58200      163.38     65.13      0.3986     35.85      0.16       0.16       0.26       0          41.77      23         63         0          0          0.0818     2.1378     77         103        110        117        125        131        169       
662        58200      58200      163.37     66.16      0.4050     35.88      0.16       0.16       0.26       0          41.77      23         63         0          0          0.0818     2.1377     77         103        110        117        125        131        169       
663        58200      58200      163.37     67.41      0.4126     35.80      0.16       0.16       0.26       0          41.77      23         63         0          0          0.0818     2.1377     77         103        110        117        125        131        169       
664        58200      58200      163.37     67.82      0.4151     35.87      0.16       0.16       0.26       0          41.77      23         63         0          0          0.0818     2.1378     77         103        110        117        125        131        169       
665        58200      58200      163.37     67.40      0.4126     36.00      0.16       0.16       0.26       0          41.76      23         63         0          0          0.0818     2.1377     77         103        110        117        125        131        169       
666        58200      58200      163.37     66.63      0.4078     36.02      0.16       0.16       0.26       0          41.76      23         63         0          0          0.0818     2.1377     77         103        110        117        125        131        169       
667        58200      58200      163.37     66.23      0.4054     35.94      0.16       0.16       0.26       0          41.76      23         63         0          0          0.0818     2.1376     77         103        110        117        125        131        169       
668        58200      58200      163.38     66.52      0.4071     36.03      0.16       0.16       0.26       0          41.76      23         63         0          0          0.0818     2.1376     77         103        110        117        125        131        169       
669        58200      58200      163.37     65.79      0.4027     35.99      0.17       0.16       0.26       0          41.75      23         63         0          0          0.0818     2.1376     77         103        110        117        125        131        169       
670        58200      58200      163.37     67.37      0.4124     35.95      0.16       0.16       0.26       0          41.75      23         63         0          0          0.0818     2.1376     77         103        110        117        124        131        169       
671        58200      58200      163.37     66.52      0.4072     36.01      0.16       0.16       0.26       0          41.75      23         63         0          0          0.0817     2.1376     77         103        110        117        125        131        169       
672        58200      58200      163.37     66.89      0.4094     35.97      0.17       0.16       0.26       0          41.75      23         63         0          0          0.0817     2.1376     77         103        110        117        125        131        169       
673        58200      58200      163.38     67.11      0.4108     36.03      0.16       0.16       0.26       0          41.75      23         63         0          0          0.0817     2.1376     77         103        110        117        125        131        169       
674        58200      58200      163.37     66.06      0.4044     35.99      0.16       0.16       0.26       0          41.75      23         63         0          0          0.0817     2.1376     77         103        110        117        125        131        169       
675        58200      58200      163.38     67.10      0.4107     36.03      0.16       0.16       0.26       0          41.74      23         63         0          0          0.0817     2.1376     77         103        110        117        125        131        169       
676        58200      58200      163.37     65.95      0.4037     35.99      0.17       0.16       0.26       0          41.74      23         63         0          0          0.0817     2.1376     77         104        110        117        125        131        169       
677        58200      58200      163.37     67.14      0.4109     36.06      0.16       0.16       0.26       0          41.74      23         63         0          0          0.0817     2.1376     77         104        110        117        125        131        169       
678        58200      58200      163.37     65.32      0.3999     36.00      0.17       0.16       0.26       0          41.74      23         63         0          0          0.0817     2.1375     77         104        110        117        125        131        169       
679        58200      58200      163.37     66.82      0.4090     35.96      0.16       0.16       0.26       0          41.74      23         63         0          0          0.0817     2.1375     77         104        110        117        125        131        169       
680        58200      58200      163.37     65.74      0.4024     35.94      0.16       0.16       0.26       0          41.74      23         63         0          0          0.0817     2.1375     78         104        110        117        125        131        169       
681        58200      58200      163.37     67.30      0.4120     36.04      0.16       0.16       0.26       0          41.73      23         63         0          0          0.0817     2.1375     78         104        110        117        125        131        169       
682        58200      58200      163.37     66.76      0.4087     36.03      0.16       0.16       0.26       0          41.73      23         63         0          0          0.0817     2.1375     78         104        110        117        125        131        169       
683        58200      58200      163.37     66.42      0.4066     36.08      0.16       0.16       0.26       0          41.73      23         63         0          0          0.0817     2.1375     78         104        110        117        125        131        169       
684        58200      58200      163.37     66.92      0.4096     36.05      0.16       0.16       0.26       0          41.73      23         63         0          0          0.0817     2.1375     78         104        110        117        125        131        169       
685        58200      58200      163.37     66.12      0.4047     36.07      0.16       0.16       0.26       0          41.73      23         63         0          0          0.0817     2.1375     78         104        110        117        125        131        169       
686        58200      58200      163.36     67.16      0.4111     35.99      0.16       0.16       0.26       0          41.73      23         63         0          0          0.0817     2.1375     78         104        110        117        125        131        169       
687        58200      58200      163.37     66.24      0.4054     36.02      0.16       0.16       0.26       0          41.72      23         63         0          0          0.0817     2.1375     78         103        110        117        125        131        169       
688        58200      58200      163.37     65.66      0.4019     35.98      0.17       0.16       0.26       0          41.72      23         63         0          0          0.0817     2.1375     78         103        110        117        125        131        169       
689        58200      58200      163.36     65.92      0.4035     35.92      0.16       0.16       0.26       0          41.72      23         63         0          0          0.0817     2.1375     78         103        110        117        125        131        169       
690        58200      58200      163.38     66.83      0.4091     35.90      0.16       0.16       0.26       0          41.72      23         63         0          0          0.0816     2.1375     78         103        110        117        125        131        169       
691        58200      58200      163.38     66.16      0.4049     35.97      0.16       0.16       0.26       0          41.72      23         63         0          0          0.0816     2.1375     78         104        110        117        125        131        169       
692        58200      58200      163.36     67.29      0.4119     36.01      0.16       0.16       0.26       0          41.72      23         63         0          0          0.0816     2.1375     78         104        110        117        125        131        169       
693        58200      58200      163.37     66.17      0.4050     36.00      0.16       0.16       0.26       0          41.71      23         63         0          0          0.0816     2.1375     78         104        110        117        125        131        169       
694        58200      58200      163.37     65.96      0.4038     36.09      0.16       0.16       0.26       0          41.71      23         63         0          0          0.0816     2.1374     78         104        110        117        125        131        169       
695        58200      58200      163.37     66.81      0.4089     36.07      0.17       0.16       0.26       0          41.71      23         63         0          0          0.0816     2.1374     78         104        110        117        125        131        169       
696        58200      58200      163.37     67.10      0.4107     36.14      0.16       0.16       0.26       0          41.71      23         63         0          0          0.0816     2.1374     78         104        110        117        125        131        169       
697        58200      58200      163.38     65.79      0.4027     36.08      0.17       0.16       0.26       0          41.71      23         63         0          0          0.0816     2.1374     78         104        110        117        125        131        169       
698        58200      58200      163.37     66.19      0.4051     35.99      0.17       0.16       0.26       0          41.71      23         63         0          0          0.0816     2.1374     78         104        110        117        125        131        169       
699        58200      58200      163.37     67.02      0.4103     36.13      0.17       0.16       0.26       0          41.71      23         63         0          0          0.0816     2.1374     78         104        110        117        125        131        169       
700        58200      58200      163.36     66.99      0.4101     36.15      0.17       0.16       0.26       0          41.70      23         63         0          0          0.0816     2.1374     78         104        110        117        125        131        169       
701        58200      58200      163.37     66.91      0.4096     36.14      0.17       0.16       0.26       0          41.70      23         63         0          0          0.0816     2.1374     78         104        110        117        125        131        169       
702        58200      58200      163.37     66.52      0.4072     36.11      0.16       0.16       0.26       0          41.70      23         63         0          0          0.0816     2.1374     78         104        110        117        125        131        169       
703        58200      58200      163.37     66.75      0.4086     36.14      0.16       0.16       0.26       0          41.70      23         63         0          0          0.0816     2.1374     78         104        110        117        125        131        169       
704        58200      58200      163.37     66.65      0.4080     36.27      0.17       0.16       0.26       0          41.70      23         63         0          0          0.0816     2.1373     78         104        110        117        125        131        169       
705        58200      58200      163.37     66.89      0.4095     36.17      0.16       0.16       0.26       0          41.70      23         63         0          0          0.0816     2.1373     78         104        110        117        125        131        169       
706        58200      58200      163.37     67.38      0.4124     36.24      0.17       0.17       0.26       0          41.70      23         63         0          0          0.0816     2.1373     78         104        110        117        125        131        169       
707        58200      58200      163.36     67.35      0.4123     36.17      0.17       0.16       0.26       0          41.69      23         63         0          0          0.0816     2.1373     78         104        110        117        125        131        169       
708        58200      58200      163.37     66.50      0.4071     36.25      0.17       0.17       0.26       0          41.69      23         63         0          0          0.0816     2.1374     78         104        110        117        125        131        169       
709        58200      58200      163.37     67.06      0.4105     36.24      0.17       0.17       0.26       0          41.69      23         63         0          0          0.0815     2.1374     78         104        110        117        125        131        169       
710        58200      58200      163.37     67.11      0.4108     36.28      0.16       0.17       0.26       0          41.69      23         63         0          0          0.0815     2.1374     79         104        110        117        125        131        169       
711        58200      58200      163.37     66.89      0.4094     36.26      0.17       0.17       0.26       0          41.69      23         63         0          0          0.0815     2.1373     79         104        110        117        125        131        169       
712        58200      58200      163.37     67.27      0.4118     36.35      0.17       0.17       0.26       0          41.69      23         63         0          0          0.0815     2.1373     79         104        110        117        125        131        169       
713        58200      58200      163.37     67.73      0.4146     36.31      0.17       0.17       0.26       0          41.69      23         63         0          0          0.0815     2.1373     79         104        110        117        125        131        169       
714        58200      58200      163.37     65.47      0.4007     36.35      0.17       0.17       0.26       0          41.68      23         63         0          0          0.0815     2.1373     79         104        110        117        125        131        169       
715        58200      58200      163.37     68.43      0.4189     36.34      0.17       0.17       0.26       0          41.68      23         63         0          0          0.0815     2.1373     79         104        110        117        125        131        169       
716        58200      58200      163.36     65.56      0.4013     36.35      0.17       0.17       0.26       0          41.68      23         63         0          0          0.0815     2.1373     79         104        110        117        125        131        169       
717        58200      58200      163.38     67.00      0.4101     36.26      0.17       0.17       0.26       0          41.68      23         63         0          0          0.0815     2.1373     79         104        110        117        125        131        169       
718        58200      58200      163.38     65.85      0.4030     36.31      0.17       0.17       0.26       0          41.68      23         63         0          0          0.0815     2.1373     79         104        110        117        125        131        169       
719        58200      58200      163.37     66.20      0.4052     36.29      0.17       0.17       0.26       0          41.68      23         63         0          0          0.0815     2.1373     79         104        110        117        125        131        169       
720        58200      58200      163.37     66.42      0.4066     36.26      0.16       0.16       0.26       0          41.68      23         63         0          0          0.0815     2.1373     79         104        110        117        125        131        169       
721        58200      58200      163.36     66.50      0.4070     36.26      0.16       0.16       0.26       0          41.68      23         63         0          0          0.0815     2.1373     79         104        110        117        125        131        169       
722        58200      58200      163.37     67.86      0.4154     36.18      0.17       0.16       0.26       0          41.68      23         63         0          0          0.0815     2.1373     79         104        110        117        125        131        169       
723        58200      58200      163.37     66.24      0.4055     36.29      0.16       0.17       0.26       0          41.68      23         63         0          0          0.0815     2.1373     79         104        110        117        125        131        169       
724        58200      58200      163.36     67.09      0.4107     36.32      0.17       0.17       0.26       0          41.67      23         63         0          0          0.0815     2.1373     79         104        110        117        125        131        169       
725        58200      58200      163.36     65.49      0.4009     36.35      0.16       0.17       0.26       0          41.67      23         63         0          0          0.0815     2.1373     79         104        110        117        125        131        169       
726        58200      58200      163.37     65.37      0.4001     36.26      0.17       0.17       0.26       0          41.67      23         63         0          0          0.0815     2.1373     79         104        110        117        125        131        169       
727        58200      58200      163.37     66.57      0.4075     36.28      0.17       0.16       0.26       0          41.67      23         63         0          0          0.0815     2.1373     79         104        110        117        125        131        169       
728        58200      58200      163.37     67.26      0.4117     36.20      0.17       0.17       0.26       0          41.67      23         63         0          0          0.0815     2.1372     79         104        110        117        125        131        169       
729        58200      58200      163.37     67.61      0.4139     36.21      0.17       0.17       0.26       0          41.67      23         63         0          0          0.0815     2.1373     79         104        110        117        125        131        169       
730        58200      58200      163.36     66.52      0.4072     36.27      0.17       0.17       0.26       0          41.67      23         63         0          0          0.0815     2.1372     79         104        110        117        125        131        169       
731        58200      58200      163.37     66.96      0.4099     36.31      0.17       0.17       0.26       0          41.66      23         63         0          0          0.0815     2.1372     79         104        110        117        125        131        169       
732        58200      58200      163.36     67.49      0.4131     36.26      0.17       0.17       0.26       0          41.66      23         63         0          0          0.0815     2.1372     79         104        110        117        125        131        169       
733        58200      58200      163.37     66.88      0.4094     36.25      0.17       0.17       0.26       0          41.66      23         63         0          0          0.0815     2.1372     79         104        110        117        125        131        169       
734        58200      58200      163.38     66.58      0.4075     36.30      0.17       0.17       0.26       0          41.66      23         63         0          0          0.0814     2.1372     79         104        110        117        125        131        169       
735        58200      58200      163.37     66.64      0.4079     36.40      0.17       0.17       0.26       0          41.66      23         63         0          0          0.0814     2.1372     79         104        110        117        125        131        169       
736        58200      58200      163.36     67.21      0.4114     36.40      0.17       0.17       0.26       0          41.66      23         63         0          0          0.0814     2.1372     79         104        110        117        125        131        169       
737        58200      58200      163.37     67.18      0.4112     36.40      0.18       0.17       0.26       0          41.66      23         63         0          0          0.0814     2.1372     79         104        110        117        125        131        169       
738        58200      58200      163.37     66.62      0.4078     36.43      0.17       0.17       0.26       0          41.66      23         63         0          0          0.0814     2.1372     79         104        110        117        125        131        169       
739        58200      58200      163.37     67.56      0.4135     36.42      0.17       0.17       0.26       0          41.66      23         63         0          0          0.0814     2.1372     79         104        110        117        125        131        169       
740        58200      58200      163.37     66.69      0.4082     36.37      0.17       0.17       0.26       0          41.66      23         63         0          0          0.0814     2.1372     79         104        110        117        125        131        169       
741        58200      58200      163.37     67.08      0.4106     36.44      0.17       0.17       0.26       0          41.66      23         63         0          0          0.0814     2.1372     79         104        110        117        125        131        169       
742        58200      58200      163.37     66.75      0.4086     36.45      0.17       0.17       0.26       0          41.66      23         63         0          0          0.0814     2.1372     79         104        110        117        125        131        169       
743        58200      58200      163.37     67.19      0.4113     36.52      0.17       0.17       0.26       0          41.66      23         63         0          0          0.0814     2.1371     79         104        110        117        125        131        169       
744        58200      58200      163.36     68.07      0.4167     36.53      0.17       0.17       0.26       0          41.65      23         63         0          0          0.0814     2.1371     79         104        110        117        125        131        169       
745        58200      58200      163.37     67.53      0.4133     36.49      0.17       0.17       0.26       0          41.65      23         63         0          0          0.0814     2.1371     79         104        110        117        125        131        169       
746        58200      58200      163.37     66.78      0.4088     36.55      0.17       0.17       0.26       0          41.65      23         63         0          0          0.0814     2.1371     79         104        110        117        125        131        169       
747        58200      58200      163.37     67.36      0.4123     36.48      0.17       0.17       0.26       0          41.65      23         63         0          0          0.0814     2.1371     78         104        110        117        125        131        169       
748        58200      58200      163.36     66.84      0.4092     36.51      0.17       0.17       0.26       0          41.65      23         63         0          0          0.0814     2.1371     78         104        110        117        125        131        169       
749        58200      58200      163.36     66.96      0.4099     36.48      0.17       0.17       0.26       0          41.65      23         63         0          0          0.0814     2.1371     78         104        110        117        125        131        169       
750        58200      58200      163.35     68.39      0.4187     36.47      0.17       0.17       0.26       0          41.65      23         63         0          0          0.0814     2.1371     78         104        110        117        125        131        169       
751        58200      58200      163.36     68.19      0.4174     36.59      0.17       0.17       0.26       0          41.65      23         63         0          0          0.0814     2.1371     79         104        110        117        125        131        169       
752        58200      58200      163.37     67.58      0.4137     36.67      0.17       0.17       0.26       0          41.65      23         63         0          0          0.0814     2.1371     79         104        110        117        125        131        169       
753        58200      58200      163.37     67.29      0.4119     36.67      0.18       0.17       0.26       0          41.65      23         63         0          0          0.0814     2.1371     79         104        110        117        125        131        169       
754        58200      58200      163.37     67.38      0.4124     36.60      0.18       0.17       0.26       0          41.65      23         63         0          0          0.0814     2.1371     79         104        110        117        125        131        169       
755        58200      58200      163.37     67.58      0.4136     36.61      0.18       0.17       0.26       0          41.64      23         63         0          0          0.0814     2.1371     79         104        110        117        125        131        169       
756        58200      58200      163.37     68.79      0.4211     36.69      0.17       0.17       0.26       0          41.64      23         63         0          0          0.0814     2.1371     79         104        110        117        125        131        169       
757        58200      58200      163.37     67.31      0.4120     36.60      0.17       0.17       0.26       0          41.64      23         63         0          0          0.0814     2.1371     79         104        110        117        125        131        169       
758        58200      58200      163.37     68.16      0.4172     36.62      0.18       0.17       0.26       0          41.64      23         63         0          0          0.0814     2.1371     79         104        110        117        125        131        169       
759        58200      58200      163.37     67.13      0.4109     36.65      0.18       0.17       0.26       0          41.64      23         63         0          0          0.0814     2.1371     79         104        110        117        125        131        169       
760        58200      58200      163.37     67.31      0.4120     36.59      0.17       0.17       0.26       0          41.64      23         63         0          0          0.0814     2.1371     79         104        110        117        125        131        169       
761        58200      58200      163.36     68.21      0.4175     36.67      0.17       0.17       0.26       0          41.64      23         63         0          0          0.0814     2.1371     79         104        110        117        125        131        169       
762        58200      58200      163.37     67.83      0.4152     36.63      0.17       0.17       0.26       0          41.64      23         63         0          0          0.0814     2.1371     79         104        110        117        125        131        169       
763        58200      58200      163.37     67.17      0.4111     36.73      0.18       0.17       0.26       0          41.64      23         63         0          0          0.0814     2.1371     79         104        110        117        125        131        169       
764        58200      58200      163.37     67.95      0.4159     36.65      0.17       0.17       0.26       0          41.64      23         63         0          0          0.0814     2.1371     79         104        110        117        125        131        169       
765        58200      58200      163.36     67.49      0.4131     36.75      0.18       0.17       0.26       0          41.64      23         63         0          0          0.0814     2.1371     79         104        110        117        125        131        169       
766        58200      58200      163.36     67.89      0.4156     36.74      0.18       0.17       0.26       0          41.64      23         63         0          0          0.0814     2.1371     79         104        110        117        125        131        169       
767        58200      58200      163.36     67.29      0.4119     36.67      0.18       0.17       0.26       0          41.64      23         63         0          0          0.0814     2.1371     79         104        110        117        125        131        169       
768        58200      58200      163.37     67.26      0.4117     36.72      0.17       0.17       0.26       0          41.63      23         63         0          0          0.0814     2.1371     79         104        110        117        125        131        169       
769        58200      58200      163.36     66.83      0.4091     36.62      0.17       0.17       0.26       0          41.63      23         63         0          0          0.0814     2.1371     79         104        110        117        125        131        169       
770        58200      58200      163.36     67.30      0.4120     36.71      0.17       0.17       0.26       0          41.63      23         63         0          0          0.0813     2.1371     79         104        110        117        125        131        169       
771        58200      58200      163.37     66.41      0.4065     36.66      0.17       0.17       0.26       0          41.63      23         63         0          0          0.0813     2.1371     79         104        110        117        125        131        169       
772        58200      58200      163.37     67.97      0.4161     36.69      0.17       0.17       0.26       0          41.63      23         63         0          0          0.0813     2.1371     79         104        110        117        125        131        169       
773        58200      58200      163.36     67.44      0.4128     36.77      0.18       0.17       0.26       0          41.63      23         63         0          0          0.0813     2.1371     79         104        110        117        125        131        169       
774        58200      58200      163.37     67.90      0.4156     36.70      0.18       0.17       0.26       0          41.63      23         63         0          0          0.0813     2.1371     79         104        110        117        125        131        169       
775        58200      58200      163.37     67.19      0.4113     36.69      0.17       0.17       0.26       0          41.63      23         63         0          0          0.0813     2.1371     79         104        110        117        125        131        169       
776        58200      58200      163.37     67.39      0.4125     36.73      0.17       0.17       0.26       0          41.63      23         63         0          0          0.0813     2.1371     79         104        110        117        125        131        169       
777        58200      58200      163.37     68.64      0.4202     36.79      0.18       0.17       0.26       0          41.63      23         63         0          0          0.0813     2.1371     79         104        110        117        125        131        169       
778        58200      58200      163.36     67.35      0.4123     36.72      0.18       0.17       0.26       0          41.63      23         63         0          0          0.0813     2.1371     79         104        110        117        125        131        169       
779        58200      58200      163.36     67.81      0.4151     36.77      0.18       0.17       0.26       0          41.63      23         63         0          0          0.0813     2.1371     79         104        110        117        125        131        169       
780        58200      58200      163.36     67.46      0.4130     36.72      0.17       0.17       0.26       0          41.63      23         63         0          0          0.0813     2.1371     79         104        110        117        125        131        169       
781        58200      58200      163.37     67.80      0.4150     36.77      0.17       0.17       0.26       0          41.63      23         63         0          0          0.0813     2.1371     79         104        110        117        125        131        169       
782        58200      58200      163.37     67.24      0.4116     36.81      0.18       0.18       0.26       0          41.63      23         63         0          0          0.0813     2.1371     79         104        110        117        125        131        169       
783        58200      58200      163.35     67.90      0.4157     36.82      0.18       0.18       0.26       0          41.62      23         63         0          0          0.0813     2.1371     79         104        110        117        125        131        169       
784        58200      58200      163.37     68.24      0.4177     36.76      0.18       0.17       0.26       0          41.62      23         63         0          0          0.0813     2.1371     79         104        110        117        125        131        169       
785        58200      58200      163.37     67.69      0.4143     36.83      0.18       0.18       0.26       0          41.62      23         63         0          0          0.0813     2.1371     79         104        110        117        125        131        169       
786        58200      58200      163.36     67.93      0.4158     36.79      0.18       0.18       0.26       0          41.62      23         63         0          0          0.0813     2.1371     79         104        110        117        125        131        169       
787        58200      58200      163.36     67.16      0.4111     36.83      0.17       0.18       0.26       0          41.62      23         63         0          0          0.0813     2.1371     79         104        110        117        125        131        169       
788        58200      58200      163.36     67.84      0.4153     36.82      0.18       0.18       0.26       0          41.62      23         63         0          0          0.0813     2.1371     79         104        110        117        125        131        168       
789        58200      58200      163.37     66.82      0.4090     36.80      0.18       0.17       0.26       0          41.62      23         63         0          0          0.0813     2.1371     79         104        110        117        125        131        168       
790        58200      58200      163.36     68.13      0.4171     36.81      0.18       0.18       0.26       0          41.62      23         63         0          0          0.0813     2.1371     79         104        110        117        125        131        168       
791        58200      58200      163.38     67.84      0.4152     36.80      0.18       0.17       0.26       0          41.62      23         63         0          0          0.0813     2.1371     79         104        110        117        125        131        168       
792        58200      58200      163.35     68.05      0.4166     36.80      0.18       0.17       0.26       0          41.62      23         63         0          0          0.0813     2.1371     79         104        110        117        125        131        168       
793        58200      58200      163.37     67.40      0.4126     36.80      0.18       0.17       0.26       0          41.62      23         63         0          0          0.0813     2.1371     79         104        110        117        125        131        168       
794        58200      58200      163.37     67.78      0.4149     36.88      0.18       0.18       0.26       0          41.62      23         63         0          0          0.0813     2.1371     79         104        110        117        125        131        168       
795        58200      58200      163.36     68.09      0.4168     36.85      0.18       0.18       0.26       0          41.62      23         63         0          0          0.0813     2.1371     79         104        110        117        125        131        168       
796        58200      58200      163.36     67.14      0.4110     36.88      0.18       0.18       0.26       0          41.62      23         63         0          0          0.0813     2.1371     79         104        110        117        125        131        168       
797        58200      58200      163.36     67.29      0.4119     36.84      0.18       0.18       0.26       0          41.62      23         63         0          0          0.0813     2.1370     79         104        110        117        125        131        168       
798        58200      58200      163.37     68.82      0.4213     36.84      0.18       0.18       0.26       0          41.62      23         63         0          0          0.0813     2.1370     79         104        110        117        125        131        168       
799        58200      58200      163.36     68.06      0.4166     36.91      0.18       0.18       0.26       0          41.61      23         63         0          0          0.0813     2.1370     79         104        110        117        125        131        168       
800        58200      58200      163.36     67.95      0.4160     36.90      0.18       0.18       0.26       0          41.61      23         63         0          0          0.0813     2.1371     79         104        110        117        125        131        168       
801        58200      58200      163.36     67.34      0.4122     36.94      0.18       0.18       0.26       0          41.61      23         63         0          0          0.0813     2.1370     79         104        110        117        125        131        168       
802        58200      58200      163.36     68.23      0.4177     36.93      0.18       0.18       0.26       0          41.61      23         63         0          0          0.0813     2.1370     79         104        110        117        125        131        168       
803        58200      58200      163.36     66.98      0.4100     36.89      0.18       0.18       0.26       0          41.61      23         63         0          0          0.0813     2.1370     79         104        110        117        125        131        168       
804        58200      58200      163.36     68.22      0.4176     36.94      0.18       0.18       0.26       0          41.61      23         63         0          0          0.0813     2.1370     79         104        110        117        125        131        168       
805        58200      58200      163.35     67.83      0.4152     36.90      0.18       0.18       0.26       0          41.61      23         63         0          0          0.0813     2.1370     79         104        110        117        125        131        168       
806        58200      58200      163.37     67.98      0.4161     36.94      0.18       0.18       0.26       0          41.61      23         63         0          0          0.0813     2.1370     79         104        110        117        125        131        168       
807        58200      58200      163.37     67.93      0.4158     36.97      0.18       0.18       0.26       0          41.61      23         63         0          0          0.0813     2.1370     79         104        110        117        125        131        168       
808        58200      58200      163.36     67.54      0.4134     36.94      0.18       0.18       0.26       0          41.61      23         63         0          0          0.0813     2.1370     79         104        110        117        125        131        168       
809        58200      58200      163.35     68.64      0.4202     36.86      0.17       0.18       0.26       0          41.61      23         63         0          0          0.0813     2.1370     79         104        110        117        125        131        168       
810        58200      58200      163.37     68.20      0.4175     36.92      0.18       0.18       0.26       0          41.61      23         63         0          0          0.0813     2.1370     79         104        110        117        125        131        168       
811        58200      58200      163.37     67.44      0.4128     36.94      0.18       0.18       0.26       0          41.61      23         63         0          0          0.0813     2.1370     79         104        110        117        125        131        168       
812        58200      58200      163.37     67.88      0.4155     36.88      0.18       0.18       0.26       0          41.61      23         63         0          0          0.0813     2.1370     79         104        110        117        125        131        168       
813        58200      58200      163.36     68.00      0.4163     36.89      0.18       0.18       0.26       0          41.61      23         63         0          0          0.0813     2.1370     79         104        110        117        125        131        168       
814        58200      58200      163.36     68.39      0.4186     36.84      0.18       0.18       0.26       0          41.61      23         63         0          0          0.0813     2.1370     79         104        110        117        125        131        168       
815        58200      58200      163.37     68.26      0.4179     36.98      0.18       0.18       0.26       0          41.61      23         63         0          0          0.0813     2.1370     79         104        110        117        125        131        168       
816        58200      58200      163.37     69.18      0.4234     37.04      0.18       0.18       0.26       0          41.61      23         63         0          0          0.0813     2.1370     79         104        110        117        125        131        168       
817        58200      58200      163.37     68.21      0.4175     37.08      0.18       0.18       0.26       0          41.61      23         63         0          0          0.0813     2.1370     79         104        110        117        125        131        168       
818        58200      58200      163.36     67.87      0.4155     37.06      0.18       0.18       0.26       0          41.60      23         63         0          0          0.0813     2.1370     79         104        110        117        125        131        168       
819        58200      58200      163.37     68.42      0.4188     37.06      0.18       0.18       0.26       0          41.60      23         63         0          0          0.0813     2.1370     79         104        110        117        125        131        168       
820        58200      58200      163.37     67.64      0.4140     37.11      0.18       0.18       0.26       0          41.60      23         63         0          0          0.0812     2.1370     79         104        110        117        125        131        168       
821        58200      58200      163.36     67.55      0.4135     36.99      0.18       0.18       0.26       0          41.60      23         63         0          0          0.0812     2.1370     79         104        110        117        125        131        168       
822        58200      58200      163.36     67.79      0.4150     37.11      0.18       0.18       0.26       0          41.60      23         63         0          0          0.0812     2.1370     79         104        110        117        125        131        168       
823        58200      58200      163.36     68.01      0.4163     37.08      0.18       0.18       0.26       0          41.60      23         63         0          0          0.0812     2.1370     79         104        110        117        125        131        168       
824        58200      58200      163.36     68.95      0.4221     37.11      0.18       0.18       0.26       0          41.60      23         63         0          0          0.0812     2.1370     79         104        110        117        125        131        168       
825        58200      58200      163.36     68.31      0.4182     37.08      0.18       0.18       0.26       0          41.60      23         63         0          0          0.0812     2.1370     79         104        110        117        125        131        168       
826        58200      58200      163.37     68.11      0.4169     37.07      0.19       0.18       0.26       0          41.60      23         63         0          0          0.0812     2.1370     79         104        110        117        125        131        168       
827        58200      58200      163.36     67.66      0.4142     37.05      0.18       0.18       0.26       0          41.60      23         63         0          0          0.0812     2.1370     79         104        110        117        125        131        168       
828        58200      58200      163.36     68.59      0.4199     37.05      0.19       0.18       0.26       0          41.60      23         63         0          0          0.0812     2.1370     79         104        110        117        125        131        168       
829        58200      58200      163.37     67.99      0.4162     37.09      0.18       0.18       0.26       0          41.60      23         63         0          0          0.0812     2.1370     79         104        110        117        125        131        168       
830        58200      58200      163.38     68.13      0.4170     37.18      0.18       0.18       0.26       0          41.60      23         63         0          0          0.0812     2.1370     79         104        110        117        125        131        168       
831        58200      58200      163.37     67.93      0.4158     37.23      0.18       0.18       0.26       0          41.60      23         63         0          0          0.0812     2.1370     79         104        110        117        125        131        168       
832        58200      58200      163.36     68.00      0.4163     37.14      0.18       0.18       0.26       0          41.60      23         63         0          0          0.0812     2.1370     79         104        110        117        125        131        168       
833        58200      58200      163.36     69.51      0.4255     37.13      0.18       0.18       0.26       0          41.60      23         63         0          0          0.0812     2.1370     79         104        110        117        125        131        168       
834        58200      58200      163.36     67.60      0.4138     37.07      0.18       0.18       0.26       0          41.60      23         63         0          0          0.0812     2.1370     79         104        110        117        125        131        168       
835        58200      58200      163.36     68.85      0.4215     37.13      0.18       0.18       0.26       0          41.60      23         63         0          0          0.0812     2.1370     79         104        110        117        125        131        168       
836        58200      58200      163.35     67.45      0.4129     37.20      0.19       0.18       0.26       0          41.60      23         63         0          0          0.0812     2.1370     79         104        110        117        125        131        168       
837        58200      58200      163.35     69.06      0.4227     37.19      0.18       0.18       0.26       0          41.60      23         63         0          0          0.0812     2.1370     79         104        110        117        125        131        168       
838        58200      58200      163.36     68.12      0.4170     37.19      0.18       0.18       0.26       0          41.60      23         63         0          0          0.0812     2.1370     79         104        110        117        125        131        168       
839        58200      58200      163.36     68.70      0.4205     37.22      0.19       0.18       0.26       0          41.60      23         63         0          0          0.0812     2.1369     79         104        110        117        125        131        168       
840        58200      58200      163.35     67.79      0.4150     37.17      0.19       0.18       0.26       0          41.60      23         63         0          0          0.0812     2.1369     79         104        110        117        125        131        168       
841        58200      58200      163.36     67.73      0.4146     37.03      0.18       0.18       0.26       0          41.59      23         63         0          0          0.0812     2.1369     79         104        110        117        125        131        168       
842        58200      58200      163.36     68.82      0.4213     37.13      0.18       0.18       0.26       0          41.59      23         63         0          0          0.0812     2.1369     79         104        110        117        125        131        168       
843        58200      58200      163.36     67.86      0.4154     37.22      0.18       0.18       0.26       0          41.59      23         63         0          0          0.0812     2.1369     79         104        110        117        125        131        168       
844        58200      58200      163.36     67.69      0.4143     37.16      0.18       0.18       0.26       0          41.59      23         63         0          0          0.0812     2.1369     79         104        110        117        125        131        168       
845        58200      58200      163.36     68.74      0.4208     37.23      0.18       0.18       0.26       0          41.59      23         63         0          0          0.0812     2.1369     79         104        110        117        125        131        168       
846        58200      58200      163.37     67.67      0.4142     37.22      0.19       0.18       0.26       0          41.59      23         63         0          0          0.0812     2.1369     79         104        110        117        125        131        168       
847        58200      58200      163.36     68.69      0.4205     37.11      0.19       0.18       0.26       0          41.59      23         63         0          0          0.0812     2.1369     79         104        110        117        125        131        168       
848        58200      58200      163.36     68.09      0.4168     37.13      0.18       0.18       0.26       0          41.59      23         63         0          0          0.0812     2.1369     79         104        110        117        125        131        168       
849        58200      58200      163.36     68.55      0.4197     37.27      0.18       0.18       0.26       0          41.59      23         63         0          0          0.0812     2.1369     79         104        110        117        125        131        168       
850        58200      58200      163.35     67.48      0.4131     37.22      0.18       0.18       0.26       0          41.59      23         63         0          0          0.0812     2.1369     79         104        110        117        125        131        168       
851        58200      58200      163.37     66.93      0.4097     37.19      0.18       0.18       0.26       0          41.59      23         63         0          0          0.0812     2.1369     79         104        110        117        125        131        168       
852        58200      58200      163.36     68.36      0.4185     37.24      0.19       0.18       0.26       0          41.59      23         63         0          0          0.0812     2.1369     79         104        110        117        125        131        168       
853        58200      58200      163.36     68.51      0.4194     37.20      0.19       0.18       0.26       0          41.59      23         63         0          0          0.0812     2.1369     79         104        110        117        125        131        168       
854        58200      58200      163.36     68.61      0.4200     37.26      0.19       0.18       0.26       0          41.59      23         63         0          0          0.0812     2.1369     79         104        110        117        125        131        168       
855        58200      58200      163.37     69.29      0.4241     37.36      0.19       0.19       0.26       0          41.59      23         63         0          0          0.0812     2.1369     79         104        110        117        125        131        168       
856        58200      58200      163.36     68.82      0.4213     37.20      0.19       0.18       0.26       0          41.59      23         63         0          0          0.0812     2.1369     79         104        110        117        125        131        168       
857        58200      58200      163.36     69.17      0.4234     37.29      0.19       0.18       0.26       0          41.59      23         63         0          0          0.0812     2.1369     79         104        110        117        125        131        168       
858        58200      58200      163.35     68.89      0.4218     37.28      0.19       0.19       0.26       0          41.59      23         63         0          0          0.0812     2.1369     79         104        110        117        125        131        168       
859        58200      58200      163.37     69.07      0.4228     37.31      0.19       0.19       0.26       0          41.59      23         63         0          0          0.0812     2.1369     79         104        110        117        125        131        168       
860        58200      58200      163.36     68.65      0.4202     37.41      0.19       0.19       0.26       0          41.59      23         63         0          0          0.0812     2.1369     79         104        110        117        125        131        168       
861        58200      58200      163.35     69.01      0.4225     37.30      0.19       0.18       0.26       0          41.59      23         63         0          0          0.0812     2.1369     79         104        110        117        125        131        168       
862        58200      58200      163.36     69.01      0.4225     37.33      0.19       0.19       0.26       0          41.59      23         63         0          0          0.0812     2.1369     79         104        110        117        125        131        168       
863        58200      58200      163.36     67.84      0.4153     37.35      0.19       0.19       0.26       0          41.59      23         63         0          0          0.0812     2.1369     79         104        110        117        125        131        168       
864        58200      58200      163.37     68.21      0.4175     37.41      0.19       0.19       0.26       0          41.59      23         63         0          0          0.0812     2.1369     79         104        110        117        125        131        168       
865        58200      58200      163.35     69.55      0.4258     37.35      0.19       0.19       0.26       0          41.59      23         63         0          0          0.0812     2.1369     79         104        110        117        125        131        168       
866        58200      58200      163.36     68.60      0.4199     37.39      0.19       0.19       0.26       0          41.58      23         63         0          0          0.0812     2.1369     79         104        110        117        125        131        168       
867        58200      58200      163.37     68.57      0.4198     37.39      0.19       0.19       0.26       0          41.58      23         63         0          0          0.0812     2.1369     79         104        110        117        125        131        168       
868        58200      58200      163.36     68.79      0.4211     37.42      0.18       0.19       0.26       0          41.58      23         63         0          0          0.0812     2.1369     79         104        110        117        125        131        168       
869        58200      58200      163.36     68.10      0.4169     37.40      0.19       0.19       0.26       0          41.58      23         63         0          0          0.0812     2.1369     79         104        110        117        125        131        168       
870        58200      58200      163.35     69.10      0.4230     37.40      0.19       0.19       0.26       0          41.58      23         63         0          0          0.0812     2.1369     79         104        110        117        125        131        168       
871        58200      58200      163.35     67.56      0.4136     37.37      0.18       0.19       0.26       0          41.58      23         63         0          0          0.0812     2.1369     79         104        110        117        125        131        168       
872        58200      58200      163.35     69.25      0.4239     37.42      0.19       0.19       0.26       0          41.58      23         63         0          0          0.0812     2.1369     79         104        110        117        125        131        168       
873        58200      58200      163.36     68.31      0.4182     37.26      0.19       0.19       0.26       0          41.58      23         63         0          0          0.0812     2.1369     79         104        110        117        125        131        168       
874        58200      58200      163.36     69.23      0.4238     37.37      0.19       0.19       0.26       0          41.58      23         63         0          0          0.0812     2.1369     79         104        110        117        125        131        168       
875        58200      58200      163.36     68.96      0.4221     37.41      0.19       0.19       0.26       0          41.58      23         63         0          0          0.0812     2.1369     79         104        110        117        125        131        168       
876        58200      58200      163.36     69.24      0.4238     37.35      0.19       0.19       0.26       0          41.58      23         63         0          0          0.0812     2.1369     79         104        110        117        125        131        168       
877        58200      58200      163.35     68.00      0.4163     37.43      0.19       0.19       0.26       0          41.58      23         63         0          0          0.0812     2.1369     79         104        110        117        125        131        168       
878        58200      58200      163.36     69.73      0.4268     37.46      0.19       0.19       0.26       0          41.58      23         63         0          0          0.0812     2.1369     79         104        110        117        125        131        168       
879        58200      58200      163.36     68.77      0.4210     37.41      0.19       0.19       0.26       0          41.58      23         63         0          0          0.0812     2.1369     79         104        110        117        125        131        168       
880        58200      58200      163.37     68.48      0.4192     37.36      0.19       0.19       0.26       0          41.58      23         63         0          0          0.0812     2.1369     79         104        110        117        125        131        168       
881        58200      58200      163.36     68.96      0.4222     37.45      0.19       0.19       0.26       0          41.58      23         63         0          0          0.0812     2.1369     79         104        110        117        125        131        168       
882        58200      58200      163.36     68.63      0.4201     37.48      0.20       0.19       0.26       0          41.58      23         63         0          0          0.0812     2.1369     79         104        110        117        125        131        168       
883        58200      58200      163.35     68.87      0.4216     37.48      0.19       0.19       0.26       0          41.58      23         63         0          0          0.0812     2.1368     79         104        110        117        125        131        168       
884        58200      58200      163.35     68.35      0.4184     37.48      0.19       0.19       0.26       0          41.58      23         63         0          0          0.0812     2.1368     79         104        110        117        125        131        168       
885        58200      58200      163.35     68.85      0.4215     37.46      0.19       0.19       0.26       0          41.58      23         63         0          0          0.0812     2.1368     79         104        110        117        125        131        168       
886        58200      58200      163.36     68.06      0.4166     37.55      0.19       0.19       0.26       0          41.58      23         63         0          0          0.0812     2.1368     79         104        110        117        125        131        168       
887        58200      58200      163.35     69.67      0.4265     37.54      0.19       0.19       0.26       0          41.58      23         63         0          0          0.0812     2.1368     79         104        110        117        125        131        168       
888        58200      58200      163.35     69.00      0.4224     37.60      0.19       0.19       0.26       0          41.58      23         63         0          0          0.0812     2.1368     79         104        110        117        125        131        168       
889        58200      58200      163.35     68.87      0.4216     37.57      0.19       0.19       0.26       0          41.58      23         63         0          0          0.0812     2.1368     79         104        110        117        125        131        168       
890        58200      58200      163.36     69.24      0.4238     37.53      0.19       0.19       0.26       0          41.58      23         63         0          0          0.0812     2.1368     79         104        110        117        125        131        168       
891        58200      58200      163.36     68.64      0.4202     37.52      0.19       0.19       0.26       0          41.58      23         63         0          0          0.0812     2.1368     79         104        110        117        125        131        168       
892        58200      58200      163.36     69.07      0.4228     37.48      0.19       0.19       0.26       0          41.58      23         63         0          0          0.0812     2.1368     79         104        110        117        125        131        168       
893        58200      58200      163.36     69.17      0.4234     37.48      0.19       0.19       0.26       0          41.58      23         63         0          0          0.0812     2.1368     79         104        110        117        125        131        168       
894        58200      58200      163.35     68.12      0.4170     37.50      0.19       0.19       0.26       0          41.58      23         63         0          0          0.0812     2.1368     79         104        110        117        125        131        168       
895        58200      58200      163.35     69.12      0.4231     37.52      0.19       0.19       0.26       0          41.58      23         63         0          0          0.0812     2.1368     79         104        110        117        125        131        168       
896        58200      58200      163.36     69.42      0.4249     37.51      0.19       0.19       0.26       0          41.58      23         63         0          0          0.0812     2.1368     79         104        110        117        125        131        168       
897        58200      58200      163.35     68.11      0.4170     37.51      0.19       0.19       0.26       0          41.58      23         63         0          0          0.0812     2.1368     79         104        110        117        125        131        168       
898        58200      58200      163.36     69.25      0.4239     37.59      0.20       0.19       0.26       0          41.58      23         63         0          0          0.0812     2.1367     79         104        110        117        125        131        168       
899        58200      58200      163.36     70.08      0.4290     37.63      0.20       0.19       0.26       0          41.58      23         63         0          0          0.0812     2.1367     79         104        110        117        125        131        168       
900        58200      58200      163.36     68.91      0.4218     37.72      0.19       0.19       0.26       0          41.58      23         63         0          0          0.0812     2.1367     79         104        110        117        125        131        168       
901        58200      58200      163.35     69.26      0.4240     37.66      0.19       0.19       0.26       0          41.58      23         63         0          0          0.0812     2.1367     79         104        110        117        125        131        168       
902        58200      58200      163.36     69.30      0.4242     37.62      0.19       0.19       0.26       0          41.58      23         63         0          0          0.0812     2.1367     79         104        110        117        125        131        168       
903        58200      58200      163.36     69.92      0.4280     37.65      0.20       0.19       0.26       0          41.58      23         63         0          0          0.0812     2.1367     79         104        110        117        125        131        168       
904        58200      58200      163.35     69.49      0.4254     37.71      0.20       0.19       0.26       0          41.58      23         63         0          0          0.0811     2.1367     79         104        110        117        125        131        168       
905        58200      58200      163.35     69.03      0.4226     37.70      0.19       0.19       0.26       0          41.58      23         63         0          0          0.0811     2.1367     79         104        110        117        125        131        168       
906        58200      58200      163.36     68.61      0.4200     37.65      0.19       0.19       0.26       0          41.58      23         63         0          0          0.0811     2.1367     79         104        110        117        125        131        168       
907        58200      58200      163.35     68.32      0.4182     37.55      0.19       0.19       0.26       0          41.58      23         63         0          0          0.0811     2.1367     79         104        110        117        125        131        168       
908        58200      58200      163.36     69.03      0.4226     37.62      0.19       0.19       0.26       0          41.58      23         63         0          0          0.0811     2.1367     79         104        110        117        125        131        168       
909        58200      58200      163.36     69.54      0.4257     37.68      0.19       0.19       0.26       0          41.58      23         63         0          0          0.0811     2.1367     79         104        110        117        125        131        168       
910        58200      58200      163.35     68.87      0.4216     37.67      0.19       0.19       0.26       0          41.57      23         63         0          0          0.0811     2.1367     79         104        110        117        125        131        168       
911        58200      58200      163.35     68.62      0.4201     37.66      0.19       0.19       0.26       0          41.57      23         63         0          0          0.0811     2.1367     79         104        110        117        125        131        168       
912        58200      58200      163.35     69.55      0.4258     37.58      0.19       0.19       0.26       0          41.57      23         63         0          0          0.0811     2.1367     79         104        110        117        125        131        168       
913        58200      58200      163.35     69.50      0.4255     37.64      0.19       0.19       0.26       0          41.57      23         63         0          0          0.0811     2.1367     79         104        110        117        125        131        168       
914        58200      58200      163.36     68.93      0.4220     37.58      0.19       0.19       0.26       0          41.57      23         63         0          0          0.0811     2.1367     79         104        110        117        125        131        168       
915        58200      58200      163.35     68.52      0.4194     37.68      0.20       0.19       0.26       0          41.57      23         63         0          0          0.0811     2.1367     79         104        110        117        125        131        168       
916        58200      58200      163.36     69.18      0.4235     37.64      0.19       0.19       0.26       0          41.57      23         63         0          0          0.0811     2.1367     79         104        110        117        125        131        168       
917        58200      58200      163.35     68.98      0.4223     37.61      0.19       0.19       0.26       0          41.57      23         63         0          0          0.0811     2.1367     79         104        110        117        125        131        168       
918        58200      58200      163.35     69.51      0.4255     37.70      0.19       0.19       0.26       0          41.57      23         63         0          0          0.0811     2.1367     79         104        110        117        125        131        168       
919        58200      58200      163.36     69.71      0.4267     37.67      0.19       0.19       0.26       0          41.57      23         63         0          0          0.0811     2.1367     79         104        110        117        125        131        168       
920        58200      58200      163.36     69.52      0.4255     37.66      0.20       0.19       0.26       0          41.57      23         63         0          0          0.0811     2.1367     79         104        110        117        125        131        168       
921        58200      58200      163.36     67.99      0.4162     37.60      0.20       0.19       0.26       0          41.57      23         63         0          0          0.0811     2.1367     79         104        110        117        125        131        168       
922        58200      58200      163.35     69.58      0.4260     37.66      0.19       0.19       0.26       0          41.57      23         63         0          0          0.0811     2.1367     79         104        110        117        125        131        168       
923        58200      58200      163.36     69.25      0.4239     37.74      0.19       0.19       0.26       0          41.57      23         63         0          0          0.0811     2.1367     79         104        110        117        125        131        168       
924        58200      58200      163.35     68.53      0.4195     37.69      0.19       0.19       0.26       0          41.57      23         63         0          0          0.0811     2.1367     79         104        110        117        125        131        168       
925        58200      58200      163.36     68.57      0.4197     37.69      0.19       0.19       0.26       0          41.57      23         63         0          0          0.0811     2.1367     79         104        110        117        125        131        168       
926        58200      58200      163.35     69.70      0.4267     37.69      0.19       0.19       0.26       0          41.57      23         63         0          0          0.0811     2.1367     79         104        110        117        125        131        168       
927        58200      58200      163.36     68.93      0.4220     37.72      0.20       0.19       0.26       0          41.57      23         63         0          0          0.0811     2.1366     79         104        110        117        125        131        168       
928        58200      58200      163.36     68.40      0.4187     37.66      0.19       0.19       0.26       0          41.57      23         63         0          0          0.0811     2.1366     79         104        110        117        125        131        168       
929        58200      58200      163.35     69.35      0.4246     37.65      0.19       0.19       0.26       0          41.57      23         63         0          0          0.0811     2.1366     79         104        110        117        125        131        168       
930        58200      58200      163.36     68.54      0.4195     37.71      0.19       0.19       0.26       0          41.57      23         63         0          0          0.0811     2.1366     79         104        110        117        125        131        168       
931        58200      58200      163.35     68.86      0.4215     37.74      0.19       0.19       0.26       0          41.57      23         63         0          0          0.0811     2.1366     79         104        110        117        125        131        168       
932        58200      58200      163.35     68.86      0.4215     37.63      0.19       0.19       0.26       0          41.57      23         63         0          0          0.0811     2.1366     79         104        110        117        125        131        168       
933        58200      58200      163.37     69.19      0.4235     37.71      0.20       0.19       0.26       0          41.57      23         63         0          0          0.0811     2.1366     79         104        110        117        125        131        168       
934        58200      58200      163.36     69.10      0.4230     37.70      0.20       0.19       0.26       0          41.57      23         63         0          0          0.0811     2.1366     79         104        110        117        125        131        168       
935        58200      58200      163.36     68.80      0.4211     37.74      0.20       0.19       0.26       0          41.57      23         63         0          0          0.0811     2.1366     79         104        110        117        125        131        168       
936        58200      58200      163.36     69.55      0.4258     37.70      0.19       0.19       0.26       0          41.57      23         63         0          0          0.0811     2.1366     79         104        110        117        125        131        168       
937        58200      58200      163.36     68.93      0.4220     37.70      0.19       0.19       0.26       0          41.57      23         63         0          0          0.0811     2.1366     79         104        110        117        125        131        168       
938        58200      58200      163.37     69.19      0.4235     37.68      0.20       0.19       0.26       0          41.57      23         63         0          0          0.0811     2.1366     79         104        110        117        125        131        168       
939        58200      58200      163.35     69.99      0.4284     37.68      0.19       0.19       0.26       0          41.57      23         63         0          0          0.0811     2.1366     79         104        110        117        125        131        168       
940        58200      58200      163.36     69.06      0.4227     37.64      0.19       0.19       0.26       0          41.57      23         63         0          0          0.0811     2.1366     79         104        110        117        125        131        168       
941        58200      58200      163.36     68.80      0.4212     37.71      0.19       0.19       0.26       0          41.57      23         63         0          0          0.0811     2.1366     79         104        110        117        125        131        168       
942        58200      58200      163.36     69.70      0.4267     37.75      0.19       0.19       0.26       0          41.57      23         63         0          0          0.0811     2.1366     79         104        110        117        125        131        168       
943        58200      58200      163.35     68.53      0.4195     37.80      0.20       0.19       0.26       0          41.57      23         63         0          0          0.0811     2.1366     79         104        110        117        125        131        168       
944        58200      58200      163.36     69.16      0.4233     37.78      0.20       0.19       0.26       0          41.57      23         63         0          0          0.0811     2.1366     79         104        110        117        125        131        168       
945        58200      58200      163.36     69.73      0.4268     37.83      0.20       0.19       0.26       0          41.57      23         63         0          0          0.0811     2.1366     79         104        110        117        125        131        168       
946        58200      58200      163.35     70.12      0.4292     37.82      0.19       0.19       0.26       0          41.57      23         63         0          0          0.0811     2.1366     79         104        110        117        125        131        168       
947        58200      58200      163.35     69.04      0.4226     37.72      0.19       0.19       0.26       0          41.57      23         63         0          0          0.0811     2.1366     79         104        110        117        125        131        168       
948        58200      58200      163.36     69.07      0.4228     37.81      0.20       0.19       0.26       0          41.57      23         63         0          0          0.0811     2.1366     79         104        110        117        125        131        168       
949        58200      58200      163.35     69.14      0.4233     37.79      0.19       0.19       0.26       0          41.57      23         63         0          0          0.0811     2.1366     79         104        110        117        125        131        168       
950        58200      58200      163.36     69.01      0.4224     37.82      0.19       0.19       0.26       0          41.57      23         63         0          0          0.0811     2.1366     79         104        110        117        125        131        168       
951        58200      58200      163.36     68.95      0.4221     37.87      0.19       0.19       0.26       0          41.57      23         63         0          0          0.0811     2.1366     79         104        110        117        125        131        168       
952        58200      58200      163.36     69.42      0.4250     37.84      0.19       0.19       0.26       0          41.57      23         63         0          0          0.0811     2.1366     79         104        110        117        125        131        168       
953        58200      58200      163.36     69.19      0.4235     37.82      0.20       0.19       0.26       0          41.57      23         63         0          0          0.0811     2.1366     79         104        110        117        125        131        168       
954        58200      58200      163.35     69.68      0.4266     37.80      0.19       0.19       0.26       0          41.57      23         63         0          0          0.0811     2.1366     79         104        110        117        125        131        168       
955        58200      58200      163.36     67.87      0.4154     37.77      0.20       0.19       0.26       0          41.57      23         63         0          0          0.0811     2.1366     79         104        110        117        125        131        168       
956        58200      58200      163.36     69.99      0.4285     37.78      0.19       0.19       0.26       0          41.57      23         63         0          0          0.0811     2.1366     79         104        110        117        125        131        168       
957        58200      58200      163.36     70.22      0.4299     37.83      0.20       0.19       0.26       0          41.57      23         63         0          0          0.0811     2.1366     79         104        110        117        125        131        168       
958        58200      58200      163.36     68.79      0.4211     37.82      0.20       0.19       0.26       0          41.57      23         63         0          0          0.0811     2.1366     79         104        110        117        125        131        168       
959        58200      58200      163.35     69.01      0.4225     37.86      0.20       0.19       0.26       0          41.57      23         63         0          0          0.0811     2.1366     79         104        110        117        125        131        168       
960        58200      58200      163.36     71.17      0.4357     37.92      0.20       0.20       0.26       0          41.57      23         63         0          0          0.0811     2.1366     79         104        110        117        125        131        168       
961        58200      58200      163.36     69.54      0.4257     37.92      0.20       0.20       0.26       0          41.57      23         63         0          0          0.0811     2.1366     79         104        110        117        125        131        168       
962        58200      58200      163.36     69.60      0.4260     37.90      0.20       0.20       0.26       0          41.57      23         63         0          0          0.0811     2.1366     79         104        110        117        125        131        168       
963        58200      58200      163.36     68.89      0.4217     37.83      0.20       0.19       0.26       0          41.57      23         63         0          0          0.0811     2.1366     79         104        110        117        125        131        168       
964        58200      58200      163.36     68.82      0.4213     37.96      0.20       0.20       0.26       0          41.57      23         63         0          0          0.0811     2.1366     79         104        110        117        125        131        168       
965        58200      58200      163.35     68.43      0.4189     37.90      0.19       0.20       0.26       0          41.57      23         63         0          0          0.0811     2.1366     79         104        110        117        125        131        168       
966        58200      58200      163.36     69.39      0.4248     37.94      0.19       0.20       0.26       0          41.57      23         63         0          0          0.0811     2.1366     79         104        110        117        125        131        168       
967        58200      58200      163.35     69.23      0.4238     37.87      0.19       0.20       0.26       0          41.57      23         63         0          0          0.0811     2.1366     79         104        110        117        125        131        168       
968        58200      58200      163.36     68.21      0.4176     37.91      0.19       0.20       0.26       0          41.57      23         63         0          0          0.0811     2.1366     79         104        110        117        125        131        168       
969        58200      58200      163.36     69.65      0.4263     37.94      0.20       0.20       0.26       0          41.57      23         63         0          0          0.0811     2.1366     79         104        110        117        125        131        168       
970        58200      58200      163.35     68.76      0.4209     37.87      0.20       0.20       0.26       0          41.57      23         63         0          0          0.0811     2.1366     79         104        110        117        125        131        168       
971        58200      58200      163.35     68.32      0.4182     37.82      0.19       0.19       0.26       0          41.56      23         63         0          0          0.0811     2.1366     79         104        110        117        125        131        168       
972        58200      58200      163.35     68.15      0.4172     37.82      0.19       0.19       0.26       0          41.56      23         63         0          0          0.0811     2.1366     79         104        110        117        125        131        168       
973        58200      58200      163.36     69.76      0.4271     37.90      0.20       0.20       0.26       0          41.56      23         63         0          0          0.0811     2.1366     79         104        110        117        125        131        168       
974        58200      58200      163.36     68.75      0.4209     37.82      0.20       0.19       0.26       0          41.56      23         63         0          0          0.0811     2.1366     79         104        110        117        125        131        168       
975        58200      58200      163.35     70.27      0.4302     37.88      0.20       0.19       0.26       0          41.56      23         63         0          0          0.0811     2.1366     79         104        110        117        125        131        168       
976        58200      58200      163.36     68.18      0.4173     37.90      0.20       0.20       0.26       0          41.56      23         63         0          0          0.0811     2.1366     79         104        110        117        125        131        168       
977        58200      58200      163.36     69.19      0.4235     37.90      0.20       0.20       0.26       0          41.56      23         63         0          0          0.0811     2.1366     79         104        110        117        125        131        168       
978        58200      58200      163.36     70.40      0.4309     37.91      0.20       0.20       0.26       0          41.56      23         63         0          0          0.0811     2.1366     79         104        110        117        125        131        168       
979        58200      58200      163.35     69.48      0.4253     37.91      0.20       0.20       0.26       0          41.56      23         63         0          0          0.0811     2.1366     79         104        110        117        125        131        168       
980        58200      58200      163.35     69.29      0.4242     37.93      0.20       0.20       0.26       0          41.56      23         63         0          0          0.0811     2.1366     79         104        110        117        125        131        168       
981        58200      58200      163.36     69.64      0.4263     37.95      0.19       0.20       0.26       0          41.56      23         63         0          0          0.0811     2.1366     79         104        110        117        125        131        168       
982        58200      58200      163.35     69.77      0.4271     37.95      0.20       0.20       0.26       0          41.56      23         63         0          0          0.0811     2.1366     79         104        110        117        125        131        168       
983        58200      58200      163.37     69.21      0.4236     37.97      0.19       0.20       0.26       0          41.56      23         63         0          0          0.0811     2.1366     79         104        110        117        125        131        168       
984        58200      58200      163.36     70.49      0.4315     38.05      0.19       0.20       0.26       0          41.56      23         63         0          0          0.0811     2.1366     79         104        110        117        125        131        168       
985        58200      58200      163.36     68.68      0.4204     38.03      0.20       0.20       0.26       0          41.56      23         63         0          0          0.0811     2.1366     79         104        110        117        125        131        168       
986        58200      58200      163.36     69.92      0.4280     38.03      0.20       0.20       0.26       0          41.56      23         63         0          0          0.0811     2.1366     79         104        110        117        125        131        168       
987        58200      58200      163.35     68.43      0.4189     38.06      0.20       0.20       0.26       0          41.56      23         63         0          0          0.0811     2.1366     79         104        110        117        125        131        168       
988        58200      58200      163.35     69.43      0.4250     38.00      0.20       0.20       0.26       0          41.56      23         63         0          0          0.0811     2.1366     79         104        110        117        125        131        168       
989        58200      58200      163.35     69.82      0.4274     38.00      0.20       0.20       0.26       0          41.56      23         63         0          0          0.0811     2.1366     79         104        110        117        125        131        168       
990        58200      58200      163.36     69.52      0.4255     38.03      0.20       0.20       0.26       0          41.56      23         63         0          0          0.0811     2.1366     79         104        110        117        125        131        168       
991        58200      58200      163.35     69.17      0.4234     38.10      0.20       0.20       0.26       0          41.56      23         63         0          0          0.0811     2.1366     79         104        110        117        125        131        168       
992        58200      58200      163.36     69.58      0.4259     38.03      0.20       0.20       0.26       0          41.56      23         63         0          0          0.0811     2.1366     79         104        110        117        125        131        168       
993        58200      58200      163.36     71.00      0.4346     38.06      0.20       0.20       0.26       0          41.56      23         63         0          0          0.0811     2.1366     79         104        110        117        125        131        168       
994        58200      58200      163.36     69.55      0.4257     38.02      0.19       0.20       0.26       0          41.56      23         63         0          0          0.0811     2.1366     79         104        110        117        125        131        168       
995        58200      58200      163.36     68.76      0.4209     38.06      0.20       0.20       0.26       0          41.56      23         63         0          0          0.0811     2.1366     79         104        110        117        125        131        168       
996        58200      58200      163.35     70.51      0.4316     38.02      0.20       0.20       0.26       0          41.56      23         63         0          0          0.0811     2.1366     79         104        110        117        125        131        168       
997        58200      58200      163.35     69.46      0.4252     38.02      0.20       0.20       0.26       0          41.56      23         63         0          0          0.0811     2.1366     79         104        110        117        125        131        168       
998        58200      58200      163.36     70.14      0.4294     38.05      0.20       0.20       0.26       0          41.56      23         63         0          0          0.0811     2.1366     79         104        110        117        125        131        168       
999        58200      58200      163.35     69.38      0.4247     38.12      0.20       0.20       0.26       0          41.56      23         63         0          0          0.0811     2.1366     79         104        110        117        125        131        168       
1000       58200      58200      163.36     69.14      0.4232     38.07      0.20       0.20       0.26       0          41.56      23         63         0          0          0.0811     2.1366     79         104        110        117        125        131        168       
1001       58200      58200      163.35     69.89      0.4279     37.99      0.20       0.20       0.26       0          41.56      23         63         0          0          0.0811     2.1366     79         104        110        117        125        131        168       
1002       58200      58200      163.36     69.62      0.4262     38.05      0.20       0.20       0.26       0          41.56      23         63         0          0          0.0811     2.1366     79         104        110        117        125        131        168       
1003       58200      58200      163.35     70.21      0.4298     38.09      0.21       0.20       0.26       0          41.56      23         63         0          0          0.0811     2.1366     79         104        110        117        125        131        168       
1004       58200      58200      163.36     69.55      0.4258     38.13      0.20       0.20       0.26       0          41.56      23         63         0          0          0.0811     2.1366     79         104        110        117        125        131        168       
1005       58200      58200      163.36     71.28      0.4363     38.16      0.20       0.20       0.26       0          41.56      23         63         0          0          0.0811     2.1366     79         104        110        117        125        131        168       
1006       58200      58200      163.36     70.52      0.4317     38.18      0.20       0.20       0.26       0          41.56      23         63         0          0          0.0811     2.1366     79         104        110        117        125        131        168       
1007       58200      58200      163.35     69.58      0.4260     38.21      0.20       0.20       0.26       0          41.56      23         63         0          0          0.0811     2.1366     79         104        110        117        125        131        168       
1008       58200      58200      163.35     69.55      0.4258     38.28      0.20       0.20       0.26       0          41.56      23         63         0          0          0.0811     2.1366     79         104        110        117        125        131        168       
1009       58200      58200      163.35     70.15      0.4295     38.15      0.20       0.20       0.26       0          41.56      23         63         0          0          0.0811     2.1366     79         104        110        117        125        131        168       
1010       58200      58200      163.36     69.33      0.4244     38.21      0.21       0.20       0.26       0          41.56      23         63         0          0          0.0811     2.1366     79         104        110        117        125        131        168       
1011       58200      58200      163.36     70.83      0.4336     38.19      0.20       0.20       0.26       0          41.56      23         63         0          0          0.0811     2.1366     79         104        110        117        125        131        168       
1012       58200      58200      163.36     70.52      0.4317     38.22      0.20       0.20       0.26       0          41.56      23         63         0          0          0.0811     2.1366     79         104        110        117        125        131        168       
1013       58200      58200      163.35     69.49      0.4254     38.20      0.20       0.20       0.26       0          41.56      23         63         0          0          0.0811     2.1366     79         104        110        117        125        131        168       
1014       58200      58200      163.36     70.83      0.4336     38.20      0.20       0.20       0.26       0          41.56      23         63         0          0          0.0811     2.1366     79         104        110        117        125        131        168       
1015       58200      58200      163.36     68.84      0.4214     38.30      0.20       0.20       0.26       0          41.56      23         63         0          0          0.0811     2.1366     79         104        110        117        125        131        168       
1016       58200      58200      163.35     69.96      0.4283     38.24      0.20       0.20       0.26       0          41.56      23         63         0          0          0.0811     2.1366     79         104        110        117        125        131        168       
1017       58200      58200      163.36     70.25      0.4301     38.24      0.20       0.20       0.26       0          41.56      23         63         0          0          0.0811     2.1366     79         104        110        117        125        131        168       
1018       58200      58200      163.35     70.11      0.4292     38.21      0.20       0.20       0.26       0          41.56      23         63         0          0          0.0811     2.1366     79         104        110        117        125        131        168       
1019       58200      58200      163.35     69.74      0.4269     38.32      0.20       0.20       0.26       0          41.56      23         63         0          0          0.0811     2.1366     79         104        110        117        125        131        168       
1020       58200      58200      163.36     70.79      0.4334     38.29      0.20       0.20       0.26       0          41.56      23         63         0          0          0.0811     2.1366     79         104        110        117        125        131        168       
1021       58200      58200      163.36     69.57      0.4259     38.20      0.20       0.20       0.26       0          41.56      23         63         0          0          0.0811     2.1366     79         104        110        117        125        131        168       
1022       58200      58200      163.36     68.34      0.4183     38.18      0.21       0.20       0.26       0          41.56      23         63         0          0          0.0811     2.1366     79         104        110        117        125        131        168       
1023       58200      58200      163.37     71.25      0.4362     38.11      0.20       0.20       0.26       0          41.56      23         63         0          0          0.0811     2.1366     79         104        110        117        125        131        168       
1024       58200      58200      163.36     70.01      0.4285     38.19      0.20       0.20       0.26       0          41.56      23         63         0          0          0.0811     2.1366     79         104        110        117        125        131        168       
1025       58200      58200      163.36     69.89      0.4279     38.24      0.20       0.20       0.26       0          41.56      23         63         0          0          0.0811     2.1366     79         104        110        117        125        131        168       
1026       58200      58200      163.36     69.93      0.4281     38.26      0.21       0.20       0.26       0          41.56      23         63         0          0          0.0811     2.1366     79         104        110        117        125        131        168       
1027       58200      58200      163.35     69.54      0.4257     38.17      0.20       0.20       0.26       0          41.56      23         63         0          0          0.0811     2.1366     79         104        110        117        125        131        168       
1028       58200      58200      163.35     70.28      0.4302     38.24      0.20       0.20       0.26       0          41.56      23         63         0          0          0.0811     2.1366     79         104        110        117        125        131        168       
1029       58200      58200      163.34     69.73      0.4269     38.25      0.20       0.20       0.26       0          41.56      23         63         0          0          0.0811     2.1366     79         104        110        117        125        131        168       
1030       58200      58200      163.36     70.45      0.4312     38.21      0.20       0.20       0.26       0          41.56      23         63         0          0          0.0811     2.1366     79         104        110        117        125        131        168       
1031       58200      58200      163.36     69.04      0.4226     38.15      0.20       0.20       0.26       0          41.56      23         63         0          0          0.0811     2.1366     79         104        110        117        125        131        168       
1032       58200      58200      163.36     69.99      0.4285     38.21      0.20       0.20       0.26       0          41.56      23         63         0          0          0.0811     2.1366     79         104        110        117        125        131        168       
1033       58200      58200      163.36     69.24      0.4238     38.28      0.21       0.20       0.26       0          41.56      23         63         0          0          0.0811     2.1366     79         104        110        117        125        131        168       
1034       58200      58200      163.36     70.17      0.4296     38.25      0.20       0.20       0.26       0          41.56      23         63         0          0          0.0811     2.1366     79         104        110        117        125        131        168       
1035       58200      58200      163.35     69.42      0.4250     38.22      0.20       0.20       0.26       0          41.56      23         63         0          0          0.0811     2.1366     79         104        110        117        125        131        168       
1036       58200      58200      163.35     71.06      0.4350     38.19      0.20       0.20       0.26       0          41.56      23         63         0          0          0.0811     2.1366     79         104        110        117        125        131        168       
1037       58200      58200      163.35     71.16      0.4356     38.30      0.20       0.20       0.26       0          41.56      23         63         0          0          0.0811     2.1366     79         104        110        117        125        131        168       
1038       58200      58200      163.35     70.15      0.4294     38.21      0.21       0.20       0.26       0          41.56      23         63         0          0          0.0811     2.1366     79         104        110        117        125        131        168       
1039       58200      58200      163.36     71.27      0.4363     38.23      0.20       0.20       0.26       0          41.56      23         63         0          0          0.0811     2.1366     79         104        110        117        125        131        168       
1040       58200      58200      163.35     70.59      0.4321     38.34      0.20       0.20       0.26       0          41.56      23         63         0          0          0.0811     2.1366     79         104        110        117        125        131        168       
1041       58200      58200      163.36     69.68      0.4266     38.27      0.21       0.20       0.26       0          41.56      23         63         0          0          0.0811     2.1366     79         104        110        117        125        131        168       
1042       58200      58200      163.36     69.99      0.4285     38.27      0.20       0.20       0.26       0          41.56      23         63         0          0          0.0811     2.1366     79         104        110        117        125        131        168       
1043       58200      58200      163.36     69.97      0.4283     38.38      0.21       0.20       0.26       0          41.56      23         63         0          0          0.0811     2.1366     79         104        110        117        125        131        168       
1044       58200      58200      163.36     70.22      0.4298     38.42      0.21       0.20       0.26       0          41.56      23         63         0          0          0.0811     2.1366     79         104        110        117        125        131        168       
1045       58200      58200      163.35     70.43      0.4311     38.39      0.21       0.20       0.26       0          41.56      23         63         0          0          0.0811     2.1366     79         104        110        117        125        131        168       
1046       58200      58200      163.36     70.29      0.4303     38.34      0.21       0.20       0.26       0          41.56      23         63         0          0          0.0811     2.1366     79         104        110        117        125        131        168       
1047       58200      58200      163.35     69.99      0.4285     38.41      0.20       0.20       0.26       0          41.56      23         63         0          0          0.0811     2.1366     79         104        110        117        125        131        168       
1048       58200      58200      163.37     71.07      0.4351     38.37      0.20       0.20       0.26       0          41.56      23         63         0          0          0.0811     2.1366     79         104        110        117        125        131        168       
1049       58200      58200      163.36     70.51      0.4316     38.29      0.21       0.20       0.26       0          41.56      23         63         0          0          0.0811     2.1366     79         104        110        117        125        131        168       
1050       58200      58200      163.36     70.93      0.4342     38.33      0.21       0.20       0.26       0          41.56      23         63         0          0          0.0811     2.1366     79         104        110        117        125        131        168       
1051       58200      58200      163.35     69.25      0.4240     38.32      0.20       0.20       0.26       0          41.56      23         63         0          0          0.0811     2.1366     79         104        110        117        125        131        168       
1052       58200      58200      163.36     69.40      0.4248     38.32      0.20       0.20       0.26       0          41.56      23         63         0          0          0.0811     2.1366     79         104        110        117        125        131        168       
1053       58200      58200      163.36     69.96      0.4283     38.33      0.20       0.20       0.26       0          41.56      23         63         0          0          0.0811     2.1366     79         104        110        117        125        131        168       
1054       58200      58200      163.36     69.91      0.4280     38.34      0.20       0.20       0.26       0          41.56      23         63         0          0          0.0811     2.1366     79         104        110        117        125        131        168       
1055       58200      58200      163.35     71.39      0.4370     38.38      0.20       0.20       0.26       0          41.56      23         63         0          0          0.0811     2.1366     79         104        110        117        125        131        168       
1056       58200      58200      163.36     69.75      0.4269     38.37      0.20       0.20       0.26       0          41.56      23         63         0          0          0.0811     2.1366     79         104        110        117        125        131        168       
1057       58200      58200      163.36     70.13      0.4293     38.39      0.20       0.20       0.26       0          41.56      23         63         0          0          0.0811     2.1366     79         104        110        117        125        131        168       
1058       58200      58200      163.36     69.67      0.4265     38.44      0.21       0.20       0.26       0          41.56      23         63         0          0          0.0811     2.1366     79         104        110        117        125        131        168       
1059       58200      58200      163.36     69.44      0.4250     38.38      0.20       0.20       0.26       0          41.56      23         63         0          0          0.0811     2.1366     79         104        110        117        125        131        168       
1060       58200      58200      163.35     70.02      0.4286     38.27      0.20       0.20       0.26       0          41.56      23         63         0          0          0.0811     2.1366     79         104        110        117        125        131        168       
1061       58200      58200      163.35     69.55      0.4258     38.30      0.20       0.20       0.26       0          41.56      23         63         0          0          0.0811     2.1366     79         104        110        117        125        131        168       
1062       58200      58200      163.36     69.67      0.4265     38.31      0.21       0.20       0.26       0          41.56      23         63         0          0          0.0811     2.1366     79         104        110        117        125        131        168       
1063       58200      58200      163.36     70.59      0.4321     38.25      0.21       0.20       0.26       0          41.56      23         63         0          0          0.0811     2.1366     79         104        110        117        125        131        168       
1064       58200      58200      163.36     71.02      0.4348     38.32      0.20       0.20       0.26       0          41.56      23         63         0          0          0.0811     2.1366     79         104        110        117        125        131        168       
1065       58200      58200      163.36     71.19      0.4358     38.35      0.21       0.20       0.26       0          41.55      23         63         0          0          0.0811     2.1366     79         104        110        117        125        131        168       
1066       58200      58200      163.35     69.81      0.4273     38.36      0.21       0.20       0.26       0          41.55      23         63         0          0          0.0811     2.1366     79         104        110        117        125        131        168       
1067       58200      58200      163.36     70.80      0.4334     38.35      0.21       0.20       0.26       0          41.55      23         63         0          0          0.0811     2.1366     79         104        110        117        125        131        168       
1068       58200      58200      163.36     69.32      0.4243     38.34      0.20       0.20       0.26       0          41.55      23         63         0          0          0.0811     2.1366     79         104        110        117        125        131        168       
1069       58200      58200      163.35     70.99      0.4345     38.26      0.20       0.20       0.26       0          41.55      23         63         0          0          0.0811     2.1366     79         104        110        117        125        131        168       
1070       58200      58200      163.36     69.76      0.4270     38.28      0.21       0.20       0.26       0          41.55      23         63         0          0          0.0811     2.1366     79         104        110        117        125        131        168       
1071       58200      58200      163.36     70.64      0.4324     38.29      0.20       0.20       0.26       0          41.55      23         63         0          0          0.0811     2.1366     79         104        110        117        125        131        168       
1072       58200      58200      163.36     69.90      0.4279     38.32      0.21       0.20       0.26       0          41.55      23         63         0          0          0.0811     2.1366     79         104        110        117        125        131        168       
1073       58200      58200      163.36     69.61      0.4261     38.37      0.20       0.20       0.26       0          41.55      23         63         0          0          0.0811     2.1366     79         104        110        117        125        131        168       
1074       58200      58200      163.36     70.57      0.4320     38.32      0.21       0.20       0.26       0          41.55      23         63         0          0          0.0811     2.1366     79         104        110        117        125        131        168       
1075       58200      58200      163.36     69.74      0.4269     38.40      0.21       0.20       0.26       0          41.55      23         63         0          0          0.0811     2.1366     79         104        110        117        125        131        168       
1076       58200      58200      163.36     71.14      0.4355     38.43      0.21       0.20       0.26       0          41.55      23         63         0          0          0.0811     2.1366     79         104        110        117        125        131        168       
1077       58200      58200      163.36     69.57      0.4259     38.39      0.20       0.20       0.26       0          41.55      23         63         0          0          0.0811     2.1366     79         104        110        117        125        131        168       
1078       58200      58200      163.36     70.23      0.4299     38.46      0.20       0.20       0.26       0          41.55      23         63         0          0          0.0811     2.1366     79         104        110        117        125        131        168       
1079       58200      58200      163.35     71.28      0.4364     38.42      0.20       0.20       0.26       0          41.55      23         63         0          0          0.0811     2.1366     79         104        110        117        125        131        168       
1080       58200      58200      163.36     69.30      0.4242     38.39      0.20       0.20       0.26       0          41.55      23         63         0          0          0.0811     2.1366     79         104        110        117        125        131        168       
1081       58200      58200      163.36     69.96      0.4283     38.41      0.20       0.21       0.26       0          41.55      23         63         0          0          0.0811     2.1366     79         104        110        117        125        131        168       
1082       58200      58200      163.35     70.37      0.4308     38.45      0.21       0.20       0.26       0          41.55      23         63         0          0          0.0811     2.1366     79         104        110        117        125        131        168       
1083       58200      58200      163.35     69.66      0.4264     38.41      0.21       0.20       0.26       0          41.55      23         63         0          0          0.0811     2.1366     79         104        110        117        125        131        168       
1084       58200      58200      163.36     70.59      0.4321     38.44      0.21       0.20       0.26       0          41.55      23         63         0          0          0.0811     2.1366     79         104        110        117        125        131        168       
1085       58200      58200      163.36     69.74      0.4269     38.39      0.21       0.20       0.26       0          41.55      23         63         0          0          0.0811     2.1366     79         104        110        117        125        131        168       
1086       58200      58200      163.36     70.75      0.4331     38.39      0.20       0.20       0.26       0          41.55      23         63         0          0          0.0811     2.1366     79         104        110        117        125        131        168       
1087       58200      58200      163.36     69.66      0.4264     38.43      0.21       0.20       0.26       0          41.55      23         63         0          0          0.0811     2.1366     79         104        110        117        125        131        168       
1088       58200      58200      163.36     70.53      0.4317     38.39      0.21       0.20       0.26       0          41.55      23         63         0          0          0.0811     2.1366     79         104        110        117        125        131        168       
1089       58200      58200      163.35     69.35      0.4246     38.29      0.21       0.20       0.26       0          41.55      23         63         0          0          0.0811     2.1366     79         104        110        117        125        131        168       
1090       58200      58200      163.35     70.14      0.4294     38.37      0.20       0.20       0.26       0          41.55      23         63         0          0          0.0811     2.1366     79         104        110        117        125        131        168       
1091       58200      58200      163.35     68.81      0.4212     38.44      0.20       0.20       0.26       0          41.55      23         63         0          0          0.0811     2.1366     79         104        110        117        125        131        168       
1092       58200      58200      163.37     69.87      0.4277     38.54      0.21       0.21       0.26       0          41.55      23         63         0          0          0.0811     2.1366     79         104        110        117        125        131        168       
1093       58200      58200      163.35     71.11      0.4353     38.40      0.21       0.20       0.26       0          41.55      23         63         0          0          0.0811     2.1366     79         104        110        117        125        131        168       
1094       58200      58200      163.35     70.84      0.4337     38.46      0.21       0.21       0.26       0          41.55      23         63         0          0          0.0811     2.1366     79         104        110        117        125        131        168       
1095       58200      58200      163.37     70.65      0.4325     38.46      0.21       0.20       0.26       0          41.55      23         63         0          0          0.0811     2.1366     79         104        110        117        125        131        168       
1096       58200      58200      163.35     70.77      0.4332     38.47      0.21       0.21       0.26       0          41.55      23         63         0          0          0.0811     2.1366     79         104        110        117        125        131        168       
1097       58200      58200      163.35     70.55      0.4319     38.52      0.20       0.21       0.26       0          41.55      23         63         0          0          0.0811     2.1366     79         104        110        117        125        131        168       
1098       58200      58200      163.36     70.75      0.4331     38.52      0.20       0.21       0.26       0          41.55      23         63         0          0          0.0811     2.1366     79         104        110        117        125        131        168       
1099       58200      58200      163.37     70.95      0.4343     38.52      0.20       0.21       0.26       0          41.55      23         63         0          0          0.0811     2.1366     79         104        110        117        125        131        168       
1100       58200      58200      163.36     70.97      0.4345     38.53      0.21       0.21       0.26       0          41.55      23         63         0          0          0.0811     2.1366     79         104        110        117        125        131        168       
1101       58200      58200      163.36     70.62      0.4323     38.52      0.21       0.21       0.26       0          41.55      23         63         0          0          0.0811     2.1366     79         104        110        117        125        131        168       
1102       58200      58200      163.35     69.98      0.4284     38.54      0.21       0.21       0.26       0          41.55      23         63         0          0          0.0811     2.1366     79         104        110        117        125        131        168       
1103       58200      58200      163.35     71.09      0.4352     38.61      0.21       0.21       0.26       0          41.55      23         63         0          0          0.0811     2.1366     79         104        110        117        125        131        168       
1104       58200      58200      163.35     70.82      0.4336     38.55      0.20       0.21       0.26       0          41.55      23         63         0          0          0.0811     2.1366     79         104        110        117        125        131        168       
1105       58200      58200      163.36     70.05      0.4288     38.47      0.21       0.21       0.26       0          41.55      23         63         0          0          0.0811     2.1366     79         104        110        117        125        131        168       
1106       58200      58200      163.36     69.36      0.4246     38.50      0.21       0.21       0.26       0          41.55      23         63         0          0          0.0811     2.1366     79         104        110        117        125        131        168       
1107       58200      58200      163.35     69.99      0.4285     38.51      0.21       0.21       0.26       0          41.55      23         63         0          0          0.0811     2.1366     79         104        110        117        125        131        168       
1108       58200      58200      163.36     69.97      0.4283     38.53      0.21       0.21       0.26       0          41.55      23         63         0          0          0.0811     2.1366     79         104        110        117        125        131        168       
1109       58200      58200      163.35     69.26      0.4240     38.51      0.21       0.21       0.26       0          41.55      23         63         0          0          0.0811     2.1366     79         104        110        117        125        131        168       
1110       58200      58200      163.36     69.69      0.4266     38.52      0.21       0.21       0.26       0          41.55      23         63         0          0          0.0811     2.1366     79         104        110        117        125        131        168       
1111       58200      58200      163.36     70.63      0.4324     38.50      0.21       0.21       0.26       0          41.55      23         63         0          0          0.0811     2.1366     79         104        110        117        125        131        168       
1112       58200      58200      163.35     69.86      0.4277     38.55      0.21       0.21       0.26       0          41.55      23         63         0          0          0.0811     2.1366     79         104        110        117        125        131        168       
1113       58200      58200      163.34     71.69      0.4389     38.47      0.21       0.21       0.26       0          41.55      23         63         0          0          0.0811     2.1366     79         104        110        117        125        131        168       
1114       58200      58200      163.36     70.42      0.4311     38.53      0.21       0.21       0.26       0          41.55      23         63         0          0          0.0811     2.1366     79         104        110        117        125        131        168       
1115       58200      58200      163.36     71.18      0.4357     38.55      0.21       0.21       0.26       0          41.55      23         63         0          0          0.0811     2.1366     79         104        110        117        125        131        168       
1116       58200      58200      163.35     71.00      0.4347     38.60      0.21       0.21       0.26       0          41.55      23         63         0          0          0.0811     2.1366     79         104        110        117        125        131        168       
1117       58200      58200      163.35     69.85      0.4276     38.57      0.21       0.21       0.26       0          41.55      23         63         0          0          0.0811     2.1366     79         104        110        117        125        131        168       
1118       58200      58200      163.35     70.45      0.4313     38.59      0.21       0.21       0.26       0          41.55      23         63         0          0          0.0811     2.1366     79         104        110        117        125        131        168       
1119       58200      58200      163.35     70.24      0.4300     38.61      0.21       0.21       0.26       0          41.55      23         63         0          0          0.0811     2.1366     79         104        110        117        125        131        168       
1120       58200      58200      163.36     70.99      0.4346     38.58      0.20       0.21       0.26       0          41.55      23         63         0          0          0.0811     2.1366     79         104        110        117        125        131        168       
1121       58200      58200      163.35     70.79      0.4333     38.51      0.21       0.21       0.26       0          41.55      23         63         0          0          0.0811     2.1366     79         104        110        117        125        131        168       
1122       58200      58200      163.36     70.76      0.4331     38.62      0.21       0.21       0.26       0          41.55      23         63         0          0          0.0811     2.1366     79         104        110        117        125        131        168       
1123       58200      58200      163.35     70.37      0.4308     38.56      0.21       0.21       0.26       0          41.55      23         63         0          0          0.0811     2.1366     79         104        110        117        125        131        168       
1124       58200      58200      163.35     69.49      0.4254     38.64      0.21       0.21       0.26       0          41.55      23         63         0          0          0.0811     2.1366     79         104        110        117        125        131        168       
1125       58200      58200      163.35     71.66      0.4387     38.61      0.21       0.21       0.26       0          41.55      23         63         0          0          0.0811     2.1366     79         104        110        117        125        131        168       
1126       58200      58200      163.35     71.16      0.4356     38.58      0.21       0.21       0.26       0          41.55      23         63         0          0          0.0811     2.1366     79         104        110        117        125        131        168       
1127       58200      58200      163.35     70.09      0.4291     38.59      0.21       0.21       0.26       0          41.55      23         63         0          0          0.0811     2.1366     79         104        110        117        125        131        168       
1128       58200      58200      163.36     70.66      0.4325     38.63      0.21       0.21       0.26       0          41.55      23         63         0          0          0.0811     2.1366     79         104        110        117        125        131        168       
1129       58200      58200      163.36     70.99      0.4345     38.67      0.21       0.21       0.26       0          41.55      23         63         0          0          0.0811     2.1366     79         104        110        117        125        131        168       
1130       58200      58200      163.36     71.26      0.4362     38.64      0.21       0.21       0.26       0          41.55      23         63         0          0          0.0811     2.1366     79         104        110        117        125        131        168       
1131       58200      58200      163.35     71.38      0.4370     38.66      0.21       0.21       0.26       0          41.55      23         63         0          0          0.0811     2.1366     79         104        110        117        125        131        168       
1132       58200      58200      163.35     71.00      0.4346     38.73      0.22       0.21       0.26       0          41.55      23         63         0          0          0.0811     2.1366     79         104        110        117        125        131        168       
1133       58200      58200      163.35     69.52      0.4256     38.70      0.21       0.21       0.26       0          41.55      23         63         0          0          0.0811     2.1366     79         104        110        117        125        131        168       
1134       58200      58200      163.36     69.49      0.4254     38.69      0.21       0.21       0.26       0          41.55      23         63         0          0          0.0811     2.1366     79         104        110        117        125        131        168       
1135       58200      58200      163.35     71.83      0.4397     38.74      0.21       0.21       0.26       0          41.55      23         63         0          0          0.0811     2.1366     79         104        110        117        125        131        168       
1136       58200      58200      163.36     70.93      0.4342     38.72      0.21       0.21       0.26       0          41.55      23         63         0          0          0.0811     2.1366     79         104        110        117        125        131        168       
1137       58200      58200      163.34     70.96      0.4344     38.72      0.21       0.21       0.26       0          41.55      23         63         0          0          0.0811     2.1366     79         104        110        117        125        131        168       
1138       58200      58200      163.36     70.83      0.4336     38.68      0.21       0.21       0.26       0          41.55      23         63         0          0          0.0811     2.1366     79         104        110        117        125        131        168       
1139       58200      58200      163.34     72.33      0.4428     38.72      0.21       0.21       0.26       0          41.55      23         63         0          0          0.0811     2.1366     79         104        110        117        125        131        168       
1140       58200      58200      163.35     69.96      0.4283     38.74      0.21       0.21       0.26       0          41.55      23         63         0          0          0.0811     2.1366     79         104        110        117        125        131        168       
1141       58200      58200      163.35     69.51      0.4255     38.73      0.21       0.21       0.26       0          41.55      23         63         0          0          0.0811     2.1366     79         104        110        117        125        131        168       
1142       58200      58200      163.35     70.93      0.4342     38.69      0.21       0.21       0.26       0          41.55      23         63         0          0          0.0811     2.1366     79         104        110        117        125        131        168       
1143       58200      58200      163.35     71.26      0.4363     38.73      0.21       0.21       0.26       0          41.55      23         63         0          0          0.0811     2.1366     79         104        110        117        125        131        168       
1144       58200      58200      163.35     70.45      0.4313     38.73      0.22       0.21       0.26       0          41.55      23         63         0          0          0.0811     2.1366     79         104        110        117        125        131        168       
1145       58200      58200      163.35     70.98      0.4345     38.71      0.21       0.21       0.26       0          41.55      23         63         0          0          0.0811     2.1366     79         104        110        117        125        131        168       
1146       58200      58200      163.35     70.93      0.4342     38.74      0.21       0.21       0.26       0          41.55      23         63         0          0          0.0811     2.1366     79         104        110        117        125        131        168       
1147       58200      58200      163.35     69.30      0.4243     38.75      0.21       0.21       0.26       0          41.55      23         63         0          0          0.0811     2.1366     79         104        110        117        125        131        168       
1148       58200      58200      163.35     69.38      0.4248     38.70      0.21       0.21       0.26       0          41.55      23         63         0          0          0.0811     2.1366     79         104        110        117        125        131        168       
1149       58200      58200      163.35     70.94      0.4343     38.61      0.21       0.21       0.26       0          41.55      23         63         0          0          0.0811     2.1366     79         104        110        117        125        131        168       
1150       58200      58200      163.34     69.89      0.4279     38.69      0.21       0.21       0.26       0          41.55      23         63         0          0          0.0811     2.1366     79         104        110        117        125        131        168       
1151       58200      58200      163.36     70.67      0.4326     38.72      0.20       0.21       0.26       0          41.55      23         63         0          0          0.0811     2.1366     79         104        110        117        125        131        168       
1152       58200      58200      163.35     70.65      0.4325     38.68      0.21       0.21       0.26       0          41.55      23         63         0          0          0.0811     2.1366     79         104        110        117        125        131        168       
1153       58200      58200      163.36     70.81      0.4334     38.60      0.21       0.21       0.26       0          41.55      23         63         0          0          0.0811     2.1366     79         104        110        117        125        131        168       
1154       58200      58200      163.35     70.01      0.4286     38.70      0.21       0.21       0.26       0          41.55      23         63         0          0          0.0811     2.1366     79         104        110        117        125        131        168       
1155       58200      58200      163.35     70.85      0.4337     38.68      0.21       0.21       0.26       0          41.55      23         63         0          0          0.0811     2.1366     79         104        110        117        125        131        168       
1156       58200      58200      163.36     70.08      0.4290     38.67      0.21       0.21       0.26       0          41.55      23         63         0          0          0.0811     2.1366     79         104        110        117        125        131        168       
1157       58200      58200      163.35     70.74      0.4331     38.69      0.21       0.21       0.26       0          41.55      23         63         0          0          0.0811     2.1366     79         104        110        117        125        131        168       
1158       58200      58200      163.35     70.86      0.4338     38.71      0.21       0.21       0.26       0          41.55      23         63         0          0          0.0811     2.1366     79         104        110        117        125        131        168       
1159       58200      58200      163.35     70.69      0.4327     38.70      0.21       0.21       0.26       0          41.55      23         63         0          0          0.0811     2.1366     79         104        110        117        125        131        168       
1160       58200      58200      163.36     70.67      0.4326     38.65      0.21       0.21       0.26       0          41.55      23         63         0          0          0.0811     2.1366     79         104        110        117        125        131        168       
1161       58200      58200      163.35     70.82      0.4336     38.69      0.21       0.21       0.26       0          41.55      23         63         0          0          0.0811     2.1366     79         104        110        117        125        131        168       
1162       58200      58200      163.35     69.58      0.4260     38.72      0.21       0.21       0.26       0          41.55      23         63         0          0          0.0811     2.1366     79         104        110        117        125        131        168       
1163       58200      58200      163.34     70.91      0.4341     38.75      0.21       0.21       0.26       0          41.55      23         63         0          0          0.0811     2.1366     79         104        110        117        125        131        168       
1164       58200      58200      163.35     70.06      0.4289     38.79      0.21       0.21       0.26       0          41.55      23         63         0          0          0.0811     2.1366     79         104        110        117        125        131        168       
1165       58200      58200      163.35     70.87      0.4339     38.70      0.21       0.21       0.26       0          41.55      23         63         0          0          0.0811     2.1366     79         104        110        117        125        131        168       
1166       58200      58200      163.36     70.86      0.4338     38.67      0.21       0.21       0.26       0          41.55      23         63         0          0          0.0811     2.1366     79         104        110        117        125        131        168       
1167       58200      58200      163.36     70.72      0.4329     38.76      0.21       0.21       0.26       0          41.55      23         63         0          0          0.0811     2.1366     79         104        110        117        125        131        168       
1168       58200      58200      163.34     70.30      0.4304     38.75      0.21       0.21       0.26       0          41.55      23         63         0          0          0.0811     2.1366     79         104        110        117        125        131        168       
1169       58200      58200      163.34     70.49      0.4315     38.68      0.21       0.21       0.26       0          41.55      23         63         0          0          0.0811     2.1366     79         104        110        117        125        131        168       
1170       58200      58200      163.35     70.73      0.4330     38.75      0.21       0.21       0.26       0          41.55      23         63         0          0          0.0811     2.1366     79         104        110        117        125        131        168       
1171       58200      58200      163.35     70.54      0.4318     38.71      0.21       0.21       0.26       0          41.55      23         63         0          0          0.0811     2.1366     79         104        110        117        125        131        168       
1172       58200      58200      163.35     69.37      0.4246     38.59      0.21       0.21       0.26       0          41.55      23         63         0          0          0.0811     2.1366     79         104        110        117        125        131        168       
1173       58200      58200      163.35     71.80      0.4395     38.70      0.21       0.21       0.26       0          41.55      23         63         0          0          0.0811     2.1366     79         104        110        117        125        131        168       
1174       58200      58200      163.35     70.76      0.4332     38.75      0.21       0.21       0.26       0          41.55      23         63         0          0          0.0811     2.1366     79         104        110        117        125        131        168       
1175       58200      58200      163.35     71.02      0.4348     38.75      0.21       0.21       0.26       0          41.55      23         63         0          0          0.0811     2.1366     79         104        110        117        125        131        168       
1176       58200      58200      163.35     70.42      0.4311     38.73      0.21       0.21       0.26       0          41.55      23         63         0          0          0.0811     2.1366     79         104        110        117        125        131        168       
1177       58200      58200      163.35     70.30      0.4304     38.78      0.22       0.21       0.26       0          41.55      23         63         0          0          0.0811     2.1366     79         104        110        117        125        131        168       
1178       58200      58200      163.35     70.48      0.4314     38.74      0.21       0.21       0.26       0          41.55      23         63         0          0          0.0811     2.1366     79         104        110        117        125        131        168       
1179       58200      58200      163.34     70.25      0.4301     38.70      0.21       0.21       0.26       0          41.55      23         63         0          0          0.0811     2.1366     79         104        110        117        125        131        168       
1180       58200      58200      163.35     70.72      0.4329     38.82      0.21       0.21       0.26       0          41.55      23         63         0          0          0.0811     2.1366     79         104        110        117        125        131        168       
1181       58200      58200      163.35     71.71      0.4390     38.77      0.21       0.21       0.26       0          41.55      23         63         0          0          0.0811     2.1366     79         104        110        117        125        131        168       
1182       58200      58200      163.35     70.61      0.4323     38.72      0.21       0.21       0.26       0          41.55      23         63         0          0          0.0811     2.1366     79         104        110        117        125        131        168       
1183       58200      58200      163.35     71.11      0.4353     38.73      0.21       0.21       0.26       0          41.55      23         63         0          0          0.0811     2.1366     79         104        110        117        125        131        168       
1184       58200      58200      163.35     70.01      0.4286     38.74      0.21       0.21       0.26       0          41.55      23         63         0          0          0.0811     2.1366     79         104        110        117        125        131        168       
1185       58200      58200      163.34     72.02      0.4409     38.72      0.21       0.21       0.26       0          41.55      23         63         0          0          0.0811     2.1366     79         104        110        117        125        131        168       
1186       58200      58200      163.35     70.30      0.4304     38.77      0.21       0.21       0.26       0          41.55      23         63         0          0          0.0811     2.1366     79         104        110        117        125        131        168       
1187       58200      58200      163.35     71.55      0.4380     38.75      0.21       0.21       0.26       0          41.55      23         63         0          0          0.0811     2.1366     79         104        110        117        125        131        168       
1188       58200      58200      163.34     70.12      0.4293     38.82      0.21       0.21       0.26       0          41.55      23         63         0          0          0.0811     2.1366     79         104        110        117        125        131        168       
1189       58200      58200      163.35     71.41      0.4372     38.77      0.22       0.21       0.26       0          41.55      23         63         0          0          0.0811     2.1366     79         104        110        117        125        131        168       
1190       58200      58200      163.35     70.87      0.4338     38.89      0.22       0.21       0.26       0          41.55      23         63         0          0          0.0811     2.1366     79         104        110        117        125        131        168       
1191       58200      58200      163.35     70.73      0.4330     38.87      0.21       0.21       0.26       0          41.55      23         63         0          0          0.0811     2.1366     79         104        110        117        125        131        168       
1192       58200      58200      163.34     71.83      0.4398     38.84      0.21       0.21       0.26       0          41.55      23         63         0          0          0.0811     2.1366     79         104        110        117        125        131        168       
1193       58200      58200      163.34     71.11      0.4353     38.89      0.21       0.21       0.26       0          41.55      23         63         0          0          0.0811     2.1366     79         104        110        117        125        131        168       
1194       58200      58200      163.35     70.94      0.4343     38.95      0.22       0.21       0.26       0          41.55      23         63         0          0          0.0811     2.1366     79         104        110        117        125        131        168       
1195       58200      58200      163.34     70.13      0.4294     38.91      0.22       0.21       0.26       0          41.55      23         63         0          0          0.0811     2.1366     79         104        110        117        125        131        168       
1196       58200      58200      163.35     70.86      0.4338     38.88      0.22       0.21       0.26       0          41.55      23         63         0          0          0.0811     2.1366     79         104        110        117        125        131        168       
1197       58200      58200      163.35     71.19      0.4358     38.84      0.22       0.21       0.26       0          41.55      23         63         0          0          0.0811     2.1366     79         104        110        117        125        131        168       
1198       58200      58200      163.35     71.26      0.4362     38.94      0.21       0.21       0.26       0          41.55      23         63         0          0          0.0811     2.1366     79         104        110        117        125        131        168       
1199       58200      58200      163.35     71.14      0.4355     38.87      0.22       0.21       0.26       0          41.55      23         63         0          0          0.0811     2.1366     79         104        110        117        125        131        168       
1200       58200      58200      163.35     69.70      0.4267     38.93      0.22       0.21       0.26       0          41.55      23         63         0          0          0.0811     2.1366     79         104        110        117        125        131        168       
1201       58200      58200      163.35     70.82      0.4335     38.92      0.22       0.21       0.26       0          41.55      23         63         0          0          0.0811     2.1366     79         104        110        117        125        131        168       
1202       58200      58200      163.35     70.67      0.4327     38.94      0.21       0.21       0.26       0          41.55      23         63         0          0          0.0811     2.1366     79         104        110        117        125        131        168       
1203       58200      58200      163.35     70.48      0.4315     38.87      0.21       0.21       0.26       0          41.55      23         63         0          0          0.0811     2.1366     79         104        110        117        125        131        168       
1204       58200      58200      163.35     70.48      0.4315     38.86      0.22       0.21       0.26       0          41.55      23         63         0          0          0.0811     2.1366     79         104        110        117        125        131        168       
1205       58200      58200      163.35     71.36      0.4368     38.84      0.22       0.21       0.26       0          41.55      23         63         0          0          0.0811     2.1366     79         104        110        117        125        131        168       
1206       58200      58200      163.34     72.18      0.4419     38.94      0.21       0.21       0.26       0          41.55      23         63         0          0          0.0811     2.1366     79         104        110        117        125        131        168       
1207       58200      58200      163.35     70.91      0.4341     38.90      0.21       0.21       0.26       0          41.55      23         63         0          0          0.0811     2.1366     79         104        110        117        125        131        168       
1208       58200      58200      163.35     71.72      0.4391     38.96      0.22       0.21       0.26       0          41.55      23         63         0          0          0.0811     2.1366     79         104        110        117        125        131        168       
1209       58200      58200      163.35     72.23      0.4422     38.96      0.21       0.21       0.26       0          41.55      23         63         0          0          0.0811     2.1366     79         104        110        117        125        131        168       
1210       58200      58200      163.35     69.99      0.4285     38.93      0.22       0.21       0.26       0          41.55      23         63         0          0          0.0811     2.1366     79         104        110        117        125        131        168       
1211       58200      58200      163.34     70.83      0.4337     38.90      0.21       0.21       0.26       0          41.55      23         63         0          0          0.0811     2.1366     79         104        110        117        125        131        168       
1212       58200      58200      163.35     70.59      0.4321     38.89      0.21       0.21       0.26       0          41.55      23         63         0          0          0.0811     2.1366     79         104        110        117        125        131        168       
1213       58200      58200      163.35     71.29      0.4365     38.97      0.21       0.21       0.26       0          41.55      23         63         0          0          0.0811     2.1366     79         104        110        117        125        131        168       
1214       58200      58200      163.34     70.61      0.4323     38.90      0.21       0.21       0.26       0          41.55      23         63         0          0          0.0811     2.1366     79         104        110        117        125        131        168       
1215       58200      58200      163.35     71.53      0.4379     38.96      0.22       0.21       0.26       0          41.55      23         63         0          0          0.0811     2.1366     79         104        110        117        125        131        168       
1216       58200      58200      163.35     71.51      0.4378     38.94      0.22       0.21       0.26       0          41.55      23         63         0          0          0.0811     2.1366     79         104        110        117        125        131        168       
1217       58200      58200      163.35     71.13      0.4355     38.93      0.22       0.21       0.26       0          41.55      23         63         0          0          0.0811     2.1366     79         104        110        117        125        131        168       
1218       58200      58200      163.34     71.52      0.4378     38.96      0.21       0.21       0.26       0          41.55      23         63         0          0          0.0811     2.1366     79         104        110        117        125        131        168       
1219       58200      58200      163.35     71.11      0.4353     38.98      0.22       0.22       0.26       0          41.55      23         63         0          0          0.0811     2.1366     79         104        110        117        125        131        168       
1220       58200      58200      163.34     71.18      0.4358     38.99      0.21       0.21       0.26       0          41.55      23         63         0          0          0.0811     2.1366     79         104        110        117        125        131        168       
1221       58200      58200      163.35     70.80      0.4334     38.94      0.22       0.21       0.26       0          41.55      23         63         0          0          0.0811     2.1366     79         104        110        117        125        131        168       
1222       58200      58200      163.34     70.85      0.4338     38.99      0.21       0.21       0.26       0          41.55      23         63         0          0          0.0811     2.1366     79         104        110        117        125        131        168       
1223       58200      58200      163.35     70.78      0.4333     38.96      0.21       0.21       0.26       0          41.55      23         63         0          0          0.0811     2.1366     79         104        110        117        125        131        168       
1224       58200      58200      163.35     70.38      0.4308     38.93      0.21       0.21       0.26       0          41.55      23         63         0          0          0.0811     2.1366     79         104        110        117        125        131        168       
1225       58200      58200      163.35     72.16      0.4418     39.00      0.21       0.21       0.26       0          41.55      23         63         0          0          0.0811     2.1366     79         104        110        117        125        131        168       
1226       58200      58200      163.34     70.60      0.4322     38.94      0.21       0.21       0.26       0          41.55      23         63         0          0          0.0811     2.1366     79         104        110        117        125        131        168       
1227       58200      58200      163.35     71.42      0.4373     38.92      0.21       0.21       0.26       0          41.55      23         63         0          0          0.0811     2.1366     79         104        110        117        125        131        168       
1228       58200      58200      163.35     71.06      0.4350     38.91      0.21       0.21       0.26       0          41.55      23         63         0          0          0.0811     2.1366     79         104        110        117        125        131        168       
1229       58200      58200      163.35     70.18      0.4296     38.90      0.21       0.21       0.26       0          41.55      23         63         0          0          0.0811     2.1366     79         104        110        117        125        131        168       
1230       58200      58200      163.35     71.55      0.4380     38.97      0.22       0.21       0.26       0          41.55      23         63         0          0          0.0811     2.1366     79         104        110        117        125        131        168       
1231       58200      58200      163.34     71.50      0.4378     39.03      0.22       0.21       0.26       0          41.55      23         63         0          0          0.0811     2.1366     79         104        110        117        125        131        168       
1232       58200      58200      163.34     70.53      0.4318     39.08      0.21       0.22       0.26       0          41.55      23         63         0          0          0.0811     2.1366     79         104        110        117        125        131        168       
1233       58200      58200      163.34     71.85      0.4399     38.95      0.21       0.21       0.26       0          41.55      23         63         0          0          0.0811     2.1366     79         104        110        117        125        131        168       
1234       58200      58200      163.35     71.86      0.4399     39.04      0.22       0.21       0.26       0          41.55      23         63         0          0          0.0811     2.1366     79         104        110        117        125        131        168       
1235       58200      58200      163.36     72.07      0.4411     39.11      0.22       0.22       0.26       0          41.55      23         63         0          0          0.0811     2.1366     79         104        110        117        125        131        168       
1236       58200      58200      163.35     71.45      0.4374     39.13      0.22       0.22       0.26       0          41.55      23         63         0          0          0.0811     2.1366     79         104        110        117        125        131        168       
1237       58200      58200      163.35     71.03      0.4348     39.07      0.22       0.22       0.26       0          41.55      23         63         0          0          0.0811     2.1366     79         104        110        117        125        131        168       
1238       58200      58200      163.34     72.09      0.4413     39.11      0.22       0.22       0.26       0          41.55      23         63         0          0          0.0811     2.1366     79         104        110        117        125        131        168       
1239       58200      58200      163.35     71.31      0.4366     38.99      0.22       0.22       0.26       0          41.55      23         63         0          0          0.0811     2.1366     79         104        110        117        125        131        168       
1240       58200      58200      163.34     71.98      0.4407     39.06      0.21       0.22       0.26       0          41.55      23         63         0          0          0.0811     2.1366     79         104        110        117        125        131        168       
1241       58200      58200      163.34     71.30      0.4365     39.04      0.22       0.22       0.26       0          41.55      23         63         0          0          0.0811     2.1366     79         104        110        117        125        131        168       
1242       58200      58200      163.35     70.68      0.4327     39.07      0.21       0.22       0.26       0          41.55      23         63         0          0          0.0811     2.1366     79         104        110        117        125        131        168       
1243       58200      58200      163.35     71.01      0.4347     38.95      0.22       0.22       0.26       0          41.55      23         63         0          0          0.0811     2.1366     79         104        110        117        125        131        168       
1244       58200      58200      163.35     71.05      0.4350     38.99      0.22       0.22       0.26       0          41.55      23         63         0          0          0.0811     2.1366     79         104        110        117        125        131        168       
1245       58200      58200      163.35     71.28      0.4363     39.07      0.22       0.22       0.26       0          41.55      23         63         0          0          0.0811     2.1366     79         104        110        117        125        131        168       
1246       58200      58200      163.35     70.93      0.4342     39.08      0.22       0.22       0.26       0          41.55      23         63         0          0          0.0811     2.1366     79         104        110        117        125        131        168       
1247       58200      58200      163.35     71.77      0.4394     39.04      0.21       0.21       0.26       0          41.55      23         63         0          0          0.0811     2.1366     79         104        110        117        125        131        168       
1248       58200      58200      163.35     71.30      0.4365     39.12      0.22       0.22       0.26       0          41.55      23         63         0          0          0.0811     2.1366     79         104        110        117        125        131        168       
1249       58200      58200      163.35     70.69      0.4328     39.08      0.22       0.22       0.26       0          41.55      23         63         0          0          0.0811     2.1366     79         104        110        117        125        131        168       
1250       58200      58200      163.35     71.38      0.4370     39.09      0.22       0.22       0.26       0          41.55      23         63         0          0          0.0811     2.1366     79         104        110        117        125        131        168       
1251       58200      58200      163.34     71.55      0.4381     39.12      0.22       0.22       0.26       0          41.55      23         63         0          0          0.0811     2.1366     79         104        110        117        125        131        168       
1252       58200      58200      163.35     70.97      0.4345     39.02      0.21       0.22       0.26       0          41.55      23         63         0          0          0.0811     2.1366     79         104        110        117        125        131        168       
1253       58200      58200      163.35     72.03      0.4410     39.07      0.22       0.22       0.26       0          41.55      23         63         0          0          0.0811     2.1366     79         104        110        117        125        131        168       
1254       58200      58200      163.35     70.01      0.4286     39.06      0.21       0.22       0.26       0          41.55      23         63         0          0          0.0811     2.1366     79         104        110        117        125        131        168       
1255       58200      58200      163.34     70.21      0.4299     38.97      0.22       0.22       0.26       0          41.55      23         63         0          0          0.0811     2.1366     79         104        110        117        125        131        168       
1256       58200      58200      163.35     71.01      0.4347     39.07      0.21       0.22       0.26       0          41.55      23         63         0          0          0.0811     2.1366     79         104        110        117        125        131        168       
1257       58200      58200      163.34     71.25      0.4362     39.06      0.22       0.22       0.26       0          41.55      23         63         0          0          0.0811     2.1366     79         104        110        117        125        131        168       
1258       58200      58200      163.35     71.14      0.4355     39.06      0.22       0.22       0.26       0          41.55      23         63         0          0          0.0811     2.1366     79         104        110        117        125        131        168       
1259       58200      58200      163.35     70.08      0.4290     38.99      0.22       0.22       0.26       0          41.55      23         63         0          0          0.0811     2.1366     79         104        110        117        125        131        168       
1260       58200      58200      163.35     71.91      0.4402     39.04      0.22       0.22       0.26       0          41.55      23         63         0          0          0.0811     2.1366     79         104        110        117        125        131        168       
1261       58200      58200      163.34     72.61      0.4445     38.98      0.22       0.21       0.26       0          41.55      23         63         0          0          0.0811     2.1366     79         104        110        117        125        131        168       
1262       58200      58200      163.35     70.40      0.4310     39.04      0.22       0.22       0.26       0          41.55      23         63         0          0          0.0811     2.1366     79         104        110        117        125        131        168       
1263       58200      58200      163.35     70.98      0.4345     39.03      0.22       0.22       0.26       0          41.55      23         63         0          0          0.0811     2.1366     79         104        110        117        125        131        168       
1264       58200      58200      163.34     71.03      0.4349     39.07      0.22       0.22       0.26       0          41.55      23         63         0          0          0.0811     2.1366     79         104        110        117        125        131        168       
1265       58200      58200      163.35     70.77      0.4333     39.04      0.21       0.22       0.26       0          41.55      23         63         0          0          0.0811     2.1366     79         104        110        117        125        131        168       
1266       58200      58200      163.34     70.85      0.4338     39.02      0.22       0.22       0.26       0          41.55      23         63         0          0          0.0811     2.1366     79         104        110        117        125        131        168       
1267       58200      58200      163.35     72.12      0.4415     39.09      0.22       0.22       0.26       0          41.55      23         63         0          0          0.0811     2.1366     79         104        110        117        125        131        168       
1268       58200      58200      163.34     70.71      0.4329     39.08      0.22       0.22       0.26       0          41.55      23         63         0          0          0.0811     2.1366     79         104        110        117        125        131        168       
1269       58200      58200      163.35     70.47      0.4314     39.10      0.22       0.22       0.26       0          41.55      23         63         0          0          0.0811     2.1366     79         104        110        117        125        131        168       
1270       58200      58200      163.34     71.07      0.4351     39.18      0.22       0.22       0.26       0          41.55      23         63         0          0          0.0811     2.1366     79         104        110        117        125        131        168       
1271       58200      58200      163.36     71.49      0.4376     39.18      0.22       0.22       0.26       0          41.55      23         63         0          0          0.0811     2.1366     79         104        110        117        125        131        168       
1272       58200      58200      163.34     71.07      0.4351     39.11      0.22       0.22       0.26       0          41.55      23         63         0          0          0.0811     2.1366     79         104        110        117        125        131        168       
1273       58200      58200      163.35     71.28      0.4364     39.00      0.21       0.21       0.26       0          41.55      23         63         0          0          0.0811     2.1366     79         104        110        117        125        131        168       
1274       58200      58200      163.34     71.99      0.4407     39.12      0.22       0.22       0.26       0          41.55      23         63         0          0          0.0811     2.1366     79         104        110        117        125        131        168       
1275       58200      58200      163.36     71.23      0.4361     39.09      0.22       0.22       0.26       0          41.55      23         63         0          0          0.0811     2.1366     79         104        110        117        125        131        168       
1276       58200      58200      163.35     71.14      0.4355     39.06      0.21       0.22       0.26       0          41.55      23         63         0          0          0.0811     2.1366     79         104        110        117        125        131        168       
1277       58200      58200      163.36     69.90      0.4279     39.05      0.22       0.22       0.26       0          41.55      23         63         0          0          0.0811     2.1366     79         104        110        117        125        131        168       
1278       58200      58200      163.35     71.26      0.4363     39.15      0.21       0.22       0.26       0          41.55      23         63         0          0          0.0811     2.1366     79         104        110        117        125        131        168       
1279       58200      58200      163.35     71.50      0.4377     39.03      0.22       0.22       0.26       0          41.55      23         63         0          0          0.0811     2.1366     79         104        110        117        125        131        168       
1280       58200      58200      163.34     71.50      0.4377     39.06      0.22       0.22       0.26       0          41.55      23         63         0          0          0.0811     2.1366     79         104        110        117        125        131        168       
1281       58200      58200      163.35     70.70      0.4328     39.11      0.22       0.22       0.26       0          41.55      23         63         0          0          0.0811     2.1366     79         104        110        117        125        131        168       
1282       58200      58200      163.35     71.54      0.4380     39.10      0.21       0.22       0.26       0          41.55      23         63         0          0          0.0811     2.1366     79         104        110        117        125        131        168       
1283       58200      58200      163.35     71.37      0.4369     39.10      0.22       0.22       0.26       0          41.55      23         63         0          0          0.0811     2.1366     79         104        110        117        125        131        168       
1284       58200      58200      163.34     71.04      0.4349     39.11      0.22       0.22       0.26       0          41.55      23         63         0          0          0.0811     2.1366     79         104        110        117        125        131        168       
1285       58200      58200      163.35     71.72      0.4391     39.12      0.21       0.22       0.26       0          41.55      23         63         0          0          0.0811     2.1366     79         104        110        117        125        131        168       
1286       58200      58200      163.35     70.84      0.4337     39.02      0.21       0.22       0.26       0          41.55      23         63         0          0          0.0811     2.1366     79         104        110        117        125        131        168       
1287       58200      58200      163.35     71.27      0.4363     39.10      0.22       0.22       0.26       0          41.55      23         63         0          0          0.0811     2.1366     79         104        110        117        125        131        168       
1288       58200      58200      163.36     70.65      0.4325     39.10      0.22       0.22       0.26       0          41.55      23         63         0          0          0.0811     2.1366     79         104        110        117        125        131        168       
1289       58200      58200      163.34     72.09      0.4413     39.18      0.22       0.22       0.26       0          41.55      23         63         0          0          0.0811     2.1366     79         104        110        117        125        131        168       
1290       58200      58200      163.34     71.06      0.4350     39.07      0.22       0.22       0.26       0          41.55      23         63         0          0          0.0811     2.1366     79         104        110        117        125        131        168       
1291       58200      58200      163.35     71.52      0.4378     39.09      0.22       0.22       0.26       0          41.55      23         63         0          0          0.0811     2.1366     79         104        110        117        125        131        168       
1292       58200      58200      163.34     70.77      0.4332     39.15      0.22       0.22       0.26       0          41.55      23         63         0          0          0.0811     2.1366     79         104        110        117        125        131        168       
1293       58200      58200      163.35     71.26      0.4363     39.09      0.22       0.22       0.26       0          41.55      23         63         0          0          0.0811     2.1366     79         104        110        117        125        131        168       
1294       58200      58200      163.35     70.62      0.4323     39.13      0.22       0.22       0.26       0          41.55      23         63         0          0          0.0811     2.1366     79         104        110        117        125        131        168       
1295       58200      58200      163.35     70.61      0.4323     39.15      0.22       0.22       0.26       0          41.55      23         63         0          0          0.0811     2.1366     79         104        110        117        125        131        168       
1296       58200      58200      163.35     71.82      0.4397     39.08      0.22       0.22       0.26       0          41.55      23         63         0          0          0.0811     2.1366     79         104        110        117        125        131        168       
1297       58200      58200      163.34     72.33      0.4428     39.12      0.22       0.22       0.26       0          41.55      23         63         0          0          0.0811     2.1366     79         104        110        117        125        131        168       
1298       58200      58200      163.35     71.15      0.4356     39.13      0.22       0.22       0.26       0          41.55      23         63         0          0          0.0811     2.1366     79         104        110        117        125        131        168       
1299       58200      58200      163.36     70.56      0.4319     39.16      0.22       0.22       0.26       0          41.55      23         63         0          0          0.0811     2.1366     79         104        110        117        125        131        168       
1300       58200      58200      163.35     70.63      0.4324     39.13      0.22       0.22       0.26       0          41.55      23         63         0          0          0.0811     2.1366     79         104        110        117        125        131        168       
1301       58200      58200      163.34     70.96      0.4344     39.11      0.22       0.22       0.26       0          41.55      23         63         0          0          0.0811     2.1366     79         104        110        117        125        131        168       
1302       58200      58200      163.34     71.06      0.4350     39.11      0.22       0.22       0.26       0          41.55      23         63         0          0          0.0811     2.1366     79         104        110        117        125        131        168       
1303       58200      58200      163.35     70.75      0.4331     39.11      0.22       0.22       0.26       0          41.55      23         63         0          0          0.0811     2.1366     79         104        110        117        125        131        168       
1304       58200      58200      163.34     71.65      0.4386     39.22      0.22       0.22       0.26       0          41.55      23         63         0          0          0.0811     2.1366     79         104        110        117        125        131        168       
1305       58200      58200      163.35     71.17      0.4357     39.11      0.22       0.22       0.26       0          41.55      23         63         0          0          0.0811     2.1366     79         104        110        117        125        131        168       
1306       58200      58200      163.35     70.15      0.4294     39.11      0.21       0.22       0.26       0          41.55      23         63         0          0          0.0811     2.1366     79         104        110        117        125        131        168       
1307       58200      58200      163.35     71.41      0.4371     39.13      0.22       0.22       0.26       0          41.55      23         63         0          0          0.0811     2.1366     79         104        110        117        125        131        168       
1308       58200      58200      163.36     71.41      0.4371     39.19      0.22       0.22       0.26       0          41.55      23         63         0          0          0.0811     2.1366     79         104        110        117        125        131        168       
1309       58200      58200      163.34     71.02      0.4348     39.18      0.21       0.22       0.26       0          41.55      23         63         0          0          0.0811     2.1366     79         104        110        117        125        131        168       
1310       58200      58200      163.35     72.07      0.4412     39.17      0.22       0.22       0.26       0          41.55      23         63         0          0          0.0811     2.1366     79         104        110        117        125        131        168       
1311       58200      58200      163.35     70.86      0.4338     39.23      0.22       0.22       0.26       0          41.55      23         63         0          0          0.0811     2.1366     79         104        110        117        125        131        168       
1312       58200      58200      163.35     72.62      0.4446     39.22      0.22       0.22       0.26       0          41.55      23         63         0          0          0.0811     2.1366     79         104        110        117        125        131        168       
1313       58200      58200      163.35     71.14      0.4355     39.25      0.22       0.22       0.26       0          41.55      23         63         0          0          0.0811     2.1366     79         104        110        117        125        131        168       
1314       58200      58200      163.35     71.92      0.4403     39.30      0.22       0.22       0.26       0          41.55      23         63         0          0          0.0811     2.1366     79         104        110        117        125        131        168       
1315       58200      58200      163.35     71.60      0.4383     39.21      0.22       0.22       0.26       0          41.55      23         63         0          0          0.0811     2.1366     79         104        110        117        125        131        168       
1316       58200      58200      163.36     70.69      0.4327     39.19      0.22       0.22       0.26       0          41.55      23         63         0          0          0.0811     2.1366     79         104        110        117        125        131        168       
1317       58200      58200      163.36     71.07      0.4351     39.20      0.22       0.22       0.26       0          41.55      23         63         0          0          0.0811     2.1366     79         104        110        117        125        131        168       
1318       58200      58200      163.35     71.04      0.4349     39.24      0.22       0.22       0.26       0          41.55      23         63         0          0          0.0811     2.1366     79         104        110        117        125        131        168       
1319       58200      58200      163.35     71.96      0.4405     39.21      0.22       0.22       0.26       0          41.55      23         63         0          0          0.0811     2.1366     79         104        110        117        125        131        168       
1320       58200      58200      163.35     72.27      0.4424     39.18      0.22       0.22       0.26       0          41.55      23         63         0          0          0.0811     2.1366     79         104        110        117        125        131        168       
1321       58200      58200      163.34     71.61      0.4384     39.23      0.22       0.22       0.26       0          41.55      23         63         0          0          0.0811     2.1366     79         104        110        117        125        131        168       
1322       58200      58200      163.34     70.18      0.4297     39.18      0.22       0.22       0.26       0          41.55      23         63         0          0          0.0811     2.1366     79         104        110        117        125        131        168       
1323       58200      58200      163.35     70.50      0.4316     39.14      0.22       0.22       0.26       0          41.55      23         63         0          0          0.0811     2.1366     79         104        110        117        125        131        168       
1324       58200      58200      163.34     71.16      0.4357     39.19      0.21       0.22       0.26       0          41.55      23         63         0          0          0.0811     2.1366     79         104        110        117        125        131        168       
1325       58200      58200      163.35     70.64      0.4325     39.19      0.22       0.22       0.26       0          41.55      23         63         0          0          0.0811     2.1366     79         104        110        117        125        131        168       
1326       58200      58200      163.35     71.45      0.4374     39.18      0.21       0.22       0.26       0          41.55      23         63         0          0          0.0811     2.1366     79         104        110        117        125        131        168       
1327       58200      58200      163.34     72.19      0.4420     39.26      0.21       0.22       0.26       0          41.55      23         63         0          0          0.0811     2.1366     79         104        110        117        125        131        168       
1328       58200      58200      163.34     71.14      0.4355     39.21      0.22       0.22       0.26       0          41.55      23         63         0          0          0.0811     2.1366     79         104        110        117        125        131        168       
1329       58200      58200      163.34     72.25      0.4423     39.26      0.22       0.22       0.26       0          41.55      23         63         0          0          0.0811     2.1366     79         104        110        117        125        131        168       
1330       58200      58200      163.35     71.26      0.4363     39.30      0.22       0.22       0.26       0          41.55      23         63         0          0          0.0811     2.1366     79         104        110        117        125        131        168       
1331       58200      58200      163.35     71.64      0.4386     39.34      0.22       0.22       0.26       0          41.55      23         63         0          0          0.0811     2.1366     79         104        110        117        125        131        168       
1332       58200      58200      163.34     72.10      0.4414     39.29      0.22       0.22       0.26       0          41.55      23         63         0          0          0.0811     2.1366     79         104        110        117        125        131        168       
1333       58200      58200      163.34     71.63      0.4385     39.37      0.22       0.22       0.26       0          41.55      23         63         0          0          0.0811     2.1366     79         104        110        117        125        131        168       
1334       58200      58200      163.34     71.41      0.4372     39.36      0.22       0.22       0.26       0          41.55      23         63         0          0          0.0811     2.1366     79         104        110        117        125        131        168       
1335       58200      58200      163.35     72.07      0.4412     39.30      0.22       0.22       0.26       0          41.55      23         63         0          0          0.0811     2.1366     79         104        110        117        125        131        168       
1336       58200      58200      163.35     73.35      0.4491     39.36      0.22       0.22       0.26       0          41.55      23         63         0          0          0.0811     2.1366     79         104        110        117        125        131        168       
1337       58200      58200      163.34     71.68      0.4388     39.38      0.22       0.22       0.26       0          41.55      23         63         0          0          0.0811     2.1366     79         104        110        117        125        131        168       
1338       58200      58200      163.34     72.13      0.4416     39.39      0.23       0.22       0.26       0          41.55      23         63         0          0          0.0811     2.1366     79         104        110        117        125        131        168       
1339       58200      58200      163.34     71.95      0.4405     39.42      0.22       0.22       0.26       0          41.55      23         63         0          0          0.0811     2.1366     79         104        110        117        125        131        168       
1340       58200      58200      163.34     72.01      0.4409     39.45      0.23       0.22       0.26       0          41.55      23         63         0          0          0.0811     2.1366     79         104        110        117        125        131        168       
1341       58200      58200      163.35     71.03      0.4348     39.44      0.22       0.22       0.26       0          41.55      23         63         0          0          0.0810     2.1366     79         104        110        117        125        131        168       
1342       58200      58200      163.34     71.59      0.4383     39.40      0.22       0.22       0.26       0          41.55      23         63         0          0          0.0810     2.1366     79         104        110        117        125        131        168       
1343       58200      58200      163.35     72.31      0.4427     39.32      0.23       0.22       0.26       0          41.55      23         63         0          0          0.0810     2.1366     79         104        110        117        125        131        168       
1344       58200      58200      163.35     70.89      0.4339     39.35      0.22       0.22       0.26       0          41.55      23         63         0          0          0.0810     2.1366     79         104        110        117        125        131        168       
1345       58200      58200      163.35     71.79      0.4395     39.34      0.22       0.22       0.26       0          41.55      23         63         0          0          0.0810     2.1366     79         104        110        117        125        131        168       
1346       58200      58200      163.34     72.33      0.4428     39.33      0.22       0.22       0.26       0          41.55      23         63         0          0          0.0810     2.1366     79         104        110        117        125        131        168       
1347       58200      58200      163.34     71.87      0.4400     39.38      0.23       0.22       0.26       0          41.55      23         63         0          0          0.0810     2.1366     79         104        110        117        125        131        168       
1348       58200      58200      163.35     70.66      0.4326     39.29      0.22       0.22       0.26       0          41.55      23         63         0          0          0.0810     2.1366     79         104        110        117        125        131        168       
1349       58200      58200      163.35     70.98      0.4345     39.32      0.22       0.22       0.26       0          41.55      23         63         0          0          0.0810     2.1366     79         104        110        117        125        131        168       
1350       58200      58200      163.34     71.39      0.4371     39.32      0.23       0.22       0.26       0          41.55      23         63         0          0          0.0810     2.1366     79         104        110        117        125        131        168       
1351       58200      58200      163.35     71.10      0.4352     39.31      0.22       0.22       0.26       0          41.55      23         63         0          0          0.0810     2.1366     79         104        110        117        125        131        168       
1352       58200      58200      163.34     71.90      0.4402     39.41      0.22       0.22       0.26       0          41.55      23         63         0          0          0.0810     2.1366     79         104        110        117        125        131        168       
1353       58200      58200      163.33     72.87      0.4461     39.32      0.22       0.22       0.26       0          41.55      23         63         0          0          0.0810     2.1366     79         104        110        117        125        131        168       
1354       58200      58200      163.34     71.96      0.4405     39.40      0.22       0.22       0.26       0          41.55      23         63         0          0          0.0810     2.1366     79         104        110        117        125        131        168       
1355       58200      58200      163.35     71.21      0.4359     39.44      0.22       0.22       0.26       0          41.55      23         63         0          0          0.0810     2.1366     79         104        110        117        125        131        168       
1356       58200      58200      163.35     71.89      0.4401     39.43      0.22       0.22       0.26       0          41.55      23         63         0          0          0.0810     2.1366     79         104        110        117        125        131        168       
1357       58200      58200      163.35     72.60      0.4444     39.45      0.22       0.22       0.26       0          41.55      23         63         0          0          0.0810     2.1366     79         104        110        117        125        131        168       
1358       58200      58200      163.34     73.64      0.4508     39.43      0.22       0.22       0.26       0          41.55      23         63         0          0          0.0810     2.1366     79         104        110        117        125        131        168       
1359       58200      58200      163.35     71.75      0.4392     39.53      0.22       0.22       0.26       0          41.55      23         63         0          0          0.0810     2.1366     79         104        110        117        125        131        168       
1360       58200      58200      163.34     71.65      0.4387     39.46      0.22       0.22       0.26       0          41.55      23         63         0          0          0.0810     2.1366     79         104        110        117        125        131        168       
1361       58200      58200      163.35     71.53      0.4379     39.41      0.22       0.22       0.26       0          41.55      23         63         0          0          0.0810     2.1366     79         104        110        117        125        131        168       
1362       58200      58200      163.34     71.43      0.4373     39.42      0.23       0.22       0.26       0          41.55      23         63         0          0          0.0810     2.1366     79         104        110        117        125        131        168       
1363       58200      58200      163.33     72.24      0.4423     39.41      0.22       0.22       0.26       0          41.55      23         63         0          0          0.0810     2.1366     79         104        110        117        125        131        168       
1364       58200      58200      163.34     72.14      0.4416     39.37      0.22       0.22       0.26       0          41.55      23         63         0          0          0.0810     2.1366     79         104        110        117        125        131        168       
1365       58200      58200      163.35     71.58      0.4382     39.39      0.22       0.22       0.26       0          41.55      23         63         0          0          0.0810     2.1366     79         104        110        117        125        131        168       
1366       58200      58200      163.34     71.66      0.4387     39.52      0.23       0.22       0.26       0          41.55      23         63         0          0          0.0810     2.1366     79         104        110        117        125        131        168       
1367       58200      58200      163.35     71.49      0.4376     39.45      0.22       0.22       0.26       0          41.55      23         63         0          0          0.0810     2.1366     79         104        110        117        125        131        168       
1368       58200      58200      163.34     71.75      0.4393     39.44      0.22       0.22       0.26       0          41.55      23         63         0          0          0.0810     2.1366     79         104        110        117        125        131        168       
1369       58200      58200      163.35     71.72      0.4391     39.40      0.22       0.22       0.26       0          41.55      23         63         0          0          0.0810     2.1366     79         104        110        117        125        131        168       
1370       58200      58200      163.35     72.46      0.4436     39.38      0.22       0.22       0.26       0          41.55      23         63         0          0          0.0810     2.1366     79         104        110        117        125        131        168       
1371       58200      58200      163.35     71.06      0.4350     39.37      0.22       0.22       0.26       0          41.55      23         63         0          0          0.0810     2.1366     79         104        110        117        125        131        168       
1372       58200      58200      163.35     70.85      0.4337     39.42      0.22       0.22       0.26       0          41.55      23         63         0          0          0.0810     2.1366     79         104        110        117        125        131        168       
1373       58200      58200      163.34     71.56      0.4381     39.44      0.22       0.22       0.26       0          41.55      23         63         0          0          0.0810     2.1366     79         104        110        117        125        131        168       
1374       58200      58200      163.34     71.99      0.4407     39.44      0.23       0.22       0.26       0          41.55      23         63         0          0          0.0810     2.1366     79         104        110        117        125        131        168       
1375       58200      58200      163.35     71.70      0.4389     39.43      0.23       0.22       0.26       0          41.55      23         63         0          0          0.0810     2.1366     79         104        110        117        125        131        168       
1376       58200      58200      163.34     72.44      0.4435     39.41      0.22       0.22       0.26       0          41.55      23         63         0          0          0.0810     2.1366     79         104        110        117        125        131        168       
1377       58200      58200      163.35     70.57      0.4320     39.38      0.23       0.22       0.26       0          41.55      23         63         0          0          0.0810     2.1366     79         104        110        117        125        131        168       
1378       58200      58200      163.35     71.72      0.4391     39.46      0.22       0.22       0.26       0          41.55      23         63         0          0          0.0810     2.1366     79         104        110        117        125        131        168       
1379       58200      58200      163.35     70.91      0.4341     39.42      0.22       0.22       0.26       0          41.55      23         63         0          0          0.0810     2.1366     79         104        110        117        125        131        168       
1380       58200      58200      163.35     71.58      0.4382     39.40      0.23       0.22       0.26       0          41.55      23         63         0          0          0.0810     2.1366     79         104        110        117        125        131        168       
1381       58200      58200      163.36     71.75      0.4392     39.46      0.22       0.22       0.26       0          41.55      23         63         0          0          0.0810     2.1366     79         104        110        117        125        131        168       
1382       58200      58200      163.34     71.70      0.4389     39.46      0.22       0.22       0.26       0          41.55      23         63         0          0          0.0810     2.1366     79         104        110        117        125        131        168       
1383       58200      58200      163.34     72.54      0.4441     39.40      0.22       0.22       0.26       0          41.55      23         63         0          0          0.0810     2.1366     79         104        110        117        125        131        168       
1384       58200      58200      163.35     72.25      0.4423     39.48      0.22       0.22       0.26       0          41.55      23         63         0          0          0.0810     2.1366     79         104        110        117        125        131        168       
1385       58200      58200      163.34     71.41      0.4371     39.48      0.22       0.22       0.26       0          41.55      23         63         0          0          0.0810     2.1366     79         104        110        117        125        131        168       
1386       58200      58200      163.35     71.55      0.4380     39.44      0.22       0.22       0.26       0          41.55      23         63         0          0          0.0810     2.1366     79         104        110        117        125        131        168       
1387       58200      58200      163.34     72.62      0.4446     39.44      0.22       0.22       0.26       0          41.55      23         63         0          0          0.0810     2.1366     79         104        110        117        125        131        168       
1388       58200      58200      163.35     72.32      0.4428     39.42      0.23       0.22       0.26       0          41.55      23         63         0          0          0.0810     2.1366     79         104        110        117        125        131        168       
1389       58200      58200      163.34     71.49      0.4377     39.49      0.22       0.22       0.26       0          41.55      23         63         0          0          0.0810     2.1366     79         104        110        117        125        131        168       
1390       58200      58200      163.34     72.10      0.4414     39.47      0.23       0.22       0.26       0          41.55      23         63         0          0          0.0810     2.1366     79         104        110        117        125        131        168       
1391       58200      58200      163.35     72.14      0.4416     39.49      0.23       0.22       0.26       0          41.55      23         63         0          0          0.0810     2.1366     79         104        110        117        125        131        168       
1392       58200      58200      163.35     71.58      0.4382     39.42      0.22       0.22       0.26       0          41.55      23         63         0          0          0.0810     2.1366     79         104        110        117        125        131        168       
1393       58200      58200      163.34     72.71      0.4451     39.48      0.23       0.22       0.26       0          41.55      23         63         0          0          0.0810     2.1366     79         104        110        117        125        131        168       
1394       58200      58200      163.34     71.63      0.4385     39.46      0.22       0.22       0.26       0          41.55      23         63         0          0          0.0810     2.1366     79         104        110        117        125        131        168       
1395       58200      58200      163.34     72.23      0.4422     39.56      0.23       0.22       0.26       0          41.55      23         63         0          0          0.0810     2.1366     79         104        110        117        125        131        168       
1396       58200      58200      163.33     71.69      0.4389     39.52      0.22       0.22       0.26       0          41.55      23         63         0          0          0.0810     2.1366     79         104        110        117        125        131        168       
1397       58200      58200      163.35     71.66      0.4387     39.45      0.22       0.22       0.26       0          41.55      23         63         0          0          0.0810     2.1366     79         104        110        117        125        131        168       
1398       58200      58200      163.35     71.84      0.4398     39.53      0.22       0.22       0.26       0          41.55      23         63         0          0          0.0810     2.1366     79         104        110        117        125        131        168       
1399       58200      58200      163.34     72.98      0.4468     39.57      0.23       0.22       0.26       0          41.55      23         63         0          0          0.0810     2.1366     79         104        110        117        125        131        168       
1400       58200      58200      163.34     72.11      0.4415     39.56      0.23       0.22       0.26       0          41.55      23         63         0          0          0.0810     2.1366     79         104        110        117        125        131        168       
1401       58200      58200      163.34     71.44      0.4374     39.59      0.23       0.22       0.26       0          41.55      23         63         0          0          0.0810     2.1366     79         104        110        117        125        131        168       
1402       58200      58200      163.35     71.17      0.4357     39.53      0.23       0.22       0.26       0          41.55      23         63         0          0          0.0810     2.1366     79         104        110        117        125        131        168       
1403       58200      58200      163.35     71.04      0.4349     39.55      0.23       0.22       0.26       0          41.55      23         63         0          0          0.0810     2.1366     79         104        110        117        125        131        168       
1404       58200      58200      163.35     71.65      0.4386     39.53      0.23       0.22       0.26       0          41.55      23         63         0          0          0.0810     2.1366     79         104        110        117        125        131        168       
1405       58200      58200      163.35     71.95      0.4405     39.51      0.23       0.22       0.26       0          41.55      23         63         0          0          0.0810     2.1366     79         104        110        117        125        131        168       
1406       58200      58200      163.35     72.26      0.4424     39.54      0.23       0.22       0.26       0          41.55      23         63         0          0          0.0810     2.1366     79         104        110        117        125        131        168       
1407       58200      58200      163.35     71.88      0.4400     39.62      0.23       0.23       0.26       0          41.55      23         63         0          0          0.0810     2.1366     79         104        110        117        125        131        168       
1408       58200      58200      163.34     71.71      0.4390     39.62      0.23       0.23       0.26       0          41.55      23         63         0          0          0.0810     2.1366     79         104        110        117        125        131        168       
1409       58200      58200      163.35     71.44      0.4373     39.58      0.23       0.22       0.26       0          41.55      23         63         0          0          0.0810     2.1366     79         104        110        117        125        131        168       
1410       58200      58200      163.35     71.40      0.4371     39.46      0.23       0.22       0.26       0          41.55      23         63         0          0          0.0810     2.1366     79         104        110        117        125        131        168       
1411       58200      58200      163.35     72.55      0.4441     39.48      0.22       0.22       0.26       0          41.55      23         63         0          0          0.0810     2.1366     79         104        110        117        125        131        168       
1412       58200      58200      163.34     71.49      0.4377     39.47      0.23       0.22       0.26       0          41.55      23         63         0          0          0.0810     2.1366     79         104        110        117        125        131        168       
1413       58200      58200      163.35     72.00      0.4408     39.50      0.23       0.22       0.26       0          41.55      23         63         0          0          0.0810     2.1366     79         104        110        117        125        131        168       
1414       58200      58200      163.35     71.19      0.4358     39.66      0.23       0.23       0.26       0          41.55      23         63         0          0          0.0810     2.1366     79         104        110        117        125        131        168       
1415       58200      58200      163.34     71.46      0.4375     39.54      0.23       0.22       0.26       0          41.55      23         63         0          0          0.0810     2.1366     79         104        110        117        125        131        168       
1416       58200      58200      163.34     71.76      0.4393     39.59      0.23       0.22       0.26       0          41.55      23         63         0          0          0.0810     2.1366     79         104        110        117        125        131        168       
1417       58200      58200      163.35     71.66      0.4387     39.60      0.23       0.22       0.26       0          41.55      23         63         0          0          0.0810     2.1366     79         104        110        117        125        131        168       
1418       58200      58200      163.34     71.99      0.4407     39.59      0.22       0.23       0.26       0          41.55      23         63         0          0          0.0810     2.1366     79         104        110        117        125        131        168       
1419       58200      58200      163.35     72.74      0.4453     39.56      0.22       0.22       0.26       0          41.55      23         63         0          0          0.0810     2.1366     79         104        110        117        125        131        168       
1420       58200      58200      163.35     71.36      0.4369     39.57      0.23       0.22       0.26       0          41.55      23         63         0          0          0.0810     2.1366     79         104        110        117        125        131        168       
1421       58200      58200      163.35     72.85      0.4460     39.56      0.23       0.22       0.26       0          41.55      23         63         0          0          0.0810     2.1366     79         104        110        117        125        131        168       
1422       58200      58200      163.34     72.53      0.4440     39.54      0.23       0.22       0.26       0          41.55      23         63         0          0          0.0810     2.1366     79         104        110        117        125        131        168       
1423       58200      58200      163.35     71.75      0.4392     39.59      0.22       0.23       0.26       0          41.55      23         63         0          0          0.0810     2.1366     79         104        110        117        125        131        168       
1424       58200      58200      163.34     71.59      0.4383     39.60      0.22       0.22       0.26       0          41.55      23         63         0          0          0.0810     2.1366     79         104        110        117        125        131        168       
1425       58200      58200      163.35     71.72      0.4391     39.67      0.22       0.23       0.26       0          41.55      23         63         0          0          0.0810     2.1366     79         104        110        117        125        131        168       
1426       58200      58200      163.35     72.52      0.4439     39.65      0.23       0.23       0.26       0          41.55      23         63         0          0          0.0810     2.1366     79         104        110        117        125        131        168       
1427       58200      58200      163.35     72.50      0.4439     39.60      0.23       0.23       0.26       0          41.55      23         63         0          0          0.0810     2.1366     79         104        110        117        125        131        168       
1428       58200      58200      163.34     71.35      0.4368     39.55      0.23       0.23       0.26       0          41.55      23         63         0          0          0.0810     2.1366     79         104        110        117        125        131        168       
1429       58200      58200      163.35     71.70      0.4389     39.65      0.23       0.23       0.26       0          41.55      23         63         0          0          0.0810     2.1366     79         104        110        117        125        131        168       
1430       58200      58200      163.35     71.87      0.4400     39.67      0.23       0.23       0.26       0          41.55      23         63         0          0          0.0810     2.1366     79         104        110        117        125        131        168       
1431       58200      58200      163.35     71.57      0.4381     39.61      0.22       0.22       0.26       0          41.55      23         63         0          0          0.0810     2.1366     79         104        110        117        125        131        168       
1432       58200      58200      163.35     72.70      0.4451     39.62      0.23       0.23       0.26       0          41.55      23         63         0          0          0.0810     2.1366     79         104        110        117        125        131        168       
1433       58200      58200      163.35     72.53      0.4440     39.50      0.23       0.22       0.26       0          41.55      23         63         0          0          0.0810     2.1366     79         104        110        117        125        131        168       
1434       58200      58200      163.34     70.93      0.4342     39.59      0.22       0.23       0.26       0          41.55      23         63         0          0          0.0810     2.1366     79         104        110        117        125        131        168       
1435       58200      58200      163.34     72.66      0.4448     39.66      0.23       0.23       0.26       0          41.55      23         63         0          0          0.0810     2.1366     79         104        110        117        125        131        168       
1436       58200      58200      163.35     72.50      0.4438     39.57      0.23       0.22       0.26       0          41.55      23         63         0          0          0.0810     2.1366     79         104        110        117        125        131        168       
1437       58200      58200      163.35     71.49      0.4376     39.58      0.23       0.23       0.26       0          41.55      23         63         0          0          0.0810     2.1366     79         104        110        117        125        131        168       
1438       58200      58200      163.35     72.15      0.4417     39.57      0.23       0.23       0.26       0          41.55      23         63         0          0          0.0810     2.1366     79         104        110        117        125        131        168       
1439       58200      58200      163.35     72.48      0.4437     39.52      0.22       0.22       0.26       0          41.55      23         63         0          0          0.0810     2.1366     79         104        110        117        125        131        168       
1440       58200      58200      163.35     72.67      0.4449     39.61      0.23       0.23       0.26       0          41.55      23         63         0          0          0.0810     2.1366     79         104        110        117        125        131        168       
1441       58200      58200      163.34     71.57      0.4382     39.66      0.23       0.23       0.26       0          41.55      23         63         0          0          0.0810     2.1366     79         104        110        117        125        131        168       
1442       58200      58200      163.35     71.34      0.4367     39.69      0.23       0.23       0.26       0          41.55      23         63         0          0          0.0810     2.1366     79         104        110        117        125        131        168       
1443       58200      58200      163.35     73.44      0.4496     39.65      0.23       0.23       0.26       0          41.55      23         63         0          0          0.0810     2.1366     79         104        110        117        125        131        168       
1444       58200      58200      163.35     72.13      0.4416     39.61      0.23       0.23       0.26       0          41.55      23         63         0          0          0.0810     2.1366     79         104        110        117        125        131        168       
1445       58200      58200      163.34     72.41      0.4433     39.64      0.23       0.23       0.26       0          41.55      23         63         0          0          0.0810     2.1366     79         104        110        117        125        131        168       
1446       58200      58200      163.35     72.52      0.4440     39.67      0.23       0.23       0.26       0          41.55      23         63         0          0          0.0810     2.1366     79         104        110        117        125        131        168       
1447       58200      58200      163.35     73.02      0.4471     39.67      0.23       0.23       0.26       0          41.55      23         63         0          0          0.0810     2.1366     79         104        110        117        125        131        168       
1448       58200      58200      163.34     73.14      0.4478     39.67      0.23       0.23       0.26       0          41.55      23         63         0          0          0.0810     2.1366     79         104        110        117        125        131        168       
1449       58200      58200      163.34     71.46      0.4375     39.72      0.23       0.23       0.26       0          41.55      23         63         0          0          0.0810     2.1366     79         104        110        117        125        131        168       
1450       58200      58200      163.35     71.85      0.4399     39.67      0.23       0.23       0.26       0          41.55      23         63         0          0          0.0810     2.1366     79         104        110        117        125        131        168       
1451       58200      58200      163.35     73.22      0.4483     39.68      0.23       0.23       0.26       0          41.55      23         63         0          0          0.0810     2.1366     79         104        110        117        125        131        168       
1452       58200      58200      163.34     72.36      0.4430     39.73      0.23       0.23       0.26       0          41.55      23         63         0          0          0.0810     2.1366     79         104        110        117        125        131        168       
1453       58200      58200      163.34     72.72      0.4452     39.69      0.23       0.23       0.26       0          41.55      23         63         0          0          0.0810     2.1366     79         104        110        117        125        131        168       
1454       58200      58200      163.35     73.04      0.4471     39.76      0.23       0.23       0.26       0          41.55      23         63         0          0          0.0810     2.1366     79         104        110        117        125        131        168       
1455       58200      58200      163.34     72.72      0.4452     39.74      0.23       0.23       0.26       0          41.55      23         63         0          0          0.0810     2.1366     79         104        110        117        125        131        168       
1456       58200      58200      163.35     71.29      0.4365     39.77      0.23       0.23       0.26       0          41.55      23         63         0          0          0.0810     2.1366     79         104        110        117        125        131        168       
1457       58200      58200      163.34     72.27      0.4425     39.72      0.23       0.23       0.26       0          41.55      23         63         0          0          0.0810     2.1366     79         104        110        117        125        131        168       
1458       58200      58200      163.35     72.29      0.4425     39.71      0.22       0.23       0.26       0          41.55      23         63         0          0          0.0810     2.1366     79         104        110        117        125        131        168       
1459       58200      58200      163.36     71.47      0.4375     39.69      0.22       0.23       0.26       0          41.55      23         63         0          0          0.0810     2.1366     79         104        110        117        125        131        168       
1460       58200      58200      163.34     72.64      0.4447     39.73      0.23       0.23       0.26       0          41.55      23         63         0          0          0.0810     2.1366     79         104        110        117        125        131        168       
1461       58200      58200      163.34     71.68      0.4389     39.76      0.23       0.23       0.26       0          41.55      23         63         0          0          0.0810     2.1366     79         104        110        117        125        131        168       
1462       58200      58200      163.34     72.42      0.4434     39.73      0.23       0.23       0.26       0          41.55      23         63         0          0          0.0810     2.1366     79         104        110        117        125        131        168       
1463       58200      58200      163.35     72.07      0.4412     39.64      0.23       0.23       0.26       0          41.55      23         63         0          0          0.0810     2.1366     79         104        110        117        125        131        168       
1464       58200      58200      163.35     71.79      0.4395     39.73      0.23       0.23       0.26       0          41.55      23         63         0          0          0.0810     2.1366     79         104        110        117        125        131        168       
1465       58200      58200      163.35     71.75      0.4393     39.64      0.23       0.23       0.26       0          41.55      23         63         0          0          0.0810     2.1366     79         104        110        117        125        131        168       
1466       58200      58200      163.34     70.99      0.4346     39.68      0.23       0.23       0.26       0          41.55      23         63         0          0          0.0810     2.1366     79         104        110        117        125        131        168       
1467       58200      58200      163.35     72.38      0.4431     39.70      0.24       0.23       0.26       0          41.55      23         63         0          0          0.0810     2.1366     79         104        110        117        125        131        168       
1468       58200      58200      163.35     71.95      0.4404     39.54      0.23       0.22       0.26       0          41.55      23         63         0          0          0.0810     2.1366     79         104        110        117        125        131        168       
1469       58200      58200      163.35     72.27      0.4424     39.68      0.22       0.23       0.26       0          41.55      23         63         0          0          0.0810     2.1366     79         104        110        117        125        131        168       
1470       58200      58200      163.35     71.84      0.4398     39.63      0.23       0.23       0.26       0          41.55      23         63         0          0          0.0810     2.1366     79         104        110        117        125        131        168       
1471       58200      58200      163.34     72.57      0.4443     39.74      0.23       0.23       0.26       0          41.55      23         63         0          0          0.0810     2.1366     79         104        110        117        125        131        168       
1472       58200      58200      163.34     71.55      0.4380     39.77      0.23       0.23       0.26       0          41.55      23         63         0          0          0.0810     2.1366     79         104        110        117        125        131        168       
1473       58200      58200      163.35     71.19      0.4358     39.68      0.23       0.23       0.26       0          41.55      23         63         0          0          0.0810     2.1366     79         104        110        117        125        131        168       
1474       58200      58200      163.35     71.72      0.4391     39.77      0.23       0.23       0.26       0          41.55      23         63         0          0          0.0810     2.1366     79         104        110        117        125        131        168       
1475       58200      58200      163.35     70.77      0.4332     39.65      0.23       0.23       0.26       0          41.55      23         63         0          0          0.0810     2.1366     79         104        110        117        125        131        168       
1476       58200      58200      163.35     72.64      0.4447     39.65      0.23       0.23       0.26       0          41.55      23         63         0          0          0.0810     2.1366     79         104        110        117        125        131        168       
1477       58200      58200      163.35     72.00      0.4408     39.71      0.23       0.23       0.26       0          41.55      23         63         0          0          0.0810     2.1366     79         104        110        117        125        131        168       
1478       58200      58200      163.35     72.94      0.4465     39.62      0.23       0.23       0.26       0          41.55      23         63         0          0          0.0810     2.1366     79         104        110        117        125        131        168       
1479       58200      58200      163.34     72.79      0.4457     39.72      0.23       0.23       0.26       0          41.55      23         63         0          0          0.0810     2.1366     79         104        110        117        125        131        168       
1480       58200      58200      163.35     72.06      0.4411     39.66      0.22       0.23       0.26       0          41.55      23         63         0          0          0.0810     2.1366     79         104        110        117        125        131        168       
1481       58200      58200      163.35     72.63      0.4446     39.69      0.23       0.23       0.26       0          41.55      23         63         0          0          0.0810     2.1366     79         104        110        117        125        131        168       
1482       58200      58200      163.34     72.61      0.4445     39.74      0.23       0.23       0.26       0          41.55      23         63         0          0          0.0810     2.1366     79         104        110        117        125        131        168       
1483       58200      58200      163.34     72.65      0.4448     39.70      0.22       0.23       0.26       0          41.55      23         63         0          0          0.0810     2.1366     79         104        110        117        125        131        168       
1484       58200      58200      163.35     72.20      0.4420     39.72      0.23       0.23       0.26       0          41.55      23         63         0          0          0.0810     2.1366     79         104        110        117        125        131        168       
1485       58200      58200      163.34     72.08      0.4413     39.80      0.23       0.23       0.26       0          41.55      23         63         0          0          0.0810     2.1366     79         104        110        117        125        131        168       
1486       58200      58200      163.34     72.56      0.4442     39.83      0.23       0.23       0.26       0          41.55      23         63         0          0          0.0810     2.1366     79         104        110        117        125        131        168       
1487       58200      58200      163.35     70.91      0.4341     39.81      0.23       0.23       0.26       0          41.55      23         63         0          0          0.0810     2.1366     79         104        110        117        125        131        168       
1488       58200      58200      163.34     71.55      0.4380     39.87      0.23       0.23       0.26       0          41.55      23         63         0          0          0.0810     2.1366     79         104        110        117        125        131        168       
1489       58200      58200      163.34     73.07      0.4473     39.84      0.23       0.23       0.26       0          41.55      23         63         0          0          0.0810     2.1366     79         104        110        117        125        131        168       
1490       58200      58200      163.34     71.58      0.4382     39.85      0.23       0.23       0.26       0          41.55      23         63         0          0          0.0810     2.1366     79         104        110        117        125        131        168       
1491       58200      58200      163.34     72.88      0.4461     39.84      0.23       0.23       0.26       0          41.55      23         63         0          0          0.0810     2.1366     79         104        110        117        125        131        168       
1492       58200      58200      163.35     72.42      0.4433     39.81      0.23       0.23       0.26       0          41.55      23         63         0          0          0.0810     2.1366     79         104        110        117        125        131        168       
1493       58200      58200      163.34     71.91      0.4403     39.84      0.23       0.23       0.26       0          41.55      23         63         0          0          0.0810     2.1366     79         104        110        117        125        131        168       
1494       58200      58200      163.34     72.77      0.4455     39.78      0.23       0.23       0.26       0          41.55      23         63         0          0          0.0810     2.1366     79         104        110        117        125        131        168       
1495       58200      58200      163.34     72.08      0.4413     39.78      0.22       0.23       0.26       0          41.55      23         63         0          0          0.0810     2.1366     79         104        110        117        125        131        168       
1496       58200      58200      163.35     71.02      0.4348     39.68      0.23       0.23       0.26       0          41.55      23         63         0          0          0.0810     2.1366     79         104        110        117        125        131        168       
1497       58200      58200      163.35     72.36      0.4430     39.81      0.23       0.23       0.26       0          41.55      23         63         0          0          0.0810     2.1366     79         104        110        117        125        131        168       
1498       58200      58200      163.34     71.67      0.4388     39.80      0.23       0.23       0.26       0          41.55      23         63         0          0          0.0810     2.1366     79         104        110        117        125        131        168       
1499       58200      58200      163.35     72.49      0.4437     39.73      0.23       0.23       0.26       0          41.55      23         63         0          0          0.0810     2.1366     79         104        110        117        125        131        168       
1500       58200      58200      163.35     72.10      0.4414     39.78      0.23       0.23       0.26       0          41.55      23         63         0          0          0.0810     2.1366     79         104        110        117        125        131        168       
1501       58200      58200      163.35     71.87      0.4400     39.81      0.23       0.23       0.26       0          41.55      23         63         0          0          0.0810     2.1366     79         104        110        117        125        131        168       
1502       58200      58200      163.35     72.12      0.4415     39.77      0.23       0.23       0.26       0          41.55      23         63         0          0          0.0810     2.1366     79         104        110        117        125        131        168       
1503       58200      58200      163.34     72.18      0.4419     39.74      0.23       0.23       0.26       0          41.55      23         63         0          0          0.0810     2.1366     79         104        110        117        125        131        168       
1504       58200      58200      163.36     72.18      0.4418     39.84      0.23       0.23       0.26       0          41.55      23         63         0          0          0.0810     2.1366     79         104        110        117        125        131        168       
1505       58200      58200      163.34     72.35      0.4430     39.76      0.23       0.23       0.26       0          41.55      23         63         0          0          0.0810     2.1366     79         104        110        117        125        131        168       
1506       58200      58200      163.35     72.56      0.4442     39.76      0.23       0.23       0.26       0          41.55      23         63         0          0          0.0810     2.1366     79         104        110        117        125        131        168       
1507       58200      58200      163.35     72.60      0.4445     39.80      0.23       0.23       0.26       0          41.55      23         63         0          0          0.0810     2.1366     79         104        110        117        125        131        168       
1508       58200      58200      163.35     72.18      0.4419     39.77      0.23       0.23       0.26       0          41.55      23         63         0          0          0.0810     2.1366     79         104        110        117        125        131        168       
1509       58200      58200      163.35     72.76      0.4454     39.77      0.23       0.23       0.26       0          41.55      23         63         0          0          0.0810     2.1366     79         104        110        117        125        131        168       
1510       58200      58200      163.36     72.16      0.4417     39.81      0.24       0.23       0.26       0          41.55      23         63         0          0          0.0810     2.1366     79         104        110        117        125        131        168       
1511       58200      58200      163.35     73.71      0.4512     39.81      0.24       0.23       0.26       0          41.55      23         63         0          0          0.0810     2.1366     79         104        110        117        125        131        168       
1512       58200      58200      163.35     72.68      0.4449     39.88      0.23       0.23       0.26       0          41.55      23         63         0          0          0.0810     2.1366     79         104        110        117        125        131        168       
1513       58200      58200      163.34     73.11      0.4476     39.93      0.23       0.23       0.26       0          41.55      23         63         0          0          0.0810     2.1366     79         104        110        117        125        131        168       
1514       58200      58200      163.34     71.81      0.4397     39.88      0.23       0.23       0.26       0          41.55      23         63         0          0          0.0810     2.1366     79         104        110        117        125        131        168       
1515       58200      58200      163.35     71.99      0.4407     39.90      0.23       0.23       0.26       0          41.55      23         63         0          0          0.0810     2.1366     79         104        110        117        125        131        168       
1516       58200      58200      163.35     72.09      0.4414     39.85      0.22       0.23       0.26       0          41.55      23         63         0          0          0.0810     2.1366     79         104        110        117        125        131        168       
1517       58200      58200      163.35     71.51      0.4378     39.91      0.24       0.23       0.26       0          41.55      23         63         0          0          0.0810     2.1366     79         104        110        117        125        131        168       
1518       58200      58200      163.35     72.43      0.4434     39.83      0.23       0.23       0.26       0          41.55      23         63         0          0          0.0810     2.1366     79         104        110        117        125        131        168       
1519       58200      58200      163.34     71.60      0.4383     39.91      0.24       0.23       0.26       0          41.55      23         63         0          0          0.0810     2.1366     79         104        110        117        125        131        168       
1520       58200      58200      163.35     72.65      0.4448     39.87      0.24       0.23       0.26       0          41.55      23         63         0          0          0.0810     2.1366     79         104        110        117        125        131        168       
1521       58200      58200      163.34     73.36      0.4491     39.94      0.23       0.23       0.26       0          41.55      23         63         0          0          0.0810     2.1366     79         104        110        117        125        131        168       
1522       58200      58200      163.35     71.57      0.4382     39.92      0.23       0.23       0.26       0          41.55      23         63         0          0          0.0810     2.1366     79         104        110        117        125        131        168       
1523       58200      58200      163.34     72.05      0.4411     39.87      0.23       0.23       0.26       0          41.55      23         63         0          0          0.0810     2.1366     79         104        110        117        125        131        168       
1524       58200      58200      163.36     72.72      0.4452     39.84      0.23       0.23       0.26       0          41.55      23         63         0          0          0.0810     2.1366     79         104        110        117        125        131        168       
1525       58200      58200      163.34     71.55      0.4380     39.80      0.23       0.23       0.26       0          41.55      23         63         0          0          0.0810     2.1366     79         104        110        117        125        131        168       
1526       58200      58200      163.34     72.24      0.4423     39.81      0.23       0.23       0.26       0          41.55      23         63         0          0          0.0810     2.1366     79         104        110        117        125        131        168       
1527       58200      58200      163.35     72.00      0.4408     39.83      0.23       0.23       0.26       0          41.55      23         63         0          0          0.0810     2.1366     79         104        110        117        125        131        168       
1528       58200      58200      163.34     72.72      0.4452     39.85      0.23       0.23       0.26       0          41.55      23         63         0          0          0.0810     2.1366     79         104        110        117        125        131        168       
1529       58200      58200      163.35     72.82      0.4458     39.79      0.23       0.23       0.26       0          41.55      23         63         0          0          0.0810     2.1366     79         104        110        117        125        131        168       
1530       58200      58200      163.36     71.06      0.4350     39.93      0.23       0.23       0.26       0          41.55      23         63         0          0          0.0810     2.1366     79         104        110        117        125        131        168       
1531       58200      58200      163.34     72.71      0.4451     39.90      0.23       0.23       0.26       0          41.55      23         63         0          0          0.0810     2.1366     79         104        110        117        125        131        168       
1532       58200      58200      163.34     72.49      0.4438     39.89      0.23       0.23       0.26       0          41.55      23         63         0          0          0.0810     2.1366     79         104        110        117        125        131        168       
1533       58200      58200      163.35     72.04      0.4410     39.93      0.22       0.23       0.26       0          41.55      23         63         0          0          0.0810     2.1366     79         104        110        117        125        131        168       
1534       58200      58200      163.35     72.65      0.4447     39.90      0.23       0.23       0.26       0          41.55      23         63         0          0          0.0810     2.1366     79         104        110        117        125        131        168       
1535       58200      58200      163.34     72.23      0.4422     39.86      0.23       0.23       0.26       0          41.55      23         63         0          0          0.0810     2.1366     79         104        110        117        125        131        168       
1536       58200      58200      163.35     71.03      0.4348     39.88      0.24       0.23       0.26       0          41.55      23         63         0          0          0.0810     2.1366     79         104        110        117        125        131        168       
1537       58200      58200      163.35     72.73      0.4452     39.89      0.24       0.23       0.26       0          41.55      23         63         0          0          0.0810     2.1366     79         104        110        117        125        131        168       
1538       58200      58200      163.35     72.39      0.4432     39.98      0.24       0.23       0.26       0          41.55      23         63         0          0          0.0810     2.1366     79         104        110        117        125        131        168       
1539       58200      58200      163.35     71.42      0.4372     39.88      0.23       0.23       0.26       0          41.55      23         63         0          0          0.0810     2.1366     79         104        110        117        125        131        168       
1540       58200      58200      163.35     72.53      0.4440     39.90      0.23       0.23       0.26       0          41.55      23         63         0          0          0.0810     2.1366     79         104        110        117        125        131        168       
1541       58200      58200      163.35     72.51      0.4439     39.87      0.24       0.23       0.26       0          41.55      23         63         0          0          0.0810     2.1366     79         104        110        117        125        131        168       
1542       58200      58200      163.35     71.75      0.4392     39.87      0.23       0.23       0.26       0          41.55      23         63         0          0          0.0810     2.1366     79         104        110        117        125        131        168       
1543       58200      58200      163.34     71.25      0.4362     39.96      0.23       0.23       0.26       0          41.55      23         63         0          0          0.0810     2.1366     79         104        110        117        125        131        168       
1544       58200      58200      163.35     72.52      0.4440     39.91      0.23       0.23       0.26       0          41.55      23         63         0          0          0.0810     2.1366     79         104        110        117        125        131        168       
1545       58200      58200      163.36     72.96      0.4466     39.90      0.23       0.23       0.26       0          41.55      23         63         0          0          0.0810     2.1366     79         104        110        117        125        131        168       
1546       58200      58200      163.35     72.15      0.4417     39.90      0.23       0.23       0.26       0          41.55      23         63         0          0          0.0810     2.1366     79         104        110        117        125        131        168       
1547       58200      58200      163.35     72.17      0.4418     39.98      0.24       0.23       0.26       0          41.55      23         63         0          0          0.0810     2.1366     79         104        110        117        125        131        168       
1548       58200      58200      163.35     72.43      0.4434     39.99      0.24       0.23       0.26       0          41.55      23         63         0          0          0.0810     2.1366     79         104        110        117        125        131        168       
1549       58200      58200      163.35     73.22      0.4482     39.99      0.24       0.23       0.26       0          41.55      23         63         0          0          0.0810     2.1366     79         104        110        117        125        131        168       
1550       58200      58200      163.35     73.84      0.4520     40.00      0.23       0.23       0.26       0          41.55      23         63         0          0          0.0810     2.1366     79         104        110        117        125        131        168       
1551       58200      58200      163.35     72.47      0.4437     40.06      0.23       0.23       0.26       0          41.55      23         63         0          0          0.0810     2.1366     79         104        110        117        125        131        168       
1552       58200      58200      163.34     72.56      0.4442     40.03      0.24       0.23       0.26       0          41.55      23         63         0          0          0.0810     2.1366     79         104        110        117        125        131        168       
1553       58200      58200      163.35     72.15      0.4417     39.99      0.24       0.23       0.26       0          41.55      23         63         0          0          0.0810     2.1366     79         104        110        117        125        131        168       
1554       58200      58200      163.35     72.82      0.4458     39.94      0.23       0.23       0.26       0          41.55      23         63         0          0          0.0810     2.1366     79         104        110        117        125        131        168       
1555       58200      58200      163.35     71.85      0.4399     40.00      0.23       0.23       0.26       0          41.55      23         63         0          0          0.0810     2.1366     79         104        110        117        125        131        168       
1556       58200      58200      163.35     72.19      0.4419     39.92      0.23       0.23       0.26       0          41.55      23         63         0          0          0.0810     2.1366     79         104        110        117        125        131        168       
1557       58200      58200      163.35     72.71      0.4451     39.98      0.23       0.23       0.26       0          41.55      23         63         0          0          0.0810     2.1366     79         104        110        117        125        131        168       
1558       58200      58200      163.36     71.59      0.4382     39.84      0.23       0.23       0.26       0          41.55      23         63         0          0          0.0810     2.1366     79         104        110        117        125        131        168       
1559       58200      58200      163.35     71.77      0.4394     39.89      0.23       0.23       0.26       0          41.55      23         63         0          0          0.0810     2.1366     79         104        110        117        125        131        168       
1560       58200      58200      163.35     73.44      0.4496     39.94      0.23       0.23       0.26       0          41.55      23         63         0          0          0.0810     2.1366     79         104        110        117        125        131        168       
1561       58200      58200      163.35     72.97      0.4467     39.92      0.24       0.23       0.26       0          41.55      23         63         0          0          0.0810     2.1366     79         104        110        117        125        131        168       
1562       58200      58200      163.35     73.15      0.4478     39.90      0.23       0.23       0.26       0          41.55      23         63         0          0          0.0810     2.1366     79         104        110        117        125        131        168       
1563       58200      58200      163.35     71.05      0.4350     40.00      0.23       0.23       0.26       0          41.55      23         63         0          0          0.0810     2.1366     79         104        110        117        125        131        168       
1564       58200      58200      163.34     73.32      0.4489     39.95      0.23       0.23       0.26       0          41.55      23         63         0          0          0.0810     2.1366     79         104        110        117        125        131        168       
1565       58200      58200      163.34     72.30      0.4426     40.05      0.23       0.23       0.26       0          41.55      23         63         0          0          0.0810     2.1366     79         104        110        117        125        131        168       
1566       58200      58200      163.34     73.25      0.4484     40.06      0.23       0.23       0.26       0          41.55      23         63         0          0          0.0810     2.1366     79         104        110        117        125        131        168       
1567       58200      58200      163.35     73.05      0.4472     40.06      0.23       0.23       0.26       0          41.55      23         63         0          0          0.0810     2.1366     79         104        110        117        125        131        168       
1568       58200      58200      163.35     72.77      0.4455     40.04      0.24       0.23       0.26       0          41.55      23         63         0          0          0.0810     2.1366     79         104        110        117        125        131        168       
1569       58200      58200      163.34     71.21      0.4360     40.15      0.24       0.23       0.26       0          41.55      23         63         0          0          0.0810     2.1366     79         104        110        117        125        131        168       
1570       58200      58200      163.35     72.45      0.4435     40.03      0.23       0.23       0.26       0          41.55      23         63         0          0          0.0810     2.1366     79         104        110        117        125        131        168       
1571       58200      58200      163.35     73.31      0.4488     39.97      0.24       0.23       0.26       0          41.55      23         63         0          0          0.0810     2.1366     79         104        110        117        125        131        168       
1572       58200      58200      163.35     72.94      0.4465     40.03      0.24       0.23       0.26       0          41.55      23         63         0          0          0.0810     2.1366     79         104        110        117        125        131        168       
1573       58200      58200      163.35     72.29      0.4425     40.07      0.24       0.23       0.26       0          41.55      23         63         0          0          0.0810     2.1366     79         104        110        117        125        131        168       
1574       58200      58200      163.34     72.56      0.4442     40.08      0.24       0.23       0.26       0          41.55      23         63         0          0          0.0810     2.1366     79         104        110        117        125        131        168       
1575       58200      58200      163.34     72.68      0.4449     39.98      0.23       0.23       0.26       0          41.55      23         63         0          0          0.0810     2.1366     79         104        110        117        125        131        168       
1576       58200      58200      163.35     72.97      0.4467     40.05      0.23       0.23       0.26       0          41.55      23         63         0          0          0.0810     2.1366     79         104        110        117        125        131        168       
1577       58200      58200      163.35     71.99      0.4407     40.03      0.24       0.23       0.26       0          41.55      23         63         0          0          0.0810     2.1366     79         104        110        117        125        131        168       
1578       58200      58200      163.34     72.47      0.4437     40.07      0.24       0.23       0.26       0          41.55      23         63         0          0          0.0810     2.1366     79         104        110        117        125        131        168       
1579       58200      58200      163.34     71.78      0.4395     40.04      0.23       0.23       0.26       0          41.55      23         63         0          0          0.0810     2.1366     79         104        110        117        125        131        168       
1580       58200      58200      163.35     72.51      0.4439     40.05      0.24       0.23       0.26       0          41.55      23         63         0          0          0.0810     2.1366     79         104        110        117        125        131        168       
1581       58200      58200      163.35     73.27      0.4486     40.04      0.24       0.23       0.26       0          41.55      23         63         0          0          0.0810     2.1366     79         104        110        117        125        131        168       
1582       58200      58200      163.35     72.71      0.4451     40.09      0.24       0.23       0.26       0          41.55      23         63         0          0          0.0810     2.1366     79         104        110        117        125        131        168       
1583       58200      58200      163.35     73.07      0.4473     40.02      0.23       0.23       0.26       0          41.55      23         63         0          0          0.0810     2.1366     79         104        110        117        125        131        168       
1584       58200      58200      163.34     71.66      0.4387     40.05      0.24       0.23       0.26       0          41.55      23         63         0          0          0.0810     2.1366     79         104        110        117        125        131        168       
1585       58200      58200      163.35     72.11      0.4414     40.07      0.23       0.23       0.26       0          41.55      23         63         0          0          0.0810     2.1366     79         104        110        117        125        131        168       
1586       58200      58200      163.34     71.68      0.4388     40.01      0.24       0.23       0.26       0          41.55      23         63         0          0          0.0810     2.1366     79         104        110        117        125        131        168       
1587       58200      58200      163.34     72.75      0.4454     40.00      0.23       0.23       0.26       0          41.55      23         63         0          0          0.0810     2.1366     79         104        110        117        125        131        168       
1588       58200      58200      163.35     72.66      0.4448     40.05      0.23       0.23       0.26       0          41.55      23         63         0          0          0.0810     2.1366     79         104        110        117        125        131        168       
1589       58200      58200      163.35     72.32      0.4427     40.07      0.24       0.23       0.26       0          41.55      23         63         0          0          0.0810     2.1366     79         104        110        117        125        131        168       
1590       58200      58200      163.35     73.21      0.4482     40.07      0.23       0.23       0.26       0          41.55      23         63         0          0          0.0810     2.1366     79         104        110        117        125        131        168       
1591       58200      58200      163.35     71.97      0.4405     40.07      0.24       0.23       0.26       0          41.55      23         63         0          0          0.0810     2.1366     79         104        110        117        125        131        168       
1592       58200      58200      163.36     72.94      0.4465     40.09      0.24       0.23       0.26       0          41.55      23         63         0          0          0.0810     2.1366     79         104        110        117        125        131        168       
1593       58200      58200      163.34     72.62      0.4446     39.99      0.23       0.23       0.26       0          41.55      23         63         0          0          0.0810     2.1366     79         104        110        117        125        131        168       
1594       58200      58200      163.35     72.28      0.4425     40.02      0.23       0.23       0.26       0          41.55      23         63         0          0          0.0810     2.1366     79         104        110        117        125        131        168       
1595       58200      58200      163.35     72.60      0.4445     40.06      0.23       0.23       0.26       0          41.55      23         63         0          0          0.0810     2.1366     79         104        110        117        125        131        168       
1596       58200      58200      163.34     72.97      0.4467     40.11      0.23       0.23       0.26       0          41.55      23         63         0          0          0.0810     2.1366     79         104        110        117        125        131        168       
1597       58200      58200      163.35     72.63      0.4446     40.10      0.23       0.23       0.26       0          41.55      23         63         0          0          0.0810     2.1366     79         104        110        117        125        131        168       
1598       58200      58200      163.36     72.27      0.4424     40.00      0.23       0.23       0.26       0          41.55      23         63         0          0          0.0810     2.1366     79         104        110        117        125        131        168       
1599       58200      58200      163.34     72.32      0.4428     39.99      0.23       0.23       0.26       0          41.55      23         63         0          0          0.0810     2.1366     79         104        110        117        125        131        168       
1600       58200      58200      163.35     72.01      0.4409     40.03      0.24       0.23       0.26       0          41.55      23         63         0          0          0.0810     2.1366     79         104        110        117        125        131        168       
1601       58200      58200      163.35     72.75      0.4454     40.01      0.23       0.23       0.26       0          41.55      23         63         0          0          0.0810     2.1366     79         104        110        117        125        131        168       
1602       58200      58200      163.34     72.14      0.4416     40.04      0.23       0.23       0.26       0          41.55      23         63         0          0          0.0810     2.1366     79         104        110        117        125        131        168       
1603       58200      58200      163.35     72.29      0.4425     40.00      0.23       0.23       0.26       0          41.55      23         63         0          0          0.0810     2.1366     79         104        110        117        125        131        168       
1604       58200      58200      163.34     72.50      0.4439     39.95      0.24       0.23       0.26       0          41.55      23         63         0          0          0.0810     2.1366     79         104        110        117        125        131        168       
1605       58200      58200      163.34     72.12      0.4415     40.07      0.23       0.23       0.26       0          41.55      23         63         0          0          0.0810     2.1366     79         104        110        117        125        131        168       
1606       58200      58200      163.35     72.51      0.4439     40.06      0.23       0.23       0.26       0          41.55      23         63         0          0          0.0810     2.1366     79         104        110        117        125        131        168       
1607       58200      58200      163.35     72.48      0.4437     39.97      0.24       0.23       0.26       0          41.55      23         63         0          0          0.0810     2.1366     79         104        110        117        125        131        168       
1608       58200      58200      163.35     71.15      0.4356     40.04      0.23       0.23       0.26       0          41.55      23         63         0          0          0.0810     2.1366     79         104        110        117        125        131        168       
1609       58200      58200      163.35     73.27      0.4486     40.01      0.23       0.23       0.26       0          41.55      23         63         0          0          0.0810     2.1366     79         104        110        117        125        131        168       
1610       58200      58200      163.35     72.75      0.4454     40.08      0.24       0.23       0.26       0          41.55      23         63         0          0          0.0810     2.1366     79         104        110        117        125        131        168       
1611       58200      58200      163.35     73.05      0.4472     40.03      0.24       0.23       0.26       0          41.55      23         63         0          0          0.0810     2.1366     79         104        110        117        125        131        168       
1612       58200      58200      163.35     72.21      0.4421     40.07      0.23       0.23       0.26       0          41.55      23         63         0          0          0.0810     2.1366     79         104        110        117        125        131        168       
1613       58200      58200      163.34     71.51      0.4378     40.00      0.23       0.23       0.26       0          41.55      23         63         0          0          0.0810     2.1366     79         104        110        117        125        131        168       
1614       58200      58200      163.35     71.82      0.4396     39.94      0.24       0.23       0.26       0          41.55      23         63         0          0          0.0810     2.1366     79         104        110        117        125        131        168       
1615       58200      58200      163.34     73.48      0.4499     39.99      0.24       0.23       0.26       0          41.55      23         63         0          0          0.0810     2.1366     79         104        110        117        125        131        168       
1616       58200      58200      163.35     72.04      0.4410     40.02      0.23       0.23       0.26       0          41.55      23         63         0          0          0.0810     2.1366     79         104        110        117        125        131        168       
1617       58200      58200      163.35     73.55      0.4503     40.15      0.23       0.23       0.26       0          41.55      23         63         0          0          0.0810     2.1366     79         104        110        117        125        131        168       
1618       58200      58200      163.34     73.09      0.4474     40.14      0.23       0.23       0.26       0          41.55      23         63         0          0          0.0810     2.1366     79         104        110        117        125        131        168       
1619       58200      58200      163.35     73.05      0.4472     40.13      0.24       0.23       0.26       0          41.55      23         63         0          0          0.0810     2.1366     79         104        110        117        125        131        168       
1620       58200      58200      163.34     73.49      0.4499     40.13      0.24       0.23       0.26       0          41.55      23         63         0          0          0.0810     2.1366     79         104        110        117        125        131        168       
1621       58200      58200      163.34     72.01      0.4409     40.13      0.24       0.23       0.26       0          41.55      23         63         0          0          0.0810     2.1366     79         104        110        117        125        131        168       
1622       58200      58200      163.34     71.93      0.4404     40.08      0.24       0.23       0.26       0          41.55      23         63         0          0          0.0810     2.1366     79         104        110        117        125        131        168       
1623       58200      58200      163.34     72.95      0.4466     40.15      0.24       0.23       0.26       0          41.55      23         63         0          0          0.0810     2.1366     79         104        110        117        125        131        168       
1624       58200      58200      163.35     74.02      0.4531     40.06      0.24       0.23       0.26       0          41.55      23         63         0          0          0.0810     2.1366     79         104        110        117        125        131        168       
1625       58200      58200      163.35     74.03      0.4532     40.15      0.24       0.24       0.26       0          41.55      23         63         0          0          0.0810     2.1366     79         104        110        117        125        131        168       
1626       58200      58200      163.35     73.01      0.4469     40.13      0.24       0.24       0.26       0          41.55      23         63         0          0          0.0810     2.1366     79         104        110        117        125        131        168       
1627       58200      58200      163.36     73.09      0.4474     40.19      0.24       0.24       0.26       0          41.55      23         63         0          0          0.0810     2.1366     79         104        110        117        125        131        168       
1628       58200      58200      163.35     72.88      0.4461     40.20      0.24       0.24       0.26       0          41.55      23         63         0          0          0.0810     2.1366     79         104        110        117        125        131        168       
1629       58200      58200      163.34     72.91      0.4464     40.21      0.24       0.24       0.26       0          41.55      23         63         0          0          0.0810     2.1366     79         104        110        117        125        131        168       
1630       58200      58200      163.35     72.08      0.4413     40.14      0.24       0.24       0.26       0          41.55      23         63         0          0          0.0810     2.1366     79         104        110        117        125        131        168       
1631       58200      58200      163.34     73.63      0.4508     40.16      0.24       0.24       0.26       0          41.55      23         63         0          0          0.0810     2.1366     79         104        110        117        125        131        168       
1632       58200      58200      163.35     72.34      0.4429     40.18      0.24       0.24       0.26       0          41.55      23         63         0          0          0.0810     2.1366     79         104        110        117        125        131        168       
1633       58200      58200      163.34     72.49      0.4438     40.14      0.24       0.24       0.26       0          41.55      23         63         0          0          0.0810     2.1366     79         104        110        117        125        131        168       
1634       58200      58200      163.34     74.27      0.4547     40.20      0.24       0.24       0.26       0          41.55      23         63         0          0          0.0810     2.1366     79         104        110        117        125        131        168       
1635       58200      58200      163.35     73.09      0.4474     40.24      0.24       0.24       0.26       0          41.55      23         63         0          0          0.0810     2.1366     79         104        110        117        125        131        168       
1636       58200      58200      163.35     72.97      0.4467     40.26      0.24       0.24       0.26       0          41.55      23         63         0          0          0.0810     2.1366     79         104        110        117        125        131        168       
1637       58200      58200      163.35     72.72      0.4452     40.24      0.24       0.24       0.26       0          41.55      23         63         0          0          0.0810     2.1366     79         104        110        117        125        131        168       
1638       58200      58200      163.35     72.66      0.4448     40.26      0.24       0.24       0.26       0          41.55      23         63         0          0          0.0810     2.1366     79         104        110        117        125        131        168       
1639       58200      58200      163.35     73.10      0.4475     40.17      0.24       0.24       0.26       0          41.55      23         63         0          0          0.0810     2.1366     79         104        110        117        125        131        168       
1640       58200      58200      163.35     72.27      0.4424     40.14      0.24       0.23       0.26       0          41.55      23         63         0          0          0.0810     2.1366     79         104        110        117        125        131        168       
1641       58200      58200      163.34     73.43      0.4495     40.27      0.24       0.24       0.26       0          41.55      23         63         0          0          0.0810     2.1366     79         104        110        117        125        131        168       
1642       58200      58200      163.35     73.24      0.4484     40.22      0.24       0.24       0.26       0          41.55      23         63         0          0          0.0810     2.1366     79         104        110        117        125        131        168       
1643       58200      58200      163.34     73.12      0.4477     40.30      0.24       0.24       0.26       0          41.55      23         63         0          0          0.0810     2.1366     79         104        110        117        125        131        168       
1644       58200      58200      163.34     73.44      0.4496     40.28      0.23       0.24       0.26       0          41.55      23         63         0          0          0.0810     2.1366     79         104        110        117        125        131        168       
1645       58200      58200      163.33     71.60      0.4384     40.27      0.24       0.24       0.26       0          41.55      23         63         0          0          0.0810     2.1366     79         104        110        117        125        131        168       
1646       58200      58200      163.35     72.29      0.4425     40.18      0.24       0.24       0.26       0          41.55      23         63         0          0          0.0810     2.1366     79         104        110        117        125        131        168       
1647       58200      58200      163.35     73.67      0.4510     40.18      0.24       0.24       0.26       0          41.55      23         63         0          0          0.0810     2.1366     79         104        110        117        125        131        168       
1648       58200      58200      163.35     72.50      0.4438     40.23      0.25       0.24       0.26       0          41.55      23         63         0          0          0.0810     2.1366     79         104        110        117        125        131        168       
1649       58200      58200      163.34     72.66      0.4448     40.20      0.25       0.24       0.26       0          41.55      23         63         0          0          0.0810     2.1366     79         104        110        117        125        131        168       
1650       58200      58200      163.34     72.91      0.4464     40.27      0.24       0.24       0.26       0          41.55      23         63         0          0          0.0810     2.1366     79         104        110        117        125        131        168       
1651       58200      58200      163.34     73.85      0.4521     40.24      0.24       0.24       0.26       0          41.55      23         63         0          0          0.0810     2.1366     79         104        110        117        125        131        168       
1652       58200      58200      163.34     73.15      0.4478     40.22      0.24       0.24       0.26       0          41.55      23         63         0          0          0.0810     2.1366     79         104        110        117        125        131        168       
1653       58200      58200      163.35     73.29      0.4487     40.22      0.23       0.24       0.26       0          41.55      23         63         0          0          0.0810     2.1366     79         104        110        117        125        131        168       
1654       58200      58200      163.34     73.04      0.4471     40.27      0.24       0.24       0.26       0          41.55      23         63         0          0          0.0810     2.1366     79         104        110        117        125        131        168       
1655       58200      58200      163.34     73.38      0.4492     40.31      0.24       0.24       0.26       0          41.55      23         63         0          0          0.0810     2.1366     79         104        110        117        125        131        168       
1656       58200      58200      163.35     72.94      0.4465     40.23      0.24       0.24       0.26       0          41.55      23         63         0          0          0.0810     2.1366     79         104        110        117        125        131        168       
1657       58200      58200      163.35     71.73      0.4391     40.32      0.24       0.24       0.26       0          41.55      23         63         0          0          0.0810     2.1366     79         104        110        117        125        131        168       
1658       58200      58200      163.34     73.49      0.4499     40.32      0.24       0.24       0.26       0          41.55      23         63         0          0          0.0810     2.1366     79         104        110        117        125        131        168       
1659       58200      58200      163.35     73.77      0.4516     40.33      0.24       0.24       0.26       0          41.55      23         63         0          0          0.0810     2.1366     79         104        110        117        125        131        168       
1660       58200      58200      163.36     71.70      0.4389     40.38      0.24       0.24       0.26       0          41.55      23         63         0          0          0.0810     2.1366     79         104        110        117        125        131        168       
1661       58200      58200      163.34     74.34      0.4551     40.30      0.24       0.24       0.26       0          41.55      23         63         0          0          0.0810     2.1366     79         104        110        117        125        131        168       
1662       58200      58200      163.35     74.14      0.4539     40.32      0.24       0.24       0.26       0          41.55      23         63         0          0          0.0810     2.1366     79         104        110        117        125        131        168       
1663       58200      58200      163.34     72.10      0.4414     40.29      0.24       0.24       0.26       0          41.55      23         63         0          0          0.0810     2.1366     79         104        110        117        125        131        168       
1664       58200      58200      163.36     73.31      0.4488     40.32      0.24       0.24       0.26       0          41.55      23         63         0          0          0.0810     2.1366     79         104        110        117        125        131        168       
1665       58200      58200      163.35     74.45      0.4558     40.36      0.24       0.24       0.26       0          41.55      23         63         0          0          0.0810     2.1366     79         104        110        117        125        131        168       
1666       58200      58200      163.35     74.25      0.4545     40.41      0.24       0.24       0.26       0          41.55      23         63         0          0          0.0810     2.1366     79         104        110        117        125        131        168       
1667       58200      58200      163.34     73.23      0.4483     40.41      0.24       0.24       0.26       0          41.55      23         63         0          0          0.0810     2.1366     79         104        110        117        125        131        168       
1668       58200      58200      163.35     72.76      0.4454     40.37      0.24       0.24       0.26       0          41.55      23         63         0          0          0.0810     2.1366     79         104        110        117        125        131        168       
1669       58200      58200      163.34     73.61      0.4507     40.41      0.25       0.24       0.26       0          41.55      23         63         0          0          0.0810     2.1366     79         104        110        117        125        131        168       
1670       58200      58200      163.35     72.41      0.4433     40.35      0.24       0.24       0.26       0          41.55      23         63         0          0          0.0810     2.1366     79         104        110        117        125        131        168       
1671       58200      58200      163.35     73.05      0.4472     40.28      0.24       0.24       0.26       0          41.55      23         63         0          0          0.0810     2.1366     79         104        110        117        125        131        168       
1672       58200      58200      163.35     73.84      0.4521     40.23      0.24       0.24       0.26       0          41.55      23         63         0          0          0.0810     2.1366     79         104        110        117        125        131        168       
1673       58200      58200      163.35     72.96      0.4467     40.28      0.24       0.24       0.26       0          41.55      23         63         0          0          0.0810     2.1366     79         104        110        117        125        131        168       
1674       58200      58200      163.35     72.83      0.4459     40.35      0.24       0.24       0.26       0          41.55      23         63         0          0          0.0810     2.1366     79         104        110        117        125        131        168       
1675       58200      58200      163.35     72.50      0.4438     40.29      0.24       0.24       0.26       0          41.55      23         63         0          0          0.0810     2.1366     79         104        110        117        125        131        168       
1676       58200      58200      163.34     73.32      0.4489     40.32      0.24       0.24       0.26       0          41.55      23         63         0          0          0.0810     2.1366     79         104        110        117        125        131        168       
1677       58200      58200      163.34     72.48      0.4437     40.26      0.24       0.24       0.26       0          41.55      23         63         0          0          0.0810     2.1366     79         104        110        117        125        131        168       
1678       58200      58200      163.34     72.78      0.4456     40.37      0.24       0.24       0.26       0          41.55      23         63         0          0          0.0810     2.1366     79         104        110        117        125        131        168       
1679       58200      58200      163.35     72.38      0.4431     40.27      0.24       0.24       0.26       0          41.55      23         63         0          0          0.0810     2.1366     79         104        110        117        125        131        168       
1680       58200      58200      163.36     73.44      0.4495     40.30      0.24       0.24       0.26       0          41.55      23         63         0          0          0.0810     2.1366     79         104        110        117        125        131        168       
1681       58200      58200      163.35     73.97      0.4529     40.29      0.23       0.24       0.26       0          41.55      23         63         0          0          0.0810     2.1366     79         104        110        117        125        131        168       
1682       58200      58200      163.34     72.01      0.4409     40.44      0.24       0.24       0.26       0          41.55      23         63         0          0          0.0810     2.1366     79         104        110        117        125        131        168       
1683       58200      58200      163.34     73.28      0.4486     40.27      0.24       0.24       0.26       0          41.55      23         63         0          0          0.0810     2.1366     79         104        110        117        125        131        168       
1684       58200      58200      163.35     73.56      0.4503     40.28      0.24       0.24       0.26       0          41.55      23         63         0          0          0.0810     2.1366     79         104        110        117        125        131        168       
1685       58200      58200      163.35     72.60      0.4444     40.36      0.24       0.24       0.26       0          41.55      23         63         0          0          0.0810     2.1366     79         104        110        117        125        131        168       
1686       58200      58200      163.35     72.30      0.4426     40.33      0.24       0.24       0.26       0          41.55      23         63         0          0          0.0810     2.1366     79         104        110        117        125        131        168       
1687       58200      58200      163.34     73.59      0.4506     40.31      0.24       0.24       0.26       0          41.55      23         63         0          0          0.0810     2.1366     79         104        110        117        125        131        168       
1688       58200      58200      163.35     72.39      0.4432     40.33      0.24       0.24       0.26       0          41.55      23         63         0          0          0.0810     2.1366     79         104        110        117        125        131        168       
1689       58200      58200      163.35     73.61      0.4506     40.33      0.24       0.24       0.26       0          41.55      23         63         0          0          0.0810     2.1366     79         104        110        117        125        131        168       
1690       58200      58200      163.34     73.06      0.4473     40.34      0.24       0.24       0.26       0          41.55      23         63         0          0          0.0810     2.1366     79         104        110        117        125        131        168       
1691       58200      58200      163.33     72.22      0.4422     40.30      0.24       0.24       0.26       0          41.55      23         63         0          0          0.0810     2.1366     79         104        110        117        125        131        168       
1692       58200      58200      163.35     73.36      0.4491     40.34      0.24       0.24       0.26       0          41.55      23         63         0          0          0.0810     2.1366     79         104        110        117        125        131        168       
1693       58200      58200      163.35     72.83      0.4458     40.39      0.25       0.24       0.26       0          41.55      23         63         0          0          0.0810     2.1366     79         104        110        117        125        131        168       
1694       58200      58200      163.34     73.42      0.4495     40.38      0.24       0.24       0.26       0          41.55      23         63         0          0          0.0810     2.1366     79         104        110        117        125        131        168       
1695       58200      58200      163.35     74.05      0.4533     40.34      0.24       0.24       0.26       0          41.55      23         63         0          0          0.0810     2.1366     79         104        110        117        125        131        168       
1696       58200      58200      163.35     72.97      0.4467     40.31      0.24       0.24       0.26       0          41.55      23         63         0          0          0.0810     2.1366     79         104        110        117        125        131        168       
1697       58200      58200      163.34     72.37      0.4430     40.33      0.24       0.24       0.26       0          41.55      23         63         0          0          0.0810     2.1366     79         104        110        117        125        131        168       
1698       58200      58200      163.34     72.72      0.4452     40.37      0.24       0.24       0.26       0          41.55      23         63         0          0          0.0810     2.1366     79         104        110        117        125        131        168       
1699       58200      58200      163.35     73.10      0.4475     40.33      0.23       0.24       0.26       0          41.55      23         63         0          0          0.0810     2.1366     79         104        110        117        125        131        168       
1700       58200      58200      163.35     74.27      0.4547     40.38      0.24       0.24       0.26       0          41.55      23         63         0          0          0.0810     2.1366     79         104        110        117        125        131        168       
1701       58200      58200      163.34     73.46      0.4498     40.46      0.24       0.24       0.26       0          41.55      23         63         0          0          0.0810     2.1366     79         104        110        117        125        131        168       
1702       58200      58200      163.34     72.55      0.4442     40.33      0.24       0.24       0.26       0          41.55      23         63         0          0          0.0810     2.1366     79         104        110        117        125        131        168       
1703       58200      58200      163.35     74.87      0.4583     40.46      0.24       0.24       0.26       0          41.55      23         63         0          0          0.0810     2.1366     79         104        110        117        125        131        168       
1704       58200      58200      163.35     73.03      0.4471     40.42      0.24       0.24       0.26       0          41.55      23         63         0          0          0.0810     2.1366     79         104        110        117        125        131        168       
1705       58200      58200      163.35     73.50      0.4500     40.46      0.24       0.24       0.26       0          41.55      23         63         0          0          0.0810     2.1366     79         104        110        117        125        131        168       
1706       58200      58200      163.35     72.77      0.4455     40.39      0.24       0.24       0.26       0          41.55      23         63         0          0          0.0810     2.1366     79         104        110        117        125        131        168       
1707       58200      58200      163.34     74.25      0.4546     40.40      0.23       0.24       0.26       0          41.55      23         63         0          0          0.0810     2.1366     79         104        110        117        125        131        168       
1708       58200      58200      163.35     73.35      0.4491     40.45      0.24       0.24       0.26       0          41.55      23         63         0          0          0.0810     2.1366     79         104        110        117        125        131        168       
1709       58200      58200      163.35     72.61      0.4445     40.41      0.25       0.24       0.26       0          41.55      23         63         0          0          0.0810     2.1366     79         104        110        117        125        131        168       
1710       58200      58200      163.34     73.53      0.4502     40.43      0.24       0.24       0.26       0          41.55      23         63         0          0          0.0810     2.1366     79         104        110        117        125        131        168       
1711       58200      58200      163.34     73.48      0.4498     40.49      0.25       0.24       0.26       0          41.55      23         63         0          0          0.0810     2.1366     79         104        110        117        125        131        168       
1712       58200      58200      163.35     74.57      0.4565     40.50      0.25       0.24       0.26       0          41.55      23         63         0          0          0.0810     2.1366     79         104        110        117        125        131        168       
1713       58200      58200      163.35     72.51      0.4439     40.48      0.25       0.24       0.26       0          41.55      23         63         0          0          0.0810     2.1366     79         104        110        117        125        131        168       
1714       58200      58200      163.35     73.31      0.4488     40.44      0.25       0.24       0.26       0          41.55      23         63         0          0          0.0810     2.1366     79         104        110        117        125        131        168       
1715       58200      58200      163.35     73.59      0.4505     40.37      0.24       0.24       0.26       0          41.55      23         63         0          0          0.0810     2.1366     79         104        110        117        125        131        168       
1716       58200      58200      163.35     74.02      0.4531     40.44      0.24       0.24       0.26       0          41.55      23         63         0          0          0.0810     2.1366     79         104        110        117        125        131        168       
1717       58200      58200      163.36     73.28      0.4486     40.47      0.24       0.24       0.26       0          41.55      23         63         0          0          0.0810     2.1366     79         104        110        117        125        131        168       
1718       58200      58200      163.35     73.12      0.4476     40.49      0.24       0.24       0.26       0          41.55      23         63         0          0          0.0810     2.1366     79         104        110        117        125        131        168       
1719       58200      58200      163.35     73.57      0.4504     40.58      0.25       0.24       0.26       0          41.55      23         63         0          0          0.0810     2.1366     79         104        110        117        125        131        168       
1720       58200      58200      163.34     72.71      0.4451     40.33      0.25       0.24       0.26       0          41.55      23         63         0          0          0.0810     2.1366     79         104        110        117        125        131        168       
1721       58200      58200      163.34     72.63      0.4447     40.44      0.24       0.24       0.26       0          41.55      23         63         0          0          0.0810     2.1366     79         104        110        117        125        131        168       
1722       58200      58200      163.35     73.09      0.4475     40.44      0.24       0.24       0.26       0          41.55      23         63         0          0          0.0810     2.1366     79         104        110        117        125        131        168       
1723       58200      58200      163.34     74.26      0.4546     40.48      0.25       0.24       0.26       0          41.55      23         63         0          0          0.0810     2.1366     79         104        110        117        125        131        168       
1724       58200      58200      163.35     73.48      0.4498     40.44      0.24       0.24       0.26       0          41.55      23         63         0          0          0.0810     2.1366     79         104        110        117        125        131        168       
1725       58200      58200      163.34     72.28      0.4425     40.45      0.24       0.24       0.26       0          41.55      23         63         0          0          0.0810     2.1366     79         104        110        117        125        131        168       
1726       58200      58200      163.34     73.50      0.4500     40.54      0.25       0.24       0.26       0          41.55      23         63         0          0          0.0810     2.1366     79         104        110        117        125        131        168       
1727       58200      58200      163.34     73.29      0.4487     40.47      0.24       0.24       0.26       0          41.55      23         63         0          0          0.0810     2.1366     79         104        110        117        125        131        168       
1728       58200      58200      163.35     72.84      0.4459     40.49      0.24       0.24       0.26       0          41.55      23         63         0          0          0.0810     2.1366     79         104        110        117        125        131        168       
1729       58200      58200      163.34     73.42      0.4495     40.42      0.24       0.24       0.26       0          41.55      23         63         0          0          0.0810     2.1366     79         104        110        117        125        131        168       
1730       58200      58200      163.35     73.04      0.4471     40.48      0.25       0.24       0.26       0          41.55      23         63         0          0          0.0810     2.1366     79         104        110        117        125        131        168       
1731       58200      58200      163.34     74.22      0.4544     40.49      0.24       0.24       0.26       0          41.55      23         63         0          0          0.0810     2.1366     79         104        110        117        125        131        168       
1732       58200      58200      163.35     73.38      0.4492     40.40      0.24       0.24       0.26       0          41.55      23         63         0          0          0.0810     2.1366     79         104        110        117        125        131        168       
1733       58200      58200      163.35     73.49      0.4499     40.52      0.24       0.24       0.26       0          41.55      23         63         0          0          0.0810     2.1366     79         104        110        117        125        131        168       
1734       58200      58200      163.34     73.41      0.4494     40.47      0.24       0.24       0.26       0          41.55      23         63         0          0          0.0810     2.1366     79         104        110        117        125        131        168       
1735       58200      58200      163.35     72.98      0.4468     40.46      0.24       0.24       0.26       0          41.55      23         63         0          0          0.0810     2.1366     79         104        110        117        125        131        168       
1736       58200      58200      163.35     73.48      0.4498     40.51      0.25       0.24       0.26       0          41.55      23         63         0          0          0.0810     2.1366     79         104        110        117        125        131        168       
1737       58200      58200      163.35     74.07      0.4534     40.53      0.25       0.24       0.26       0          41.55      23         63         0          0          0.0810     2.1366     79         104        110        117        125        131        168       
1738       58200      58200      163.35     73.97      0.4528     40.48      0.24       0.24       0.26       0          41.55      23         63         0          0          0.0810     2.1366     79         104        110        117        125        131        168       
1739       58200      58200      163.36     73.36      0.4491     40.47      0.24       0.24       0.26       0          41.55      23         63         0          0          0.0810     2.1366     79         104        110        117        125        131        168       
1740       58200      58200      163.35     72.50      0.4438     40.48      0.24       0.24       0.26       0          41.55      23         63         0          0          0.0810     2.1366     79         104        110        117        125        131        168       
1741       58200      58200      163.35     73.11      0.4476     40.44      0.24       0.24       0.26       0          41.55      23         63         0          0          0.0810     2.1366     79         104        110        117        125        131        168       
1742       58200      58200      163.35     72.95      0.4466     40.48      0.24       0.24       0.26       0          41.55      23         63         0          0          0.0810     2.1366     79         104        110        117        125        131        168       
1743       58200      58200      163.35     74.52      0.4562     40.37      0.24       0.24       0.26       0          41.55      23         63         0          0          0.0810     2.1366     79         104        110        117        125        131        168       
1744       58200      58200      163.35     73.38      0.4492     40.43      0.24       0.24       0.26       0          41.55      23         63         0          0          0.0810     2.1366     79         104        110        117        125        131        168       
1745       58200      58200      163.35     72.82      0.4458     40.33      0.25       0.24       0.26       0          41.55      23         63         0          0          0.0810     2.1366     79         104        110        117        125        131        168       
1746       58200      58200      163.35     72.88      0.4462     40.37      0.25       0.24       0.26       0          41.55      23         63         0          0          0.0810     2.1366     79         104        110        117        125        131        168       
1747       58200      58200      163.35     73.28      0.4486     40.41      0.24       0.24       0.26       0          41.55      23         63         0          0          0.0810     2.1366     79         104        110        117        125        131        168       
1748       58200      58200      163.36     72.54      0.4441     40.47      0.24       0.24       0.26       0          41.55      23         63         0          0          0.0810     2.1366     79         104        110        117        125        131        168       
1749       58200      58200      163.35     72.86      0.4461     40.42      0.24       0.24       0.26       0          41.55      23         63         0          0          0.0810     2.1366     79         104        110        117        125        131        168       
1750       58200      58200      163.35     72.70      0.4450     40.40      0.24       0.24       0.26       0          41.55      23         63         0          0          0.0810     2.1366     79         104        110        117        125        131        168       
1751       58200      58200      163.35     73.29      0.4486     40.44      0.24       0.24       0.26       0          41.55      23         63         0          0          0.0810     2.1366     79         104        110        117        125        131        168       
1752       58200      58200      163.35     73.68      0.4511     40.38      0.24       0.24       0.26       0          41.55      23         63         0          0          0.0810     2.1366     79         104        110        117        125        131        168       
1753       58200      58200      163.36     72.29      0.4426     40.46      0.24       0.24       0.26       0          41.55      23         63         0          0          0.0810     2.1366     79         104        110        117        125        131        168       
1754       58200      58200      163.35     72.98      0.4468     40.52      0.25       0.24       0.26       0          41.55      23         63         0          0          0.0810     2.1366     79         104        110        117        125        131        168       
1755       58200      58200      163.35     73.61      0.4506     40.40      0.24       0.24       0.26       0          41.55      23         63         0          0          0.0810     2.1366     79         104        110        117        125        131        168       
1756       58200      58200      163.36     73.98      0.4529     40.45      0.24       0.24       0.26       0          41.55      23         63         0          0          0.0810     2.1366     79         104        110        117        125        131        168       
1757       58200      58200      163.35     73.57      0.4504     40.45      0.24       0.24       0.26       0          41.55      23         63         0          0          0.0810     2.1366     79         104        110        117        125        131        168       
1758       58200      58200      163.35     73.95      0.4527     40.50      0.24       0.24       0.26       0          41.55      23         63         0          0          0.0810     2.1366     79         104        110        117        125        131        168       
1759       58200      58200      163.35     73.02      0.4470     40.45      0.24       0.24       0.26       0          41.55      23         63         0          0          0.0810     2.1366     79         104        110        117        125        131        168       
1760       58200      58200      163.35     72.91      0.4463     40.46      0.25       0.24       0.26       0          41.55      23         63         0          0          0.0810     2.1366     79         104        110        117        125        131        168       
1761       58200      58200      163.36     73.82      0.4519     40.46      0.24       0.24       0.26       0          41.55      23         63         0          0          0.0810     2.1366     79         104        110        117        125        131        168       
1762       58200      58200      163.34     73.74      0.4515     40.51      0.24       0.24       0.26       0          41.55      23         63         0          0          0.0810     2.1366     79         104        110        117        125        131        168       
1763       58200      58200      163.35     73.73      0.4514     40.49      0.24       0.24       0.26       0          41.55      23         63         0          0          0.0810     2.1366     79         104        110        117        125        131        168       
1764       58200      58200      163.36     73.07      0.4473     40.47      0.24       0.24       0.26       0          41.55      23         63         0          0          0.0810     2.1366     79         104        110        117        125        131        168       
1765       58200      58200      163.35     73.09      0.4474     40.50      0.24       0.24       0.26       0          41.55      23         63         0          0          0.0810     2.1366     79         104        110        117        125        131        168       
1766       58200      58200      163.34     73.92      0.4525     40.49      0.24       0.24       0.26       0          41.55      23         63         0          0          0.0810     2.1366     79         104        110        117        125        131        168       
1767       58200      58200      163.34     72.54      0.4441     40.52      0.25       0.24       0.26       0          41.55      23         63         0          0          0.0810     2.1366     79         104        110        117        125        131        168       
1768       58200      58200      163.36     72.97      0.4467     40.44      0.24       0.24       0.26       0          41.55      23         63         0          0          0.0810     2.1366     79         104        110        117        125        131        168       
1769       58200      58200      163.35     73.00      0.4469     40.37      0.24       0.24       0.26       0          41.55      23         63         0          0          0.0810     2.1366     79         104        110        117        125        131        168       
1770       58200      58200      163.35     72.30      0.4426     40.31      0.24       0.24       0.26       0          41.55      23         63         0          0          0.0810     2.1366     79         104        110        117        125        131        168       
1771       58200      58200      163.36     73.18      0.4480     40.41      0.24       0.24       0.26       0          41.55      23         63         0          0          0.0810     2.1366     79         104        110        117        125        131        168       
1772       58200      58200      163.35     73.44      0.4496     40.41      0.24       0.24       0.26       0          41.55      23         63         0          0          0.0810     2.1366     79         104        110        117        125        131        168       
1773       58200      58200      163.34     74.64      0.4570     40.48      0.25       0.24       0.26       0          41.55      23         63         0          0          0.0810     2.1366     79         104        110        117        125        131        168       
1774       58200      58200      163.35     72.20      0.4420     40.53      0.24       0.24       0.26       0          41.55      23         63         0          0          0.0810     2.1366     79         104        110        117        125        131        168       
1775       58200      58200      163.36     73.69      0.4511     40.45      0.24       0.24       0.26       0          41.55      23         63         0          0          0.0810     2.1366     79         104        110        117        125        131        168       
1776       58200      58200      163.35     73.45      0.4496     40.53      0.24       0.24       0.26       0          41.55      23         63         0          0          0.0810     2.1366     79         104        110        117        125        131        168       
1777       58200      58200      163.35     73.28      0.4486     40.43      0.24       0.24       0.26       0          41.55      23         63         0          0          0.0810     2.1366     79         104        110        117        125        131        168       
1778       58200      58200      163.35     73.72      0.4513     40.54      0.24       0.24       0.26       0          41.55      23         63         0          0          0.0810     2.1366     79         104        110        117        125        131        168       
1779       58200      58200      163.35     73.10      0.4475     40.51      0.24       0.24       0.26       0          41.55      23         63         0          0          0.0810     2.1366     79         104        110        117        125        131        168       
1780       58200      58200      163.36     72.88      0.4461     40.55      0.24       0.24       0.26       0          41.55      23         63         0          0          0.0810     2.1366     79         104        110        117        125        131        168       
1781       58200      58200      163.36     72.73      0.4453     40.47      0.24       0.24       0.26       0          41.55      23         63         0          0          0.0810     2.1366     79         104        110        117        125        131        168       
1782       58200      58200      163.36     73.03      0.4471     40.51      0.24       0.24       0.26       0          41.55      23         63         0          0          0.0810     2.1366     79         104        110        117        125        131        168       
1783       58200      58200      163.35     73.19      0.4480     40.52      0.24       0.24       0.26       0          41.55      23         63         0          0          0.0810     2.1366     79         104        110        117        125        131        168       
1784       58200      58200      163.35     72.85      0.4460     40.49      0.24       0.24       0.26       0          41.55      23         63         0          0          0.0810     2.1366     79         104        110        117        125        131        168       
1785       58200      58200      163.36     73.74      0.4514     40.50      0.25       0.24       0.26       0          41.55      23         63         0          0          0.0810     2.1366     79         104        110        117        125        131        168       
1786       58200      58200      163.35     73.14      0.4477     40.56      0.24       0.24       0.26       0          41.55      23         63         0          0          0.0810     2.1366     79         104        110        117        125        131        168       
1787       58200      58200      163.36     73.33      0.4489     40.59      0.24       0.24       0.26       0          41.55      23         63         0          0          0.0810     2.1366     79         104        110        117        125        131        168       
1788       58200      58200      163.36     73.19      0.4481     40.65      0.25       0.24       0.26       0          41.55      23         63         0          0          0.0810     2.1366     79         104        110        117        125        131        168       
1789       58200      58200      163.35     73.91      0.4525     40.65      0.25       0.24       0.26       0          41.55      23         63         0          0          0.0810     2.1366     79         104        110        117        125        131        168       
1790       58200      58200      163.35     74.35      0.4552     40.63      0.24       0.24       0.26       0          41.55      23         63         0          0          0.0810     2.1366     79         104        110        117        125        131        168       
1791       58200      58200      163.34     73.87      0.4523     40.64      0.25       0.24       0.26       0          41.55      23         63         0          0          0.0810     2.1366     79         104        110        117        125        131        168       
1792       58200      58200      163.35     72.37      0.4430     40.58      0.24       0.24       0.26       0          41.55      23         63         0          0          0.0810     2.1366     79         104        110        117        125        131        168       
1793       58200      58200      163.35     72.51      0.4439     40.54      0.24       0.24       0.26       0          41.55      23         63         0          0          0.0810     2.1366     79         104        110        117        125        131        168       
1794       58200      58200      163.36     75.31      0.4610     40.55      0.24       0.24       0.26       0          41.55      23         63         0          0          0.0810     2.1366     79         104        110        117        125        131        168       
1795       58200      58200      163.35     73.14      0.4477     40.63      0.24       0.24       0.26       0          41.55      23         63         0          0          0.0810     2.1366     79         104        110        117        125        131        168       
1796       58200      58200      163.34     73.85      0.4521     40.66      0.25       0.24       0.26       0          41.55      23         63         0          0          0.0810     2.1366     79         104        110        117        125        131        168       
1797       58200      58200      163.35     72.61      0.4445     40.57      0.24       0.24       0.26       0          41.55      23         63         0          0          0.0810     2.1366     79         104        110        117        125        131        168       
1798       58200      58200      163.35     74.61      0.4568     40.59      0.25       0.24       0.26       0          41.55      23         63         0          0          0.0810     2.1366     79         104        110        117        125        131        168       
1799       58200      58200      163.35     72.81      0.4457     40.68      0.25       0.24       0.26       0          41.55      23         63         0          0          0.0810     2.1366     79         104        110        117        125        131        168       
1800       58200      58200      163.35     72.35      0.4429     40.57      0.25       0.24       0.26       0          41.55      23         63         0          0          0.0810     2.1366     79         104        110        117        125        131        168       
1801       58200      58200      163.35     73.80      0.4518     40.58      0.25       0.24       0.26       0          41.55      23         63         0          0          0.0810     2.1366     79         104        110        117        125        131        168       
1802       58200      58200      163.36     73.63      0.4507     40.50      0.24       0.24       0.26       0          41.55      23         63         0          0          0.0810     2.1366     79         104        110        117        125        131        168       
1803       58200      58200      163.35     72.94      0.4465     40.51      0.24       0.24       0.26       0          41.55      23         63         0          0          0.0810     2.1366     79         104        110        117        125        131        168       
1804       58200      58200      163.35     73.94      0.4527     40.59      0.24       0.24       0.26       0          41.55      23         63         0          0          0.0810     2.1366     79         104        110        117        125        131        168       
1805       58200      58200      163.35     73.33      0.4489     40.58      0.24       0.24       0.26       0          41.55      23         63         0          0          0.0810     2.1366     79         104        110        117        125        131        168       
1806       58200      58200      163.35     73.15      0.4478     40.55      0.25       0.24       0.26       0          41.55      23         63         0          0          0.0810     2.1366     79         104        110        117        125        131        168       
1807       58200      58200      163.34     74.14      0.4539     40.50      0.24       0.24       0.26       0          41.55      23         63         0          0          0.0810     2.1366     79         104        110        117        125        131        168       
1808       58200      58200      163.36     73.93      0.4526     40.59      0.25       0.24       0.26       0          41.55      23         63         0          0          0.0810     2.1366     79         104        110        117        125        131        168       
1809       58200      58200      163.36     72.26      0.4423     40.56      0.25       0.24       0.26       0          41.55      23         63         0          0          0.0810     2.1366     79         104        110        117        125        131        168       
1810       58200      58200      163.34     73.47      0.4498     40.59      0.25       0.24       0.26       0          41.55      23         63         0          0          0.0810     2.1366     79         104        110        117        125        131        168       
1811       58200      58200      163.35     74.17      0.4541     40.61      0.25       0.24       0.26       0          41.55      23         63         0          0          0.0810     2.1366     79         104        110        117        125        131        168       
1812       58200      58200      163.35     73.97      0.4528     40.60      0.24       0.24       0.26       0          41.55      23         63         0          0          0.0810     2.1366     79         104        110        117        125        131        168       
1813       58200      58200      163.35     73.88      0.4523     40.61      0.25       0.24       0.26       0          41.55      23         63         0          0          0.0810     2.1366     79         104        110        117        125        131        168       
1814       58200      58200      163.35     74.18      0.4541     40.63      0.25       0.24       0.26       0          41.55      23         63         0          0          0.0810     2.1366     79         104        110        117        125        131        168       
1815       58200      58200      163.34     74.09      0.4536     40.57      0.25       0.24       0.26       0          41.55      23         63         0          0          0.0810     2.1366     79         104        110        117        125        131        168       
1816       58200      58200      163.34     74.14      0.4539     40.55      0.24       0.24       0.26       0          41.55      23         63         0          0          0.0810     2.1366     79         104        110        117        125        131        168       
1817       58200      58200      163.36     73.49      0.4499     40.73      0.25       0.24       0.26       0          41.55      23         63         0          0          0.0810     2.1366     79         104        110        117        125        131        168       
1818       58200      58200      163.35     73.40      0.4493     40.71      0.25       0.24       0.26       0          41.55      23         63         0          0          0.0810     2.1366     79         104        110        117        125        131        168       
1819       58200      58200      163.35     74.05      0.4533     40.67      0.25       0.24       0.26       0          41.55      23         63         0          0          0.0810     2.1366     79         104        110        117        125        131        168       
1820       58200      58200      163.34     72.47      0.4437     40.70      0.25       0.24       0.26       0          41.55      23         63         0          0          0.0810     2.1366     79         104        110        117        125        131        168       
1821       58200      58200      163.35     72.79      0.4456     40.65      0.25       0.24       0.26       0          41.55      23         63         0          0          0.0810     2.1366     79         104        110        117        125        131        168       
1822       58200      58200      163.36     72.62      0.4446     40.59      0.24       0.24       0.26       0          41.55      23         63         0          0          0.0810     2.1366     79         104        110        117        125        131        168       
1823       58200      58200      163.35     73.07      0.4473     40.65      0.24       0.24       0.26       0          41.55      23         63         0          0          0.0810     2.1366     79         104        110        117        125        131        168       
1824       58200      58200      163.36     73.00      0.4469     40.61      0.25       0.24       0.26       0          41.55      23         63         0          0          0.0810     2.1366     79         104        110        117        125        131        168       
1825       58200      58200      163.35     73.96      0.4528     40.55      0.24       0.24       0.26       0          41.55      23         63         0          0          0.0810     2.1366     79         104        110        117        125        131        168       
1826       58200      58200      163.35     74.11      0.4537     40.51      0.25       0.24       0.26       0          41.55      23         63         0          0          0.0810     2.1366     79         104        110        117        125        131        168       
1827       58200      58200      163.35     72.38      0.4431     40.59      0.25       0.24       0.26       0          41.55      23         63         0          0          0.0810     2.1366     79         104        110        117        125        131        168       
1828       58200      58200      163.35     73.73      0.4513     40.58      0.25       0.24       0.26       0          41.55      23         63         0          0          0.0810     2.1366     79         104        110        117        125        131        168       
1829       58200      58200      163.36     72.50      0.4438     40.54      0.24       0.24       0.26       0          41.55      23         63         0          0          0.0810     2.1366     79         104        110        117        125        131        168       
1830       58200      58200      163.36     72.27      0.4424     40.51      0.25       0.24       0.26       0          41.55      23         63         0          0          0.0810     2.1366     79         104        110        117        125        131        168       
1831       58200      58200      163.35     72.74      0.4453     40.56      0.25       0.24       0.26       0          41.55      23         63         0          0          0.0810     2.1366     79         104        110        117        125        131        168       
1832       58200      58200      163.35     73.95      0.4527     40.54      0.24       0.24       0.26       0          41.55      23         63         0          0          0.0810     2.1366     79         104        110        117        125        131        168       
1833       58200      58200      163.35     73.60      0.4506     40.56      0.24       0.24       0.26       0          41.55      23         63         0          0          0.0810     2.1366     79         104        110        117        125        131        168       
1834       58200      58200      163.35     73.70      0.4511     40.59      0.24       0.24       0.26       0          41.55      23         63         0          0          0.0810     2.1366     79         104        110        117        125        131        168       
1835       58200      58200      163.35     73.94      0.4526     40.59      0.25       0.24       0.26       0          41.55      23         63         0          0          0.0810     2.1366     79         104        110        117        125        131        168       
1836       58200      58200      163.35     73.21      0.4482     40.60      0.24       0.24       0.26       0          41.55      23         63         0          0          0.0810     2.1366     79         104        110        117        125        131        168       
1837       58200      58200      163.35     73.91      0.4525     40.71      0.25       0.24       0.26       0          41.55      23         63         0          0          0.0810     2.1366     79         104        110        117        125        131        168       
1838       58200      58200      163.35     74.43      0.4557     40.74      0.24       0.24       0.26       0          41.55      23         63         0          0          0.0810     2.1366     79         104        110        117        125        131        168       
1839       58200      58200      163.35     73.06      0.4473     40.62      0.24       0.24       0.26       0          41.55      23         63         0          0          0.0810     2.1366     79         104        110        117        125        131        168       
1840       58200      58200      163.36     73.55      0.4502     40.65      0.24       0.24       0.26       0          41.55      23         63         0          0          0.0810     2.1366     79         104        110        117        125        131        168       
1841       58200      58200      163.35     73.01      0.4470     40.58      0.24       0.24       0.26       0          41.55      23         63         0          0          0.0810     2.1366     79         104        110        117        125        131        168       
1842       58200      58200      163.35     74.91      0.4586     40.61      0.25       0.24       0.26       0          41.55      23         63         0          0          0.0810     2.1366     79         104        110        117        125        131        168       
1843       58200      58200      163.35     73.00      0.4469     40.67      0.25       0.24       0.26       0          41.55      23         63         0          0          0.0810     2.1366     79         104        110        117        125        131        168       
1844       58200      58200      163.35     72.79      0.4456     40.66      0.24       0.24       0.26       0          41.55      23         63         0          0          0.0810     2.1366     79         104        110        117        125        131        168       
1845       58200      58200      163.35     74.34      0.4551     40.67      0.24       0.24       0.26       0          41.55      23         63         0          0          0.0810     2.1366     79         104        110        117        125        131        168       
1846       58200      58200      163.36     73.97      0.4528     40.71      0.25       0.24       0.26       0          41.55      23         63         0          0          0.0810     2.1366     79         104        110        117        125        131        168       
1847       58200      58200      163.35     72.81      0.4457     40.71      0.25       0.24       0.26       0          41.55      23         63         0          0          0.0810     2.1366     79         104        110        117        125        131        168       
1848       58200      58200      163.35     74.05      0.4533     40.73      0.25       0.24       0.26       0          41.55      23         63         0          0          0.0810     2.1366     79         104        110        117        125        131        168       
1849       58200      58200      163.35     73.08      0.4474     40.73      0.25       0.24       0.26       0          41.55      23         63         0          0          0.0810     2.1366     79         104        110        117        125        131        168       
1850       58200      58200      163.35     73.18      0.4480     40.62      0.25       0.24       0.26       0          41.55      23         63         0          0          0.0810     2.1366     79         104        110        117        125        131        168       
1851       58200      58200      163.35     72.96      0.4467     40.57      0.25       0.24       0.26       0          41.55      23         63         0          0          0.0810     2.1366     79         104        110        117        125        131        168       
1852       58200      58200      163.35     72.11      0.4415     40.67      0.24       0.24       0.26       0          41.55      23         63         0          0          0.0810     2.1366     79         104        110        117        125        131        168       
1853       58200      58200      163.34     73.44      0.4496     40.58      0.24       0.24       0.26       0          41.55      23         63         0          0          0.0810     2.1366     79         104        110        117        125        131        168       
1854       58200      58200      163.35     73.40      0.4493     40.62      0.25       0.24       0.26       0          41.55      23         63         0          0          0.0810     2.1366     79         104        110        117        125        131        168       
1855       58200      58200      163.34     74.61      0.4567     40.58      0.25       0.24       0.26       0          41.55      23         63         0          0          0.0810     2.1366     79         104        110        117        125        131        168       
1856       58200      58200      163.35     74.55      0.4564     40.60      0.25       0.24       0.26       0          41.55      23         63         0          0          0.0810     2.1366     79         104        110        117        125        131        168       
1857       58200      58200      163.34     73.92      0.4525     40.67      0.25       0.24       0.26       0          41.55      23         63         0          0          0.0810     2.1366     79         104        110        117        125        131        168       
1858       58200      58200      163.34     73.74      0.4515     40.70      0.24       0.24       0.26       0          41.55      23         63         0          0          0.0810     2.1366     79         104        110        117        125        131        168       
1859       58200      58200      163.35     74.03      0.4532     40.71      0.25       0.24       0.26       0          41.55      23         63         0          0          0.0810     2.1366     79         104        110        117        125        131        168       
1860       58200      58200      163.34     72.63      0.4446     40.69      0.25       0.24       0.26       0          41.55      23         63         0          0          0.0810     2.1366     79         104        110        117        125        131        168       
1861       58200      58200      163.35     73.32      0.4489     40.63      0.24       0.24       0.26       0          41.55      23         63         0          0          0.0810     2.1366     79         104        110        117        125        131        168       
1862       58200      58200      163.35     74.66      0.4571     40.68      0.24       0.24       0.26       0          41.55      23         63         0          0          0.0810     2.1366     79         104        110        117        125        131        168       
1863       58200      58200      163.35     72.88      0.4462     40.67      0.24       0.24       0.26       0          41.55      23         63         0          0          0.0810     2.1366     79         104        110        117        125        131        168       
1864       58200      58200      163.36     74.74      0.4575     40.74      0.24       0.25       0.26       0          41.55      23         63         0          0          0.0810     2.1366     79         104        110        117        125        131        168       
1865       58200      58200      163.35     73.68      0.4510     40.77      0.24       0.24       0.26       0          41.55      23         63         0          0          0.0810     2.1366     79         104        110        117        125        131        168       
1866       58200      58200      163.34     73.85      0.4521     40.69      0.24       0.24       0.26       0          41.55      23         63         0          0          0.0810     2.1366     79         104        110        117        125        131        168       
1867       58200      58200      163.36     73.37      0.4492     40.82      0.24       0.25       0.26       0          41.55      23         63         0          0          0.0810     2.1366     79         104        110        117        125        131        168       
1868       58200      58200      163.35     74.68      0.4572     40.75      0.25       0.25       0.26       0          41.55      23         63         0          0          0.0810     2.1366     79         104        110        117        125        131        168       
1869       58200      58200      163.35     73.13      0.4477     40.60      0.25       0.24       0.26       0          41.55      23         63         0          0          0.0810     2.1366     79         104        110        117        125        131        168       
1870       58200      58200      163.36     74.10      0.4536     40.66      0.25       0.24       0.26       0          41.55      23         63         0          0          0.0810     2.1366     79         104        110        117        125        131        168       
1871       58200      58200      163.34     74.18      0.4542     40.69      0.25       0.24       0.26       0          41.55      23         63         0          0          0.0810     2.1366     79         104        110        117        125        131        168       
1872       58200      58200      163.36     73.09      0.4474     40.71      0.25       0.24       0.26       0          41.55      23         63         0          0          0.0810     2.1366     79         104        110        117        125        131        168       
1873       58200      58200      163.36     73.88      0.4522     40.75      0.24       0.25       0.26       0          41.55      23         63         0          0          0.0810     2.1366     79         104        110        117        125        131        168       
1874       58200      58200      163.35     74.27      0.4547     40.76      0.25       0.24       0.26       0          41.55      23         63         0          0          0.0810     2.1366     79         104        110        117        125        131        168       
1875       58200      58200      163.35     74.69      0.4572     40.67      0.25       0.24       0.26       0          41.55      23         63         0          0          0.0810     2.1366     79         104        110        117        125        131        168       
1876       58200      58200      163.34     74.13      0.4538     40.70      0.25       0.24       0.26       0          41.55      23         63         0          0          0.0810     2.1366     79         104        110        117        125        131        168       
1877       58200      58200      163.35     74.27      0.4547     40.86      0.25       0.25       0.26       0          41.55      23         63         0          0          0.0810     2.1366     79         104        110        117        125        131        168       
1878       58200      58200      163.34     72.95      0.4466     40.78      0.25       0.25       0.26       0          41.55      23         63         0          0          0.0810     2.1366     79         104        110        117        125        131        168       
1879       58200      58200      163.35     74.92      0.4587     40.85      0.25       0.25       0.26       0          41.55      23         63         0          0          0.0810     2.1366     79         104        110        117        125        131        168       
1880       58200      58200      163.35     74.82      0.4580     40.84      0.25       0.25       0.26       0          41.55      23         63         0          0          0.0810     2.1366     79         104        110        117        125        131        168       
1881       58200      58200      163.35     74.01      0.4531     40.93      0.25       0.25       0.26       0          41.55      23         63         0          0          0.0810     2.1366     79         104        110        117        125        131        168       
1882       58200      58200      163.35     74.37      0.4553     40.93      0.25       0.25       0.26       0          41.55      23         63         0          0          0.0810     2.1366     79         104        110        117        125        131        168       
1883       58200      58200      163.35     73.62      0.4507     40.87      0.25       0.25       0.26       0          41.55      23         63         0          0          0.0810     2.1366     79         104        110        117        125        131        168       
1884       58200      58200      163.35     73.00      0.4469     40.93      0.25       0.25       0.26       0          41.55      23         63         0          0          0.0810     2.1366     79         104        110        117        125        131        168       
1885       58200      58200      163.35     74.29      0.4548     40.87      0.25       0.25       0.26       0          41.55      23         63         0          0          0.0810     2.1366     79         104        110        117        125        131        168       
1886       58200      58200      163.35     74.39      0.4554     40.79      0.25       0.25       0.26       0          41.55      23         63         0          0          0.0810     2.1366     79         104        110        117        125        131        168       
1887       58200      58200      163.35     73.77      0.4516     40.80      0.25       0.25       0.26       0          41.55      23         63         0          0          0.0810     2.1366     79         104        110        117        125        131        168       
1888       58200      58200      163.35     73.42      0.4495     40.71      0.25       0.25       0.26       0          41.55      23         63         0          0          0.0810     2.1366     79         104        110        117        125        131        168       
1889       58200      58200      163.35     73.62      0.4507     40.74      0.25       0.24       0.26       0          41.55      23         63         0          0          0.0810     2.1366     79         104        110        117        125        131        168       
1890       58200      58200      163.36     72.85      0.4459     40.76      0.25       0.25       0.26       0          41.55      23         63         0          0          0.0810     2.1366     79         104        110        117        125        131        168       
1891       58200      58200      163.35     74.25      0.4546     40.74      0.25       0.25       0.26       0          41.55      23         63         0          0          0.0810     2.1366     79         104        110        117        125        131        168       
1892       58200      58200      163.35     73.08      0.4474     40.63      0.25       0.24       0.26       0          41.55      23         63         0          0          0.0810     2.1366     79         104        110        117        125        131        168       
1893       58200      58200      163.35     73.86      0.4522     40.74      0.25       0.25       0.26       0          41.55      23         63         0          0          0.0810     2.1366     79         104        110        117        125        131        168       
1894       58200      58200      163.35     73.79      0.4517     40.69      0.25       0.25       0.26       0          41.55      23         63         0          0          0.0810     2.1366     79         104        110        117        125        131        168       
1895       58200      58200      163.35     72.78      0.4455     40.65      0.25       0.24       0.26       0          41.55      23         63         0          0          0.0810     2.1366     79         104        110        117        125        131        168       
1896       58200      58200      163.35     73.35      0.4490     40.75      0.25       0.25       0.26       0          41.55      23         63         0          0          0.0810     2.1366     79         104        110        117        125        131        168       
1897       58200      58200      163.35     72.97      0.4467     40.77      0.25       0.24       0.26       0          41.55      23         63         0          0          0.0810     2.1366     79         104        110        117        125        131        168       
1898       58200      58200      163.34     73.48      0.4498     40.72      0.24       0.24       0.26       0          41.55      23         63         0          0          0.0810     2.1366     79         104        110        117        125        131        168       
1899       58200      58200      163.34     73.35      0.4491     40.78      0.25       0.25       0.26       0          41.55      23         63         0          0          0.0810     2.1366     79         104        110        117        125        131        168       
1900       58200      58200      163.35     74.14      0.4538     40.76      0.25       0.25       0.26       0          41.55      23         63         0          0          0.0810     2.1366     79         104        110        117        125        131        168       
1901       58200      58200      163.35     73.06      0.4472     40.71      0.25       0.24       0.26       0          41.55      23         63         0          0          0.0810     2.1366     79         104        110        117        125        131        168       
1902       58200      58200      163.35     73.97      0.4528     40.69      0.24       0.24       0.26       0          41.55      23         63         0          0          0.0810     2.1366     79         104        110        117        125        131        168       
1903       58200      58200      163.35     73.09      0.4474     40.68      0.25       0.24       0.26       0          41.55      23         63         0          0          0.0810     2.1366     79         104        110        117        125        131        168       
1904       58200      58200      163.36     74.61      0.4567     40.75      0.24       0.24       0.26       0          41.55      23         63         0          0          0.0810     2.1366     79         104        110        117        125        131        168       
1905       58200      58200      163.35     72.71      0.4451     40.60      0.25       0.24       0.26       0          41.55      23         63         0          0          0.0810     2.1366     79         104        110        117        125        131        168       
1906       58200      58200      163.36     74.40      0.4555     40.72      0.24       0.24       0.26       0          41.55      23         63         0          0          0.0810     2.1366     79         104        110        117        125        131        168       
1907       58200      58200      163.35     73.93      0.4526     40.72      0.25       0.24       0.26       0          41.55      23         63         0          0          0.0810     2.1366     79         104        110        117        125        131        168       
1908       58200      58200      163.36     74.04      0.4532     40.75      0.25       0.24       0.26       0          41.55      23         63         0          0          0.0810     2.1366     79         104        110        117        125        131        168       
1909       58200      58200      163.35     74.18      0.4541     40.74      0.24       0.25       0.26       0          41.55      23         63         0          0          0.0810     2.1366     79         104        110        117        125        131        168       
1910       58200      58200      163.35     74.04      0.4533     40.79      0.25       0.25       0.26       0          41.55      23         63         0          0          0.0810     2.1366     79         104        110        117        125        131        168       
1911       58200      58200      163.35     73.85      0.4521     40.66      0.25       0.24       0.26       0          41.55      23         63         0          0          0.0810     2.1366     79         104        110        117        125        131        168       
1912       58200      58200      163.35     73.82      0.4519     40.85      0.25       0.25       0.26       0          41.55      23         63         0          0          0.0810     2.1366     79         104        110        117        125        131        168       
1913       58200      58200      163.35     72.66      0.4448     40.81      0.25       0.25       0.26       0          41.55      23         63         0          0          0.0810     2.1366     79         104        110        117        125        131        168       
1914       58200      58200      163.34     73.81      0.4519     40.77      0.25       0.25       0.26       0          41.55      23         63         0          0          0.0810     2.1366     79         104        110        117        125        131        168       
1915       58200      58200      163.35     73.15      0.4478     40.76      0.25       0.25       0.26       0          41.55      23         63         0          0          0.0810     2.1366     79         104        110        117        125        131        168       
1916       58200      58200      163.36     74.15      0.4539     40.75      0.24       0.25       0.26       0          41.55      23         63         0          0          0.0810     2.1366     79         104        110        117        125        131        168       
1917       58200      58200      163.35     73.94      0.4527     40.80      0.25       0.25       0.26       0          41.55      23         63         0          0          0.0810     2.1366     79         104        110        117        125        131        168       
1918       58200      58200      163.34     74.38      0.4554     40.77      0.24       0.25       0.26       0          41.55      23         63         0          0          0.0810     2.1366     79         104        110        117        125        131        168       
1919       58200      58200      163.35     73.37      0.4492     40.82      0.25       0.25       0.26       0          41.55      23         63         0          0          0.0810     2.1366     79         104        110        117        125        131        168       
1920       58200      58200      163.35     74.02      0.4531     40.76      0.24       0.25       0.26       0          41.55      23         63         0          0          0.0810     2.1366     79         104        110        117        125        131        168       
1921       58200      58200      163.35     72.58      0.4443     40.77      0.25       0.25       0.26       0          41.55      23         63         0          0          0.0810     2.1366     79         104        110        117        125        131        168       
1922       58200      58200      163.34     74.67      0.4571     40.75      0.25       0.25       0.26       0          41.55      23         63         0          0          0.0810     2.1366     79         104        110        117        125        131        168       
1923       58200      58200      163.35     74.14      0.4539     40.84      0.25       0.25       0.26       0          41.55      23         63         0          0          0.0810     2.1366     79         104        110        117        125        131        168       
1924       58200      58200      163.35     73.25      0.4484     40.88      0.25       0.25       0.26       0          41.55      23         63         0          0          0.0810     2.1366     79         104        110        117        125        131        168       
1925       58200      58200      163.35     74.33      0.4550     40.83      0.25       0.25       0.26       0          41.55      23         63         0          0          0.0810     2.1366     79         104        110        117        125        131        168       
1926       58200      58200      163.35     74.65      0.4570     40.76      0.25       0.25       0.26       0          41.55      23         63         0          0          0.0810     2.1366     79         104        110        117        125        131        168       
1927       58200      58200      163.35     73.47      0.4498     40.88      0.25       0.25       0.26       0          41.55      23         63         0          0          0.0810     2.1366     79         104        110        117        125        131        168       
1928       58200      58200      163.35     72.94      0.4465     40.89      0.25       0.25       0.26       0          41.55      23         63         0          0          0.0810     2.1366     79         104        110        117        125        131        168       
1929       58200      58200      163.35     74.11      0.4537     40.91      0.25       0.25       0.26       0          41.55      23         63         0          0          0.0810     2.1366     79         104        110        117        125        131        168       
1930       58200      58200      163.35     74.69      0.4572     40.95      0.25       0.25       0.26       0          41.55      23         63         0          0          0.0810     2.1366     79         104        110        117        125        131        168       
1931       58200      58200      163.35     73.87      0.4522     40.84      0.25       0.25       0.26       0          41.55      23         63         0          0          0.0810     2.1366     79         104        110        117        125        131        168       
1932       58200      58200      163.35     74.80      0.4579     40.92      0.26       0.25       0.26       0          41.55      23         63         0          0          0.0810     2.1366     79         104        110        117        125        131        168       
1933       58200      58200      163.35     74.30      0.4549     40.86      0.25       0.25       0.26       0          41.55      23         63         0          0          0.0810     2.1366     79         104        110        117        125        131        168       
1934       58200      58200      163.34     74.23      0.4545     40.85      0.25       0.25       0.26       0          41.55      23         63         0          0          0.0810     2.1366     79         104        110        117        125        131        168       
1935       58200      58200      163.35     74.46      0.4558     40.89      0.25       0.25       0.26       0          41.55      23         63         0          0          0.0810     2.1366     79         104        110        117        125        131        168       
1936       58200      58200      163.35     73.30      0.4487     40.90      0.25       0.25       0.26       0          41.55      23         63         0          0          0.0810     2.1366     79         104        110        117        125        131        168       
1937       58200      58200      163.35     74.30      0.4548     40.91      0.25       0.25       0.26       0          41.55      23         63         0          0          0.0810     2.1366     79         104        110        117        125        131        168       
1938       58200      58200      163.33     74.39      0.4555     40.87      0.25       0.25       0.26       0          41.55      23         63         0          0          0.0810     2.1366     79         104        110        117        125        131        168       
1939       58200      58200      163.35     73.72      0.4513     40.92      0.25       0.25       0.26       0          41.55      23         63         0          0          0.0810     2.1366     79         104        110        117        125        131        168       
1940       58200      58200      163.35     73.63      0.4508     40.89      0.25       0.25       0.26       0          41.55      23         63         0          0          0.0810     2.1366     79         104        110        117        125        131        168       
1941       58200      58200      163.35     74.92      0.4586     40.84      0.25       0.25       0.26       0          41.55      23         63         0          0          0.0810     2.1366     79         104        110        117        125        131        168       
1942       58200      58200      163.35     73.67      0.4510     40.84      0.25       0.25       0.26       0          41.55      23         63         0          0          0.0810     2.1366     79         104        110        117        125        131        168       
1943       58200      58200      163.35     74.98      0.4590     40.80      0.25       0.25       0.26       0          41.55      23         63         0          0          0.0810     2.1366     79         104        110        117        125        131        168       
1944       58200      58200      163.35     74.31      0.4549     40.84      0.25       0.25       0.26       0          41.55      23         63         0          0          0.0810     2.1366     79         104        110        117        125        131        168       
1945       58200      58200      163.35     73.65      0.4509     40.89      0.25       0.25       0.26       0          41.55      23         63         0          0          0.0810     2.1366     79         104        110        117        125        131        168       
1946       58200      58200      163.36     73.50      0.4499     41.00      0.25       0.25       0.26       0          41.55      23         63         0          0          0.0810     2.1366     79         104        110        117        125        131        168       
1947       58200      58200      163.34     73.64      0.4509     40.90      0.25       0.25       0.26       0          41.55      23         63         0          0          0.0810     2.1366     79         104        110        117        125        131        168       
1948       58200      58200      163.34     74.70      0.4573     40.86      0.25       0.25       0.26       0          41.55      23         63         0          0          0.0810     2.1366     79         104        110        117        125        131        168       
1949       58200      58200      163.34     73.59      0.4505     40.93      0.25       0.25       0.26       0          41.55      23         63         0          0          0.0810     2.1366     79         104        110        117        125        131        168       
1950       58200      58200      163.35     73.66      0.4509     40.93      0.25       0.25       0.26       0          41.55      23         63         0          0          0.0810     2.1366     79         104        110        117        125        131        168       
1951       58200      58200      163.35     74.14      0.4538     40.93      0.26       0.25       0.26       0          41.55      23         63         0          0          0.0810     2.1366     79         104        110        117        125        131        168       
1952       58200      58200      163.34     74.04      0.4533     40.87      0.25       0.25       0.26       0          41.55      23         63         0          0          0.0810     2.1366     79         104        110        117        125        131        168       
1953       58200      58200      163.35     73.17      0.4480     40.90      0.25       0.25       0.26       0          41.55      23         63         0          0          0.0810     2.1366     79         104        110        117        125        131        168       
1954       58200      58200      163.35     73.20      0.4481     40.83      0.25       0.25       0.26       0          41.55      23         63         0          0          0.0810     2.1366     79         104        110        117        125        131        168       
1955       58200      58200      163.34     73.95      0.4527     40.83      0.25       0.25       0.26       0          41.55      23         63         0          0          0.0810     2.1366     79         104        110        117        125        131        168       
1956       58200      58200      163.35     73.91      0.4525     40.83      0.25       0.25       0.26       0          41.55      23         63         0          0          0.0810     2.1366     79         104        110        117        125        131        168       
1957       58200      58200      163.35     74.23      0.4544     40.78      0.25       0.25       0.26       0          41.55      23         63         0          0          0.0810     2.1366     79         104        110        117        125        131        168       
1958       58200      58200      163.35     72.65      0.4447     40.86      0.25       0.25       0.26       0          41.55      23         63         0          0          0.0810     2.1366     79         104        110        117        125        131        168       
1959       58200      58200      163.35     74.51      0.4561     40.86      0.25       0.25       0.26       0          41.55      23         63         0          0          0.0810     2.1366     79         104        110        117        125        131        168       
1960       58200      58200      163.35     74.57      0.4565     40.81      0.25       0.25       0.26       0          41.55      23         63         0          0          0.0810     2.1366     79         104        110        117        125        131        168       
1961       58200      58200      163.35     74.32      0.4549     40.81      0.25       0.25       0.26       0          41.55      23         63         0          0          0.0810     2.1366     79         104        110        117        125        131        168       
1962       58200      58200      163.35     74.31      0.4549     40.97      0.25       0.25       0.26       0          41.55      23         63         0          0          0.0810     2.1366     79         104        110        117        125        131        168       
1963       58200      58200      163.34     73.02      0.4470     40.81      0.25       0.25       0.26       0          41.55      23         63         0          0          0.0810     2.1366     79         104        110        117        125        131        168       
1964       58200      58200      163.35     74.17      0.4540     40.89      0.25       0.25       0.26       0          41.55      23         63         0          0          0.0810     2.1366     79         104        110        117        125        131        168       
1965       58200      58200      163.34     74.47      0.4559     40.90      0.25       0.25       0.26       0          41.55      23         63         0          0          0.0810     2.1366     79         104        110        117        125        131        168       
1966       58200      58200      163.34     74.14      0.4539     40.87      0.25       0.25       0.26       0          41.55      23         63         0          0          0.0810     2.1366     79         104        110        117        125        131        168       
1967       58200      58200      163.35     73.77      0.4516     40.85      0.25       0.25       0.26       0          41.55      23         63         0          0          0.0810     2.1366     79         104        110        117        125        131        168       
1968       58200      58200      163.35     73.67      0.4510     40.92      0.25       0.25       0.26       0          41.55      23         63         0          0          0.0810     2.1366     79         104        110        117        125        131        168       
1969       58200      58200      163.35     73.10      0.4475     40.89      0.25       0.25       0.26       0          41.55      23         63         0          0          0.0810     2.1366     79         104        110        117        125        131        168       
1970       58200      58200      163.35     74.10      0.4537     40.90      0.25       0.25       0.26       0          41.55      23         63         0          0          0.0810     2.1366     79         104        110        117        125        131        168       
1971       58200      58200      163.34     73.18      0.4480     40.88      0.25       0.25       0.26       0          41.55      23         63         0          0          0.0810     2.1366     79         104        110        117        125        131        168       
1972       58200      58200      163.34     73.80      0.4518     40.84      0.24       0.25       0.26       0          41.55      23         63         0          0          0.0810     2.1366     79         104        110        117        125        131        168       
1973       58200      58200      163.35     73.19      0.4481     40.78      0.25       0.25       0.26       0          41.55      23         63         0          0          0.0810     2.1366     79         104        110        117        125        131        168       
1974       58200      58200      163.35     73.48      0.4499     40.78      0.25       0.25       0.26       0          41.55      23         63         0          0          0.0810     2.1366     79         104        110        117        125        131        168       
1975       58200      58200      163.34     73.37      0.4492     40.83      0.25       0.25       0.26       0          41.55      23         63         0          0          0.0810     2.1366     79         104        110        117        125        131        168       
1976       58200      58200      163.34     73.36      0.4491     40.80      0.25       0.25       0.26       0          41.55      23         63         0          0          0.0810     2.1366     79         104        110        117        125        131        168       
1977       58200      58200      163.35     73.40      0.4493     40.76      0.25       0.25       0.26       0          41.55      23         63         0          0          0.0810     2.1366     79         104        110        117        125        131        168       
1978       58200      58200      163.35     73.53      0.4502     40.85      0.25       0.25       0.26       0          41.55      23         63         0          0          0.0810     2.1366     79         104        110        117        125        131        168       
1979       58200      58200      163.35     74.21      0.4543     40.85      0.25       0.25       0.26       0          41.55      23         63         0          0          0.0810     2.1366     79         104        110        117        125        131        168       
1980       58200      58200      163.35     72.80      0.4457     40.73      0.25       0.25       0.26       0          41.55      23         63         0          0          0.0810     2.1366     79         104        110        117        125        131        168       
1981       58200      58200      163.35     74.57      0.4565     40.78      0.25       0.25       0.26       0          41.55      23         63         0          0          0.0810     2.1366     79         104        110        117        125        131        168       
1982       58200      58200      163.36     73.01      0.4469     40.87      0.25       0.25       0.26       0          41.55      23         63         0          0          0.0810     2.1366     79         104        110        117        125        131        168       
1983       58200      58200      163.35     72.93      0.4465     40.81      0.24       0.25       0.26       0          41.55      23         63         0          0          0.0810     2.1366     79         104        110        117        125        131        168       
1984       58200      58200      163.34     73.71      0.4513     40.90      0.25       0.25       0.26       0          41.55      23         63         0          0          0.0810     2.1366     79         104        110        117        125        131        168       
1985       58200      58200      163.35     73.57      0.4504     40.89      0.25       0.25       0.26       0          41.55      23         63         0          0          0.0810     2.1366     79         104        110        117        125        131        168       
1986       58200      58200      163.35     74.35      0.4552     40.81      0.25       0.25       0.26       0          41.55      23         63         0          0          0.0810     2.1366     79         104        110        117        125        131        168       
1987       58200      58200      163.36     74.96      0.4589     40.99      0.25       0.25       0.26       0          41.55      23         63         0          0          0.0810     2.1366     79         104        110        117        125        131        168       
1988       58200      58200      163.35     73.73      0.4514     40.98      0.25       0.25       0.26       0          41.55      23         63         0          0          0.0810     2.1366     79         104        110        117        125        131        168       
1989       58200      58200      163.35     74.78      0.4578     40.90      0.25       0.25       0.26       0          41.55      23         63         0          0          0.0810     2.1366     79         104        110        117        125        131        168       
1990       58200      58200      163.35     73.06      0.4473     40.88      0.25       0.25       0.26       0          41.55      23         63         0          0          0.0810     2.1366     79         104        110        117        125        131        168       
1991       58200      58200      163.35     73.30      0.4488     40.87      0.25       0.25       0.26       0          41.55      23         63         0          0          0.0810     2.1366     79         104        110        117        125        131        168       
1992       58200      58200      163.35     73.94      0.4527     40.99      0.25       0.25       0.26       0          41.55      23         63         0          0          0.0810     2.1366     79         104        110        117        125        131        168       
1993       58200      58200      163.34     74.41      0.4556     40.97      0.25       0.25       0.26       0          41.55      23         63         0          0          0.0810     2.1366     79         104        110        117        125        131        168       
1994       58200      58200      163.36     72.76      0.4454     40.90      0.25       0.25       0.26       0          41.55      23         63         0          0          0.0810     2.1366     79         104        110        117        125        131        168       
1995       58200      58200      163.35     73.06      0.4473     40.92      0.25       0.25       0.26       0          41.55      23         63         0          0          0.0810     2.1366     79         104        110        117        125        131        168       
1996       58200      58200      163.35     74.26      0.4546     40.88      0.25       0.25       0.26       0          41.55      23         63         0          0          0.0810     2.1366     79         104        110        117        125        131        168       
1997       58200      58200      163.34     73.38      0.4492     40.83      0.25       0.25       0.26       0          41.55      23         63         0          0          0.0810     2.1366     79         104        110        117        125        131        168       
1998       58200      58200      163.34     73.86      0.4522     40.81      0.25       0.25       0.26       0          41.55      23         63         0          0          0.0810     2.1366     79         104        110        117        125        131        168       
1999       58200      58200      163.35     72.73      0.4453     40.84      0.25       0.25       0.26       0          41.55      23         63         0          0          0.0810     2.1366     79         104        110        117        125        131        168       
2000       58200      58200      163.35     74.21      0.4543     40.97      0.25       0.25       0.26       0          41.55      23         63         0          0          0.0810     2.1366     79         104        110        117        125        131        168       
