time       n_sent     n_recv     avgRecv    avgByzRecv pByzRecv   avgByzN    pushByzN   pullByzN   sampByzN   n_isolated avgByzSamp min        max        n_fullbyz  n_fbi      cluscoeff  MPL        id_min     id_d1      id_q1      id_med     id_q3      id_d9      id_max    
0          10000      0          0.00       0.00       NaN        16.02      0.00       0.00       0.00       0          16.02      27         27         0          0          0.0202     2.3860     60         79         85         91         98         103        128       
1          38000      10000      0.00       0.00       NaN        16.02      0.00       0.00       0.00       0          16.02      27         27         0          0          0.0202     2.3808     60         79         85         91         98         103        128       
2          47000      38000      1.90       1.00       0.5272     16.02      0.00       0.00       0.00       0          16.02      27         27         0          0          0.0202     2.3827     60         79         85         91         98         103        128       
3          47000      47000      161.90     30.37      0.1876     18.39      0.06       0.10       0.05       0          22.76      80         80         0          0          0.0480     2.3572     59         84         90         98         105        113        144       
4          47000      47000      161.89     32.89      0.2032     22.53      0.14       0.18       0.12       0          27.14      80         80         0          0          0.0609     2.2606     56         92         99         108        117        125        165       
5          47000      47000      161.85     37.10      0.2292     27.67      0.19       0.21       0.15       0          29.28      56         56         0          0          0.0640     2.2402     58         95         103        112        121        129        179       
6          47000      47000      161.83     44.92      0.2776     31.62      0.22       0.24       0.17       0          31.79      47         47         0          0          0.0703     2.2114     59         95         103        113        123        132        180       
7          47000      47000      161.80     53.35      0.3297     35.50      0.26       0.28       0.19       0          34.66      64         64         0          0          0.0786     2.2440     63         94         103        113        123        132        172       
8          47000      47000      161.78     58.84      0.3637     39.53      0.30       0.32       0.21       0          37.48      64         64         0          0          0.0869     2.2401     64         93         102        112        122        131        178       
9          47000      47000      161.75     65.50      0.4049     43.44      0.34       0.36       0.23       0          40.03      58         58         0          0          0.0948     2.2431     60         92         101        111        121        130        174       
10         47000      47000      161.73     72.21      0.4465     47.21      0.38       0.39       0.24       0          42.50      59         59         0          0          0.1026     2.2580     59         91         99         109        120        129        170       
11         47000      47000      161.70     77.09      0.4767     50.73      0.42       0.43       0.26       0          44.66      54         54         0          0          0.1096     2.2593     57         89         98         108        118        127        172       
12         47000      47000      161.69     82.88      0.5126     53.65      0.44       0.45       0.27       0          46.61      52         52         0          0          0.1162     2.2648     56         88         97         107        117        126        173       
13         47000      47000      161.67     88.18      0.5454     56.72      0.47       0.48       0.29       0          48.47      51         51         0          0          0.1226     2.2815     53         87         95         105        116        125        173       
14         47000      47000      161.65     90.88      0.5622     59.36      0.50       0.51       0.30       0          50.01      51         51         0          0          0.1280     2.2952     55         85         94         104        115        124        173       
15         47000      47000      161.64     95.01      0.5878     61.41      0.52       0.53       0.31       0          51.42      52         52         0          0          0.1330     2.3148     55         84         93         103        114        123        171       
16         47000      47000      161.62     98.77      0.6111     63.34      0.55       0.54       0.32       0          52.56      52         52         0          0          0.1371     2.2951     53         83         92         102        113        123        165       
17         47000      47000      161.60     100.37     0.6211     64.98      0.57       0.56       0.32       0          53.49      52         52         0          0          0.1405     2.3103     50         83         91         102        112        122        170       
18         47000      47000      161.59     102.99     0.6374     66.12      0.57       0.57       0.33       0          54.30      61         61         0          0          0.1434     2.3152     48         82         91         101        112        121        163       
19         47000      47000      161.59     105.43     0.6525     67.07      0.58       0.58       0.34       0          54.88      61         61         0          0          0.1454     2.3176     48         81         91         101        111        121        163       
20         47000      47000      161.60     106.31     0.6579     67.88      0.59       0.58       0.34       0          55.34      63         63         0          0          0.1469     2.3196     46         81         90         100        111        121        165       
21         47000      47000      161.58     107.98     0.6683     68.39      0.59       0.59       0.34       0          55.69      63         63         0          0          0.1480     2.3064     48         81         90         100        111        121        168       
22         47000      47000      161.58     107.92     0.6679     68.65      0.59       0.59       0.35       0          55.86      62         62         0          0          0.1484     2.3133     49         81         90         100        111        121        165       
23         47000      47000      161.59     108.13     0.6692     68.59      0.59       0.58       0.35       0          55.94      61         61         0          0          0.1484     2.3136     49         80         90         100        111        121        164       
24         47000      47000      161.57     109.94     0.6804     68.51      0.59       0.58       0.35       0          55.94      61         61         0          0          0.1480     2.3080     49         80         90         100        111        121        166       
25         47000      47000      161.57     109.54     0.6780     68.28      0.59       0.57       0.35       0          55.86      59         59         0          0          0.1472     2.3307     48         80         90         100        111        122        167       
26         47000      47000      161.58     108.31     0.6703     67.92      0.58       0.57       0.35       0          55.71      59         59         0          0          0.1463     2.3083     48         81         90         101        112        122        167       
27         47000      47000      161.57     108.98     0.6745     67.59      0.58       0.56       0.35       0          55.47      59         59         0          0          0.1449     2.3119     46         81         90         101        112        122        167       
28         47000      47000      161.58     108.33     0.6705     67.01      0.58       0.55       0.35       0          55.18      59         59         0          0          0.1434     2.3073     49         81         90         101        112        123        168       
29         47000      47000      161.57     107.55     0.6656     66.18      0.56       0.54       0.35       0          54.83      56         56         0          0          0.1416     2.2947     48         81         91         102        113        123        167       
30         47000      47000      161.58     106.77     0.6608     65.42      0.56       0.53       0.34       0          54.44      51         51         0          0          0.1397     2.2952     48         81         91         102        114        124        172       
31         47000      47000      161.59     105.77     0.6545     64.55      0.54       0.52       0.34       0          54.01      50         50         0          0          0.1376     2.3034     48         82         92         103        114        124        171       
32         47000      47000      161.60     104.08     0.6441     63.55      0.54       0.51       0.34       0          53.54      49         49         0          0          0.1353     2.2919     47         82         92         103        115        125        172       
33         47000      47000      161.60     103.96     0.6433     62.57      0.52       0.49       0.34       0          53.06      50         50         0          0          0.1331     2.2804     47         82         92         104        115        126        174       
34         47000      47000      161.60     102.66     0.6353     61.57      0.50       0.48       0.33       0          52.55      50         50         0          0          0.1307     2.2860     48         83         93         104        116        126        175       
35         47000      47000      161.62     101.57     0.6285     60.60      0.49       0.47       0.33       0          52.00      50         50         0          0          0.1282     2.2904     48         83         93         105        117        127        174       
36         47000      47000      161.62     100.24     0.6202     59.52      0.48       0.46       0.33       0          51.43      50         50         0          0          0.1257     2.2831     46         84         94         105        117        128        173       
37         47000      47000      161.61     98.06      0.6067     58.29      0.47       0.44       0.32       0          50.86      49         49         0          0          0.1231     2.2730     46         84         94         106        118        129        176       
38         47000      47000      161.64     97.42      0.6027     57.10      0.45       0.43       0.32       0          50.26      49         49         0          0          0.1205     2.2670     46         85         95         106        119        130        179       
39         47000      47000      161.64     95.33      0.5898     56.01      0.43       0.41       0.32       0          49.67      48         48         0          0          0.1180     2.2710     46         85         95         107        119        131        182       
40         47000      47000      161.65     94.76      0.5862     54.78      0.42       0.40       0.31       0          49.07      48         48         0          0          0.1154     2.2676     47         86         96         108        120        131        183       
41         47000      47000      161.67     92.06      0.5694     53.61      0.41       0.38       0.31       0          48.45      46         46         0          0          0.1129     2.2617     48         86         97         108        121        132        185       
42         47000      47000      161.67     92.40      0.5716     52.65      0.40       0.37       0.30       0          47.83      45         45         0          0          0.1103     2.2494     50         87         97         109        121        133        185       
43         47000      47000      161.68     88.22      0.5457     51.44      0.39       0.36       0.30       0          47.22      45         45         0          0          0.1079     2.2539     51         87         98         110        122        134        185       
44         47000      47000      161.69     87.76      0.5428     50.27      0.37       0.35       0.30       0          46.60      43         43         0          0          0.1053     2.2416     51         88         98         110        123        135        188       
45         47000      47000      161.69     87.16      0.5391     49.20      0.36       0.33       0.29       0          45.99      41         41         0          0          0.1030     2.2519     50         88         99         111        124        136        191       
46         47000      47000      161.69     85.41      0.5282     48.17      0.35       0.32       0.29       0          45.38      42         42         0          0          0.1006     2.2537     51         89         99         111        124        136        190       
47         47000      47000      161.70     83.40      0.5157     47.20      0.33       0.31       0.28       0          44.79      42         42         0          0          0.0983     2.2331     51         89         100        112        125        137        191       
48         47000      47000      161.71     82.05      0.5074     46.19      0.33       0.30       0.28       0          44.17      41         41         0          0          0.0960     2.2255     50         90         100        113        126        138        188       
49         47000      47000      161.71     82.01      0.5071     45.29      0.31       0.29       0.28       0          43.58      40         40         0          0          0.0938     2.2308     49         90         101        113        126        139        190       
50         47000      47000      161.71     80.24      0.4962     44.49      0.31       0.28       0.27       0          43.02      39         39         0          0          0.0917     2.2213     52         91         102        114        127        139        194       
51         47000      47000      161.72     78.63      0.4862     43.57      0.30       0.27       0.27       0          42.45      39         39         0          0          0.0896     2.2184     52         91         102        115        128        140        195       
52         47000      47000      161.72     76.81      0.4750     42.68      0.29       0.26       0.27       0          41.89      39         39         0          0          0.0876     2.2111     53         92         103        115        128        140        195       
53         47000      47000      161.73     76.48      0.4729     41.83      0.28       0.26       0.26       0          41.34      39         39         0          0          0.0857     2.2108     53         92         103        116        129        141        197       
54         47000      47000      161.75     73.87      0.4567     40.99      0.27       0.25       0.26       0          40.80      38         38         0          0          0.0838     2.2049     55         93         103        116        130        142        196       
55         47000      47000      161.74     73.97      0.4573     40.24      0.26       0.24       0.26       0          40.25      38         38         0          0          0.0819     2.2119     55         93         104        117        130        142        198       
56         47000      47000      161.76     72.57      0.4486     39.41      0.25       0.23       0.25       0          39.72      38         38         0          0          0.0801     2.2043     55         93         105        117        131        143        196       
57         47000      47000      161.76     70.91      0.4384     38.74      0.24       0.23       0.25       0          39.21      38         38         0          0          0.0784     2.1975     55         94         105        118        132        144        197       
58         47000      47000      161.76     69.62      0.4304     37.96      0.24       0.22       0.25       0          38.71      38         38         0          0          0.0767     2.2039     55         94         106        118        132        144        198       
59         47000      47000      161.76     68.19      0.4216     37.19      0.23       0.21       0.24       0          38.20      38         38         0          0          0.0751     2.1920     55         95         106        119        133        145        198       
60         47000      47000      161.77     67.79      0.4191     36.47      0.22       0.20       0.24       0          37.70      38         38         0          0          0.0735     2.1911     55         95         107        120        133        146        198       
61         47000      47000      161.77     66.39      0.4104     35.79      0.22       0.20       0.24       0          37.22      37         37         0          0          0.0720     2.1963     55         96         107        120        134        146        199       
62         47000      47000      161.78     65.44      0.4045     35.18      0.20       0.19       0.23       0          36.76      37         37         0          0          0.0705     2.1790     56         96         108        121        134        147        201       
63         47000      47000      161.78     63.72      0.3939     34.61      0.21       0.19       0.23       0          36.31      37         37         0          0          0.0691     2.1768     53         97         108        121        135        147        199       
64         47000      47000      161.77     62.43      0.3859     33.97      0.20       0.18       0.23       0          35.86      37         37         0          0          0.0677     2.1725     51         97         108        122        135        148        200       
65         47000      47000      161.79     62.74      0.3878     33.30      0.19       0.18       0.23       0          35.43      37         37         0          0          0.0665     2.1711     51         97         109        122        136        148        200       
66         47000      47000      161.79     60.44      0.3736     32.74      0.18       0.17       0.22       0          35.00      37         37         0          0          0.0652     2.1713     52         98         109        122        136        148        199       
67         47000      47000      161.79     59.10      0.3653     32.13      0.18       0.17       0.22       0          34.57      37         37         0          0          0.0639     2.1718     53         98         110        123        137        149        202       
68         47000      47000      161.80     59.89      0.3701     31.59      0.17       0.16       0.22       0          34.15      36         36         0          0          0.0627     2.1700     53         98         110        123        137        150        200       
69         47000      47000      161.81     58.55      0.3618     31.15      0.17       0.16       0.21       0          33.76      36         36         0          0          0.0616     2.1683     53         99         111        124        137        150        201       
70         47000      47000      161.81     59.11      0.3653     30.81      0.17       0.15       0.21       0          33.38      36         36         0          0          0.0606     2.1721     53         99         111        124        138        150        201       
71         47000      47000      161.80     57.02      0.3524     30.45      0.17       0.15       0.21       0          33.01      35         35         0          0          0.0595     2.1640     52         100        112        124        138        151        204       
72         47000      47000      161.80     55.98      0.3460     29.96      0.16       0.15       0.21       0          32.63      35         35         0          0          0.0585     2.1609     55         100        112        125        139        151        203       
73         47000      47000      161.81     56.94      0.3519     29.51      0.15       0.15       0.20       0          32.28      35         35         0          0          0.0575     2.1602     54         100        112        125        139        152        207       
74         47000      47000      161.82     54.51      0.3369     29.15      0.15       0.14       0.20       0          31.94      35         35         0          0          0.0566     2.1615     54         101        112        126        139        152        206       
75         47000      47000      161.81     55.63      0.3438     28.82      0.15       0.14       0.20       0          31.60      35         35         0          0          0.0557     2.1599     56         101        113        126        140        152        206       
76         47000      47000      161.82     53.88      0.3330     28.43      0.15       0.14       0.20       0          31.28      35         35         0          0          0.0549     2.1602     57         101        113        126        140        153        205       
77         47000      47000      161.81     54.11      0.3344     28.17      0.15       0.14       0.20       0          30.97      35         35         0          0          0.0541     2.1518     57         102        114        127        140        153        207       
78         47000      47000      161.82     53.48      0.3305     27.81      0.14       0.13       0.19       0          30.67      34         34         0          0          0.0533     2.1479     58         102        114        127        141        153        207       
79         47000      47000      161.82     52.29      0.3231     27.50      0.14       0.13       0.19       0          30.37      34         34         0          0          0.0526     2.1509     58         102        114        127        141        154        207       
80         47000      47000      161.83     51.86      0.3205     27.13      0.14       0.13       0.19       0          30.09      34         34         0          0          0.0518     2.1424     58         103        115        128        141        154        206       
81         47000      47000      161.83     51.47      0.3180     26.76      0.14       0.13       0.19       0          29.81      34         34         0          0          0.0512     2.1470     58         103        115        128        142        154        207       
82         47000      47000      161.84     50.91      0.3145     26.55      0.14       0.13       0.19       0          29.53      34         34         0          0          0.0505     2.1426     58         103        115        128        142        154        203       
83         47000      47000      161.83     49.81      0.3078     26.18      0.14       0.12       0.19       0          29.26      32         32         0          0          0.0498     2.1460     58         104        116        128        142        155        202       
84         47000      47000      161.84     48.91      0.3022     25.80      0.13       0.12       0.18       0          28.99      32         32         0          0          0.0491     2.1442     59         104        116        129        142        155        203       
85         47000      47000      161.83     48.62      0.3005     25.50      0.13       0.12       0.18       0          28.73      32         32         0          0          0.0485     2.1409     61         104        116        129        143        155        204       
86         47000      47000      161.84     47.70      0.2947     25.17      0.12       0.11       0.18       0          28.46      32         32         0          0          0.0479     2.1398     61         104        116        130        143        155        202       
87         47000      47000      161.84     47.47      0.2933     24.84      0.12       0.11       0.18       0          28.21      31         31         0          0          0.0473     2.1421     61         105        117        130        143        155        203       
88         47000      47000      161.84     47.38      0.2927     24.59      0.12       0.11       0.18       0          27.97      29         29         0          0          0.0468     2.1399     60         105        117        130        143        155        204       
89         47000      47000      161.84     47.37      0.2927     24.36      0.12       0.11       0.18       0          27.74      29         29         0          0          0.0462     2.1332     63         105        117        130        143        155        205       
90         47000      47000      161.85     46.25      0.2857     24.17      0.12       0.11       0.17       0          27.51      29         29         0          0          0.0457     2.1377     63         106        117        131        144        156        209       
91         47000      47000      161.86     46.01      0.2843     23.92      0.12       0.11       0.17       0          27.28      27         27         0          0          0.0452     2.1340     63         106        118        131        144        156        210       
92         47000      47000      161.85     44.94      0.2777     23.71      0.11       0.10       0.17       0          27.04      27         27         0          0          0.0447     2.1313     63         106        118        131        144        156        211       
93         47000      47000      161.85     44.98      0.2779     23.47      0.11       0.10       0.17       0          26.84      26         26         0          0          0.0442     2.1331     65         107        118        131        144        156        214       
94         47000      47000      161.84     44.50      0.2749     23.20      0.11       0.10       0.17       0          26.62      26         26         0          0          0.0437     2.1349     65         107        118        131        144        157        215       
95         47000      47000      161.86     44.38      0.2742     22.98      0.11       0.10       0.17       0          26.42      26         26         0          0          0.0433     2.1321     66         107        119        132        145        157        214       
96         47000      47000      161.86     43.45      0.2684     22.80      0.11       0.10       0.17       0          26.22      26         26         0          0          0.0429     2.1259     67         108        119        132        145        157        211       
97         47000      47000      161.86     44.15      0.2728     22.67      0.10       0.10       0.16       0          26.03      26         26         0          0          0.0425     2.1245     68         108        119        132        145        157        210       
98         47000      47000      161.85     43.47      0.2686     22.51      0.11       0.10       0.16       0          25.84      26         26         0          0          0.0420     2.1279     67         108        119        132        145        157        208       
99         47000      47000      161.86     42.03      0.2597     22.23      0.10       0.10       0.16       0          25.65      26         26         0          0          0.0417     2.1272     67         108        120        132        145        157        207       
100        47000      47000      161.86     42.45      0.2622     22.05      0.10       0.09       0.16       0          25.47      26         26         0          0          0.0413     2.1266     66         108        120        133        146        157        206       
101        47000      47000      161.88     41.15      0.2542     21.77      0.10       0.09       0.16       0          25.29      25         25         0          0          0.0409     2.1272     67         109        120        133        146        158        209       
102        47000      47000      161.87     41.53      0.2565     21.64      0.10       0.09       0.16       0          25.11      25         25         0          0          0.0405     2.1264     66         109        120        133        146        158        208       
103        47000      47000      161.86     41.26      0.2549     21.48      0.10       0.09       0.16       0          24.94      25         25         0          0          0.0402     2.1257     65         109        121        133        146        158        209       
104        47000      47000      161.87     40.46      0.2499     21.36      0.09       0.09       0.16       0          24.78      25         25         0          0          0.0399     2.1235     66         110        121        134        146        158        211       
105        47000      47000      161.87     41.97      0.2593     21.19      0.10       0.09       0.16       0          24.61      24         24         0          0          0.0395     2.1215     67         110        121        134        146        158        212       
106        47000      47000      161.87     40.86      0.2524     21.09      0.09       0.09       0.15       0          24.46      24         24         0          0          0.0392     2.1211     67         110        121        134        146        158        209       
107        47000      47000      161.87     40.61      0.2509     20.97      0.10       0.09       0.15       0          24.30      24         24         0          0          0.0389     2.1214     66         110        122        134        147        158        209       
108        47000      47000      161.87     40.36      0.2493     20.77      0.10       0.09       0.15       0          24.15      23         23         0          0          0.0386     2.1236     65         110        122        134        147        158        208       
109        47000      47000      161.87     40.04      0.2473     20.57      0.09       0.09       0.15       0          24.00      23         23         0          0          0.0383     2.1165     65         110        122        134        147        158        208       
110        47000      47000      161.87     40.32      0.2491     20.52      0.09       0.09       0.15       0          23.86      23         23         0          0          0.0380     2.1222     66         111        122        135        147        158        209       
111        47000      47000      161.87     38.35      0.2369     20.44      0.09       0.09       0.15       0          23.71      22         22         0          0          0.0378     2.1184     67         111        122        135        147        159        207       
112        47000      47000      161.88     39.79      0.2458     20.30      0.09       0.09       0.15       0          23.57      22         22         0          0          0.0375     2.1189     67         111        123        135        147        159        207       
113        47000      47000      161.88     38.84      0.2400     20.12      0.09       0.08       0.15       0          23.44      21         21         0          0          0.0372     2.1181     68         111        123        135        147        159        207       
114        47000      47000      161.87     38.59      0.2384     20.02      0.09       0.08       0.15       0          23.31      21         21         0          0          0.0370     2.1140     70         112        123        135        147        159        207       
115        47000      47000      161.88     39.30      0.2428     19.88      0.09       0.08       0.15       0          23.19      21         21         0          0          0.0367     2.1156     70         112        123        135        147        159        208       
116        47000      47000      161.88     38.74      0.2393     19.72      0.08       0.08       0.14       0          23.06      20         20         0          0          0.0365     2.1168     70         112        123        136        148        159        208       
117        47000      47000      161.87     38.50      0.2378     19.68      0.09       0.08       0.14       0          22.94      20         20         0          0          0.0363     2.1172     71         112        123        136        148        159        206       
118        47000      47000      161.88     38.18      0.2358     19.56      0.09       0.08       0.14       0          22.82      20         20         0          0          0.0361     2.1150     71         112        123        136        148        159        206       
119        47000      47000      161.88     37.79      0.2335     19.42      0.09       0.08       0.14       0          22.70      20         20         0          0          0.0358     2.1113     71         113        124        136        148        159        207       
120        47000      47000      161.89     37.75      0.2332     19.30      0.09       0.08       0.14       0          22.59      20         20         0          0          0.0356     2.1140     72         113        124        136        148        159        204       
121        47000      47000      161.88     36.45      0.2252     19.21      0.08       0.08       0.14       0          22.47      20         20         0          0          0.0354     2.1131     72         113        124        136        148        159        206       
122        47000      47000      161.88     37.06      0.2289     19.09      0.09       0.08       0.14       0          22.36      20         20         0          0          0.0352     2.1147     71         113        124        136        148        159        206       
123        47000      47000      161.88     37.80      0.2335     19.01      0.09       0.08       0.14       0          22.25      20         20         0          0          0.0350     2.1117     71         113        124        136        148        159        206       
124        47000      47000      161.88     36.76      0.2271     18.90      0.09       0.08       0.14       0          22.14      20         20         0          0          0.0348     2.1101     70         113        124        137        148        159        206       
125        47000      47000      161.88     36.66      0.2265     18.84      0.09       0.08       0.14       0          22.04      20         20         0          0          0.0346     2.1139     70         113        125        137        148        159        206       
126        47000      47000      161.88     36.70      0.2267     18.73      0.08       0.08       0.14       0          21.94      20         20         0          0          0.0345     2.1103     70         113        125        137        148        159        206       
127        47000      47000      161.89     35.79      0.2211     18.58      0.08       0.08       0.14       0          21.84      20         20         0          0          0.0343     2.1100     70         114        125        137        148        159        207       
128        47000      47000      161.88     35.36      0.2184     18.47      0.08       0.08       0.14       0          21.74      20         20         0          0          0.0341     2.1095     70         114        125        137        149        159        207       
129        47000      47000      161.88     35.56      0.2197     18.34      0.08       0.07       0.14       0          21.65      20         20         0          0          0.0340     2.1071     70         114        125        137        149        159        206       
130        47000      47000      161.88     35.84      0.2214     18.29      0.08       0.07       0.14       0          21.55      20         20         0          0          0.0338     2.1098     71         114        125        137        149        159        205       
131        47000      47000      161.89     35.60      0.2199     18.22      0.07       0.07       0.13       0          21.46      20         20         0          0          0.0336     2.1114     72         115        125        137        149        159        205       
132        47000      47000      161.89     34.62      0.2139     18.13      0.08       0.07       0.13       0          21.38      19         19         0          0          0.0335     2.1085     72         115        125        137        149        160        203       
133        47000      47000      161.89     34.57      0.2135     18.01      0.08       0.07       0.13       0          21.29      19         19         0          0          0.0333     2.1078     72         115        126        137        149        160        201       
134        47000      47000      161.89     34.82      0.2151     17.98      0.08       0.07       0.13       0          21.21      19         19         0          0          0.0332     2.1074     74         115        126        137        149        160        202       
135        47000      47000      161.90     34.45      0.2128     17.85      0.08       0.07       0.13       0          21.12      19         19         0          0          0.0330     2.1092     73         115        126        138        149        160        203       
136        47000      47000      161.89     34.67      0.2142     17.78      0.07       0.07       0.13       0          21.04      18         18         0          0          0.0329     2.1068     73         115        126        138        149        160        202       
137        47000      47000      161.89     35.02      0.2163     17.74      0.07       0.07       0.13       0          20.96      18         18         0          0          0.0328     2.1067     72         115        126        138        149        159        203       
138        47000      47000      161.89     34.55      0.2134     17.65      0.08       0.07       0.13       0          20.88      18         18         0          0          0.0326     2.1048     72         116        126        138        149        160        204       
139        47000      47000      161.90     34.74      0.2146     17.60      0.07       0.07       0.13       0          20.80      18         18         0          0          0.0325     2.1045     71         116        126        138        149        160        202       
140        47000      47000      161.90     34.21      0.2113     17.58      0.08       0.07       0.13       0          20.72      18         18         0          0          0.0324     2.1037     71         116        126        138        149        160        203       
141        47000      47000      161.88     34.09      0.2106     17.58      0.07       0.07       0.13       0          20.64      18         18         0          0          0.0322     2.1046     74         116        126        138        149        160        202       
142        47000      47000      161.90     34.31      0.2119     17.51      0.07       0.07       0.13       0          20.57      18         18         0          0          0.0321     2.1050     74         116        126        138        149        160        201       
143        47000      47000      161.88     34.05      0.2103     17.42      0.08       0.07       0.13       0          20.50      18         18         0          0          0.0320     2.1049     74         116        127        138        150        160        201       
144        47000      47000      161.89     33.43      0.2065     17.33      0.07       0.07       0.13       0          20.42      18         18         0          0          0.0319     2.1010     74         117        127        138        150        160        199       
145        47000      47000      161.89     34.64      0.2139     17.21      0.07       0.07       0.13       0          20.35      17         17         0          0          0.0318     2.1016     77         117        127        138        150        160        197       
146        47000      47000      161.89     33.67      0.2080     17.19      0.07       0.07       0.13       0          20.28      17         17         0          0          0.0317     2.1033     77         117        127        138        150        160        196       
147        47000      47000      161.89     33.57      0.2074     17.19      0.08       0.07       0.13       0          20.21      17         17         0          0          0.0315     2.1053     75         117        127        139        150        160        197       
148        47000      47000      161.90     33.44      0.2066     17.13      0.07       0.07       0.13       0          20.15      16         16         0          0          0.0314     2.0997     75         117        127        139        150        160        198       
149        47000      47000      161.90     32.72      0.2021     17.02      0.08       0.07       0.13       0          20.08      16         16         0          0          0.0313     2.0997     77         117        127        139        150        160        197       
150        47000      47000      161.90     33.57      0.2074     16.99      0.07       0.07       0.13       0          20.01      16         16         0          0          0.0312     2.1026     76         117        127        139        150        160        197       
151        47000      47000      161.90     33.28      0.2055     16.97      0.07       0.07       0.13       0          19.95      16         16         0          0          0.0311     2.0979     76         117        128        139        150        160        197       
152        47000      47000      161.89     33.54      0.2072     16.93      0.07       0.07       0.13       0          19.89      16         16         0          0          0.0310     2.1007     78         117        128        139        150        160        196       
153        47000      47000      161.89     33.82      0.2089     16.90      0.07       0.07       0.12       0          19.83      16         16         0          0          0.0309     2.1001     79         117        128        139        150        160        195       
154        47000      47000      161.89     33.32      0.2058     16.80      0.07       0.07       0.12       0          19.77      15         15         0          0          0.0308     2.0999     78         118        128        139        150        160        195       
155        47000      47000      161.89     33.47      0.2068     16.78      0.07       0.07       0.12       0          19.71      15         15         0          0          0.0307     2.0991     77         118        128        139        150        160        196       
156        47000      47000      161.90     32.72      0.2021     16.73      0.07       0.07       0.12       0          19.66      15         15         0          0          0.0307     2.0995     78         118        128        139        150        160        196       
157        47000      47000      161.90     33.14      0.2047     16.64      0.07       0.07       0.12       0          19.61      15         15         0          0          0.0306     2.0989     79         118        128        139        150        160        196       
158        47000      47000      161.89     32.83      0.2028     16.59      0.07       0.07       0.12       0          19.55      15         15         0          0          0.0305     2.1013     79         118        128        139        150        160        196       
159        47000      47000      161.90     33.49      0.2069     16.58      0.07       0.07       0.12       0          19.50      15         15         0          0          0.0304     2.0973     79         118        128        139        150        160        195       
160        47000      47000      161.89     32.78      0.2025     16.56      0.07       0.07       0.12       0          19.45      15         15         0          0          0.0303     2.1021     81         118        128        139        150        160        196       
161        47000      47000      161.90     33.61      0.2076     16.50      0.07       0.07       0.12       0          19.40      15         15         0          0          0.0302     2.0988     81         119        128        139        150        160        197       
162        47000      47000      161.89     32.53      0.2009     16.51      0.07       0.07       0.12       0          19.35      15         15         0          0          0.0302     2.0980     81         119        128        139        150        160        197       
163        47000      47000      161.89     32.98      0.2037     16.50      0.07       0.07       0.12       0          19.29      15         15         0          0          0.0301     2.0988     81         119        128        140        150        160        196       
164        47000      47000      161.89     31.92      0.1972     16.41      0.07       0.07       0.12       0          19.24      15         15         0          0          0.0300     2.1000     83         119        129        140        150        160        195       
165        47000      47000      161.89     31.54      0.1948     16.35      0.07       0.07       0.12       0          19.19      15         15         0          0          0.0299     2.0977     83         119        129        140        150        160        195       
166        47000      47000      161.89     32.46      0.2005     16.26      0.07       0.07       0.12       0          19.15      15         15         0          0          0.0298     2.0970     83         119        129        140        150        160        195       
167        47000      47000      161.90     31.33      0.1935     16.21      0.07       0.07       0.12       0          19.10      15         15         0          0          0.0298     2.0973     84         119        129        140        150        160        195       
168        47000      47000      161.89     30.89      0.1908     16.16      0.07       0.07       0.12       0          19.06      15         15         0          0          0.0297     2.0976     83         119        129        140        150        160        195       
169        47000      47000      161.90     31.83      0.1966     16.10      0.07       0.06       0.12       0          19.02      15         15         0          0          0.0296     2.0973     83         120        129        140        150        160        195       
170        47000      47000      161.91     31.72      0.1959     16.04      0.07       0.07       0.12       0          18.97      15         15         0          0          0.0296     2.0966     84         120        129        140        150        160        194       
171        47000      47000      161.89     31.24      0.1930     15.99      0.07       0.07       0.12       0          18.93      15         15         0          0          0.0295     2.0978     84         120        129        140        150        160        194       
172        47000      47000      161.90     31.18      0.1926     15.99      0.07       0.06       0.12       0          18.88      15         15         0          0          0.0294     2.0955     85         120        129        140        150        160        194       
173        47000      47000      161.91     31.60      0.1952     15.99      0.07       0.07       0.12       0          18.84      15         15         0          0          0.0294     2.0948     85         120        129        140        150        160        196       
174        47000      47000      161.90     31.84      0.1966     16.00      0.07       0.07       0.12       0          18.80      15         15         0          0          0.0293     2.0952     85         120        129        140        150        160        196       
175        47000      47000      161.90     31.92      0.1972     15.96      0.07       0.07       0.12       0          18.76      15         15         0          0          0.0292     2.0980     86         120        129        140        150        160        196       
176        47000      47000      161.91     31.88      0.1969     15.92      0.07       0.07       0.12       0          18.72      15         15         0          0          0.0292     2.0924     86         120        130        140        150        160        197       
177        47000      47000      161.91     31.45      0.1943     15.89      0.07       0.07       0.12       0          18.68      15         15         0          0          0.0291     2.0964     86         120        130        140        150        160        197       
178        47000      47000      161.90     30.62      0.1891     15.86      0.07       0.07       0.12       0          18.64      15         15         0          0          0.0291     2.0963     86         120        130        140        150        160        196       
179        47000      47000      161.90     31.26      0.1931     15.82      0.07       0.07       0.12       0          18.61      15         15         0          0          0.0290     2.0938     85         121        130        140        150        160        196       
180        47000      47000      161.90     30.82      0.1904     15.78      0.07       0.06       0.12       0          18.57      15         15         0          0          0.0289     2.0980     86         121        130        140        150        160        194       
181        47000      47000      161.90     31.29      0.1933     15.72      0.07       0.06       0.12       0          18.53      15         15         0          0          0.0289     2.0975     85         121        130        140        150        160        193       
182        47000      47000      161.90     31.12      0.1922     15.75      0.07       0.07       0.12       0          18.49      15         15         0          0          0.0288     2.0935     85         121        130        140        150        160        193       
183        47000      47000      161.90     29.98      0.1852     15.75      0.07       0.07       0.12       0          18.46      15         15         0          0          0.0288     2.0946     84         121        130        140        150        160        193       
184        47000      47000      161.90     30.52      0.1885     15.63      0.07       0.06       0.12       0          18.42      15         15         0          0          0.0287     2.0966     84         121        130        140        150        160        193       
185        47000      47000      161.91     31.08      0.1920     15.58      0.07       0.06       0.12       0          18.39      15         15         0          0          0.0287     2.0936     85         121        130        140        150        160        192       
186        47000      47000      161.90     31.18      0.1926     15.66      0.07       0.06       0.12       0          18.36      15         15         0          0          0.0286     2.0947     85         121        130        140        150        160        192       
187        47000      47000      161.90     30.03      0.1855     15.63      0.07       0.07       0.11       0          18.32      15         15         0          0          0.0286     2.0963     85         121        130        140        150        160        192       
188        47000      47000      161.91     29.92      0.1848     15.53      0.07       0.06       0.11       0          18.28      15         15         0          0          0.0285     2.0966     85         121        130        140        150        160        192       
189        47000      47000      161.89     29.99      0.1853     15.50      0.07       0.06       0.11       0          18.25      15         15         0          0          0.0285     2.0945     86         121        131        140        150        160        193       
190        47000      47000      161.91     30.59      0.1889     15.43      0.07       0.06       0.11       0          18.23      15         15         0          0          0.0284     2.0940     86         121        131        140        150        160        193       
191        47000      47000      161.91     30.46      0.1882     15.41      0.07       0.06       0.11       0          18.19      15         15         0          0          0.0284     2.0948     87         122        131        140        150        160        193       
192        47000      47000      161.91     29.98      0.1851     15.39      0.07       0.06       0.11       0          18.16      15         15         0          0          0.0283     2.0939     87         122        131        141        150        160        193       
193        47000      47000      161.90     30.20      0.1865     15.34      0.07       0.06       0.11       0          18.13      15         15         0          0          0.0283     2.0935     87         122        131        141        150        160        193       
194        47000      47000      161.91     30.39      0.1877     15.39      0.07       0.06       0.11       0          18.10      15         15         0          0          0.0283     2.0922     86         122        131        141        150        160        192       
195        47000      47000      161.90     30.03      0.1855     15.39      0.07       0.06       0.11       0          18.07      15         15         0          0          0.0282     2.0925     86         122        131        141        150        160        192       
196        47000      47000      161.90     30.02      0.1854     15.33      0.07       0.06       0.11       0          18.05      15         15         0          0          0.0282     2.0947     85         122        131        141        151        160        191       
197        47000      47000      161.90     30.27      0.1870     15.32      0.07       0.06       0.11       0          18.02      15         15         0          0          0.0281     2.0918     85         122        131        141        151        160        191       
198        47000      47000      161.90     29.39      0.1815     15.33      0.06       0.06       0.11       0          18.00      15         15         0          0          0.0281     2.0955     86         122        131        141        151        160        191       
199        47000      47000      161.92     31.31      0.1933     15.31      0.07       0.06       0.11       0          17.97      15         15         0          0          0.0281     2.0920     86         122        131        141        151        160        190       
200        47000      47000      161.91     31.23      0.1929     15.38      0.07       0.07       0.11       0          17.94      15         15         0          0          0.0280     2.0909     86         122        131        141        151        160        190       
201        47000      47000      161.91     31.07      0.1919     15.37      0.07       0.07       0.11       0          17.92      15         15         0          0          0.0280     2.0926     86         122        131        141        151        160        190       
202        47000      47000      161.90     31.20      0.1927     15.34      0.07       0.07       0.11       0          17.89      15         15         0          0          0.0279     2.0908     86         122        131        141        151        160        190       
203        47000      47000      161.90     30.27      0.1870     15.32      0.07       0.07       0.11       0          17.86      15         15         0          0          0.0279     2.0899     86         122        131        141        151        160        191       
204        47000      47000      161.90     29.73      0.1836     15.29      0.07       0.06       0.11       0          17.84      14         14         0          0          0.0279     2.0900     86         122        131        141        151        160        191       
205        47000      47000      161.91     30.26      0.1869     15.22      0.07       0.06       0.11       0          17.81      14         14         0          0          0.0278     2.0938     86         122        131        141        151        160        190       
206        47000      47000      161.91     29.36      0.1813     15.24      0.07       0.06       0.11       0          17.79      14         14         0          0          0.0278     2.0920     86         122        131        141        151        160        190       
207        47000      47000      161.91     29.38      0.1814     15.14      0.07       0.06       0.11       0          17.76      14         14         0          0          0.0277     2.0904     86         122        131        141        151        160        191       
208        47000      47000      161.91     31.00      0.1915     15.13      0.06       0.06       0.11       0          17.74      14         14         0          0          0.0277     2.0910     87         122        131        141        151        160        191       
209        47000      47000      161.90     29.81      0.1841     15.14      0.06       0.06       0.11       0          17.72      14         14         0          0          0.0277     2.0947     87         123        131        141        151        160        191       
210        47000      47000      161.91     30.64      0.1892     15.12      0.07       0.06       0.11       0          17.69      14         14         0          0          0.0276     2.0923     87         123        131        141        151        160        191       
211        47000      47000      161.91     29.16      0.1801     15.12      0.07       0.06       0.11       0          17.67      14         14         0          0          0.0276     2.0902     87         123        131        141        151        160        192       
212        47000      47000      161.91     30.05      0.1856     15.13      0.07       0.06       0.11       0          17.65      14         14         0          0          0.0276     2.0910     88         123        131        141        151        160        191       
213        47000      47000      161.90     30.71      0.1897     15.11      0.06       0.06       0.11       0          17.63      14         14         0          0          0.0275     2.0900     88         123        131        141        151        160        191       
214        47000      47000      161.90     29.91      0.1847     15.08      0.07       0.06       0.11       0          17.61      14         14         0          0          0.0275     2.0906     89         123        131        141        151        160        192       
215        47000      47000      161.90     30.03      0.1855     15.09      0.07       0.06       0.11       0          17.59      14         14         0          0          0.0275     2.0896     89         123        131        141        151        160        192       
216        47000      47000      161.91     30.09      0.1859     15.08      0.07       0.06       0.11       0          17.56      14         14         0          0          0.0275     2.0917     89         123        132        141        151        160        190       
217        47000      47000      161.90     30.27      0.1870     15.09      0.07       0.06       0.11       0          17.54      14         14         0          0          0.0274     2.0927     89         123        132        141        151        160        191       
218        47000      47000      161.91     29.84      0.1843     15.08      0.07       0.06       0.11       0          17.52      14         14         0          0          0.0274     2.0928     89         123        132        141        151        160        192       
219        47000      47000      161.91     29.68      0.1833     15.05      0.06       0.06       0.11       0          17.50      14         14         0          0          0.0274     2.0901     89         123        132        141        151        160        191       
220        47000      47000      161.91     29.83      0.1843     15.03      0.07       0.06       0.11       0          17.48      14         14         0          0          0.0273     2.0883     89         123        132        141        151        160        191       
221        47000      47000      161.90     29.58      0.1827     14.95      0.07       0.06       0.11       0          17.46      14         14         0          0          0.0273     2.0903     89         123        132        141        151        160        191       
222        47000      47000      161.90     29.06      0.1795     14.95      0.06       0.06       0.11       0          17.45      14         14         0          0          0.0273     2.0920     89         123        132        141        151        160        191       
223        47000      47000      161.90     30.34      0.1874     14.96      0.06       0.06       0.11       0          17.43      14         14         0          0          0.0272     2.0907     89         123        132        141        151        160        192       
224        47000      47000      161.90     28.65      0.1769     14.93      0.07       0.06       0.11       0          17.41      14         14         0          0          0.0272     2.0913     89         123        132        141        151        160        192       
225        47000      47000      161.91     30.02      0.1854     14.92      0.07       0.06       0.11       0          17.39      14         14         0          0          0.0272     2.0911     89         123        132        141        151        160        192       
226        47000      47000      161.89     29.50      0.1822     14.90      0.07       0.06       0.11       0          17.38      14         14         0          0          0.0272     2.0894     89         123        132        141        151        159        192       
227        47000      47000      161.90     29.30      0.1809     14.90      0.07       0.06       0.11       0          17.36      14         14         0          0          0.0271     2.0902     90         124        132        141        151        159        192       
228        47000      47000      161.91     29.74      0.1837     14.91      0.07       0.06       0.11       0          17.34      14         14         0          0          0.0271     2.0900     89         124        132        141        151        159        192       
229        47000      47000      161.90     30.10      0.1859     14.89      0.07       0.06       0.11       0          17.32      14         14         0          0          0.0271     2.0910     90         124        132        141        151        159        192       
230        47000      47000      161.91     29.45      0.1819     14.86      0.07       0.06       0.11       0          17.31      14         14         0          0          0.0271     2.0922     90         124        132        141        151        159        192       
231        47000      47000      161.91     30.29      0.1870     14.90      0.07       0.06       0.11       0          17.29      14         14         0          0          0.0270     2.0909     89         124        132        141        151        159        192       
232        47000      47000      161.90     29.36      0.1813     14.88      0.07       0.06       0.11       0          17.28      14         14         0          0          0.0270     2.0892     89         124        132        141        151        159        192       
233        47000      47000      161.90     29.42      0.1817     14.85      0.07       0.06       0.11       0          17.26      14         14         0          0          0.0270     2.0910     89         124        132        141        151        159        191       
234        47000      47000      161.91     29.69      0.1834     14.87      0.07       0.06       0.11       0          17.24      13         13         0          0          0.0270     2.0889     90         124        132        141        151        159        191       
235        47000      47000      161.91     28.93      0.1787     14.82      0.07       0.06       0.11       0          17.23      12         12         0          0          0.0270     2.0915     90         124        132        142        151        159        191       
236        47000      47000      161.91     29.19      0.1803     14.84      0.07       0.06       0.11       0          17.22      12         12         0          0          0.0269     2.0895     89         124        132        142        151        159        191       
237        47000      47000      161.91     29.12      0.1799     14.83      0.07       0.06       0.11       0          17.20      12         12         0          0          0.0269     2.0872     89         124        132        142        151        159        191       
238        47000      47000      161.90     29.53      0.1824     14.76      0.07       0.06       0.11       0          17.19      12         12         0          0          0.0269     2.0903     90         124        132        142        151        159        191       
239        47000      47000      161.91     30.17      0.1863     14.76      0.07       0.06       0.11       0          17.17      12         12         0          0          0.0269     2.0900     90         124        133        142        151        159        191       
240        47000      47000      161.90     28.65      0.1769     14.75      0.07       0.06       0.11       0          17.16      12         12         0          0          0.0269     2.0891     90         124        133        142        151        159        191       
241        47000      47000      161.91     29.22      0.1805     14.74      0.07       0.06       0.11       0          17.15      12         12         0          0          0.0268     2.0877     90         124        132        142        151        159        191       
242        47000      47000      161.91     28.54      0.1763     14.76      0.07       0.06       0.11       0          17.13      12         12         0          0          0.0268     2.0886     90         124        133        142        151        159        192       
243        47000      47000      161.91     29.18      0.1802     14.75      0.07       0.06       0.11       0          17.12      12         12         0          0          0.0268     2.0873     90         124        133        142        151        159        192       
244        47000      47000      161.91     29.15      0.1801     14.66      0.07       0.06       0.11       0          17.11      12         12         0          0          0.0268     2.0869     90         124        133        142        151        159        192       
245        47000      47000      161.91     28.63      0.1768     14.73      0.06       0.06       0.11       0          17.09      12         12         0          0          0.0267     2.0887     90         124        133        142        151        159        191       
246        47000      47000      161.90     29.70      0.1834     14.69      0.07       0.06       0.11       0          17.08      12         12         0          0          0.0267     2.0900     91         124        133        142        151        159        191       
247        47000      47000      161.91     29.49      0.1821     14.70      0.07       0.06       0.11       0          17.06      12         12         0          0          0.0267     2.0884     91         124        133        142        151        159        190       
248        47000      47000      161.90     28.76      0.1776     14.70      0.07       0.06       0.11       0          17.05      12         12         0          0          0.0267     2.0871     91         124        133        142        151        159        190       
249        47000      47000      161.91     29.48      0.1821     14.72      0.06       0.06       0.11       0          17.04      12         12         0          0          0.0267     2.0895     90         124        133        142        151        159        190       
250        47000      47000      161.91     29.77      0.1839     14.73      0.07       0.06       0.11       0          17.02      12         12         0          0          0.0267     2.0892     90         125        133        142        151        159        190       
251        47000      47000      161.91     29.08      0.1796     14.73      0.07       0.06       0.11       0          17.01      12         12         0          0          0.0266     2.0889     91         125        133        142        151        159        190       
252        47000      47000      161.91     28.59      0.1766     14.69      0.07       0.06       0.11       0          17.00      12         12         0          0          0.0266     2.0867     91         125        133        142        151        159        190       
253        47000      47000      161.91     29.07      0.1796     14.68      0.07       0.06       0.11       0          16.99      12         12         0          0          0.0266     2.0863     91         125        133        142        151        159        190       
254        47000      47000      161.91     29.38      0.1815     14.64      0.07       0.06       0.11       0          16.97      12         12         0          0          0.0266     2.0886     92         125        133        142        151        159        190       
255        47000      47000      161.90     29.18      0.1803     14.61      0.07       0.06       0.11       0          16.96      12         12         0          0          0.0266     2.0879     92         125        133        142        151        159        189       
256        47000      47000      161.91     28.43      0.1756     14.67      0.07       0.06       0.11       0          16.95      12         12         0          0          0.0265     2.0873     92         125        133        142        151        159        189       
257        47000      47000      161.91     28.83      0.1781     14.68      0.07       0.06       0.11       0          16.94      12         12         0          0          0.0265     2.0873     92         125        133        142        151        159        188       
258        47000      47000      161.91     28.96      0.1789     14.64      0.07       0.06       0.11       0          16.93      12         12         0          0          0.0265     2.0892     92         125        133        142        151        159        187       
259        47000      47000      161.91     28.91      0.1785     14.66      0.07       0.06       0.11       0          16.92      12         12         0          0          0.0265     2.0893     92         125        133        142        151        159        187       
260        47000      47000      161.91     28.60      0.1766     14.64      0.07       0.06       0.11       0          16.90      12         12         0          0          0.0265     2.0894     92         125        133        142        151        159        187       
261        47000      47000      161.91     28.40      0.1754     14.59      0.07       0.06       0.11       0          16.89      12         12         0          0          0.0265     2.0878     93         125        133        142        151        159        187       
262        47000      47000      161.91     29.05      0.1794     14.62      0.06       0.06       0.11       0          16.88      12         12         0          0          0.0264     2.0856     93         125        133        142        151        159        187       
263        47000      47000      161.91     28.98      0.1790     14.62      0.07       0.06       0.11       0          16.87      12         12         0          0          0.0264     2.0880     93         125        133        142        151        159        186       
264        47000      47000      161.91     28.44      0.1757     14.60      0.06       0.06       0.11       0          16.86      12         12         0          0          0.0264     2.0868     93         125        133        142        151        159        186       
265        47000      47000      161.91     29.30      0.1810     14.57      0.07       0.06       0.11       0          16.85      12         12         0          0          0.0264     2.0856     94         125        133        142        151        159        186       
266        47000      47000      161.91     29.31      0.1810     14.66      0.07       0.07       0.11       0          16.84      12         12         0          0          0.0264     2.0895     94         125        133        142        151        159        186       
267        47000      47000      161.90     29.06      0.1795     14.61      0.07       0.06       0.11       0          16.84      12         12         0          0          0.0264     2.0880     94         125        133        142        151        159        186       
268        47000      47000      161.92     28.12      0.1736     14.62      0.07       0.06       0.11       0          16.83      12         12         0          0          0.0264     2.0895     94         125        133        142        151        159        186       
269        47000      47000      161.91     29.80      0.1841     14.62      0.07       0.07       0.10       0          16.82      12         12         0          0          0.0263     2.0886     94         125        133        142        151        159        186       
270        47000      47000      161.91     28.84      0.1781     14.62      0.07       0.07       0.11       0          16.81      12         12         0          0          0.0263     2.0876     94         125        133        142        151        159        186       
271        47000      47000      161.92     28.40      0.1754     14.62      0.07       0.07       0.10       0          16.80      12         12         0          0          0.0263     2.0882     94         125        133        142        151        159        186       
272        47000      47000      161.91     28.84      0.1781     14.63      0.07       0.07       0.10       0          16.79      12         12         0          0          0.0263     2.0867     95         125        133        142        151        159        186       
273        47000      47000      161.91     29.25      0.1807     14.61      0.07       0.07       0.11       0          16.78      12         12         0          0          0.0263     2.0866     95         125        133        142        151        159        186       
274        47000      47000      161.91     28.65      0.1770     14.55      0.07       0.06       0.10       0          16.77      12         12         0          0          0.0263     2.0883     95         125        133        142        151        159        186       
275        47000      47000      161.90     28.72      0.1774     14.57      0.07       0.07       0.10       0          16.76      12         12         0          0          0.0263     2.0861     95         125        133        142        151        159        186       
276        47000      47000      161.91     28.57      0.1764     14.55      0.07       0.07       0.10       0          16.75      12         12         0          0          0.0262     2.0865     96         125        133        142        151        159        186       
277        47000      47000      161.91     28.91      0.1785     14.58      0.07       0.07       0.10       0          16.74      12         12         0          0          0.0262     2.0858     96         125        133        142        151        159        186       
278        47000      47000      161.91     28.83      0.1781     14.52      0.06       0.06       0.10       0          16.73      12         12         0          0          0.0262     2.0906     96         125        133        142        151        159        186       
279        47000      47000      161.92     28.52      0.1761     14.54      0.07       0.06       0.10       0          16.72      12         12         0          0          0.0262     2.0869     96         125        133        142        151        159        186       
280        47000      47000      161.91     28.16      0.1740     14.52      0.07       0.06       0.10       0          16.71      12         12         0          0          0.0262     2.0894     96         125        133        142        151        159        186       
281        47000      47000      161.91     28.00      0.1730     14.53      0.07       0.06       0.10       0          16.71      12         12         0          0          0.0262     2.0873     96         125        133        142        151        159        186       
282        47000      47000      161.90     27.98      0.1728     14.45      0.06       0.06       0.10       0          16.70      12         12         0          0          0.0262     2.0863     96         125        133        142        151        159        186       
283        47000      47000      161.92     28.57      0.1765     14.48      0.06       0.06       0.10       0          16.69      12         12         0          0          0.0262     2.0867     96         125        134        142        151        159        186       
284        47000      47000      161.91     28.33      0.1750     14.49      0.06       0.06       0.10       0          16.68      12         12         0          0          0.0262     2.0871     96         125        134        142        151        159        186       
285        47000      47000      161.90     28.71      0.1773     14.52      0.07       0.06       0.10       0          16.67      12         12         0          0          0.0261     2.0879     96         126        134        142        151        159        186       
286        47000      47000      161.91     28.46      0.1758     14.50      0.07       0.06       0.10       0          16.67      12         12         0          0          0.0261     2.0871     96         126        134        142        151        159        186       
287        47000      47000      161.91     28.69      0.1772     14.51      0.07       0.06       0.10       0          16.66      12         12         0          0          0.0261     2.0881     96         126        134        142        151        159        186       
288        47000      47000      161.92     27.84      0.1719     14.50      0.07       0.06       0.10       0          16.65      12         12         0          0          0.0261     2.0838     96         126        134        142        151        159        187       
289        47000      47000      161.91     28.91      0.1786     14.49      0.06       0.06       0.10       0          16.65      12         12         0          0          0.0261     2.0869     96         126        134        142        151        159        187       
290        47000      47000      161.91     28.44      0.1757     14.50      0.07       0.07       0.10       0          16.64      12         12         0          0          0.0261     2.0870     96         126        134        142        151        159        186       
291        47000      47000      161.91     28.59      0.1766     14.55      0.07       0.07       0.10       0          16.63      12         12         0          0          0.0261     2.0870     97         126        134        142        151        159        186       
292        47000      47000      161.91     27.79      0.1717     14.51      0.07       0.07       0.10       0          16.62      12         12         0          0          0.0261     2.0872     97         126        134        142        151        159        186       
293        47000      47000      161.89     28.81      0.1779     14.48      0.07       0.07       0.10       0          16.62      12         12         0          0          0.0261     2.0864     97         126        134        142        151        159        186       
294        47000      47000      161.91     29.34      0.1812     14.50      0.07       0.07       0.10       0          16.61      12         12         0          0          0.0260     2.0866     97         126        134        142        151        159        187       
295        47000      47000      161.91     28.44      0.1757     14.55      0.07       0.07       0.10       0          16.60      12         12         0          0          0.0260     2.0871     97         126        134        142        151        159        187       
296        47000      47000      161.91     29.11      0.1798     14.56      0.07       0.07       0.10       0          16.60      12         12         0          0          0.0260     2.0867     97         126        134        142        151        159        187       
297        47000      47000      161.91     29.02      0.1792     14.52      0.07       0.07       0.10       0          16.59      12         12         0          0          0.0260     2.0873     97         126        134        142        151        159        187       
298        47000      47000      161.91     28.00      0.1729     14.54      0.07       0.07       0.10       0          16.58      12         12         0          0          0.0260     2.0851     97         126        134        142        151        159        187       
299        47000      47000      161.91     29.18      0.1802     14.54      0.07       0.07       0.10       0          16.58      12         12         0          0          0.0260     2.0856     97         126        134        142        151        159        186       
300        47000      47000      161.90     29.03      0.1793     14.55      0.07       0.07       0.10       0          16.57      12         12         0          0          0.0260     2.0867     97         126        134        142        151        159        186       
301        47000      47000      161.91     28.19      0.1741     14.57      0.07       0.07       0.10       0          16.56      12         12         0          0          0.0260     2.0872     97         126        134        142        151        159        186       
302        47000      47000      161.91     28.78      0.1777     14.57      0.07       0.07       0.10       0          16.56      12         12         0          0          0.0260     2.0861     97         126        134        142        151        159        186       
303        47000      47000      161.91     28.99      0.1791     14.58      0.07       0.07       0.10       0          16.55      12         12         0          0          0.0260     2.0844     97         126        134        142        151        159        186       
304        47000      47000      161.91     29.26      0.1807     14.55      0.07       0.07       0.10       0          16.54      12         12         0          0          0.0259     2.0871     97         126        134        142        151        159        186       
305        47000      47000      161.91     29.20      0.1803     14.59      0.07       0.07       0.10       0          16.54      12         12         0          0          0.0259     2.0879     97         126        134        142        151        159        186       
306        47000      47000      161.90     28.37      0.1752     14.58      0.07       0.07       0.10       0          16.53      12         12         0          0          0.0259     2.0848     97         126        134        142        151        159        186       
307        47000      47000      161.90     28.60      0.1767     14.54      0.07       0.07       0.10       0          16.53      12         12         0          0          0.0259     2.0853     97         126        134        142        151        159        186       
308        47000      47000      161.91     29.96      0.1851     14.53      0.07       0.07       0.10       0          16.52      12         12         0          0          0.0259     2.0883     97         126        134        142        151        159        186       
309        47000      47000      161.90     28.71      0.1774     14.53      0.07       0.07       0.10       0          16.52      12         12         0          0          0.0259     2.0863     96         126        134        142        151        159        186       
310        47000      47000      161.90     28.72      0.1774     14.54      0.07       0.07       0.10       0          16.51      12         12         0          0          0.0259     2.0859     96         126        134        142        151        159        186       
311        47000      47000      161.92     28.99      0.1790     14.56      0.07       0.07       0.10       0          16.51      12         12         0          0          0.0259     2.0888     96         126        134        142        151        159        186       
312        47000      47000      161.91     28.26      0.1745     14.54      0.07       0.07       0.10       0          16.50      12         12         0          0          0.0259     2.0867     96         126        134        142        151        159        186       
313        47000      47000      161.90     29.18      0.1802     14.52      0.07       0.07       0.10       0          16.50      12         12         0          0          0.0259     2.0835     96         126        134        142        151        159        185       
314        47000      47000      161.91     28.09      0.1735     14.53      0.07       0.07       0.10       0          16.49      12         12         0          0          0.0259     2.0842     96         126        134        142        151        159        185       
315        47000      47000      161.91     28.72      0.1774     14.57      0.07       0.07       0.10       0          16.49      12         12         0          0          0.0259     2.0866     96         126        134        142        151        159        185       
316        47000      47000      161.91     28.68      0.1771     14.48      0.07       0.07       0.10       0          16.48      12         12         0          0          0.0258     2.0879     97         126        134        142        151        159        185       
317        47000      47000      161.92     28.63      0.1768     14.52      0.07       0.07       0.10       0          16.48      12         12         0          0          0.0258     2.0859     97         126        134        142        151        159        185       
318        47000      47000      161.91     27.56      0.1702     14.49      0.07       0.07       0.10       0          16.47      12         12         0          0          0.0258     2.0862     97         126        134        142        151        159        185       
319        47000      47000      161.90     29.13      0.1799     14.46      0.07       0.07       0.10       0          16.46      12         12         0          0          0.0258     2.0881     97         126        134        142        151        159        185       
320        47000      47000      161.91     28.76      0.1776     14.51      0.07       0.07       0.10       0          16.46      12         12         0          0          0.0258     2.0857     98         126        134        142        151        159        185       
321        47000      47000      161.91     28.21      0.1742     14.54      0.07       0.07       0.10       0          16.45      12         12         0          0          0.0258     2.0876     99         126        134        142        151        159        185       
322        47000      47000      161.91     28.87      0.1783     14.48      0.07       0.07       0.10       0          16.45      12         12         0          0          0.0258     2.0848     99         126        134        142        151        159        185       
323        47000      47000      161.90     29.21      0.1804     14.49      0.07       0.07       0.10       0          16.45      12         12         0          0          0.0258     2.0841     99         126        134        142        151        159        185       
324        47000      47000      161.91     28.60      0.1766     14.54      0.07       0.07       0.10       0          16.44      12         12         0          0          0.0258     2.0858     99         126        134        142        151        159        185       
325        47000      47000      161.91     28.15      0.1739     14.55      0.07       0.07       0.10       0          16.44      12         12         0          0          0.0258     2.0846     99         126        134        142        151        159        185       
326        47000      47000      161.90     29.29      0.1809     14.50      0.07       0.07       0.10       0          16.43      12         12         0          0          0.0258     2.0857     99         126        134        142        151        159        185       
327        47000      47000      161.91     29.26      0.1807     14.55      0.07       0.07       0.10       0          16.43      12         12         0          0          0.0258     2.0859     99         126        134        142        151        159        185       
328        47000      47000      161.91     29.00      0.1791     14.54      0.07       0.07       0.10       0          16.42      12         12         0          0          0.0258     2.0858     99         126        134        142        151        159        185       
329        47000      47000      161.91     29.48      0.1821     14.53      0.07       0.07       0.10       0          16.42      12         12         0          0          0.0258     2.0838     99         126        134        142        151        159        185       
330        47000      47000      161.91     27.88      0.1722     14.58      0.07       0.07       0.10       0          16.42      12         12         0          0          0.0258     2.0848     99         126        134        142        151        159        185       
331        47000      47000      161.92     28.05      0.1733     14.50      0.07       0.07       0.10       0          16.41      12         12         0          0          0.0257     2.0882     98         127        134        142        151        159        185       
332        47000      47000      161.91     28.62      0.1768     14.52      0.07       0.07       0.10       0          16.41      12         12         0          0          0.0257     2.0860     98         127        134        142        151        159        185       
333        47000      47000      161.90     28.23      0.1743     14.49      0.07       0.07       0.10       0          16.40      12         12         0          0          0.0257     2.0874     98         127        134        142        151        159        185       
334        47000      47000      161.91     28.67      0.1771     14.47      0.07       0.07       0.10       0          16.40      11         11         0          0          0.0257     2.0862     98         126        134        142        151        159        186       
335        47000      47000      161.91     28.46      0.1758     14.51      0.07       0.07       0.10       0          16.40      11         11         0          0          0.0257     2.0862     98         127        134        142        151        159        186       
336        47000      47000      161.91     28.67      0.1771     14.52      0.07       0.07       0.10       0          16.39      11         11         0          0          0.0257     2.0856     98         127        134        142        151        159        185       
337        47000      47000      161.91     29.23      0.1805     14.54      0.07       0.07       0.10       0          16.39      11         11         0          0          0.0257     2.0875     98         127        134        142        151        159        185       
338        47000      47000      161.91     29.06      0.1795     14.52      0.07       0.07       0.10       0          16.39      11         11         0          0          0.0257     2.0864     98         127        134        142        151        159        185       
339        47000      47000      161.90     28.58      0.1765     14.53      0.07       0.07       0.10       0          16.38      11         11         0          0          0.0257     2.0850     98         127        134        142        151        159        185       
340        47000      47000      161.91     28.88      0.1784     14.53      0.07       0.07       0.10       0          16.38      11         11         0          0          0.0257     2.0860     98         127        134        142        151        159        185       
341        47000      47000      161.92     28.63      0.1768     14.50      0.07       0.07       0.10       0          16.37      11         11         0          0          0.0257     2.0841     98         127        134        142        151        159        185       
342        47000      47000      161.91     28.92      0.1786     14.47      0.07       0.07       0.10       0          16.37      11         11         0          0          0.0257     2.0857     99         127        134        142        151        159        186       
343        47000      47000      161.91     29.18      0.1802     14.54      0.07       0.07       0.10       0          16.37      11         11         0          0          0.0257     2.0873     99         127        134        142        151        159        186       
344        47000      47000      161.91     27.99      0.1729     14.54      0.07       0.07       0.10       0          16.36      11         11         0          0          0.0257     2.0863     99         127        134        142        151        159        186       
345        47000      47000      161.91     28.28      0.1746     14.53      0.07       0.07       0.10       0          16.36      11         11         0          0          0.0257     2.0860     99         127        134        142        151        159        185       
346        47000      47000      161.91     28.67      0.1771     14.55      0.07       0.07       0.10       0          16.35      11         11         0          0          0.0257     2.0862     100        127        134        142        151        159        185       
347        47000      47000      161.91     28.07      0.1734     14.49      0.07       0.07       0.10       0          16.35      11         11         0          0          0.0257     2.0860     100        127        134        142        151        159        185       
348        47000      47000      161.91     28.17      0.1740     14.50      0.07       0.07       0.10       0          16.35      11         11         0          0          0.0256     2.0865     99         127        134        142        151        159        185       
349        47000      47000      161.91     28.61      0.1767     14.48      0.07       0.07       0.10       0          16.35      11         11         0          0          0.0256     2.0880     99         127        134        142        151        159        185       
350        47000      47000      161.91     29.32      0.1811     14.50      0.07       0.07       0.10       0          16.34      11         11         0          0          0.0256     2.0851     99         127        134        142        151        159        185       
351        47000      47000      161.91     28.85      0.1782     14.51      0.07       0.07       0.10       0          16.34      11         11         0          0          0.0256     2.0842     99         127        134        142        151        159        185       
352        47000      47000      161.91     28.62      0.1768     14.51      0.07       0.07       0.10       0          16.34      11         11         0          0          0.0256     2.0870     99         127        134        142        151        159        185       
353        47000      47000      161.90     28.36      0.1752     14.54      0.07       0.07       0.10       0          16.33      11         11         0          0          0.0256     2.0869     99         127        134        142        151        159        185       
354        47000      47000      161.91     28.21      0.1742     14.50      0.07       0.07       0.10       0          16.33      11         11         0          0          0.0256     2.0870     99         127        134        142        151        159        185       
355        47000      47000      161.91     28.70      0.1772     14.47      0.07       0.07       0.10       0          16.33      11         11         0          0          0.0256     2.0876     99         127        134        142        151        159        185       
356        47000      47000      161.91     29.03      0.1793     14.47      0.07       0.07       0.10       0          16.32      11         11         0          0          0.0256     2.0838     99         127        134        142        151        159        185       
357        47000      47000      161.90     28.99      0.1791     14.48      0.07       0.07       0.10       0          16.32      11         11         0          0          0.0256     2.0889     99         127        134        142        151        159        185       
358        47000      47000      161.91     28.72      0.1774     14.53      0.07       0.07       0.10       0          16.32      11         11         0          0          0.0256     2.0847     99         127        134        142        151        158        185       
359        47000      47000      161.91     28.95      0.1788     14.52      0.07       0.07       0.10       0          16.31      11         11         0          0          0.0256     2.0846     99         127        134        142        151        158        185       
360        47000      47000      161.92     29.86      0.1844     14.61      0.07       0.07       0.10       0          16.31      11         11         0          0          0.0256     2.0862     99         127        134        142        151        158        185       
361        47000      47000      161.91     28.95      0.1788     14.64      0.08       0.07       0.10       0          16.31      11         11         0          0          0.0256     2.0839     99         127        134        142        151        158        185       
362        47000      47000      161.90     28.63      0.1768     14.59      0.07       0.07       0.10       0          16.31      11         11         0          0          0.0256     2.0871     99         127        134        142        151        158        185       
363        47000      47000      161.91     29.35      0.1813     14.65      0.07       0.07       0.10       0          16.30      11         11         0          0          0.0256     2.0879     99         127        134        142        151        158        185       
364        47000      47000      161.90     29.21      0.1804     14.65      0.07       0.07       0.10       0          16.30      11         11         0          0          0.0256     2.0844     99         127        134        142        151        158        185       
365        47000      47000      161.91     28.54      0.1763     14.58      0.07       0.07       0.10       0          16.30      11         11         0          0          0.0256     2.0850     99         127        134        142        151        158        185       
366        47000      47000      161.91     28.80      0.1779     14.55      0.07       0.07       0.10       0          16.30      11         11         0          0          0.0256     2.0846     99         127        134        142        151        158        185       
367        47000      47000      161.92     28.85      0.1781     14.59      0.07       0.07       0.10       0          16.29      11         11         0          0          0.0256     2.0882     99         127        134        142        151        158        185       
368        47000      47000      161.92     28.91      0.1785     14.63      0.07       0.07       0.10       0          16.29      11         11         0          0          0.0256     2.0858     99         127        134        142        151        158        185       
369        47000      47000      161.91     29.18      0.1802     14.60      0.08       0.07       0.10       0          16.29      11         11         0          0          0.0256     2.0837     99         127        134        142        151        158        185       
370        47000      47000      161.91     29.11      0.1798     14.58      0.08       0.07       0.10       0          16.29      11         11         0          0          0.0256     2.0847     99         127        134        142        151        158        185       
371        47000      47000      161.91     29.17      0.1801     14.58      0.07       0.07       0.10       0          16.28      11         11         0          0          0.0255     2.0851     99         127        134        142        151        158        185       
372        47000      47000      161.90     28.21      0.1742     14.57      0.07       0.07       0.10       0          16.28      11         11         0          0          0.0255     2.0861     99         127        134        142        151        159        185       
373        47000      47000      161.91     28.83      0.1781     14.58      0.07       0.07       0.10       0          16.28      11         11         0          0          0.0255     2.0847     99         127        134        142        151        158        185       
374        47000      47000      161.92     28.59      0.1766     14.53      0.07       0.07       0.10       0          16.27      11         11         0          0          0.0255     2.0843     99         127        134        142        151        158        185       
375        47000      47000      161.91     29.34      0.1812     14.57      0.07       0.07       0.10       0          16.27      11         11         0          0          0.0255     2.0856     99         127        134        142        151        158        185       
376        47000      47000      161.91     29.87      0.1845     14.60      0.08       0.07       0.10       0          16.27      11         11         0          0          0.0255     2.0871     99         127        134        142        151        158        185       
377        47000      47000      161.90     29.01      0.1792     14.59      0.07       0.07       0.10       0          16.27      11         11         0          0          0.0255     2.0864     100        127        134        142        151        158        185       
378        47000      47000      161.91     28.64      0.1769     14.59      0.07       0.07       0.10       0          16.26      11         11         0          0          0.0255     2.0876     100        127        134        142        151        158        185       
379        47000      47000      161.91     28.53      0.1762     14.60      0.07       0.07       0.10       0          16.26      11         11         0          0          0.0255     2.0860     100        127        134        142        151        158        185       
380        47000      47000      161.90     28.45      0.1758     14.61      0.08       0.07       0.10       0          16.26      11         11         0          0          0.0255     2.0827     100        127        134        142        151        158        185       
381        47000      47000      161.91     28.43      0.1756     14.57      0.08       0.07       0.10       0          16.26      11         11         0          0          0.0255     2.0850     100        127        134        142        151        158        185       
382        47000      47000      161.91     29.00      0.1791     14.62      0.07       0.07       0.10       0          16.25      11         11         0          0          0.0255     2.0880     100        127        134        142        151        158        185       
383        47000      47000      161.91     28.96      0.1789     14.55      0.07       0.07       0.10       0          16.25      11         11         0          0          0.0255     2.0851     100        127        134        142        151        158        185       
384        47000      47000      161.90     29.42      0.1817     14.53      0.07       0.07       0.10       0          16.25      11         11         0          0          0.0255     2.0865     100        127        134        142        151        158        185       
385        47000      47000      161.91     29.17      0.1801     14.56      0.07       0.07       0.10       0          16.25      11         11         0          0          0.0255     2.0880     100        127        134        142        151        158        185       
386        47000      47000      161.91     28.71      0.1773     14.57      0.07       0.07       0.10       0          16.25      11         11         0          0          0.0255     2.0854     99         127        134        142        151        158        185       
387        47000      47000      161.90     28.76      0.1776     14.54      0.08       0.07       0.10       0          16.24      11         11         0          0          0.0255     2.0865     99         127        134        142        151        158        184       
388        47000      47000      161.91     28.68      0.1771     14.56      0.07       0.07       0.10       0          16.24      11         11         0          0          0.0255     2.0868     99         127        134        142        151        158        184       
389        47000      47000      161.90     28.77      0.1777     14.59      0.07       0.07       0.10       0          16.24      11         11         0          0          0.0255     2.0859     99         127        134        142        151        158        184       
390        47000      47000      161.91     28.05      0.1733     14.58      0.07       0.07       0.10       0          16.24      11         11         0          0          0.0255     2.0852     99         127        134        142        151        158        184       
391        47000      47000      161.91     28.85      0.1782     14.58      0.07       0.07       0.10       0          16.24      11         11         0          0          0.0255     2.0829     99         127        134        142        151        158        184       
392        47000      47000      161.91     29.13      0.1799     14.54      0.07       0.07       0.10       0          16.23      11         11         0          0          0.0255     2.0860     99         127        134        142        151        158        184       
393        47000      47000      161.91     28.60      0.1766     14.56      0.07       0.07       0.10       0          16.23      11         11         0          0          0.0255     2.0851     99         127        134        142        151        158        184       
394        47000      47000      161.91     28.40      0.1754     14.57      0.07       0.07       0.10       0          16.23      11         11         0          0          0.0255     2.0876     99         127        134        142        151        158        184       
395        47000      47000      161.91     28.17      0.1740     14.57      0.07       0.07       0.10       0          16.23      11         11         0          0          0.0255     2.0848     99         127        134        142        151        158        184       
396        47000      47000      161.91     29.25      0.1807     14.56      0.07       0.07       0.10       0          16.23      11         11         0          0          0.0255     2.0833     99         127        134        142        151        158        184       
397        47000      47000      161.91     28.82      0.1780     14.55      0.07       0.07       0.10       0          16.22      11         11         0          0          0.0255     2.0846     99         127        134        142        151        158        184       
398        47000      47000      161.91     28.79      0.1778     14.53      0.07       0.07       0.10       0          16.22      11         11         0          0          0.0255     2.0889     99         127        134        142        151        158        184       
399        47000      47000      161.91     28.06      0.1733     14.57      0.07       0.07       0.10       0          16.22      11         11         0          0          0.0254     2.0853     99         127        134        142        151        158        184       
400        47000      47000      161.90     29.19      0.1803     14.54      0.07       0.07       0.10       0          16.22      11         11         0          0          0.0254     2.0829     99         127        134        142        151        158        184       
401        47000      47000      161.90     28.79      0.1778     14.51      0.07       0.07       0.10       0          16.22      11         11         0          0          0.0254     2.0856     99         127        134        142        151        158        184       
402        47000      47000      161.92     28.50      0.1760     14.54      0.07       0.07       0.10       0          16.21      11         11         0          0          0.0254     2.0855     99         127        134        142        151        158        184       
403        47000      47000      161.91     28.53      0.1762     14.52      0.08       0.07       0.10       0          16.21      11         11         0          0          0.0254     2.0857     99         127        134        142        151        158        184       
404        47000      47000      161.91     29.30      0.1810     14.54      0.08       0.07       0.10       0          16.21      11         11         0          0          0.0254     2.0844     99         127        134        142        151        158        184       
405        47000      47000      161.91     28.72      0.1774     14.59      0.08       0.07       0.10       0          16.21      11         11         0          0          0.0254     2.0848     99         127        134        142        151        158        184       
406        47000      47000      161.91     28.59      0.1766     14.62      0.07       0.07       0.10       0          16.21      11         11         0          0          0.0254     2.0839     99         127        134        142        151        158        184       
407        47000      47000      161.90     28.37      0.1752     14.59      0.07       0.07       0.10       0          16.21      11         11         0          0          0.0254     2.0873     99         127        134        142        151        158        184       
408        47000      47000      161.91     29.64      0.1831     14.57      0.07       0.07       0.10       0          16.21      11         11         0          0          0.0254     2.0860     99         127        134        142        151        158        184       
409        47000      47000      161.92     27.92      0.1724     14.60      0.08       0.07       0.10       0          16.21      11         11         0          0          0.0254     2.0857     99         127        134        142        151        158        184       
410        47000      47000      161.91     28.85      0.1782     14.60      0.08       0.07       0.10       0          16.20      11         11         0          0          0.0254     2.0872     100        127        134        142        151        158        184       
411        47000      47000      161.91     27.80      0.1717     14.56      0.08       0.07       0.10       0          16.20      11         11         0          0          0.0254     2.0862     100        127        134        142        151        158        184       
412        47000      47000      161.91     28.93      0.1787     14.54      0.07       0.07       0.10       0          16.20      11         11         0          0          0.0254     2.0863     100        127        134        142        151        158        184       
413        47000      47000      161.91     28.81      0.1780     14.60      0.07       0.07       0.10       0          16.20      11         11         0          0          0.0254     2.0830     100        127        134        142        151        158        184       
414        47000      47000      161.91     28.69      0.1772     14.61      0.07       0.07       0.10       0          16.20      11         11         0          0          0.0254     2.0841     100        127        135        143        151        158        184       
415        47000      47000      161.92     29.01      0.1792     14.60      0.07       0.07       0.10       0          16.20      11         11         0          0          0.0254     2.0852     100        127        135        143        151        158        184       
416        47000      47000      161.91     28.83      0.1780     14.64      0.08       0.07       0.10       0          16.19      11         11         0          0          0.0254     2.0858     100        127        135        142        151        158        184       
417        47000      47000      161.91     28.62      0.1767     14.66      0.07       0.07       0.10       0          16.19      11         11         0          0          0.0254     2.0850     100        127        135        142        151        158        184       
418        47000      47000      161.91     29.77      0.1839     14.65      0.07       0.07       0.10       0          16.19      11         11         0          0          0.0254     2.0893     100        127        135        142        151        158        184       
419        47000      47000      161.90     28.78      0.1778     14.64      0.07       0.07       0.10       0          16.19      11         11         0          0          0.0254     2.0831     100        127        135        142        151        158        184       
420        47000      47000      161.91     28.75      0.1775     14.67      0.08       0.07       0.10       0          16.19      11         11         0          0          0.0254     2.0838     100        127        135        143        151        158        184       
421        47000      47000      161.91     28.79      0.1778     14.69      0.08       0.07       0.10       0          16.19      11         11         0          0          0.0254     2.0819     100        127        135        143        151        158        184       
422        47000      47000      161.90     29.54      0.1824     14.70      0.07       0.07       0.10       0          16.18      11         11         0          0          0.0254     2.0873     100        127        135        143        151        158        184       
423        47000      47000      161.92     29.61      0.1829     14.64      0.07       0.07       0.10       0          16.18      11         11         0          0          0.0254     2.0861     101        127        135        143        151        158        184       
424        47000      47000      161.91     29.34      0.1812     14.68      0.08       0.07       0.10       0          16.18      11         11         0          0          0.0254     2.0855     101        127        135        142        151        158        184       
425        47000      47000      161.91     28.69      0.1772     14.68      0.08       0.07       0.10       0          16.18      11         11         0          0          0.0254     2.0840     101        127        135        142        151        158        184       
426        47000      47000      161.90     29.07      0.1796     14.68      0.08       0.07       0.10       0          16.18      11         11         0          0          0.0254     2.0846     101        127        135        143        151        158        184       
427        47000      47000      161.90     28.92      0.1786     14.70      0.07       0.07       0.10       0          16.18      11         11         0          0          0.0254     2.0846     102        127        135        143        151        158        184       
428        47000      47000      161.90     29.29      0.1809     14.65      0.07       0.07       0.10       0          16.18      11         11         0          0          0.0254     2.0859     102        127        135        143        151        158        184       
429        47000      47000      161.91     28.84      0.1781     14.71      0.07       0.07       0.10       0          16.17      11         11         0          0          0.0254     2.0851     102        127        135        143        151        158        184       
430        47000      47000      161.90     29.96      0.1851     14.70      0.07       0.07       0.10       0          16.17      11         11         0          0          0.0254     2.0820     102        127        135        143        151        158        184       
431        47000      47000      161.90     29.05      0.1794     14.70      0.08       0.07       0.10       0          16.17      11         11         0          0          0.0254     2.0859     102        127        135        143        151        158        184       
432        47000      47000      161.91     29.03      0.1793     14.72      0.08       0.08       0.10       0          16.17      11         11         0          0          0.0254     2.0868     102        127        135        143        151        158        184       
433        47000      47000      161.91     29.44      0.1819     14.72      0.08       0.07       0.10       0          16.17      11         11         0          0          0.0254     2.0847     102        127        135        143        151        158        184       
434        47000      47000      161.90     29.52      0.1823     14.75      0.08       0.08       0.10       0          16.17      11         11         0          0          0.0254     2.0834     102        127        135        143        151        158        184       
435        47000      47000      161.91     29.26      0.1807     14.77      0.08       0.08       0.10       0          16.17      11         11         0          0          0.0254     2.0826     102        127        135        143        151        158        184       
436        47000      47000      161.91     30.06      0.1856     14.71      0.08       0.08       0.10       0          16.17      11         11         0          0          0.0254     2.0830     102        127        135        143        151        158        184       
437        47000      47000      161.91     29.16      0.1801     14.76      0.08       0.08       0.10       0          16.16      11         11         0          0          0.0254     2.0839     103        127        135        143        151        158        184       
438        47000      47000      161.90     28.26      0.1746     14.76      0.08       0.08       0.10       0          16.16      11         11         0          0          0.0254     2.0848     103        127        135        143        151        158        184       
439        47000      47000      161.91     28.62      0.1768     14.73      0.08       0.07       0.10       0          16.16      11         11         0          0          0.0254     2.0862     103        127        135        143        151        158        184       
440        47000      47000      161.91     29.63      0.1830     14.74      0.07       0.08       0.10       0          16.16      11         11         0          0          0.0254     2.0840     103        127        135        143        151        158        184       
441        47000      47000      161.90     28.98      0.1790     14.76      0.07       0.08       0.10       0          16.16      11         11         0          0          0.0253     2.0840     103        127        135        143        151        158        184       
442        47000      47000      161.91     29.44      0.1818     14.68      0.08       0.07       0.10       0          16.16      11         11         0          0          0.0253     2.0853     103        127        135        143        151        158        184       
443        47000      47000      161.91     29.12      0.1799     14.71      0.08       0.07       0.10       0          16.16      11         11         0          0          0.0253     2.0836     103        127        135        143        151        158        184       
444        47000      47000      161.91     29.18      0.1802     14.71      0.08       0.07       0.10       0          16.16      11         11         0          0          0.0253     2.0844     103        127        135        143        151        158        184       
445        47000      47000      161.91     28.97      0.1789     14.68      0.08       0.07       0.10       0          16.15      11         11         0          0          0.0253     2.0857     103        127        135        143        151        158        184       
446        47000      47000      161.90     28.83      0.1781     14.73      0.08       0.07       0.10       0          16.15      11         11         0          0          0.0253     2.0844     103        127        135        143        151        158        184       
447        47000      47000      161.91     29.52      0.1823     14.69      0.08       0.07       0.10       0          16.15      11         11         0          0          0.0253     2.0864     103        127        135        143        151        158        184       
448        47000      47000      161.91     29.76      0.1838     14.77      0.08       0.08       0.10       0          16.15      11         11         0          0          0.0253     2.0871     103        127        135        143        151        158        184       
449        47000      47000      161.91     29.59      0.1827     14.80      0.08       0.08       0.10       0          16.15      11         11         0          0          0.0253     2.0823     103        127        135        143        151        158        184       
450        47000      47000      161.90     29.30      0.1810     14.77      0.07       0.08       0.10       0          16.15      11         11         0          0          0.0253     2.0847     103        127        135        143        151        158        184       
451        47000      47000      161.91     29.69      0.1834     14.76      0.07       0.08       0.10       0          16.15      11         11         0          0          0.0253     2.0878     103        127        135        143        151        158        184       
452        47000      47000      161.91     29.12      0.1799     14.76      0.08       0.08       0.10       0          16.15      11         11         0          0          0.0253     2.0847     103        127        135        143        151        158        184       
453        47000      47000      161.91     28.95      0.1788     14.76      0.08       0.08       0.10       0          16.15      11         11         0          0          0.0253     2.0834     103        127        135        143        151        158        184       
454        47000      47000      161.91     29.86      0.1844     14.76      0.08       0.08       0.10       0          16.15      11         11         0          0          0.0253     2.0854     103        127        135        143        151        158        184       
455        47000      47000      161.91     29.40      0.1816     14.77      0.08       0.08       0.10       0          16.14      11         11         0          0          0.0253     2.0862     103        127        135        143        151        158        184       
456        47000      47000      161.91     29.58      0.1827     14.80      0.08       0.08       0.10       0          16.14      11         11         0          0          0.0253     2.0857     103        127        135        143        151        158        184       
457        47000      47000      161.91     29.66      0.1832     14.77      0.08       0.08       0.10       0          16.14      11         11         0          0          0.0253     2.0841     103        127        135        143        151        158        184       
458        47000      47000      161.91     29.18      0.1802     14.79      0.08       0.08       0.10       0          16.14      11         11         0          0          0.0253     2.0838     103        127        135        143        151        158        184       
459        47000      47000      161.90     29.40      0.1816     14.78      0.08       0.08       0.10       0          16.14      11         11         0          0          0.0253     2.0847     103        127        135        143        151        158        184       
460        47000      47000      161.90     29.58      0.1827     14.77      0.08       0.08       0.10       0          16.14      11         11         0          0          0.0253     2.0875     103        127        135        143        151        158        184       
461        47000      47000      161.91     29.41      0.1817     14.82      0.08       0.08       0.10       0          16.14      11         11         0          0          0.0253     2.0855     103        127        135        143        151        158        184       
462        47000      47000      161.91     29.22      0.1805     14.80      0.08       0.08       0.10       0          16.14      11         11         0          0          0.0253     2.0854     103        127        135        143        151        158        184       
463        47000      47000      161.91     29.55      0.1825     14.76      0.08       0.08       0.10       0          16.14      11         11         0          0          0.0253     2.0837     103        127        135        143        151        158        184       
464        47000      47000      161.91     28.37      0.1753     14.83      0.08       0.08       0.10       0          16.14      11         11         0          0          0.0253     2.0845     103        127        135        143        151        158        184       
465        47000      47000      161.91     29.34      0.1812     14.76      0.08       0.08       0.10       0          16.13      11         11         0          0          0.0253     2.0833     103        127        135        143        151        158        184       
466        47000      47000      161.91     29.79      0.1840     14.75      0.08       0.08       0.10       0          16.13      11         11         0          0          0.0253     2.0829     103        127        135        143        151        158        184       
467        47000      47000      161.91     29.15      0.1800     14.79      0.08       0.08       0.10       0          16.13      11         11         0          0          0.0253     2.0841     103        127        135        143        151        158        184       
468        47000      47000      161.91     30.39      0.1877     14.85      0.08       0.08       0.10       0          16.13      11         11         0          0          0.0253     2.0843     103        127        135        143        151        158        184       
469        47000      47000      161.91     28.76      0.1777     14.84      0.08       0.08       0.10       0          16.13      11         11         0          0          0.0253     2.0865     103        127        135        143        151        158        184       
470        47000      47000      161.91     30.06      0.1856     14.74      0.08       0.08       0.10       0          16.13      11         11         0          0          0.0253     2.0829     103        127        135        143        151        158        184       
471        47000      47000      161.92     28.70      0.1773     14.76      0.08       0.08       0.10       0          16.13      11         11         0          0          0.0253     2.0838     103        127        135        143        151        158        184       
472        47000      47000      161.91     28.67      0.1771     14.80      0.08       0.08       0.10       0          16.13      11         11         0          0          0.0253     2.0847     103        127        135        143        151        158        184       
473        47000      47000      161.91     29.38      0.1815     14.84      0.08       0.08       0.10       0          16.13      11         11         0          0          0.0253     2.0837     103        127        135        143        151        158        184       
474        47000      47000      161.91     29.31      0.1810     14.82      0.08       0.08       0.10       0          16.13      11         11         0          0          0.0253     2.0825     103        127        135        143        151        158        184       
475        47000      47000      161.90     29.04      0.1794     14.81      0.07       0.08       0.10       0          16.13      11         11         0          0          0.0253     2.0860     103        127        135        143        151        158        184       
476        47000      47000      161.91     30.05      0.1856     14.78      0.08       0.08       0.10       0          16.12      11         11         0          0          0.0253     2.0837     103        128        135        143        151        158        184       
477        47000      47000      161.92     29.92      0.1848     14.78      0.08       0.08       0.10       0          16.12      11         11         0          0          0.0253     2.0838     103        128        135        143        151        158        184       
478        47000      47000      161.90     29.42      0.1817     14.79      0.08       0.08       0.10       0          16.12      11         11         0          0          0.0253     2.0842     103        128        135        143        151        158        184       
479        47000      47000      161.91     28.76      0.1776     14.82      0.08       0.08       0.10       0          16.12      11         11         0          0          0.0253     2.0847     103        128        135        143        151        158        184       
480        47000      47000      161.91     29.29      0.1809     14.84      0.08       0.08       0.10       0          16.12      11         11         0          0          0.0253     2.0864     103        128        135        143        151        158        184       
481        47000      47000      161.90     29.92      0.1848     14.83      0.08       0.08       0.10       0          16.12      11         11         0          0          0.0253     2.0847     103        128        135        143        151        158        184       
482        47000      47000      161.91     28.95      0.1788     14.86      0.08       0.08       0.10       0          16.12      11         11         0          0          0.0253     2.0849     103        128        135        143        151        158        184       
483        47000      47000      161.91     29.59      0.1828     14.84      0.08       0.08       0.10       0          16.12      11         11         0          0          0.0253     2.0877     103        128        135        143        151        158        184       
484        47000      47000      161.90     29.99      0.1852     14.80      0.08       0.08       0.10       0          16.12      11         11         0          0          0.0253     2.0849     103        128        135        143        151        158        184       
485        47000      47000      161.90     29.86      0.1844     14.83      0.08       0.08       0.10       0          16.12      11         11         0          0          0.0253     2.0844     103        128        135        143        151        158        184       
486        47000      47000      161.90     29.41      0.1816     14.80      0.08       0.08       0.10       0          16.12      11         11         0          0          0.0253     2.0867     103        128        135        143        151        158        184       
487        47000      47000      161.90     29.13      0.1799     14.83      0.08       0.08       0.10       0          16.12      11         11         0          0          0.0253     2.0847     103        128        135        143        151        158        184       
488        47000      47000      161.91     28.76      0.1776     14.85      0.08       0.08       0.10       0          16.11      11         11         0          0          0.0253     2.0875     103        128        135        143        151        158        184       
489        47000      47000      161.90     29.20      0.1804     14.83      0.08       0.08       0.10       0          16.11      11         11         0          0          0.0253     2.0852     103        128        135        143        151        158        184       
490        47000      47000      161.90     29.09      0.1797     14.83      0.08       0.08       0.10       0          16.11      11         11         0          0          0.0253     2.0839     103        128        135        143        151        158        184       
491        47000      47000      161.91     29.52      0.1823     14.90      0.08       0.08       0.10       0          16.11      11         11         0          0          0.0253     2.0846     103        128        135        143        151        158        184       
492        47000      47000      161.90     30.47      0.1882     14.90      0.08       0.08       0.10       0          16.11      11         11         0          0          0.0253     2.0836     103        128        135        143        151        158        184       
493        47000      47000      161.91     28.38      0.1753     14.86      0.08       0.08       0.10       0          16.11      11         11         0          0          0.0253     2.0855     103        128        135        143        151        158        184       
494        47000      47000      161.91     28.60      0.1766     14.84      0.08       0.08       0.10       0          16.11      11         11         0          0          0.0253     2.0838     103        128        135        143        151        158        184       
495        47000      47000      161.91     29.23      0.1805     14.85      0.08       0.08       0.10       0          16.11      11         11         0          0          0.0253     2.0845     103        128        135        143        151        158        184       
496        47000      47000      161.91     29.44      0.1818     14.83      0.08       0.08       0.10       0          16.11      11         11         0          0          0.0253     2.0843     103        128        135        143        151        158        184       
497        47000      47000      161.90     29.72      0.1836     14.80      0.08       0.08       0.10       0          16.11      11         11         0          0          0.0253     2.0849     103        128        135        143        151        158        184       
498        47000      47000      161.91     29.56      0.1825     14.82      0.08       0.08       0.10       0          16.11      11         11         0          0          0.0253     2.0823     103        128        135        143        151        158        184       
499        47000      47000      161.90     29.10      0.1798     14.86      0.08       0.08       0.10       0          16.11      11         11         0          0          0.0253     2.0832     103        128        135        143        151        158        184       
500        47000      47000      161.91     28.98      0.1790     14.86      0.08       0.08       0.10       0          16.11      11         11         0          0          0.0253     2.0855     103        128        135        143        151        158        184       
501        47000      47000      161.90     29.15      0.1800     14.83      0.08       0.08       0.10       0          16.11      11         11         0          0          0.0253     2.0846     103        128        135        143        151        158        184       
502        47000      47000      161.92     28.76      0.1776     14.82      0.08       0.08       0.10       0          16.11      11         11         0          0          0.0253     2.0856     103        128        135        143        151        158        184       
503        47000      47000      161.90     28.66      0.1771     14.87      0.08       0.08       0.10       0          16.10      11         11         0          0          0.0253     2.0850     103        128        135        143        151        158        184       
504        47000      47000      161.91     29.57      0.1826     14.87      0.08       0.08       0.10       0          16.10      11         11         0          0          0.0253     2.0859     103        128        135        143        151        158        184       
505        47000      47000      161.91     29.31      0.1810     14.78      0.08       0.08       0.10       0          16.10      11         11         0          0          0.0253     2.0829     103        128        135        143        151        158        184       
506        47000      47000      161.91     29.78      0.1839     14.79      0.08       0.08       0.10       0          16.10      11         11         0          0          0.0253     2.0827     103        128        135        143        151        158        184       
507        47000      47000      161.90     28.63      0.1768     14.80      0.08       0.08       0.10       0          16.10      11         11         0          0          0.0253     2.0841     103        128        135        143        151        158        184       
508        47000      47000      161.91     29.13      0.1799     14.80      0.08       0.08       0.10       0          16.10      11         11         0          0          0.0253     2.0854     103        128        135        143        151        158        184       
509        47000      47000      161.91     29.00      0.1791     14.77      0.08       0.08       0.10       0          16.10      11         11         0          0          0.0253     2.0852     103        128        135        143        151        158        184       
510        47000      47000      161.91     29.66      0.1832     14.78      0.08       0.08       0.10       0          16.10      11         11         0          0          0.0253     2.0836     103        128        135        143        151        158        184       
511        47000      47000      161.91     28.95      0.1788     14.82      0.08       0.08       0.10       0          16.10      11         11         0          0          0.0253     2.0855     103        128        135        143        151        158        184       
512        47000      47000      161.90     29.68      0.1833     14.85      0.08       0.08       0.10       0          16.10      11         11         0          0          0.0253     2.0861     103        128        135        143        151        158        184       
513        47000      47000      161.92     29.58      0.1827     14.83      0.08       0.08       0.10       0          16.10      11         11         0          0          0.0253     2.0869     103        128        135        143        151        158        184       
514        47000      47000      161.91     29.06      0.1795     14.82      0.08       0.08       0.10       0          16.10      11         11         0          0          0.0253     2.0833     103        128        135        143        151        158        184       
515        47000      47000      161.91     29.55      0.1825     14.85      0.08       0.08       0.10       0          16.10      11         11         0          0          0.0253     2.0844     103        128        135        143        151        158        184       
516        47000      47000      161.90     29.36      0.1813     14.88      0.08       0.08       0.10       0          16.10      11         11         0          0          0.0253     2.0834     103        128        135        143        151        158        184       
517        47000      47000      161.90     29.62      0.1830     14.88      0.08       0.08       0.10       0          16.10      11         11         0          0          0.0253     2.0839     103        128        135        143        151        158        184       
518        47000      47000      161.91     30.45      0.1881     14.87      0.08       0.08       0.10       0          16.10      11         11         0          0          0.0253     2.0849     103        128        135        143        151        158        184       
519        47000      47000      161.91     28.60      0.1767     14.85      0.08       0.08       0.10       0          16.10      11         11         0          0          0.0253     2.0879     103        128        135        143        151        158        184       
520        47000      47000      161.91     29.78      0.1839     14.90      0.08       0.08       0.10       0          16.10      11         11         0          0          0.0253     2.0853     103        128        135        143        151        158        184       
521        47000      47000      161.90     29.48      0.1821     14.90      0.08       0.08       0.10       0          16.10      11         11         0          0          0.0253     2.0865     103        128        135        143        151        158        184       
522        47000      47000      161.91     29.79      0.1840     14.89      0.08       0.08       0.10       0          16.10      11         11         0          0          0.0252     2.0832     103        128        135        143        151        158        184       
523        47000      47000      161.91     29.60      0.1828     14.89      0.08       0.08       0.10       0          16.10      11         11         0          0          0.0252     2.0845     103        128        135        143        151        158        184       
524        47000      47000      161.91     28.98      0.1790     14.91      0.08       0.08       0.10       0          16.09      11         11         0          0          0.0252     2.0829     102        128        135        143        151        158        184       
525        47000      47000      161.90     29.26      0.1807     14.89      0.08       0.08       0.10       0          16.09      11         11         0          0          0.0252     2.0852     102        128        135        143        151        158        184       
526        47000      47000      161.91     28.86      0.1783     14.90      0.08       0.08       0.10       0          16.09      11         11         0          0          0.0252     2.0847     102        128        135        143        151        158        184       
527        47000      47000      161.90     29.66      0.1832     14.90      0.08       0.08       0.10       0          16.09      11         11         0          0          0.0252     2.0839     102        128        135        143        151        158        184       
528        47000      47000      161.91     29.25      0.1807     14.92      0.08       0.08       0.10       0          16.09      11         11         0          0          0.0252     2.0834     102        128        135        143        151        158        184       
529        47000      47000      161.90     29.25      0.1807     14.90      0.08       0.08       0.10       0          16.09      11         11         0          0          0.0252     2.0860     102        128        135        143        151        158        184       
530        47000      47000      161.91     29.32      0.1811     14.88      0.08       0.08       0.10       0          16.09      11         11         0          0          0.0252     2.0829     102        128        135        143        151        158        184       
531        47000      47000      161.91     28.88      0.1783     14.82      0.08       0.08       0.10       0          16.09      11         11         0          0          0.0252     2.0824     102        128        135        143        151        158        184       
532        47000      47000      161.91     29.10      0.1797     14.86      0.08       0.08       0.10       0          16.09      11         11         0          0          0.0252     2.0841     102        128        135        143        151        158        184       
533        47000      47000      161.90     29.39      0.1816     14.81      0.08       0.08       0.10       0          16.09      11         11         0          0          0.0252     2.0837     102        128        135        143        151        158        184       
534        47000      47000      161.90     29.35      0.1813     14.87      0.08       0.08       0.10       0          16.09      11         11         0          0          0.0252     2.0862     102        128        135        143        151        158        184       
535        47000      47000      161.90     29.48      0.1821     14.91      0.08       0.08       0.10       0          16.09      11         11         0          0          0.0252     2.0846     102        128        135        143        151        158        184       
536        47000      47000      161.91     29.95      0.1850     14.88      0.08       0.08       0.10       0          16.09      11         11         0          0          0.0252     2.0856     102        128        135        143        151        158        184       
537        47000      47000      161.91     29.06      0.1795     14.85      0.08       0.08       0.10       0          16.09      11         11         0          0          0.0252     2.0838     102        128        135        143        151        158        184       
538        47000      47000      161.90     29.78      0.1839     14.88      0.08       0.08       0.10       0          16.09      11         11         0          0          0.0252     2.0849     102        128        135        143        151        158        184       
539        47000      47000      161.90     29.32      0.1811     14.91      0.08       0.08       0.10       0          16.09      11         11         0          0          0.0252     2.0833     102        128        135        143        151        158        184       
540        47000      47000      161.91     29.35      0.1813     14.93      0.08       0.08       0.10       0          16.09      11         11         0          0          0.0252     2.0846     102        128        135        143        151        158        184       
541        47000      47000      161.90     28.50      0.1761     14.86      0.08       0.08       0.10       0          16.09      11         11         0          0          0.0252     2.0836     102        128        135        143        151        158        184       
542        47000      47000      161.91     29.19      0.1803     14.87      0.08       0.08       0.10       0          16.09      11         11         0          0          0.0252     2.0856     102        128        135        143        151        158        184       
543        47000      47000      161.91     29.21      0.1804     14.85      0.08       0.08       0.10       0          16.09      11         11         0          0          0.0252     2.0853     102        128        135        143        151        158        184       
544        47000      47000      161.90     28.56      0.1764     14.84      0.08       0.08       0.10       0          16.09      11         11         0          0          0.0252     2.0852     102        128        135        143        151        158        184       
545        47000      47000      161.91     30.39      0.1877     14.89      0.08       0.08       0.10       0          16.09      11         11         0          0          0.0252     2.0827     102        128        135        143        151        158        184       
546        47000      47000      161.90     29.73      0.1836     14.81      0.08       0.08       0.10       0          16.08      11         11         0          0          0.0252     2.0863     102        128        135        143        151        158        184       
547        47000      47000      161.90     29.80      0.1840     14.94      0.08       0.08       0.10       0          16.08      11         11         0          0          0.0252     2.0846     102        128        135        143        151        158        184       
548        47000      47000      161.91     29.59      0.1828     14.90      0.08       0.08       0.10       0          16.08      11         11         0          0          0.0252     2.0856     102        128        135        143        151        158        184       
549        47000      47000      161.91     29.73      0.1836     14.88      0.08       0.08       0.10       0          16.08      11         11         0          0          0.0252     2.0850     102        128        135        143        151        158        184       
550        47000      47000      161.90     28.77      0.1777     14.92      0.08       0.08       0.10       0          16.08      11         11         0          0          0.0252     2.0843     102        128        135        143        151        158        184       
551        47000      47000      161.91     30.13      0.1861     14.96      0.08       0.08       0.10       0          16.08      11         11         0          0          0.0252     2.0848     102        128        135        143        151        158        184       
552        47000      47000      161.90     29.42      0.1817     14.91      0.08       0.08       0.10       0          16.08      11         11         0          0          0.0252     2.0856     102        128        135        143        151        158        184       
553        47000      47000      161.91     29.14      0.1800     14.92      0.08       0.08       0.10       0          16.08      11         11         0          0          0.0252     2.0851     102        128        135        143        151        158        184       
554        47000      47000      161.90     29.69      0.1834     14.94      0.08       0.08       0.10       0          16.08      11         11         0          0          0.0252     2.0845     102        128        135        143        151        158        184       
555        47000      47000      161.91     29.26      0.1807     14.96      0.08       0.08       0.10       0          16.08      11         11         0          0          0.0252     2.0842     102        128        135        143        151        158        184       
556        47000      47000      161.90     30.09      0.1859     14.92      0.08       0.08       0.10       0          16.08      11         11         0          0          0.0252     2.0838     102        128        135        143        151        158        184       
557        47000      47000      161.90     30.07      0.1857     14.96      0.08       0.08       0.10       0          16.08      11         11         0          0          0.0252     2.0835     102        128        135        143        151        158        184       
558        47000      47000      161.91     28.76      0.1776     14.99      0.08       0.08       0.10       0          16.08      11         11         0          0          0.0252     2.0850     102        128        135        143        151        158        184       
559        47000      47000      161.90     29.43      0.1818     15.03      0.08       0.08       0.10       0          16.08      11         11         0          0          0.0252     2.0854     102        128        135        143        151        158        184       
560        47000      47000      161.91     29.92      0.1848     14.96      0.08       0.08       0.10       0          16.08      11         11         0          0          0.0252     2.0850     102        128        135        143        151        158        184       
561        47000      47000      161.91     29.24      0.1806     14.96      0.08       0.08       0.10       0          16.08      11         11         0          0          0.0252     2.0845     102        128        135        143        151        158        184       
562        47000      47000      161.90     29.70      0.1835     14.98      0.08       0.08       0.10       0          16.08      11         11         0          0          0.0252     2.0829     102        128        135        143        151        158        184       
563        47000      47000      161.91     29.68      0.1833     14.91      0.08       0.08       0.10       0          16.08      11         11         0          0          0.0252     2.0843     102        128        135        143        151        158        184       
564        47000      47000      161.90     28.78      0.1777     14.96      0.09       0.08       0.10       0          16.08      11         11         0          0          0.0252     2.0847     102        128        135        143        151        158        184       
565        47000      47000      161.90     30.15      0.1862     14.97      0.09       0.08       0.10       0          16.08      11         11         0          0          0.0252     2.0854     102        128        135        143        151        158        184       
566        47000      47000      161.91     29.88      0.1846     14.99      0.09       0.08       0.10       0          16.08      11         11         0          0          0.0252     2.0854     102        128        135        143        151        158        184       
567        47000      47000      161.90     28.72      0.1774     14.97      0.08       0.08       0.10       0          16.08      11         11         0          0          0.0252     2.0833     102        128        135        143        151        158        184       
568        47000      47000      161.90     29.61      0.1829     14.92      0.08       0.08       0.10       0          16.08      11         11         0          0          0.0252     2.0840     102        128        135        143        151        158        184       
569        47000      47000      161.91     28.78      0.1778     14.91      0.08       0.08       0.10       0          16.08      11         11         0          0          0.0252     2.0835     102        128        135        143        151        158        184       
570        47000      47000      161.90     28.97      0.1789     14.95      0.08       0.08       0.10       0          16.08      11         11         0          0          0.0252     2.0839     102        128        135        143        151        158        184       
571        47000      47000      161.90     28.73      0.1774     14.93      0.08       0.08       0.10       0          16.08      11         11         0          0          0.0252     2.0838     102        128        135        143        151        158        184       
572        47000      47000      161.91     29.38      0.1814     14.94      0.08       0.08       0.10       0          16.08      11         11         0          0          0.0252     2.0822     102        128        135        143        151        158        184       
573        47000      47000      161.91     29.89      0.1846     14.96      0.08       0.08       0.10       0          16.08      11         11         0          0          0.0252     2.0853     102        128        135        143        151        158        184       
574        47000      47000      161.90     29.32      0.1811     14.99      0.08       0.08       0.10       0          16.08      11         11         0          0          0.0252     2.0838     102        128        135        143        151        158        184       
575        47000      47000      161.90     30.21      0.1866     15.00      0.08       0.08       0.10       0          16.08      11         11         0          0          0.0252     2.0840     102        128        135        143        151        158        184       
576        47000      47000      161.91     29.16      0.1801     14.95      0.08       0.08       0.10       0          16.08      11         11         0          0          0.0252     2.0841     102        128        135        143        151        158        184       
577        47000      47000      161.90     29.95      0.1850     14.98      0.08       0.08       0.10       0          16.07      11         11         0          0          0.0252     2.0828     102        128        135        143        151        158        184       
578        47000      47000      161.91     29.66      0.1832     15.01      0.08       0.08       0.10       0          16.07      11         11         0          0          0.0252     2.0872     102        128        135        143        151        158        184       
579        47000      47000      161.90     29.39      0.1816     15.01      0.08       0.08       0.10       0          16.07      11         11         0          0          0.0252     2.0835     102        128        135        143        151        158        184       
580        47000      47000      161.91     29.60      0.1828     15.01      0.08       0.08       0.10       0          16.07      11         11         0          0          0.0252     2.0863     102        128        135        143        151        158        184       
581        47000      47000      161.91     29.60      0.1828     14.95      0.08       0.08       0.10       0          16.07      11         11         0          0          0.0252     2.0843     102        128        135        143        151        158        184       
582        47000      47000      161.90     28.56      0.1764     14.99      0.08       0.08       0.10       0          16.07      11         11         0          0          0.0252     2.0871     102        128        135        143        151        158        184       
583        47000      47000      161.92     28.96      0.1788     14.94      0.08       0.08       0.10       0          16.07      11         11         0          0          0.0252     2.0846     102        128        135        143        151        158        184       
584        47000      47000      161.91     29.47      0.1820     14.94      0.08       0.08       0.10       0          16.07      11         11         0          0          0.0252     2.0832     102        128        135        143        151        158        184       
585        47000      47000      161.91     30.31      0.1872     14.94      0.08       0.08       0.10       0          16.07      11         11         0          0          0.0252     2.0862     102        128        135        143        151        158        184       
586        47000      47000      161.90     29.28      0.1808     14.97      0.08       0.08       0.10       0          16.07      11         11         0          0          0.0252     2.0840     102        128        135        143        151        158        184       
587        47000      47000      161.91     29.29      0.1809     14.97      0.08       0.08       0.10       0          16.07      11         11         0          0          0.0252     2.0860     102        128        135        143        151        158        184       
588        47000      47000      161.90     29.34      0.1812     14.93      0.08       0.08       0.10       0          16.07      11         11         0          0          0.0252     2.0849     102        128        135        143        151        158        184       
589        47000      47000      161.90     29.05      0.1794     14.95      0.08       0.08       0.10       0          16.07      11         11         0          0          0.0252     2.0854     102        128        135        143        151        158        184       
590        47000      47000      161.90     28.82      0.1780     14.97      0.08       0.08       0.10       0          16.07      11         11         0          0          0.0252     2.0837     102        128        135        143        151        158        184       
591        47000      47000      161.90     29.62      0.1830     14.95      0.08       0.08       0.10       0          16.07      11         11         0          0          0.0252     2.0828     102        128        135        143        151        158        184       
592        47000      47000      161.91     30.29      0.1871     15.01      0.08       0.08       0.10       0          16.07      11         11         0          0          0.0252     2.0827     102        128        135        143        151        158        184       
593        47000      47000      161.90     29.86      0.1844     14.98      0.08       0.08       0.10       0          16.07      11         11         0          0          0.0252     2.0851     102        128        135        143        151        158        184       
594        47000      47000      161.90     29.59      0.1827     14.99      0.08       0.08       0.10       0          16.07      11         11         0          0          0.0252     2.0854     102        128        135        143        151        158        184       
595        47000      47000      161.90     30.36      0.1875     15.01      0.08       0.08       0.10       0          16.07      11         11         0          0          0.0252     2.0835     102        128        135        143        151        158        184       
596        47000      47000      161.91     29.56      0.1826     14.99      0.08       0.08       0.10       0          16.07      11         11         0          0          0.0252     2.0851     102        128        135        143        151        158        184       
597        47000      47000      161.91     29.05      0.1794     14.99      0.08       0.08       0.10       0          16.07      11         11         0          0          0.0252     2.0829     102        128        135        143        151        158        184       
598        47000      47000      161.90     29.48      0.1821     14.99      0.08       0.08       0.10       0          16.07      11         11         0          0          0.0252     2.0835     102        128        135        143        151        158        184       
599        47000      47000      161.90     29.66      0.1832     15.01      0.08       0.08       0.10       0          16.07      11         11         0          0          0.0252     2.0830     102        128        135        143        151        158        184       
600        47000      47000      161.90     29.16      0.1801     15.00      0.08       0.08       0.10       0          16.07      11         11         0          0          0.0252     2.0847     102        128        135        143        151        158        184       
601        47000      47000      161.91     29.81      0.1841     15.03      0.08       0.08       0.10       0          16.07      11         11         0          0          0.0252     2.0842     102        128        135        143        151        158        184       
602        47000      47000      161.90     29.19      0.1803     15.04      0.08       0.08       0.10       0          16.07      11         11         0          0          0.0252     2.0853     102        128        135        143        151        158        184       
603        47000      47000      161.91     30.14      0.1862     15.00      0.08       0.08       0.10       0          16.07      11         11         0          0          0.0252     2.0852     102        128        135        143        151        158        184       
604        47000      47000      161.91     28.94      0.1788     14.98      0.08       0.08       0.10       0          16.07      11         11         0          0          0.0252     2.0859     102        128        135        143        151        158        184       
605        47000      47000      161.91     29.19      0.1803     14.96      0.09       0.08       0.10       0          16.07      11         11         0          0          0.0252     2.0856     102        128        135        143        151        158        184       
606        47000      47000      161.90     29.63      0.1830     15.02      0.08       0.08       0.10       0          16.07      11         11         0          0          0.0252     2.0864     102        128        135        143        151        158        184       
607        47000      47000      161.90     29.73      0.1836     15.03      0.08       0.08       0.10       0          16.07      11         11         0          0          0.0252     2.0854     102        128        135        143        151        158        184       
608        47000      47000      161.91     29.86      0.1844     15.01      0.08       0.08       0.10       0          16.07      11         11         0          0          0.0252     2.0855     102        128        135        143        151        158        184       
609        47000      47000      161.91     29.09      0.1797     15.03      0.08       0.08       0.10       0          16.07      11         11         0          0          0.0252     2.0860     102        128        135        143        151        158        184       
610        47000      47000      161.91     29.78      0.1840     15.03      0.08       0.08       0.10       0          16.07      11         11         0          0          0.0252     2.0850     102        128        135        143        151        158        184       
611        47000      47000      161.91     30.07      0.1857     15.03      0.08       0.08       0.10       0          16.07      11         11         0          0          0.0252     2.0830     102        128        135        143        151        158        184       
612        47000      47000      161.91     30.22      0.1866     15.03      0.08       0.08       0.10       0          16.07      11         11         0          0          0.0252     2.0826     102        128        135        143        151        158        184       
613        47000      47000      161.91     29.75      0.1838     15.04      0.08       0.08       0.10       0          16.07      11         11         0          0          0.0252     2.0839     102        128        135        143        151        158        184       
614        47000      47000      161.90     30.08      0.1858     15.07      0.09       0.08       0.10       0          16.07      11         11         0          0          0.0252     2.0839     102        128        135        143        151        158        184       
615        47000      47000      161.90     30.25      0.1868     15.04      0.08       0.08       0.10       0          16.07      11         11         0          0          0.0252     2.0852     102        128        135        143        151        158        184       
616        47000      47000      161.90     30.17      0.1864     15.11      0.08       0.08       0.10       0          16.07      11         11         0          0          0.0252     2.0857     102        128        135        143        151        158        184       
617        47000      47000      161.90     29.62      0.1830     15.07      0.08       0.08       0.10       0          16.07      11         11         0          0          0.0252     2.0871     102        128        135        143        151        158        184       
618        47000      47000      161.90     29.69      0.1834     15.05      0.08       0.08       0.10       0          16.07      11         11         0          0          0.0252     2.0829     102        128        135        143        151        158        184       
619        47000      47000      161.91     29.20      0.1804     15.10      0.08       0.08       0.10       0          16.06      11         11         0          0          0.0252     2.0838     102        128        135        143        151        158        184       
620        47000      47000      161.90     29.35      0.1813     15.05      0.08       0.08       0.10       0          16.06      11         11         0          0          0.0252     2.0853     102        128        135        143        151        158        184       
621        47000      47000      161.91     29.78      0.1839     15.07      0.08       0.08       0.10       0          16.06      11         11         0          0          0.0252     2.0837     102        128        135        143        151        158        184       
622        47000      47000      161.90     29.26      0.1807     15.11      0.09       0.08       0.10       0          16.06      11         11         0          0          0.0252     2.0839     102        128        135        143        151        158        184       
623        47000      47000      161.91     29.56      0.1826     15.10      0.08       0.08       0.10       0          16.06      11         11         0          0          0.0252     2.0850     102        128        135        143        151        158        184       
624        47000      47000      161.90     28.73      0.1775     15.06      0.09       0.08       0.10       0          16.06      11         11         0          0          0.0252     2.0845     102        128        135        143        151        158        184       
625        47000      47000      161.91     29.65      0.1831     15.07      0.08       0.08       0.10       0          16.06      11         11         0          0          0.0252     2.0820     102        128        135        143        151        158        184       
626        47000      47000      161.91     29.93      0.1848     15.06      0.08       0.08       0.10       0          16.06      11         11         0          0          0.0252     2.0832     102        128        135        143        151        158        184       
627        47000      47000      161.91     29.73      0.1836     15.07      0.08       0.08       0.10       0          16.06      11         11         0          0          0.0252     2.0839     102        128        135        143        151        158        184       
628        47000      47000      161.91     29.42      0.1817     15.12      0.09       0.08       0.10       0          16.06      11         11         0          0          0.0252     2.0822     102        128        135        143        151        158        184       
629        47000      47000      161.90     29.00      0.1791     15.08      0.08       0.08       0.10       0          16.06      11         11         0          0          0.0252     2.0850     102        128        135        143        151        158        184       
630        47000      47000      161.90     30.00      0.1853     15.02      0.08       0.08       0.10       0          16.06      11         11         0          0          0.0252     2.0823     102        128        135        143        151        158        184       
631        47000      47000      161.91     29.77      0.1839     15.04      0.08       0.08       0.10       0          16.06      11         11         0          0          0.0252     2.0844     102        128        135        143        151        158        184       
632        47000      47000      161.91     29.82      0.1842     15.06      0.08       0.08       0.10       0          16.06      11         11         0          0          0.0252     2.0846     102        128        135        143        151        158        184       
633        47000      47000      161.91     29.23      0.1805     15.11      0.08       0.08       0.10       0          16.06      11         11         0          0          0.0252     2.0840     102        128        135        143        151        158        184       
634        47000      47000      161.91     29.66      0.1832     15.09      0.08       0.08       0.10       0          16.06      11         11         0          0          0.0252     2.0839     102        128        135        143        151        158        184       
635        47000      47000      161.91     30.05      0.1856     15.08      0.08       0.08       0.10       0          16.06      11         11         0          0          0.0252     2.0851     102        128        135        143        151        158        184       
636        47000      47000      161.91     29.46      0.1820     15.07      0.09       0.08       0.10       0          16.06      11         11         0          0          0.0252     2.0834     102        128        135        143        151        158        184       
637        47000      47000      161.91     30.01      0.1853     15.03      0.09       0.08       0.10       0          16.06      11         11         0          0          0.0252     2.0835     102        128        135        143        151        158        184       
638        47000      47000      161.91     29.85      0.1844     15.05      0.09       0.08       0.10       0          16.06      11         11         0          0          0.0252     2.0823     102        128        135        143        151        158        184       
639        47000      47000      161.91     30.04      0.1856     15.12      0.08       0.08       0.10       0          16.06      11         11         0          0          0.0252     2.0854     102        128        135        143        151        158        184       
640        47000      47000      161.91     29.40      0.1816     15.09      0.08       0.08       0.10       0          16.06      11         11         0          0          0.0252     2.0849     102        128        135        143        151        158        184       
641        47000      47000      161.91     29.32      0.1811     15.14      0.08       0.08       0.10       0          16.06      11         11         0          0          0.0252     2.0851     102        128        135        143        151        158        184       
642        47000      47000      161.91     29.62      0.1829     15.10      0.08       0.08       0.10       0          16.06      11         11         0          0          0.0252     2.0835     102        128        135        143        151        158        184       
643        47000      47000      161.90     30.74      0.1899     15.06      0.08       0.08       0.10       0          16.06      11         11         0          0          0.0252     2.0847     102        128        135        143        151        158        184       
644        47000      47000      161.90     30.07      0.1857     15.08      0.08       0.08       0.10       0          16.06      11         11         0          0          0.0252     2.0835     102        128        135        143        151        158        184       
645        47000      47000      161.90     30.13      0.1861     15.14      0.08       0.08       0.10       0          16.06      11         11         0          0          0.0252     2.0833     102        128        135        143        151        158        184       
646        47000      47000      161.91     30.47      0.1882     15.12      0.09       0.08       0.10       0          16.06      11         11         0          0          0.0252     2.0847     102        128        135        143        151        158        184       
647        47000      47000      161.90     30.12      0.1860     15.11      0.09       0.08       0.10       0          16.06      11         11         0          0          0.0252     2.0855     102        128        135        143        151        158        184       
648        47000      47000      161.91     29.05      0.1794     15.06      0.09       0.08       0.10       0          16.06      11         11         0          0          0.0252     2.0836     102        128        135        143        151        158        184       
649        47000      47000      161.90     29.60      0.1828     15.10      0.08       0.08       0.10       0          16.06      11         11         0          0          0.0252     2.0840     102        128        135        143        151        158        184       
650        47000      47000      161.90     29.18      0.1803     15.12      0.08       0.08       0.10       0          16.06      11         11         0          0          0.0252     2.0858     102        128        135        143        151        158        184       
651        47000      47000      161.90     30.29      0.1871     15.07      0.08       0.08       0.10       0          16.06      11         11         0          0          0.0252     2.0838     102        128        135        143        151        158        184       
652        47000      47000      161.91     29.98      0.1852     15.02      0.09       0.08       0.10       0          16.06      11         11         0          0          0.0252     2.0842     102        128        135        143        151        158        184       
653        47000      47000      161.91     29.22      0.1805     15.12      0.09       0.08       0.10       0          16.06      11         11         0          0          0.0252     2.0859     102        128        135        143        151        158        184       
654        47000      47000      161.90     29.27      0.1808     15.08      0.08       0.08       0.10       0          16.06      11         11         0          0          0.0252     2.0859     102        128        135        143        151        158        184       
655        47000      47000      161.90     29.30      0.1810     15.07      0.09       0.08       0.10       0          16.06      11         11         0          0          0.0252     2.0844     102        128        135        143        151        158        184       
656        47000      47000      161.91     29.44      0.1818     15.07      0.09       0.08       0.10       0          16.06      11         11         0          0          0.0252     2.0861     102        128        135        143        151        158        184       
657        47000      47000      161.91     30.31      0.1872     15.10      0.09       0.08       0.10       0          16.06      11         11         0          0          0.0252     2.0853     102        128        135        143        151        158        184       
658        47000      47000      161.91     30.02      0.1854     15.12      0.08       0.08       0.10       0          16.06      11         11         0          0          0.0252     2.0861     102        128        135        143        151        158        184       
659        47000      47000      161.91     29.38      0.1814     15.12      0.08       0.08       0.10       0          16.06      11         11         0          0          0.0252     2.0845     102        128        135        143        151        158        184       
660        47000      47000      161.90     29.48      0.1821     15.09      0.09       0.08       0.10       0          16.06      11         11         0          0          0.0252     2.0836     102        128        135        143        151        158        184       
661        47000      47000      161.91     30.26      0.1869     15.10      0.08       0.08       0.10       0          16.06      11         11         0          0          0.0252     2.0839     102        128        135        143        151        158        184       
662        47000      47000      161.91     28.79      0.1778     15.11      0.08       0.08       0.10       0          16.06      11         11         0          0          0.0252     2.0842     102        128        135        143        151        158        184       
663        47000      47000      161.90     30.05      0.1856     15.06      0.08       0.08       0.10       0          16.06      11         11         0          0          0.0252     2.0819     102        128        135        143        151        158        184       
664        47000      47000      161.90     29.34      0.1812     15.11      0.08       0.08       0.10       0          16.06      11         11         0          0          0.0252     2.0856     102        128        135        143        151        158        184       
665        47000      47000      161.90     30.23      0.1867     15.10      0.08       0.08       0.10       0          16.06      11         11         0          0          0.0252     2.0826     102        128        135        143        151        158        184       
666        47000      47000      161.90     30.63      0.1892     15.02      0.08       0.08       0.10       0          16.06      11         11         0          0          0.0252     2.0833     102        128        135        143        151        158        184       
667        47000      47000      161.91     28.84      0.1781     15.07      0.09       0.08       0.10       0          16.06      11         11         0          0          0.0252     2.0828     102        128        135        143        151        158        184       
668        47000      47000      161.91     29.99      0.1852     15.12      0.09       0.08       0.10       0          16.06      11         11         0          0          0.0252     2.0859     102        128        135        143        151        158        184       
669        47000      47000      161.91     29.93      0.1848     15.12      0.08       0.08       0.10       0          16.06      11         11         0          0          0.0252     2.0825     102        128        135        143        151        158        184       
670        47000      47000      161.91     29.08      0.1796     15.14      0.08       0.08       0.10       0          16.06      11         11         0          0          0.0252     2.0830     102        128        135        143        151        158        184       
671        47000      47000      161.91     29.32      0.1811     15.14      0.08       0.08       0.10       0          16.06      11         11         0          0          0.0252     2.0845     102        128        135        143        151        158        184       
672        47000      47000      161.90     30.25      0.1868     15.14      0.08       0.08       0.10       0          16.06      11         11         0          0          0.0252     2.0860     102        128        135        143        151        158        184       
673        47000      47000      161.90     29.72      0.1835     15.19      0.08       0.08       0.10       0          16.06      11         11         0          0          0.0252     2.0828     102        128        135        143        151        158        184       
674        47000      47000      161.91     30.14      0.1861     15.09      0.09       0.08       0.10       0          16.06      11         11         0          0          0.0252     2.0839     102        128        135        143        151        158        184       
675        47000      47000      161.90     30.47      0.1882     15.11      0.09       0.08       0.10       0          16.06      11         11         0          0          0.0252     2.0839     102        128        135        143        151        158        184       
676        47000      47000      161.90     29.84      0.1843     15.14      0.08       0.08       0.10       0          16.06      11         11         0          0          0.0252     2.0852     102        128        135        143        151        158        184       
677        47000      47000      161.91     29.71      0.1835     15.12      0.09       0.08       0.10       0          16.06      11         11         0          0          0.0252     2.0853     102        128        135        143        151        158        184       
678        47000      47000      161.90     30.13      0.1861     15.15      0.09       0.08       0.10       0          16.06      11         11         0          0          0.0252     2.0850     102        128        135        143        151        158        184       
679        47000      47000      161.91     29.28      0.1808     15.14      0.09       0.08       0.10       0          16.06      11         11         0          0          0.0252     2.0834     102        128        135        143        151        158        184       
680        47000      47000      161.90     29.95      0.1850     15.13      0.09       0.08       0.10       0          16.06      11         11         0          0          0.0252     2.0817     102        128        135        143        151        158        184       
681        47000      47000      161.91     30.04      0.1855     15.14      0.09       0.08       0.10       0          16.06      11         11         0          0          0.0252     2.0856     102        128        135        143        151        158        184       
682        47000      47000      161.91     29.91      0.1848     15.16      0.08       0.08       0.10       0          16.06      11         11         0          0          0.0252     2.0846     102        128        135        143        151        158        184       
683        47000      47000      161.91     29.32      0.1811     15.13      0.09       0.08       0.10       0          16.06      11         11         0          0          0.0252     2.0856     102        128        135        143        151        158        184       
684        47000      47000      161.90     30.58      0.1889     15.19      0.08       0.08       0.10       0          16.06      11         11         0          0          0.0252     2.0850     102        128        135        143        151        158        184       
685        47000      47000      161.91     29.57      0.1826     15.18      0.08       0.08       0.10       0          16.06      11         11         0          0          0.0252     2.0847     102        128        135        143        151        158        184       
686        47000      47000      161.90     30.41      0.1879     15.14      0.08       0.08       0.10       0          16.06      11         11         0          0          0.0252     2.0865     102        128        135        143        151        158        184       
687        47000      47000      161.90     29.64      0.1830     15.20      0.08       0.08       0.10       0          16.06      11         11         0          0          0.0252     2.0859     102        128        135        143        151        158        184       
688        47000      47000      161.90     29.94      0.1850     15.16      0.08       0.08       0.10       0          16.06      11         11         0          0          0.0252     2.0848     102        128        135        143        151        158        184       
689        47000      47000      161.90     30.62      0.1891     15.20      0.09       0.08       0.10       0          16.06      11         11         0          0          0.0252     2.0840     102        128        135        143        151        158        184       
690        47000      47000      161.91     30.02      0.1854     15.21      0.09       0.08       0.10       0          16.06      11         11         0          0          0.0252     2.0844     102        128        135        143        151        158        184       
691        47000      47000      161.90     30.63      0.1892     15.24      0.09       0.09       0.10       0          16.06      11         11         0          0          0.0252     2.0865     102        128        135        143        151        158        184       
692        47000      47000      161.91     30.40      0.1877     15.20      0.09       0.08       0.10       0          16.06      11         11         0          0          0.0252     2.0845     102        128        135        143        151        158        184       
693        47000      47000      161.91     29.16      0.1801     15.20      0.09       0.08       0.10       0          16.06      11         11         0          0          0.0252     2.0840     102        128        135        143        151        158        184       
694        47000      47000      161.90     30.18      0.1864     15.23      0.09       0.08       0.10       0          16.06      11         11         0          0          0.0252     2.0865     102        128        135        143        151        158        184       
695        47000      47000      161.91     29.48      0.1821     15.19      0.08       0.08       0.10       0          16.06      11         11         0          0          0.0252     2.0841     102        128        135        143        151        158        184       
696        47000      47000      161.91     29.74      0.1837     15.20      0.09       0.08       0.10       0          16.06      11         11         0          0          0.0252     2.0856     102        128        135        143        151        158        184       
697        47000      47000      161.90     30.24      0.1868     15.22      0.09       0.09       0.10       0          16.06      11         11         0          0          0.0252     2.0840     102        128        135        143        151        158        184       
698        47000      47000      161.90     30.02      0.1854     15.24      0.09       0.09       0.10       0          16.06      11         11         0          0          0.0252     2.0862     102        128        135        143        151        158        184       
699        47000      47000      161.90     30.03      0.1855     15.20      0.09       0.08       0.10       0          16.06      11         11         0          0          0.0252     2.0825     102        128        135        143        151        158        184       
700        47000      47000      161.90     29.94      0.1849     15.25      0.09       0.09       0.10       0          16.06      11         11         0          0          0.0252     2.0843     102        128        135        143        151        158        184       
701        47000      47000      161.90     29.56      0.1826     15.26      0.08       0.09       0.10       0          16.06      11         11         0          0          0.0252     2.0837     102        128        135        143        151        158        184       
702        47000      47000      161.90     31.03      0.1916     15.23      0.09       0.08       0.10       0          16.06      11         11         0          0          0.0252     2.0846     102        128        135        143        151        158        184       
703        47000      47000      161.90     29.47      0.1820     15.22      0.09       0.08       0.10       0          16.06      11         11         0          0          0.0252     2.0848     102        128        135        143        151        158        184       
704        47000      47000      161.90     29.40      0.1816     15.21      0.08       0.08       0.10       0          16.06      11         11         0          0          0.0252     2.0848     102        128        135        143        151        158        184       
705        47000      47000      161.90     30.09      0.1858     15.21      0.09       0.09       0.10       0          16.06      11         11         0          0          0.0252     2.0834     102        128        135        143        151        158        184       
706        47000      47000      161.91     30.59      0.1889     15.19      0.09       0.09       0.10       0          16.06      11         11         0          0          0.0252     2.0837     102        128        135        143        151        158        184       
707        47000      47000      161.90     30.02      0.1854     15.24      0.09       0.09       0.10       0          16.06      11         11         0          0          0.0252     2.0833     102        128        135        143        151        158        184       
708        47000      47000      161.90     29.11      0.1798     15.22      0.09       0.09       0.10       0          16.06      11         11         0          0          0.0252     2.0817     102        128        135        143        151        158        184       
709        47000      47000      161.91     30.23      0.1867     15.22      0.08       0.09       0.10       0          16.06      11         11         0          0          0.0252     2.0832     102        128        135        143        151        158        184       
710        47000      47000      161.91     29.85      0.1844     15.16      0.08       0.08       0.10       0          16.06      11         11         0          0          0.0252     2.0831     102        128        135        143        151        158        184       
711        47000      47000      161.91     29.37      0.1814     15.17      0.09       0.08       0.10       0          16.06      11         11         0          0          0.0252     2.0823     102        128        135        143        151        158        184       
712        47000      47000      161.90     30.52      0.1885     15.22      0.08       0.09       0.10       0          16.06      11         11         0          0          0.0252     2.0862     102        128        135        143        151        158        184       
713        47000      47000      161.90     29.94      0.1849     15.19      0.09       0.08       0.10       0          16.06      11         11         0          0          0.0252     2.0835     102        128        135        143        151        158        184       
714        47000      47000      161.91     29.24      0.1806     15.18      0.09       0.08       0.10       0          16.06      11         11         0          0          0.0252     2.0842     102        128        135        143        151        158        184       
715        47000      47000      161.90     30.46      0.1881     15.17      0.09       0.08       0.10       0          16.06      11         11         0          0          0.0252     2.0831     102        128        135        143        151        158        184       
716        47000      47000      161.91     29.59      0.1827     15.18      0.09       0.08       0.10       0          16.06      11         11         0          0          0.0252     2.0837     102        128        135        143        151        158        184       
717        47000      47000      161.91     30.45      0.1880     15.21      0.09       0.08       0.10       0          16.06      11         11         0          0          0.0252     2.0850     102        128        135        143        151        158        184       
718        47000      47000      161.91     29.15      0.1800     15.22      0.09       0.09       0.10       0          16.06      11         11         0          0          0.0252     2.0830     102        128        135        143        151        158        184       
719        47000      47000      161.91     29.62      0.1830     15.19      0.09       0.08       0.10       0          16.06      11         11         0          0          0.0252     2.0828     102        128        135        143        151        158        184       
720        47000      47000      161.90     29.13      0.1799     15.15      0.09       0.08       0.10       0          16.06      11         11         0          0          0.0252     2.0862     102        128        135        143        151        158        184       
721        47000      47000      161.90     30.03      0.1855     15.16      0.08       0.08       0.10       0          16.06      11         11         0          0          0.0252     2.0853     102        128        135        143        151        158        184       
722        47000      47000      161.91     29.81      0.1841     15.20      0.09       0.08       0.10       0          16.06      11         11         0          0          0.0252     2.0857     102        128        135        143        151        158        184       
723        47000      47000      161.90     30.11      0.1859     15.21      0.09       0.08       0.10       0          16.06      11         11         0          0          0.0252     2.0826     102        128        135        143        151        158        184       
724        47000      47000      161.91     30.27      0.1870     15.17      0.08       0.08       0.10       0          16.06      11         11         0          0          0.0252     2.0822     102        128        135        143        151        158        184       
725        47000      47000      161.90     29.42      0.1817     15.20      0.08       0.09       0.10       0          16.06      11         11         0          0          0.0252     2.0828     102        128        135        143        151        158        184       
726        47000      47000      161.90     29.57      0.1826     15.19      0.08       0.08       0.10       0          16.06      11         11         0          0          0.0252     2.0859     102        128        135        143        151        158        184       
727        47000      47000      161.91     29.32      0.1811     15.19      0.08       0.09       0.10       0          16.06      11         11         0          0          0.0252     2.0841     102        128        135        143        151        158        184       
728        47000      47000      161.91     29.29      0.1809     15.19      0.08       0.08       0.10       0          16.06      11         11         0          0          0.0252     2.0823     102        128        135        143        151        158        184       
729        47000      47000      161.91     29.57      0.1826     15.21      0.09       0.08       0.10       0          16.06      11         11         0          0          0.0252     2.0827     102        128        135        143        151        158        184       
730        47000      47000      161.91     29.61      0.1829     15.20      0.09       0.09       0.10       0          16.06      11         11         0          0          0.0252     2.0846     102        128        135        143        151        158        184       
731        47000      47000      161.90     29.97      0.1851     15.21      0.09       0.09       0.10       0          16.06      11         11         0          0          0.0252     2.0850     102        128        135        143        151        158        184       
732        47000      47000      161.90     29.96      0.1850     15.22      0.09       0.08       0.10       0          16.06      11         11         0          0          0.0252     2.0841     102        128        135        143        151        158        184       
733        47000      47000      161.90     29.58      0.1827     15.21      0.09       0.08       0.10       0          16.06      11         11         0          0          0.0252     2.0846     102        128        135        143        151        158        184       
734        47000      47000      161.91     29.98      0.1852     15.16      0.08       0.08       0.10       0          16.05      11         11         0          0          0.0252     2.0849     102        128        135        143        151        158        184       
735        47000      47000      161.90     29.33      0.1812     15.21      0.09       0.08       0.10       0          16.05      11         11         0          0          0.0252     2.0835     102        128        135        143        151        158        184       
736        47000      47000      161.91     30.12      0.1860     15.21      0.09       0.09       0.10       0          16.05      11         11         0          0          0.0252     2.0854     102        128        135        143        151        158        184       
737        47000      47000      161.91     29.77      0.1839     15.23      0.09       0.09       0.10       0          16.05      11         11         0          0          0.0252     2.0840     102        128        135        143        151        158        184       
738        47000      47000      161.90     30.60      0.1890     15.17      0.08       0.08       0.10       0          16.05      11         11         0          0          0.0252     2.0843     102        128        135        143        151        158        184       
739        47000      47000      161.90     30.50      0.1884     15.25      0.09       0.09       0.10       0          16.05      11         11         0          0          0.0252     2.0841     102        128        135        143        151        158        184       
740        47000      47000      161.90     29.99      0.1852     15.28      0.09       0.09       0.10       0          16.05      11         11         0          0          0.0252     2.0854     102        128        135        143        151        158        184       
741        47000      47000      161.91     29.72      0.1836     15.25      0.08       0.09       0.10       0          16.05      11         11         0          0          0.0252     2.0834     102        128        135        143        151        158        184       
742        47000      47000      161.90     30.95      0.1911     15.26      0.09       0.09       0.10       0          16.05      11         11         0          0          0.0252     2.0837     102        128        135        143        151        158        184       
743        47000      47000      161.92     30.53      0.1885     15.27      0.09       0.09       0.10       0          16.05      11         11         0          0          0.0252     2.0847     102        128        135        143        151        158        184       
744        47000      47000      161.90     30.39      0.1877     15.28      0.08       0.09       0.10       0          16.05      11         11         0          0          0.0252     2.0828     102        128        135        143        151        158        184       
745        47000      47000      161.91     30.05      0.1856     15.30      0.09       0.09       0.10       0          16.05      11         11         0          0          0.0252     2.0841     102        128        135        143        151        158        184       
746        47000      47000      161.90     29.94      0.1849     15.26      0.09       0.09       0.10       0          16.05      11         11         0          0          0.0252     2.0853     102        128        135        143        151        158        184       
747        47000      47000      161.91     29.88      0.1846     15.23      0.09       0.09       0.10       0          16.05      11         11         0          0          0.0252     2.0836     102        128        135        143        151        158        184       
748        47000      47000      161.91     30.31      0.1872     15.26      0.09       0.09       0.10       0          16.05      11         11         0          0          0.0252     2.0836     102        128        135        143        151        158        184       
749        47000      47000      161.91     30.24      0.1868     15.31      0.09       0.09       0.10       0          16.05      11         11         0          0          0.0252     2.0852     102        128        135        143        151        158        184       
750        47000      47000      161.91     29.29      0.1809     15.28      0.09       0.09       0.10       0          16.05      11         11         0          0          0.0252     2.0830     102        128        135        143        151        158        184       
751        47000      47000      161.90     30.29      0.1871     15.24      0.08       0.09       0.10       0          16.05      11         11         0          0          0.0252     2.0844     102        128        135        143        151        158        184       
752        47000      47000      161.90     29.48      0.1821     15.20      0.09       0.09       0.10       0          16.05      11         11         0          0          0.0252     2.0859     102        128        135        143        151        158        184       
753        47000      47000      161.91     30.38      0.1877     15.24      0.09       0.09       0.10       0          16.05      11         11         0          0          0.0252     2.0857     102        128        135        143        151        158        184       
754        47000      47000      161.90     29.97      0.1851     15.24      0.09       0.09       0.10       0          16.05      11         11         0          0          0.0252     2.0849     102        128        135        143        151        158        184       
755        47000      47000      161.91     30.25      0.1868     15.23      0.09       0.09       0.10       0          16.05      11         11         0          0          0.0252     2.0827     102        128        135        143        151        158        184       
756        47000      47000      161.90     29.58      0.1827     15.21      0.09       0.08       0.10       0          16.05      11         11         0          0          0.0252     2.0862     102        128        135        143        151        158        184       
757        47000      47000      161.90     29.13      0.1799     15.25      0.09       0.09       0.10       0          16.05      11         11         0          0          0.0252     2.0847     102        128        135        143        151        158        184       
758        47000      47000      161.91     29.97      0.1851     15.24      0.09       0.09       0.10       0          16.05      11         11         0          0          0.0252     2.0829     102        128        135        143        151        158        184       
759        47000      47000      161.90     30.23      0.1867     15.24      0.09       0.09       0.10       0          16.05      11         11         0          0          0.0252     2.0831     102        128        135        143        151        158        184       
760        47000      47000      161.91     30.14      0.1861     15.23      0.09       0.09       0.10       0          16.05      11         11         0          0          0.0252     2.0840     102        128        135        143        151        158        184       
761        47000      47000      161.91     29.33      0.1811     15.24      0.09       0.09       0.10       0          16.05      11         11         0          0          0.0252     2.0838     102        128        135        143        151        158        184       
762        47000      47000      161.90     30.60      0.1890     15.21      0.09       0.09       0.10       0          16.05      11         11         0          0          0.0252     2.0843     102        128        135        143        151        158        184       
763        47000      47000      161.90     30.01      0.1854     15.23      0.08       0.09       0.10       0          16.05      11         11         0          0          0.0252     2.0823     102        128        135        143        151        158        184       
764        47000      47000      161.91     29.82      0.1842     15.24      0.09       0.09       0.10       0          16.05      11         11         0          0          0.0252     2.0835     102        128        135        143        151        158        184       
765        47000      47000      161.90     29.70      0.1834     15.23      0.09       0.09       0.10       0          16.05      11         11         0          0          0.0252     2.0844     102        128        135        143        151        158        184       
766        47000      47000      161.91     30.27      0.1870     15.24      0.09       0.09       0.10       0          16.05      11         11         0          0          0.0252     2.0850     102        128        135        143        151        158        184       
767        47000      47000      161.91     29.96      0.1850     15.22      0.09       0.09       0.10       0          16.05      11         11         0          0          0.0252     2.0849     102        128        135        143        151        158        184       
768        47000      47000      161.90     29.06      0.1795     15.26      0.09       0.09       0.10       0          16.05      11         11         0          0          0.0252     2.0865     102        128        135        143        151        158        184       
769        47000      47000      161.91     29.11      0.1798     15.27      0.09       0.09       0.10       0          16.05      11         11         0          0          0.0252     2.0835     102        128        135        143        151        158        184       
770        47000      47000      161.90     30.05      0.1856     15.27      0.09       0.09       0.10       0          16.05      11         11         0          0          0.0252     2.0857     102        128        135        143        151        158        184       
771        47000      47000      161.90     30.40      0.1878     15.26      0.09       0.09       0.10       0          16.05      11         11         0          0          0.0252     2.0847     102        128        135        143        151        158        184       
772        47000      47000      161.90     29.53      0.1824     15.25      0.09       0.09       0.10       0          16.05      11         11         0          0          0.0252     2.0837     102        128        135        143        151        158        184       
773        47000      47000      161.90     30.34      0.1874     15.25      0.09       0.09       0.10       0          16.05      11         11         0          0          0.0252     2.0832     102        128        135        143        151        158        184       
774        47000      47000      161.90     29.45      0.1819     15.25      0.09       0.09       0.10       0          16.05      11         11         0          0          0.0252     2.0846     102        128        135        143        151        158        184       
775        47000      47000      161.90     30.70      0.1896     15.22      0.08       0.09       0.10       0          16.05      11         11         0          0          0.0252     2.0836     102        128        135        143        151        158        184       
776        47000      47000      161.91     30.09      0.1858     15.30      0.09       0.09       0.10       0          16.05      11         11         0          0          0.0252     2.0818     102        128        135        143        151        158        184       
777        47000      47000      161.91     30.32      0.1873     15.31      0.09       0.09       0.10       0          16.05      11         11         0          0          0.0252     2.0858     102        128        135        143        151        158        184       
778        47000      47000      161.90     30.85      0.1905     15.32      0.09       0.09       0.10       0          16.05      11         11         0          0          0.0252     2.0835     102        128        135        143        151        158        184       
779        47000      47000      161.91     30.35      0.1875     15.34      0.09       0.09       0.10       0          16.05      11         11         0          0          0.0252     2.0851     102        128        135        143        151        158        184       
780        47000      47000      161.91     30.87      0.1907     15.30      0.09       0.09       0.10       0          16.05      11         11         0          0          0.0252     2.0834     102        128        135        143        151        158        184       
781        47000      47000      161.90     30.51      0.1885     15.31      0.09       0.09       0.10       0          16.05      11         11         0          0          0.0252     2.0844     102        128        135        143        151        158        184       
782        47000      47000      161.91     30.01      0.1853     15.33      0.09       0.09       0.10       0          16.05      11         11         0          0          0.0252     2.0851     102        128        135        143        151        158        184       
783        47000      47000      161.90     30.00      0.1853     15.35      0.09       0.09       0.10       0          16.05      11         11         0          0          0.0252     2.0842     102        128        135        143        151        158        184       
784        47000      47000      161.90     30.61      0.1891     15.32      0.09       0.09       0.10       0          16.05      11         11         0          0          0.0252     2.0827     102        128        135        143        151        158        184       
785        47000      47000      161.91     29.79      0.1840     15.34      0.09       0.09       0.10       0          16.05      11         11         0          0          0.0252     2.0832     102        128        135        143        151        158        184       
786        47000      47000      161.91     30.36      0.1875     15.33      0.09       0.09       0.10       0          16.05      11         11         0          0          0.0252     2.0849     102        128        135        143        151        158        184       
787        47000      47000      161.90     30.21      0.1866     15.29      0.09       0.09       0.10       0          16.05      11         11         0          0          0.0252     2.0842     102        128        135        143        151        158        184       
788        47000      47000      161.90     29.68      0.1833     15.29      0.09       0.09       0.10       0          16.05      11         11         0          0          0.0252     2.0859     102        128        135        143        151        158        184       
789        47000      47000      161.90     30.19      0.1865     15.30      0.09       0.09       0.10       0          16.05      11         11         0          0          0.0252     2.0841     102        128        135        143        151        158        184       
790        47000      47000      161.91     29.94      0.1849     15.21      0.08       0.09       0.10       0          16.05      11         11         0          0          0.0252     2.0856     102        128        135        143        151        158        184       
791        47000      47000      161.91     29.81      0.1841     15.28      0.08       0.09       0.10       0          16.05      11         11         0          0          0.0252     2.0842     102        128        135        143        151        158        184       
792        47000      47000      161.90     29.95      0.1850     15.28      0.09       0.09       0.10       0          16.05      11         11         0          0          0.0252     2.0847     102        128        135        143        151        158        184       
793        47000      47000      161.90     29.93      0.1849     15.26      0.09       0.09       0.10       0          16.05      11         11         0          0          0.0252     2.0863     102        128        135        143        151        158        184       
794        47000      47000      161.91     29.66      0.1832     15.28      0.09       0.09       0.10       0          16.05      11         11         0          0          0.0252     2.0843     102        128        135        143        151        158        184       
795        47000      47000      161.91     30.02      0.1854     15.23      0.08       0.09       0.10       0          16.05      11         11         0          0          0.0252     2.0837     102        128        135        143        151        158        184       
796        47000      47000      161.90     29.79      0.1840     15.26      0.09       0.09       0.10       0          16.05      11         11         0          0          0.0252     2.0863     102        128        135        143        151        158        184       
797        47000      47000      161.91     30.44      0.1880     15.27      0.08       0.09       0.10       0          16.05      11         11         0          0          0.0252     2.0863     102        128        135        143        151        158        184       
798        47000      47000      161.90     29.90      0.1846     15.28      0.09       0.09       0.10       0          16.05      11         11         0          0          0.0252     2.0819     102        128        135        143        151        158        184       
799        47000      47000      161.90     30.23      0.1867     15.28      0.09       0.09       0.10       0          16.05      11         11         0          0          0.0252     2.0845     102        128        135        143        151        158        184       
800        47000      47000      161.91     29.10      0.1797     15.25      0.09       0.09       0.10       0          16.05      11         11         0          0          0.0252     2.0843     102        128        135        143        151        158        184       
801        47000      47000      161.90     30.62      0.1891     15.27      0.09       0.09       0.10       0          16.05      11         11         0          0          0.0252     2.0848     102        128        135        143        151        158        184       
802        47000      47000      161.91     30.64      0.1892     15.26      0.09       0.09       0.10       0          16.05      11         11         0          0          0.0252     2.0843     102        128        135        143        151        158        184       
803        47000      47000      161.90     29.72      0.1835     15.27      0.09       0.09       0.10       0          16.05      11         11         0          0          0.0252     2.0877     102        128        135        143        151        158        184       
804        47000      47000      161.91     30.53      0.1886     15.29      0.09       0.09       0.10       0          16.05      11         11         0          0          0.0252     2.0846     102        128        135        143        151        158        184       
805        47000      47000      161.90     29.99      0.1852     15.28      0.08       0.09       0.10       0          16.05      11         11         0          0          0.0252     2.0837     102        128        135        143        151        158        184       
806        47000      47000      161.91     29.75      0.1838     15.29      0.09       0.09       0.10       0          16.05      11         11         0          0          0.0252     2.0830     102        128        135        143        151        158        184       
807        47000      47000      161.91     30.61      0.1890     15.32      0.09       0.09       0.10       0          16.05      11         11         0          0          0.0252     2.0861     102        128        135        143        151        158        184       
808        47000      47000      161.90     29.90      0.1847     15.30      0.09       0.09       0.10       0          16.05      11         11         0          0          0.0252     2.0859     102        128        135        143        151        158        184       
809        47000      47000      161.91     30.22      0.1866     15.29      0.09       0.09       0.10       0          16.05      11         11         0          0          0.0252     2.0845     102        128        135        143        151        158        184       
810        47000      47000      161.90     30.15      0.1862     15.38      0.09       0.09       0.10       0          16.05      11         11         0          0          0.0252     2.0829     102        128        135        143        151        158        184       
811        47000      47000      161.91     29.78      0.1839     15.32      0.09       0.09       0.10       0          16.05      11         11         0          0          0.0252     2.0840     102        128        135        143        151        158        184       
812        47000      47000      161.90     31.09      0.1920     15.26      0.09       0.09       0.10       0          16.05      11         11         0          0          0.0252     2.0843     102        128        135        143        151        158        184       
813        47000      47000      161.90     29.91      0.1847     15.31      0.09       0.09       0.10       0          16.05      11         11         0          0          0.0252     2.0851     102        128        135        143        151        158        184       
814        47000      47000      161.91     30.11      0.1860     15.26      0.09       0.09       0.10       0          16.05      11         11         0          0          0.0252     2.0862     102        128        135        143        151        158        184       
815        47000      47000      161.91     30.45      0.1881     15.32      0.09       0.09       0.10       0          16.05      11         11         0          0          0.0252     2.0844     102        128        135        143        151        158        184       
816        47000      47000      161.90     29.79      0.1840     15.30      0.09       0.09       0.10       0          16.05      11         11         0          0          0.0252     2.0860     102        128        135        143        151        158        184       
817        47000      47000      161.90     30.08      0.1858     15.33      0.09       0.09       0.10       0          16.05      11         11         0          0          0.0252     2.0827     102        128        135        143        151        158        184       
818        47000      47000      161.90     30.93      0.1911     15.34      0.09       0.09       0.10       0          16.05      11         11         0          0          0.0252     2.0844     102        128        135        143        151        158        184       
819        47000      47000      161.91     30.47      0.1882     15.32      0.09       0.09       0.10       0          16.05      11         11         0          0          0.0252     2.0844     102        128        135        143        151        158        184       
820        47000      47000      161.91     31.34      0.1936     15.33      0.09       0.09       0.10       0          16.05      11         11         0          0          0.0252     2.0839     102        128        135        143        151        158        184       
821        47000      47000      161.91     30.12      0.1861     15.40      0.09       0.09       0.10       0          16.05      11         11         0          0          0.0252     2.0844     102        128        135        143        151        158        184       
822        47000      47000      161.90     30.32      0.1873     15.37      0.09       0.09       0.10       0          16.05      11         11         0          0          0.0252     2.0834     102        128        135        143        151        158        184       
823        47000      47000      161.91     30.37      0.1876     15.37      0.09       0.09       0.10       0          16.05      11         11         0          0          0.0252     2.0842     102        128        135        143        151        158        184       
824        47000      47000      161.90     30.04      0.1855     15.35      0.09       0.09       0.10       0          16.05      11         11         0          0          0.0252     2.0846     102        128        135        143        151        158        184       
825        47000      47000      161.90     29.66      0.1832     15.34      0.09       0.09       0.10       0          16.05      11         11         0          0          0.0252     2.0825     102        128        135        143        151        158        184       
826        47000      47000      161.91     30.21      0.1866     15.33      0.09       0.09       0.10       0          16.05      11         11         0          0          0.0252     2.0824     102        128        135        143        151        158        184       
827        47000      47000      161.91     30.24      0.1868     15.35      0.09       0.09       0.10       0          16.05      11         11         0          0          0.0252     2.0840     102        128        135        143        151        158        184       
828        47000      47000      161.91     30.26      0.1869     15.36      0.09       0.09       0.10       0          16.05      11         11         0          0          0.0252     2.0850     102        128        135        143        151        158        184       
829        47000      47000      161.90     29.86      0.1844     15.38      0.09       0.09       0.10       0          16.05      11         11         0          0          0.0252     2.0855     102        128        135        143        151        158        184       
830        47000      47000      161.90     30.30      0.1871     15.33      0.09       0.09       0.10       0          16.05      11         11         0          0          0.0252     2.0854     102        128        135        143        151        158        184       
831        47000      47000      161.90     29.86      0.1844     15.35      0.09       0.09       0.10       0          16.05      11         11         0          0          0.0252     2.0845     102        128        135        143        151        158        185       
832        47000      47000      161.90     30.46      0.1882     15.33      0.08       0.09       0.10       0          16.05      11         11         0          0          0.0252     2.0833     102        128        135        143        151        158        185       
833        47000      47000      161.91     30.26      0.1869     15.28      0.09       0.09       0.10       0          16.05      11         11         0          0          0.0252     2.0852     102        128        135        143        151        158        185       
834        47000      47000      161.90     29.73      0.1836     15.30      0.09       0.09       0.10       0          16.05      11         11         0          0          0.0252     2.0868     102        128        135        143        151        158        185       
835        47000      47000      161.90     29.34      0.1812     15.31      0.09       0.09       0.10       0          16.05      11         11         0          0          0.0252     2.0827     102        128        135        143        151        158        185       
836        47000      47000      161.90     30.52      0.1885     15.34      0.09       0.09       0.10       0          16.05      11         11         0          0          0.0252     2.0847     102        128        135        143        151        158        185       
837        47000      47000      161.90     30.01      0.1853     15.28      0.09       0.09       0.10       0          16.05      11         11         0          0          0.0252     2.0851     102        128        135        143        151        158        185       
838        47000      47000      161.90     30.71      0.1897     15.35      0.09       0.09       0.10       0          16.05      11         11         0          0          0.0252     2.0853     102        128        135        143        151        158        185       
839        47000      47000      161.91     29.74      0.1837     15.34      0.08       0.09       0.10       0          16.05      11         11         0          0          0.0252     2.0846     102        128        135        143        151        158        185       
840        47000      47000      161.90     29.66      0.1832     15.38      0.09       0.09       0.10       0          16.05      11         11         0          0          0.0252     2.0846     102        128        135        143        151        158        185       
841        47000      47000      161.90     30.30      0.1871     15.35      0.08       0.09       0.10       0          16.05      11         11         0          0          0.0252     2.0851     102        128        135        143        151        158        185       
842        47000      47000      161.91     30.03      0.1855     15.38      0.09       0.09       0.10       0          16.05      11         11         0          0          0.0252     2.0834     102        128        135        143        151        158        185       
843        47000      47000      161.90     30.40      0.1878     15.38      0.09       0.09       0.10       0          16.05      11         11         0          0          0.0252     2.0865     102        128        135        143        151        158        185       
844        47000      47000      161.90     29.99      0.1852     15.32      0.08       0.09       0.10       0          16.05      11         11         0          0          0.0252     2.0833     102        128        135        143        151        158        185       
845        47000      47000      161.90     30.29      0.1871     15.36      0.09       0.09       0.10       0          16.05      11         11         0          0          0.0252     2.0850     102        128        135        143        151        158        185       
846        47000      47000      161.90     30.40      0.1878     15.36      0.09       0.09       0.10       0          16.05      11         11         0          0          0.0252     2.0835     102        128        135        143        151        158        185       
847        47000      47000      161.90     30.20      0.1865     15.32      0.09       0.09       0.10       0          16.05      11         11         0          0          0.0252     2.0877     102        128        135        143        151        158        185       
848        47000      47000      161.91     30.16      0.1862     15.34      0.09       0.09       0.10       0          16.05      11         11         0          0          0.0252     2.0823     102        128        135        143        151        158        185       
849        47000      47000      161.91     29.79      0.1840     15.30      0.09       0.09       0.10       0          16.05      11         11         0          0          0.0252     2.0829     102        128        135        143        151        158        185       
850        47000      47000      161.90     29.87      0.1845     15.33      0.09       0.09       0.10       0          16.05      11         11         0          0          0.0252     2.0821     102        128        135        143        151        158        185       
851        47000      47000      161.90     29.28      0.1808     15.37      0.09       0.09       0.10       0          16.05      11         11         0          0          0.0252     2.0854     102        128        135        143        151        158        185       
852        47000      47000      161.90     29.68      0.1833     15.38      0.09       0.09       0.10       0          16.05      11         11         0          0          0.0252     2.0849     102        128        135        143        151        158        185       
853        47000      47000      161.90     30.62      0.1891     15.32      0.09       0.09       0.10       0          16.05      11         11         0          0          0.0252     2.0863     102        128        135        143        151        158        185       
854        47000      47000      161.90     30.78      0.1901     15.36      0.09       0.09       0.10       0          16.05      11         11         0          0          0.0252     2.0840     102        128        135        143        151        158        185       
855        47000      47000      161.90     29.86      0.1844     15.34      0.09       0.09       0.10       0          16.05      11         11         0          0          0.0252     2.0831     102        128        135        143        151        158        185       
856        47000      47000      161.90     29.58      0.1827     15.33      0.08       0.09       0.10       0          16.05      11         11         0          0          0.0252     2.0860     102        128        135        143        151        158        185       
857        47000      47000      161.90     29.39      0.1815     15.33      0.09       0.09       0.10       0          16.05      11         11         0          0          0.0252     2.0844     102        128        135        143        151        158        185       
858        47000      47000      161.91     29.10      0.1797     15.37      0.09       0.09       0.10       0          16.05      11         11         0          0          0.0252     2.0862     102        128        135        143        151        158        185       
859        47000      47000      161.91     30.65      0.1893     15.34      0.09       0.09       0.10       0          16.05      11         11         0          0          0.0252     2.0840     102        128        135        143        151        158        185       
860        47000      47000      161.91     30.68      0.1895     15.35      0.08       0.09       0.10       0          16.05      11         11         0          0          0.0252     2.0849     102        128        135        143        151        158        185       
861        47000      47000      161.90     30.00      0.1853     15.37      0.09       0.09       0.10       0          16.05      11         11         0          0          0.0252     2.0836     102        128        135        143        151        158        185       
862        47000      47000      161.90     30.57      0.1888     15.39      0.09       0.09       0.10       0          16.05      11         11         0          0          0.0252     2.0846     102        128        135        143        151        158        185       
863        47000      47000      161.90     30.87      0.1907     15.33      0.09       0.09       0.10       0          16.05      11         11         0          0          0.0252     2.0843     102        128        135        143        151        158        185       
864        47000      47000      161.90     29.47      0.1820     15.41      0.09       0.09       0.10       0          16.05      11         11         0          0          0.0252     2.0824     102        128        135        143        151        158        185       
865        47000      47000      161.91     31.10      0.1921     15.44      0.09       0.09       0.10       0          16.05      11         11         0          0          0.0252     2.0840     102        128        135        143        151        158        185       
866        47000      47000      161.91     29.86      0.1844     15.35      0.09       0.09       0.10       0          16.05      11         11         0          0          0.0252     2.0838     102        128        135        143        151        158        185       
867        47000      47000      161.90     29.69      0.1834     15.37      0.09       0.09       0.10       0          16.05      11         11         0          0          0.0252     2.0814     102        128        135        143        151        158        185       
868        47000      47000      161.91     30.08      0.1858     15.38      0.09       0.09       0.10       0          16.05      11         11         0          0          0.0252     2.0859     102        128        135        143        151        158        185       
869        47000      47000      161.89     30.87      0.1907     15.40      0.09       0.09       0.10       0          16.05      11         11         0          0          0.0252     2.0841     102        128        135        143        151        158        185       
870        47000      47000      161.90     29.75      0.1838     15.40      0.09       0.09       0.10       0          16.05      11         11         0          0          0.0252     2.0845     102        128        135        143        151        158        185       
871        47000      47000      161.89     29.61      0.1829     15.38      0.09       0.09       0.10       0          16.05      11         11         0          0          0.0252     2.0840     102        128        135        143        151        158        185       
872        47000      47000      161.90     30.01      0.1854     15.33      0.09       0.09       0.10       0          16.05      11         11         0          0          0.0252     2.0861     102        128        135        143        151        158        185       
873        47000      47000      161.90     30.60      0.1890     15.33      0.09       0.09       0.10       0          16.05      11         11         0          0          0.0252     2.0860     102        128        135        143        151        158        185       
874        47000      47000      161.90     30.42      0.1879     15.33      0.09       0.09       0.10       0          16.05      11         11         0          0          0.0252     2.0838     102        128        135        143        151        158        185       
875        47000      47000      161.91     30.37      0.1876     15.33      0.09       0.09       0.10       0          16.05      11         11         0          0          0.0252     2.0829     102        128        135        143        151        158        185       
876        47000      47000      161.91     29.52      0.1824     15.32      0.09       0.09       0.10       0          16.05      11         11         0          0          0.0252     2.0833     102        128        135        143        151        158        185       
877        47000      47000      161.90     30.38      0.1877     15.38      0.09       0.09       0.10       0          16.05      11         11         0          0          0.0252     2.0842     102        128        135        143        151        158        185       
878        47000      47000      161.91     29.94      0.1849     15.35      0.09       0.09       0.10       0          16.05      11         11         0          0          0.0252     2.0826     102        128        135        143        151        158        185       
879        47000      47000      161.90     30.26      0.1869     15.35      0.09       0.09       0.10       0          16.05      11         11         0          0          0.0252     2.0838     102        128        135        143        151        158        185       
880        47000      47000      161.90     30.33      0.1873     15.34      0.09       0.09       0.10       0          16.05      11         11         0          0          0.0252     2.0840     102        128        135        143        151        158        185       
881        47000      47000      161.90     29.72      0.1836     15.35      0.09       0.09       0.10       0          16.05      11         11         0          0          0.0252     2.0844     102        128        135        143        151        158        185       
882        47000      47000      161.91     29.91      0.1848     15.31      0.09       0.09       0.10       0          16.05      11         11         0          0          0.0252     2.0832     102        128        135        143        151        158        185       
883        47000      47000      161.91     30.45      0.1881     15.36      0.09       0.09       0.10       0          16.05      11         11         0          0          0.0252     2.0867     102        128        135        143        151        158        185       
884        47000      47000      161.90     30.32      0.1873     15.34      0.09       0.09       0.10       0          16.05      11         11         0          0          0.0252     2.0850     102        128        135        143        151        158        185       
885        47000      47000      161.90     29.94      0.1849     15.34      0.09       0.09       0.10       0          16.05      11         11         0          0          0.0252     2.0843     102        128        135        143        151        158        185       
886        47000      47000      161.90     30.13      0.1861     15.36      0.09       0.09       0.10       0          16.05      11         11         0          0          0.0252     2.0828     102        128        135        143        151        158        185       
887        47000      47000      161.90     29.82      0.1842     15.33      0.09       0.09       0.10       0          16.05      11         11         0          0          0.0252     2.0848     102        128        135        143        151        158        185       
888        47000      47000      161.91     30.42      0.1879     15.35      0.09       0.09       0.10       0          16.05      11         11         0          0          0.0252     2.0836     102        128        135        143        151        158        185       
889        47000      47000      161.90     29.57      0.1827     15.36      0.09       0.09       0.10       0          16.05      11         11         0          0          0.0252     2.0833     102        128        135        143        151        158        185       
890        47000      47000      161.91     29.57      0.1826     15.37      0.09       0.09       0.10       0          16.05      11         11         0          0          0.0252     2.0850     102        128        135        143        151        158        185       
891        47000      47000      161.91     31.14      0.1923     15.35      0.09       0.09       0.10       0          16.05      11         11         0          0          0.0252     2.0843     102        128        135        143        151        158        185       
892        47000      47000      161.90     29.90      0.1847     15.36      0.09       0.09       0.10       0          16.05      11         11         0          0          0.0252     2.0852     102        128        135        143        151        158        185       
893        47000      47000      161.90     30.57      0.1888     15.38      0.09       0.09       0.10       0          16.05      11         11         0          0          0.0252     2.0838     102        128        135        143        151        158        185       
894        47000      47000      161.91     29.89      0.1846     15.42      0.09       0.09       0.10       0          16.05      11         11         0          0          0.0252     2.0836     102        128        135        143        151        158        185       
895        47000      47000      161.90     30.35      0.1874     15.37      0.09       0.09       0.10       0          16.05      11         11         0          0          0.0252     2.0866     102        128        135        143        151        158        185       
896        47000      47000      161.91     30.10      0.1859     15.39      0.09       0.09       0.10       0          16.05      11         11         0          0          0.0252     2.0837     102        128        135        143        151        158        185       
897        47000      47000      161.90     31.11      0.1922     15.41      0.09       0.09       0.10       0          16.05      11         11         0          0          0.0252     2.0845     102        128        135        143        151        158        185       
898        47000      47000      161.90     30.42      0.1879     15.40      0.09       0.09       0.10       0          16.05      11         11         0          0          0.0252     2.0826     102        128        135        143        151        158        185       
899        47000      47000      161.90     31.03      0.1917     15.36      0.09       0.09       0.10       0          16.05      11         11         0          0          0.0252     2.0827     102        128        135        143        151        158        185       
900        47000      47000      161.90     30.41      0.1878     15.40      0.09       0.09       0.10       0          16.05      11         11         0          0          0.0252     2.0845     102        128        135        143        151        158        185       
901        47000      47000      161.90     30.80      0.1902     15.41      0.09       0.09       0.10       0          16.05      11         11         0          0          0.0252     2.0833     102        128        135        143        151        158        185       
902        47000      47000      161.90     29.94      0.1849     15.46      0.09       0.09       0.10       0          16.05      11         11         0          0          0.0252     2.0858     102        128        135        143        151        158        185       
903        47000      47000      161.91     30.40      0.1877     15.39      0.09       0.09       0.10       0          16.05      11         11         0          0          0.0252     2.0833     102        128        135        143        151        158        185       
904        47000      47000      161.91     29.80      0.1840     15.39      0.09       0.09       0.10       0          16.05      11         11         0          0          0.0252     2.0846     102        128        135        143        151        158        185       
905        47000      47000      161.90     31.08      0.1920     15.45      0.09       0.09       0.10       0          16.05      11         11         0          0          0.0252     2.0839     102        128        135        143        151        158        185       
906        47000      47000      161.91     29.82      0.1842     15.44      0.09       0.09       0.10       0          16.05      11         11         0          0          0.0252     2.0824     102        128        135        143        151        158        185       
907        47000      47000      161.91     30.94      0.1911     15.40      0.09       0.09       0.10       0          16.05      11         11         0          0          0.0252     2.0851     102        128        135        143        151        158        185       
908        47000      47000      161.91     30.04      0.1855     15.42      0.08       0.09       0.10       0          16.05      11         11         0          0          0.0252     2.0835     102        128        135        143        151        158        185       
909        47000      47000      161.91     30.13      0.1861     15.40      0.09       0.09       0.10       0          16.05      11         11         0          0          0.0252     2.0853     102        128        135        143        151        158        185       
910        47000      47000      161.90     30.84      0.1905     15.41      0.09       0.09       0.10       0          16.05      11         11         0          0          0.0252     2.0825     102        128        135        143        151        158        185       
911        47000      47000      161.90     30.44      0.1880     15.44      0.09       0.09       0.10       0          16.05      11         11         0          0          0.0252     2.0845     102        128        135        143        151        158        185       
912        47000      47000      161.90     30.66      0.1894     15.42      0.09       0.09       0.10       0          16.05      11         11         0          0          0.0252     2.0841     102        128        135        143        151        158        185       
913        47000      47000      161.91     30.60      0.1890     15.46      0.09       0.09       0.10       0          16.05      11         11         0          0          0.0252     2.0846     102        128        135        143        151        158        185       
914        47000      47000      161.90     30.14      0.1861     15.48      0.09       0.09       0.10       0          16.05      11         11         0          0          0.0252     2.0825     102        128        135        143        151        158        185       
915        47000      47000      161.90     30.20      0.1866     15.47      0.09       0.09       0.10       0          16.05      11         11         0          0          0.0252     2.0844     102        128        135        143        151        158        185       
916        47000      47000      161.90     31.04      0.1917     15.48      0.09       0.09       0.10       0          16.05      11         11         0          0          0.0252     2.0832     102        128        135        143        151        158        185       
917        47000      47000      161.91     30.95      0.1912     15.50      0.09       0.09       0.10       0          16.05      11         11         0          0          0.0252     2.0840     102        128        135        143        151        158        185       
918        47000      47000      161.91     29.91      0.1847     15.48      0.10       0.09       0.10       0          16.05      11         11         0          0          0.0252     2.0822     102        128        135        143        151        158        185       
919        47000      47000      161.91     29.75      0.1837     15.44      0.10       0.09       0.10       0          16.05      11         11         0          0          0.0252     2.0828     102        128        135        143        151        158        185       
920        47000      47000      161.90     30.59      0.1889     15.45      0.09       0.09       0.10       0          16.05      11         11         0          0          0.0252     2.0843     102        128        135        143        151        158        185       
921        47000      47000      161.90     30.55      0.1887     15.46      0.09       0.09       0.10       0          16.05      11         11         0          0          0.0252     2.0848     102        128        135        143        151        158        185       
922        47000      47000      161.90     30.89      0.1908     15.42      0.09       0.09       0.10       0          16.05      11         11         0          0          0.0252     2.0818     102        128        135        143        151        158        185       
923        47000      47000      161.91     31.34      0.1935     15.47      0.09       0.09       0.10       0          16.05      11         11         0          0          0.0252     2.0854     102        128        135        143        151        158        185       
924        47000      47000      161.90     30.01      0.1854     15.50      0.09       0.09       0.10       0          16.05      11         11         0          0          0.0252     2.0847     102        128        135        143        151        158        185       
925        47000      47000      161.91     30.84      0.1905     15.50      0.09       0.09       0.10       0          16.05      11         11         0          0          0.0252     2.0840     102        128        135        143        151        158        185       
926        47000      47000      161.90     30.85      0.1905     15.52      0.09       0.09       0.10       0          16.05      11         11         0          0          0.0252     2.0840     102        128        135        143        151        158        185       
927        47000      47000      161.91     30.60      0.1890     15.54      0.09       0.09       0.10       0          16.05      11         11         0          0          0.0252     2.0839     102        128        135        143        151        158        185       
928        47000      47000      161.90     31.27      0.1931     15.48      0.09       0.09       0.10       0          16.05      11         11         0          0          0.0252     2.0846     102        128        135        143        151        158        185       
929        47000      47000      161.91     31.12      0.1922     15.52      0.09       0.09       0.10       0          16.05      11         11         0          0          0.0252     2.0823     102        128        135        143        151        158        185       
930        47000      47000      161.89     29.82      0.1842     15.57      0.09       0.09       0.10       0          16.05      11         11         0          0          0.0252     2.0838     102        128        135        143        151        158        185       
931        47000      47000      161.91     31.07      0.1919     15.53      0.09       0.09       0.10       0          16.05      11         11         0          0          0.0252     2.0839     102        128        135        143        151        158        185       
932        47000      47000      161.90     31.22      0.1928     15.53      0.09       0.09       0.10       0          16.05      11         11         0          0          0.0252     2.0849     102        128        135        143        151        158        185       
933        47000      47000      161.90     30.68      0.1895     15.50      0.09       0.09       0.10       0          16.05      11         11         0          0          0.0252     2.0833     102        128        135        143        151        158        185       
934        47000      47000      161.90     30.22      0.1867     15.51      0.09       0.09       0.10       0          16.05      11         11         0          0          0.0252     2.0865     102        128        135        143        151        158        185       
935        47000      47000      161.91     29.92      0.1848     15.54      0.09       0.09       0.10       0          16.05      11         11         0          0          0.0252     2.0851     102        128        135        143        151        158        185       
936        47000      47000      161.90     30.56      0.1887     15.56      0.09       0.09       0.10       0          16.05      11         11         0          0          0.0252     2.0838     102        128        135        143        151        158        185       
937        47000      47000      161.90     30.30      0.1872     15.58      0.09       0.09       0.10       0          16.05      11         11         0          0          0.0252     2.0854     102        128        135        143        151        158        185       
938        47000      47000      161.90     30.93      0.1911     15.54      0.09       0.09       0.10       0          16.05      11         11         0          0          0.0252     2.0881     102        128        135        143        151        158        185       
939        47000      47000      161.91     29.86      0.1844     15.54      0.10       0.09       0.10       0          16.05      11         11         0          0          0.0252     2.0850     102        128        135        143        151        158        185       
940        47000      47000      161.91     29.48      0.1821     15.56      0.09       0.09       0.10       0          16.05      11         11         0          0          0.0252     2.0855     102        128        135        143        151        158        185       
941        47000      47000      161.90     30.60      0.1890     15.48      0.09       0.09       0.10       0          16.05      11         11         0          0          0.0252     2.0852     102        128        135        143        151        158        185       
942        47000      47000      161.90     30.49      0.1883     15.44      0.09       0.09       0.10       0          16.05      11         11         0          0          0.0252     2.0829     102        128        135        143        151        158        185       
943        47000      47000      161.91     30.57      0.1888     15.45      0.09       0.09       0.10       0          16.05      11         11         0          0          0.0252     2.0835     102        128        135        143        151        158        185       
944        47000      47000      161.91     30.40      0.1877     15.48      0.09       0.09       0.10       0          16.05      11         11         0          0          0.0252     2.0845     102        128        135        143        151        158        185       
945        47000      47000      161.90     30.70      0.1896     15.49      0.09       0.09       0.10       0          16.05      11         11         0          0          0.0252     2.0851     102        128        135        143        151        158        185       
946        47000      47000      161.90     30.13      0.1861     15.50      0.09       0.09       0.10       0          16.05      11         11         0          0          0.0252     2.0819     102        128        135        143        151        158        185       
947        47000      47000      161.90     30.11      0.1860     15.53      0.09       0.09       0.10       0          16.05      11         11         0          0          0.0252     2.0836     102        128        135        143        151        158        185       
948        47000      47000      161.91     30.43      0.1880     15.49      0.09       0.09       0.10       0          16.05      11         11         0          0          0.0252     2.0816     102        128        135        143        151        158        185       
949        47000      47000      161.90     31.47      0.1944     15.43      0.09       0.09       0.10       0          16.05      11         11         0          0          0.0252     2.0850     102        128        135        143        151        158        185       
950        47000      47000      161.90     30.05      0.1856     15.47      0.09       0.09       0.10       0          16.05      11         11         0          0          0.0252     2.0840     102        128        135        143        151        158        185       
951        47000      47000      161.91     30.44      0.1880     15.54      0.09       0.09       0.10       0          16.05      11         11         0          0          0.0252     2.0846     102        128        135        143        151        158        185       
952        47000      47000      161.90     30.30      0.1871     15.48      0.09       0.09       0.10       0          16.05      11         11         0          0          0.0252     2.0833     102        128        135        143        151        158        185       
953        47000      47000      161.91     31.35      0.1936     15.51      0.09       0.09       0.10       0          16.05      11         11         0          0          0.0252     2.0857     102        128        135        143        151        158        185       
954        47000      47000      161.90     30.18      0.1864     15.50      0.09       0.09       0.10       0          16.05      11         11         0          0          0.0252     2.0861     102        128        135        143        151        158        185       
955        47000      47000      161.91     29.98      0.1852     15.50      0.09       0.09       0.10       0          16.05      11         11         0          0          0.0252     2.0836     102        128        135        143        151        158        185       
956        47000      47000      161.91     29.98      0.1852     15.51      0.09       0.09       0.10       0          16.05      11         11         0          0          0.0252     2.0832     102        128        135        143        151        158        185       
957        47000      47000      161.91     30.51      0.1884     15.48      0.09       0.09       0.10       0          16.05      11         11         0          0          0.0252     2.0830     102        128        135        143        151        158        185       
958        47000      47000      161.90     30.75      0.1899     15.50      0.09       0.09       0.10       0          16.05      11         11         0          0          0.0252     2.0851     102        128        135        143        151        158        185       
959        47000      47000      161.90     30.23      0.1867     15.50      0.09       0.09       0.10       0          16.05      11         11         0          0          0.0252     2.0840     102        128        135        143        151        158        185       
960        47000      47000      161.90     30.54      0.1886     15.48      0.09       0.09       0.10       0          16.05      11         11         0          0          0.0252     2.0847     102        128        135        143        151        158        185       
961        47000      47000      161.91     30.02      0.1854     15.44      0.09       0.09       0.10       0          16.05      11         11         0          0          0.0252     2.0851     102        128        135        143        151        158        185       
962        47000      47000      161.91     30.91      0.1909     15.43      0.09       0.09       0.10       0          16.05      11         11         0          0          0.0252     2.0843     102        128        135        143        151        158        185       
963        47000      47000      161.90     29.75      0.1838     15.46      0.09       0.09       0.10       0          16.05      11         11         0          0          0.0252     2.0837     102        128        135        143        151        158        185       
964        47000      47000      161.90     30.21      0.1866     15.43      0.09       0.09       0.10       0          16.05      11         11         0          0          0.0252     2.0840     102        128        135        143        151        158        185       
965        47000      47000      161.91     30.46      0.1882     15.42      0.09       0.09       0.10       0          16.05      11         11         0          0          0.0252     2.0822     102        128        135        143        151        158        185       
966        47000      47000      161.91     30.31      0.1872     15.43      0.09       0.09       0.10       0          16.05      11         11         0          0          0.0252     2.0818     102        128        135        143        151        158        185       
967        47000      47000      161.90     29.97      0.1851     15.42      0.09       0.09       0.10       0          16.05      11         11         0          0          0.0252     2.0842     102        128        135        143        151        158        185       
968        47000      47000      161.91     30.12      0.1861     15.41      0.09       0.09       0.10       0          16.05      11         11         0          0          0.0252     2.0842     102        128        135        143        151        158        185       
969        47000      47000      161.90     30.43      0.1880     15.47      0.09       0.09       0.10       0          16.05      11         11         0          0          0.0252     2.0860     102        128        135        143        151        158        185       
970        47000      47000      161.90     30.81      0.1903     15.51      0.09       0.09       0.10       0          16.05      11         11         0          0          0.0252     2.0863     102        128        135        143        151        158        185       
971        47000      47000      161.91     30.20      0.1865     15.44      0.09       0.09       0.10       0          16.05      11         11         0          0          0.0252     2.0847     102        128        135        143        151        158        185       
972        47000      47000      161.90     31.02      0.1916     15.47      0.09       0.09       0.10       0          16.05      11         11         0          0          0.0252     2.0844     102        128        135        143        151        158        185       
973        47000      47000      161.89     30.50      0.1884     15.50      0.09       0.09       0.10       0          16.05      11         11         0          0          0.0252     2.0838     102        128        135        143        151        158        185       
974        47000      47000      161.89     30.79      0.1902     15.50      0.09       0.09       0.10       0          16.05      11         11         0          0          0.0252     2.0866     102        128        135        143        151        158        185       
975        47000      47000      161.91     30.59      0.1889     15.55      0.09       0.09       0.10       0          16.05      11         11         0          0          0.0252     2.0841     102        128        135        143        151        158        185       
976        47000      47000      161.90     30.88      0.1907     15.52      0.09       0.09       0.10       0          16.05      11         11         0          0          0.0252     2.0837     102        128        135        143        151        158        185       
977        47000      47000      161.90     30.07      0.1858     15.49      0.09       0.09       0.10       0          16.05      11         11         0          0          0.0252     2.0845     102        128        135        143        151        158        185       
978        47000      47000      161.89     31.13      0.1923     15.50      0.09       0.09       0.10       0          16.05      11         11         0          0          0.0252     2.0836     102        128        135        143        151        158        185       
979        47000      47000      161.90     31.00      0.1915     15.49      0.09       0.09       0.10       0          16.05      11         11         0          0          0.0252     2.0842     102        128        135        143        151        158        185       
980        47000      47000      161.90     30.04      0.1855     15.55      0.09       0.09       0.10       0          16.05      11         11         0          0          0.0252     2.0853     102        128        135        143        151        158        185       
981        47000      47000      161.90     30.31      0.1872     15.61      0.09       0.09       0.10       0          16.05      11         11         0          0          0.0252     2.0855     102        128        135        143        151        158        185       
982        47000      47000      161.90     31.30      0.1934     15.58      0.09       0.09       0.10       0          16.05      11         11         0          0          0.0252     2.0841     102        128        135        143        151        158        185       
983        47000      47000      161.91     30.67      0.1895     15.54      0.09       0.09       0.10       0          16.05      11         11         0          0          0.0252     2.0846     102        128        135        143        151        158        185       
984        47000      47000      161.91     30.56      0.1887     15.43      0.09       0.09       0.10       0          16.05      11         11         0          0          0.0252     2.0846     102        128        135        143        151        158        185       
985        47000      47000      161.91     30.53      0.1886     15.46      0.09       0.09       0.10       0          16.05      11         11         0          0          0.0252     2.0841     102        128        135        143        151        158        185       
986        47000      47000      161.91     30.66      0.1894     15.57      0.09       0.09       0.10       0          16.05      11         11         0          0          0.0252     2.0854     102        128        135        143        151        158        185       
987        47000      47000      161.90     30.78      0.1901     15.59      0.09       0.09       0.10       0          16.05      11         11         0          0          0.0252     2.0854     102        128        135        143        151        158        185       
988        47000      47000      161.90     30.91      0.1909     15.53      0.09       0.09       0.10       0          16.05      11         11         0          0          0.0252     2.0848     102        128        135        143        151        158        185       
989        47000      47000      161.90     30.14      0.1861     15.59      0.09       0.09       0.10       0          16.05      11         11         0          0          0.0252     2.0831     102        128        135        143        151        158        185       
990        47000      47000      161.91     30.66      0.1894     15.58      0.09       0.09       0.10       0          16.05      11         11         0          0          0.0252     2.0830     102        128        135        143        151        158        185       
991        47000      47000      161.90     29.78      0.1840     15.61      0.09       0.09       0.10       0          16.05      11         11         0          0          0.0252     2.0843     102        128        135        143        151        158        185       
992        47000      47000      161.90     30.61      0.1891     15.50      0.09       0.09       0.10       0          16.05      11         11         0          0          0.0252     2.0834     102        128        135        143        151        158        185       
993        47000      47000      161.90     30.84      0.1905     15.53      0.09       0.09       0.10       0          16.05      11         11         0          0          0.0252     2.0842     102        128        135        143        151        158        185       
994        47000      47000      161.90     29.68      0.1833     15.55      0.09       0.09       0.10       0          16.05      11         11         0          0          0.0252     2.0825     102        128        135        143        151        158        185       
995        47000      47000      161.91     31.38      0.1938     15.56      0.09       0.09       0.10       0          16.05      11         11         0          0          0.0252     2.0851     102        128        135        143        151        158        185       
996        47000      47000      161.90     30.36      0.1875     15.57      0.09       0.09       0.10       0          16.05      11         11         0          0          0.0252     2.0840     102        128        135        143        151        158        185       
997        47000      47000      161.91     30.25      0.1868     15.54      0.09       0.09       0.10       0          16.05      11         11         0          0          0.0252     2.0832     102        128        135        143        151        158        185       
998        47000      47000      161.90     30.56      0.1888     15.53      0.09       0.09       0.10       0          16.05      11         11         0          0          0.0252     2.0857     102        128        135        143        151        158        185       
999        47000      47000      161.90     30.01      0.1854     15.50      0.09       0.09       0.10       0          16.05      11         11         0          0          0.0252     2.0853     102        128        135        143        151        158        185       
1000       47000      47000      161.90     30.88      0.1908     15.53      0.09       0.09       0.10       0          16.05      11         11         0          0          0.0252     2.0828     102        128        135        143        151        158        185       
1001       47000      47000      161.90     30.55      0.1887     15.53      0.09       0.09       0.10       0          16.05      11         11         0          0          0.0252     2.0852     102        128        135        143        151        158        185       
1002       47000      47000      161.91     30.44      0.1880     15.54      0.09       0.09       0.10       0          16.05      11         11         0          0          0.0252     2.0855     102        128        135        143        151        158        185       
1003       47000      47000      161.90     30.16      0.1863     15.59      0.09       0.09       0.10       0          16.05      11         11         0          0          0.0252     2.0838     102        128        135        143        151        158        185       
1004       47000      47000      161.91     30.04      0.1855     15.53      0.09       0.09       0.10       0          16.05      11         11         0          0          0.0252     2.0860     102        128        135        143        151        158        185       
1005       47000      47000      161.91     30.77      0.1901     15.58      0.09       0.09       0.10       0          16.05      11         11         0          0          0.0252     2.0849     102        128        135        143        151        158        185       
1006       47000      47000      161.90     30.31      0.1872     15.55      0.09       0.09       0.10       0          16.05      11         11         0          0          0.0252     2.0836     102        128        135        143        151        158        185       
1007       47000      47000      161.89     30.35      0.1875     15.53      0.09       0.09       0.10       0          16.05      11         11         0          0          0.0252     2.0842     102        128        135        143        151        158        185       
1008       47000      47000      161.90     30.29      0.1871     15.57      0.09       0.09       0.10       0          16.05      11         11         0          0          0.0252     2.0831     102        128        135        143        151        158        185       
1009       47000      47000      161.91     30.16      0.1863     15.53      0.09       0.09       0.10       0          16.05      11         11         0          0          0.0252     2.0844     102        128        135        143        151        158        185       
1010       47000      47000      161.91     29.89      0.1846     15.51      0.09       0.09       0.10       0          16.05      11         11         0          0          0.0252     2.0849     102        128        135        143        151        158        185       
1011       47000      47000      161.90     29.84      0.1843     15.52      0.09       0.09       0.10       0          16.05      11         11         0          0          0.0252     2.0831     102        128        135        143        151        158        185       
1012       47000      47000      161.91     30.41      0.1878     15.53      0.09       0.09       0.10       0          16.05      11         11         0          0          0.0252     2.0848     102        128        135        143        151        158        185       
1013       47000      47000      161.90     30.53      0.1886     15.54      0.09       0.09       0.10       0          16.05      11         11         0          0          0.0252     2.0829     102        128        135        143        151        158        185       
1014       47000      47000      161.91     30.74      0.1898     15.51      0.09       0.09       0.10       0          16.05      11         11         0          0          0.0252     2.0818     102        128        135        143        151        158        185       
1015       47000      47000      161.90     30.72      0.1897     15.48      0.09       0.09       0.10       0          16.05      11         11         0          0          0.0252     2.0823     102        128        135        143        151        158        185       
1016       47000      47000      161.90     30.66      0.1894     15.50      0.09       0.09       0.10       0          16.05      11         11         0          0          0.0252     2.0867     102        128        135        143        151        158        185       
1017       47000      47000      161.91     30.88      0.1907     15.50      0.09       0.09       0.10       0          16.05      11         11         0          0          0.0252     2.0862     102        128        135        143        151        158        185       
1018       47000      47000      161.89     30.02      0.1854     15.50      0.09       0.09       0.10       0          16.05      11         11         0          0          0.0252     2.0860     102        128        135        143        151        158        185       
1019       47000      47000      161.90     29.78      0.1840     15.44      0.09       0.09       0.10       0          16.05      11         11         0          0          0.0252     2.0870     102        128        135        143        151        158        185       
1020       47000      47000      161.90     30.04      0.1855     15.47      0.09       0.09       0.10       0          16.05      11         11         0          0          0.0252     2.0830     102        128        135        143        151        158        185       
1021       47000      47000      161.90     29.48      0.1821     15.50      0.09       0.09       0.10       0          16.05      11         11         0          0          0.0252     2.0832     102        128        135        143        151        158        185       
1022       47000      47000      161.90     29.79      0.1840     15.50      0.09       0.09       0.10       0          16.05      11         11         0          0          0.0252     2.0848     102        128        135        143        151        158        185       
1023       47000      47000      161.91     30.94      0.1911     15.50      0.09       0.09       0.10       0          16.05      11         11         0          0          0.0252     2.0823     102        128        135        143        151        158        185       
1024       47000      47000      161.91     30.42      0.1879     15.46      0.09       0.09       0.10       0          16.05      11         11         0          0          0.0252     2.0861     102        128        135        143        151        158        185       
1025       47000      47000      161.91     30.77      0.1900     15.53      0.09       0.09       0.10       0          16.05      11         11         0          0          0.0252     2.0818     102        128        135        143        151        158        185       
1026       47000      47000      161.91     29.91      0.1847     15.45      0.09       0.09       0.10       0          16.05      11         11         0          0          0.0252     2.0848     102        128        135        143        151        158        185       
1027       47000      47000      161.91     30.02      0.1854     15.48      0.09       0.09       0.10       0          16.05      11         11         0          0          0.0252     2.0834     102        128        135        143        151        158        185       
1028       47000      47000      161.90     30.43      0.1880     15.50      0.09       0.09       0.10       0          16.05      11         11         0          0          0.0252     2.0847     102        128        135        143        151        158        185       
1029       47000      47000      161.89     30.62      0.1892     15.44      0.10       0.09       0.10       0          16.05      11         11         0          0          0.0252     2.0864     102        128        135        143        151        158        185       
1030       47000      47000      161.90     30.14      0.1862     15.47      0.09       0.09       0.10       0          16.05      11         11         0          0          0.0252     2.0848     102        128        135        143        151        158        185       
1031       47000      47000      161.89     30.77      0.1900     15.52      0.09       0.09       0.10       0          16.05      11         11         0          0          0.0252     2.0838     102        128        135        143        151        158        185       
1032       47000      47000      161.90     30.83      0.1904     15.52      0.09       0.09       0.10       0          16.05      11         11         0          0          0.0252     2.0833     102        128        135        143        151        158        185       
1033       47000      47000      161.90     30.83      0.1904     15.53      0.09       0.09       0.10       0          16.05      11         11         0          0          0.0252     2.0847     102        128        135        143        151        158        185       
1034       47000      47000      161.90     29.81      0.1841     15.53      0.09       0.09       0.10       0          16.05      11         11         0          0          0.0252     2.0825     102        128        135        143        151        158        185       
1035       47000      47000      161.91     30.58      0.1889     15.48      0.09       0.09       0.10       0          16.05      11         11         0          0          0.0252     2.0867     102        128        135        143        151        158        185       
1036       47000      47000      161.91     30.17      0.1864     15.50      0.09       0.09       0.10       0          16.05      11         11         0          0          0.0252     2.0840     102        128        135        143        151        158        185       
1037       47000      47000      161.90     29.84      0.1843     15.47      0.09       0.09       0.10       0          16.05      11         11         0          0          0.0252     2.0858     102        128        135        143        151        158        185       
1038       47000      47000      161.90     30.79      0.1902     15.52      0.09       0.09       0.10       0          16.05      11         11         0          0          0.0252     2.0842     102        128        135        143        151        158        185       
1039       47000      47000      161.90     30.15      0.1862     15.52      0.09       0.09       0.10       0          16.05      11         11         0          0          0.0252     2.0850     102        128        135        143        151        158        185       
1040       47000      47000      161.91     30.74      0.1899     15.48      0.09       0.09       0.10       0          16.05      11         11         0          0          0.0252     2.0852     102        128        135        143        151        158        185       
1041       47000      47000      161.91     30.90      0.1909     15.48      0.09       0.09       0.10       0          16.05      11         11         0          0          0.0252     2.0867     102        128        135        143        151        158        185       
1042       47000      47000      161.91     30.76      0.1900     15.48      0.09       0.09       0.10       0          16.05      11         11         0          0          0.0252     2.0841     102        128        135        143        151        158        185       
1043       47000      47000      161.90     31.03      0.1917     15.53      0.09       0.09       0.10       0          16.05      11         11         0          0          0.0252     2.0856     102        128        135        143        151        158        185       
1044       47000      47000      161.90     30.62      0.1892     15.49      0.10       0.09       0.10       0          16.05      11         11         0          0          0.0252     2.0819     102        128        135        143        151        158        185       
1045       47000      47000      161.90     30.71      0.1897     15.60      0.09       0.09       0.10       0          16.05      11         11         0          0          0.0252     2.0847     102        128        135        143        151        158        185       
1046       47000      47000      161.91     30.53      0.1886     15.52      0.09       0.09       0.10       0          16.05      11         11         0          0          0.0252     2.0833     102        128        135        143        151        158        185       
1047       47000      47000      161.90     31.00      0.1915     15.55      0.09       0.09       0.10       0          16.05      11         11         0          0          0.0252     2.0859     102        128        135        143        151        158        185       
1048       47000      47000      161.91     30.25      0.1869     15.54      0.09       0.09       0.10       0          16.05      11         11         0          0          0.0252     2.0838     102        128        135        143        151        158        185       
1049       47000      47000      161.91     29.71      0.1835     15.56      0.09       0.09       0.10       0          16.05      11         11         0          0          0.0252     2.0842     102        128        135        143        151        158        185       
1050       47000      47000      161.90     30.29      0.1871     15.51      0.09       0.09       0.10       0          16.05      11         11         0          0          0.0252     2.0854     102        128        135        143        151        158        185       
1051       47000      47000      161.91     31.02      0.1916     15.48      0.09       0.09       0.10       0          16.05      11         11         0          0          0.0252     2.0835     102        128        135        143        151        158        185       
1052       47000      47000      161.90     30.56      0.1888     15.48      0.09       0.09       0.10       0          16.05      11         11         0          0          0.0252     2.0837     102        128        135        143        151        158        185       
1053       47000      47000      161.90     30.32      0.1873     15.53      0.09       0.09       0.10       0          16.05      11         11         0          0          0.0252     2.0852     102        128        135        143        151        158        185       
1054       47000      47000      161.90     29.61      0.1829     15.54      0.09       0.09       0.10       0          16.05      11         11         0          0          0.0252     2.0845     102        128        135        143        151        158        185       
1055       47000      47000      161.91     30.37      0.1876     15.49      0.09       0.09       0.10       0          16.05      11         11         0          0          0.0252     2.0839     102        128        135        143        151        158        185       
1056       47000      47000      161.90     31.03      0.1917     15.49      0.09       0.09       0.10       0          16.05      11         11         0          0          0.0252     2.0859     102        128        135        143        151        158        185       
1057       47000      47000      161.90     30.55      0.1887     15.53      0.09       0.09       0.10       0          16.05      11         11         0          0          0.0252     2.0843     102        128        135        143        151        158        185       
1058       47000      47000      161.90     30.18      0.1864     15.56      0.09       0.09       0.10       0          16.05      11         11         0          0          0.0252     2.0841     102        128        135        143        151        158        185       
1059       47000      47000      161.90     30.44      0.1880     15.54      0.09       0.09       0.10       0          16.05      11         11         0          0          0.0252     2.0838     102        128        135        143        151        158        185       
1060       47000      47000      161.90     31.28      0.1932     15.52      0.09       0.09       0.10       0          16.05      11         11         0          0          0.0252     2.0846     102        128        135        143        151        158        185       
1061       47000      47000      161.91     30.47      0.1882     15.53      0.09       0.09       0.10       0          16.05      11         11         0          0          0.0252     2.0847     102        128        135        143        151        158        185       
1062       47000      47000      161.90     30.66      0.1894     15.62      0.09       0.09       0.10       0          16.05      11         11         0          0          0.0252     2.0861     102        128        135        143        151        158        185       
1063       47000      47000      161.90     30.00      0.1853     15.56      0.09       0.09       0.10       0          16.05      11         11         0          0          0.0252     2.0860     102        128        135        143        151        158        185       
1064       47000      47000      161.91     31.27      0.1931     15.57      0.09       0.09       0.10       0          16.05      11         11         0          0          0.0252     2.0827     102        128        135        143        151        158        185       
1065       47000      47000      161.91     29.75      0.1838     15.55      0.09       0.09       0.10       0          16.05      11         11         0          0          0.0252     2.0841     102        128        135        143        151        158        185       
1066       47000      47000      161.91     31.27      0.1931     15.54      0.09       0.09       0.10       0          16.05      11         11         0          0          0.0252     2.0868     102        128        135        143        151        158        185       
1067       47000      47000      161.90     30.56      0.1887     15.61      0.09       0.09       0.10       0          16.05      11         11         0          0          0.0252     2.0852     102        128        135        143        151        158        185       
1068       47000      47000      161.90     29.76      0.1838     15.52      0.09       0.09       0.10       0          16.05      11         11         0          0          0.0252     2.0881     102        128        135        143        151        158        185       
1069       47000      47000      161.91     30.74      0.1899     15.51      0.09       0.09       0.10       0          16.05      11         11         0          0          0.0252     2.0847     102        128        135        143        151        158        185       
1070       47000      47000      161.90     31.11      0.1921     15.51      0.09       0.09       0.10       0          16.05      11         11         0          0          0.0252     2.0832     102        128        135        143        151        158        185       
1071       47000      47000      161.91     30.32      0.1873     15.59      0.09       0.09       0.10       0          16.05      11         11         0          0          0.0252     2.0829     102        128        135        143        151        158        185       
1072       47000      47000      161.90     30.41      0.1878     15.57      0.09       0.09       0.10       0          16.05      11         11         0          0          0.0252     2.0849     102        128        135        143        151        158        185       
1073       47000      47000      161.90     30.67      0.1894     15.57      0.09       0.09       0.10       0          16.05      11         11         0          0          0.0252     2.0842     102        128        135        143        151        158        185       
1074       47000      47000      161.90     31.09      0.1920     15.55      0.10       0.09       0.10       0          16.05      11         11         0          0          0.0252     2.0852     102        128        135        143        151        158        185       
1075       47000      47000      161.91     29.95      0.1850     15.56      0.09       0.09       0.10       0          16.05      11         11         0          0          0.0252     2.0820     102        128        135        143        151        158        185       
1076       47000      47000      161.90     29.93      0.1849     15.59      0.09       0.09       0.10       0          16.05      11         11         0          0          0.0252     2.0859     102        128        135        143        151        158        185       
1077       47000      47000      161.91     31.51      0.1946     15.58      0.10       0.09       0.10       0          16.05      11         11         0          0          0.0252     2.0837     102        128        135        143        151        158        185       
1078       47000      47000      161.91     31.10      0.1921     15.55      0.09       0.09       0.10       0          16.05      11         11         0          0          0.0252     2.0846     102        128        135        143        151        158        185       
1079       47000      47000      161.90     30.86      0.1906     15.54      0.09       0.09       0.10       0          16.05      11         11         0          0          0.0252     2.0840     102        128        135        143        151        158        185       
1080       47000      47000      161.91     31.34      0.1936     15.57      0.09       0.09       0.10       0          16.05      11         11         0          0          0.0252     2.0852     102        128        135        143        151        158        185       
1081       47000      47000      161.90     30.52      0.1885     15.59      0.09       0.09       0.10       0          16.05      11         11         0          0          0.0252     2.0865     102        128        135        143        151        158        185       
1082       47000      47000      161.90     30.58      0.1889     15.57      0.09       0.09       0.10       0          16.05      11         11         0          0          0.0252     2.0859     102        128        135        143        151        158        185       
1083       47000      47000      161.90     30.17      0.1864     15.59      0.09       0.09       0.10       0          16.05      11         11         0          0          0.0252     2.0837     102        128        135        143        151        158        185       
1084       47000      47000      161.90     30.65      0.1893     15.65      0.10       0.09       0.10       0          16.05      11         11         0          0          0.0252     2.0837     102        128        135        143        151        158        185       
1085       47000      47000      161.90     31.01      0.1916     15.63      0.09       0.09       0.10       0          16.05      11         11         0          0          0.0252     2.0851     102        128        135        143        151        158        185       
1086       47000      47000      161.90     30.94      0.1911     15.56      0.09       0.09       0.10       0          16.05      11         11         0          0          0.0252     2.0860     102        128        135        143        151        158        185       
1087       47000      47000      161.90     30.90      0.1909     15.58      0.09       0.09       0.10       0          16.05      11         11         0          0          0.0252     2.0859     102        128        135        143        151        158        185       
1088       47000      47000      161.90     30.95      0.1912     15.61      0.09       0.09       0.10       0          16.05      11         11         0          0          0.0252     2.0858     102        128        135        143        151        158        185       
1089       47000      47000      161.90     30.59      0.1889     15.57      0.10       0.09       0.10       0          16.05      11         11         0          0          0.0252     2.0825     102        128        135        143        151        158        185       
1090       47000      47000      161.90     30.73      0.1898     15.64      0.10       0.09       0.10       0          16.05      11         11         0          0          0.0252     2.0828     102        128        135        143        151        158        185       
1091       47000      47000      161.91     30.21      0.1866     15.56      0.09       0.09       0.10       0          16.05      11         11         0          0          0.0252     2.0836     102        128        135        143        151        158        185       
1092       47000      47000      161.91     30.59      0.1889     15.59      0.09       0.09       0.10       0          16.05      11         11         0          0          0.0252     2.0846     102        128        135        143        151        158        185       
1093       47000      47000      161.90     30.14      0.1862     15.60      0.09       0.09       0.10       0          16.05      11         11         0          0          0.0252     2.0838     102        128        135        143        151        158        185       
1094       47000      47000      161.90     29.88      0.1846     15.58      0.10       0.09       0.10       0          16.05      11         11         0          0          0.0252     2.0838     102        128        135        143        151        158        185       
1095       47000      47000      161.90     30.85      0.1906     15.55      0.09       0.09       0.10       0          16.05      11         11         0          0          0.0252     2.0835     102        128        135        143        151        158        185       
1096       47000      47000      161.90     30.41      0.1878     15.58      0.09       0.09       0.10       0          16.05      11         11         0          0          0.0252     2.0858     102        128        135        143        151        158        185       
1097       47000      47000      161.90     30.80      0.1902     15.54      0.09       0.09       0.10       0          16.05      11         11         0          0          0.0252     2.0848     102        128        135        143        151        158        185       
1098       47000      47000      161.90     31.12      0.1922     15.59      0.10       0.09       0.10       0          16.05      11         11         0          0          0.0252     2.0848     102        128        135        143        151        158        185       
1099       47000      47000      161.91     30.54      0.1886     15.58      0.09       0.09       0.10       0          16.05      11         11         0          0          0.0252     2.0829     102        128        135        143        151        158        185       
1100       47000      47000      161.90     31.33      0.1935     15.61      0.09       0.09       0.10       0          16.05      11         11         0          0          0.0252     2.0839     102        128        135        143        151        158        185       
1101       47000      47000      161.90     30.43      0.1879     15.56      0.09       0.09       0.10       0          16.05      11         11         0          0          0.0252     2.0871     102        128        135        143        151        158        185       
1102       47000      47000      161.91     30.82      0.1904     15.60      0.09       0.09       0.10       0          16.05      11         11         0          0          0.0252     2.0828     102        128        135        143        151        158        185       
1103       47000      47000      161.90     30.57      0.1888     15.61      0.10       0.09       0.10       0          16.05      11         11         0          0          0.0252     2.0839     102        128        135        143        151        158        185       
1104       47000      47000      161.91     30.86      0.1906     15.61      0.09       0.09       0.10       0          16.05      11         11         0          0          0.0252     2.0832     102        128        135        143        151        158        185       
1105       47000      47000      161.90     31.01      0.1916     15.63      0.09       0.09       0.10       0          16.05      11         11         0          0          0.0252     2.0828     102        128        135        143        151        158        185       
1106       47000      47000      161.90     29.98      0.1851     15.62      0.09       0.09       0.10       0          16.05      11         11         0          0          0.0252     2.0855     102        128        135        143        151        158        185       
1107       47000      47000      161.91     31.17      0.1925     15.61      0.09       0.09       0.10       0          16.05      11         11         0          0          0.0252     2.0845     102        128        135        143        151        158        185       
1108       47000      47000      161.90     30.91      0.1909     15.66      0.09       0.09       0.10       0          16.05      11         11         0          0          0.0252     2.0858     102        128        135        143        151        158        185       
1109       47000      47000      161.90     30.64      0.1893     15.66      0.09       0.09       0.10       0          16.05      11         11         0          0          0.0252     2.0835     102        128        135        143        151        158        185       
1110       47000      47000      161.90     30.55      0.1887     15.69      0.10       0.09       0.10       0          16.05      11         11         0          0          0.0252     2.0829     102        128        135        143        151        158        185       
1111       47000      47000      161.91     31.71      0.1959     15.69      0.09       0.09       0.10       0          16.05      11         11         0          0          0.0252     2.0839     102        128        135        143        151        158        185       
1112       47000      47000      161.91     30.79      0.1902     15.66      0.10       0.09       0.10       0          16.05      11         11         0          0          0.0252     2.0818     102        128        135        143        151        158        185       
1113       47000      47000      161.90     30.94      0.1911     15.68      0.10       0.09       0.10       0          16.05      11         11         0          0          0.0252     2.0839     102        128        135        143        151        158        185       
1114       47000      47000      161.90     31.14      0.1923     15.64      0.09       0.09       0.10       0          16.05      11         11         0          0          0.0252     2.0828     102        128        135        143        151        158        185       
1115       47000      47000      161.90     30.99      0.1914     15.67      0.09       0.09       0.10       0          16.05      11         11         0          0          0.0252     2.0826     102        128        135        143        151        158        185       
1116       47000      47000      161.90     31.26      0.1931     15.67      0.09       0.09       0.10       0          16.05      11         11         0          0          0.0252     2.0860     102        128        135        143        151        158        185       
1117       47000      47000      161.91     30.66      0.1894     15.72      0.09       0.09       0.10       0          16.05      11         11         0          0          0.0252     2.0817     102        128        135        143        151        158        185       
1118       47000      47000      161.91     30.85      0.1906     15.69      0.09       0.09       0.10       0          16.05      11         11         0          0          0.0252     2.0862     102        128        135        143        151        158        185       
1119       47000      47000      161.90     30.90      0.1909     15.63      0.09       0.09       0.10       0          16.05      11         11         0          0          0.0252     2.0837     102        128        135        143        151        158        185       
1120       47000      47000      161.90     30.80      0.1902     15.64      0.09       0.09       0.10       0          16.05      11         11         0          0          0.0252     2.0858     102        128        135        143        151        158        185       
1121       47000      47000      161.91     30.89      0.1908     15.65      0.10       0.09       0.10       0          16.05      11         11         0          0          0.0252     2.0858     102        128        135        143        151        158        185       
1122       47000      47000      161.90     30.85      0.1905     15.70      0.10       0.09       0.10       0          16.05      11         11         0          0          0.0252     2.0834     102        128        135        143        151        158        185       
1123       47000      47000      161.90     30.87      0.1907     15.69      0.09       0.09       0.10       0          16.05      11         11         0          0          0.0252     2.0847     102        128        135        143        151        158        185       
1124       47000      47000      161.89     31.12      0.1922     15.69      0.09       0.09       0.10       0          16.05      11         11         0          0          0.0252     2.0836     102        128        135        143        151        158        185       
1125       47000      47000      161.89     30.88      0.1907     15.70      0.10       0.09       0.10       0          16.05      11         11         0          0          0.0252     2.0844     102        128        135        143        151        158        185       
1126       47000      47000      161.89     29.90      0.1847     15.70      0.09       0.09       0.10       0          16.05      11         11         0          0          0.0252     2.0861     102        128        135        143        151        158        185       
1127       47000      47000      161.90     30.87      0.1906     15.70      0.09       0.09       0.10       0          16.05      11         11         0          0          0.0252     2.0849     102        128        135        143        151        158        185       
1128       47000      47000      161.90     30.15      0.1862     15.64      0.09       0.09       0.10       0          16.05      11         11         0          0          0.0252     2.0830     102        128        135        143        151        158        185       
1129       47000      47000      161.90     31.61      0.1952     15.68      0.10       0.09       0.10       0          16.05      11         11         0          0          0.0252     2.0830     102        128        135        143        151        158        185       
1130       47000      47000      161.91     29.84      0.1843     15.68      0.09       0.09       0.10       0          16.05      11         11         0          0          0.0252     2.0830     102        128        135        143        151        158        185       
1131       47000      47000      161.91     31.30      0.1933     15.69      0.10       0.09       0.10       0          16.05      11         11         0          0          0.0252     2.0836     102        128        135        143        151        158        185       
1132       47000      47000      161.90     30.90      0.1909     15.73      0.10       0.09       0.10       0          16.05      11         11         0          0          0.0252     2.0816     102        128        135        143        151        158        185       
1133       47000      47000      161.90     31.48      0.1944     15.69      0.09       0.09       0.10       0          16.05      11         11         0          0          0.0252     2.0873     102        128        135        143        151        158        185       
1134       47000      47000      161.90     30.98      0.1914     15.70      0.09       0.09       0.10       0          16.05      11         11         0          0          0.0252     2.0837     102        128        135        143        151        158        185       
1135       47000      47000      161.90     30.94      0.1911     15.70      0.09       0.09       0.10       0          16.05      11         11         0          0          0.0252     2.0852     102        128        135        143        151        158        185       
1136       47000      47000      161.90     31.53      0.1947     15.74      0.09       0.09       0.10       0          16.05      11         11         0          0          0.0252     2.0830     102        128        135        143        151        158        185       
1137       47000      47000      161.90     30.35      0.1875     15.72      0.10       0.09       0.10       0          16.05      11         11         0          0          0.0252     2.0853     102        128        135        143        151        158        185       
1138       47000      47000      161.91     31.01      0.1915     15.69      0.09       0.09       0.10       0          16.05      11         11         0          0          0.0252     2.0836     102        128        135        143        151        158        185       
1139       47000      47000      161.90     30.55      0.1887     15.68      0.09       0.09       0.10       0          16.05      11         11         0          0          0.0252     2.0844     102        128        135        143        151        158        185       
1140       47000      47000      161.90     31.21      0.1927     15.67      0.10       0.09       0.10       0          16.05      11         11         0          0          0.0252     2.0821     102        128        135        143        151        158        185       
1141       47000      47000      161.90     30.10      0.1859     15.70      0.09       0.09       0.10       0          16.05      11         11         0          0          0.0252     2.0862     102        128        135        143        151        158        185       
1142       47000      47000      161.90     30.65      0.1893     15.70      0.10       0.09       0.10       0          16.05      11         11         0          0          0.0252     2.0856     102        128        135        143        151        158        185       
1143       47000      47000      161.91     31.29      0.1932     15.62      0.09       0.09       0.10       0          16.05      11         11         0          0          0.0252     2.0864     102        128        135        143        151        158        185       
1144       47000      47000      161.89     30.61      0.1891     15.60      0.09       0.09       0.10       0          16.05      11         11         0          0          0.0252     2.0860     102        128        135        143        151        158        185       
1145       47000      47000      161.90     30.30      0.1872     15.68      0.10       0.09       0.10       0          16.05      11         11         0          0          0.0252     2.0853     102        128        135        143        151        158        185       
1146       47000      47000      161.89     29.74      0.1837     15.67      0.09       0.09       0.10       0          16.05      11         11         0          0          0.0252     2.0858     102        128        135        143        151        158        185       
1147       47000      47000      161.91     30.16      0.1863     15.63      0.09       0.09       0.10       0          16.05      11         11         0          0          0.0252     2.0828     102        128        135        143        151        158        185       
1148       47000      47000      161.90     30.80      0.1903     15.65      0.09       0.09       0.10       0          16.05      11         11         0          0          0.0252     2.0831     102        128        135        143        151        158        185       
1149       47000      47000      161.90     30.46      0.1882     15.60      0.09       0.09       0.10       0          16.05      11         11         0          0          0.0252     2.0825     102        128        135        143        151        158        185       
1150       47000      47000      161.90     31.18      0.1926     15.63      0.09       0.09       0.10       0          16.05      11         11         0          0          0.0252     2.0846     102        128        135        143        151        158        185       
1151       47000      47000      161.90     29.77      0.1839     15.60      0.09       0.09       0.10       0          16.05      11         11         0          0          0.0252     2.0839     102        128        135        143        151        158        185       
1152       47000      47000      161.90     30.38      0.1876     15.61      0.09       0.09       0.10       0          16.05      11         11         0          0          0.0252     2.0850     102        128        135        143        151        158        185       
1153       47000      47000      161.90     30.19      0.1865     15.69      0.10       0.09       0.10       0          16.05      11         11         0          0          0.0252     2.0843     102        128        135        143        151        158        185       
1154       47000      47000      161.90     30.34      0.1874     15.66      0.10       0.09       0.10       0          16.05      11         11         0          0          0.0252     2.0856     102        128        135        143        151        158        185       
1155       47000      47000      161.90     31.46      0.1943     15.64      0.09       0.09       0.10       0          16.05      11         11         0          0          0.0252     2.0821     102        128        135        143        151        158        185       
1156       47000      47000      161.90     30.28      0.1870     15.65      0.09       0.09       0.10       0          16.05      11         11         0          0          0.0252     2.0844     102        128        135        143        151        158        185       
1157       47000      47000      161.89     30.95      0.1912     15.62      0.09       0.09       0.10       0          16.05      11         11         0          0          0.0252     2.0833     102        128        135        143        151        158        185       
1158       47000      47000      161.90     30.91      0.1909     15.64      0.09       0.09       0.10       0          16.05      11         11         0          0          0.0252     2.0846     102        128        135        143        151        158        185       
1159       47000      47000      161.90     30.47      0.1882     15.66      0.09       0.09       0.10       0          16.05      11         11         0          0          0.0252     2.0849     102        128        135        143        151        158        185       
1160       47000      47000      161.90     30.63      0.1892     15.65      0.09       0.09       0.10       0          16.05      11         11         0          0          0.0252     2.0863     102        128        135        143        151        158        185       
1161       47000      47000      161.90     30.65      0.1893     15.63      0.09       0.09       0.10       0          16.05      11         11         0          0          0.0252     2.0833     102        128        135        143        151        158        185       
1162       47000      47000      161.91     30.79      0.1902     15.64      0.10       0.09       0.10       0          16.05      11         11         0          0          0.0252     2.0850     102        128        135        143        151        158        185       
1163       47000      47000      161.89     31.63      0.1954     15.65      0.10       0.09       0.10       0          16.05      11         11         0          0          0.0252     2.0832     102        128        135        143        151        158        185       
1164       47000      47000      161.90     30.25      0.1868     15.65      0.10       0.09       0.10       0          16.05      11         11         0          0          0.0252     2.0867     102        128        135        143        151        158        185       
1165       47000      47000      161.90     30.85      0.1906     15.67      0.09       0.09       0.10       0          16.05      11         11         0          0          0.0252     2.0854     102        128        135        143        151        158        185       
1166       47000      47000      161.90     30.98      0.1914     15.65      0.09       0.09       0.10       0          16.05      11         11         0          0          0.0252     2.0830     102        128        135        143        151        158        185       
1167       47000      47000      161.90     31.21      0.1928     15.67      0.09       0.09       0.10       0          16.05      11         11         0          0          0.0252     2.0864     102        128        135        143        151        158        185       
1168       47000      47000      161.90     31.53      0.1947     15.64      0.09       0.09       0.10       0          16.05      11         11         0          0          0.0252     2.0849     102        128        135        143        151        158        185       
1169       47000      47000      161.90     30.92      0.1910     15.66      0.10       0.09       0.10       0          16.05      11         11         0          0          0.0252     2.0837     102        128        135        143        151        158        185       
1170       47000      47000      161.90     31.02      0.1916     15.67      0.10       0.09       0.10       0          16.05      11         11         0          0          0.0252     2.0815     102        128        135        143        151        158        185       
1171       47000      47000      161.90     29.96      0.1850     15.66      0.10       0.09       0.10       0          16.05      11         11         0          0          0.0252     2.0847     102        128        135        143        151        158        185       
1172       47000      47000      161.90     30.94      0.1911     15.70      0.10       0.09       0.10       0          16.05      11         11         0          0          0.0252     2.0846     102        128        135        143        151        158        185       
1173       47000      47000      161.90     30.48      0.1883     15.72      0.09       0.09       0.10       0          16.05      11         11         0          0          0.0252     2.0853     102        128        135        143        151        158        185       
1174       47000      47000      161.90     30.28      0.1871     15.68      0.10       0.09       0.10       0          16.05      11         11         0          0          0.0252     2.0841     102        128        135        143        151        158        185       
1175       47000      47000      161.91     30.88      0.1908     15.67      0.09       0.09       0.10       0          16.05      11         11         0          0          0.0252     2.0848     102        128        135        143        151        158        185       
1176       47000      47000      161.90     30.57      0.1888     15.60      0.09       0.09       0.10       0          16.05      11         11         0          0          0.0252     2.0839     102        128        135        143        151        158        185       
1177       47000      47000      161.90     31.01      0.1915     15.61      0.09       0.09       0.10       0          16.05      11         11         0          0          0.0252     2.0835     102        128        135        143        151        158        185       
1178       47000      47000      161.90     30.90      0.1909     15.66      0.09       0.09       0.10       0          16.05      11         11         0          0          0.0252     2.0843     102        128        135        143        151        158        185       
1179       47000      47000      161.91     31.56      0.1949     15.69      0.09       0.09       0.10       0          16.05      11         11         0          0          0.0252     2.0847     102        128        135        143        151        158        185       
1180       47000      47000      161.91     29.87      0.1845     15.68      0.10       0.09       0.10       0          16.05      11         11         0          0          0.0252     2.0849     102        128        135        143        151        158        185       
1181       47000      47000      161.89     31.27      0.1931     15.68      0.10       0.09       0.10       0          16.05      11         11         0          0          0.0252     2.0839     102        128        135        143        151        158        185       
1182       47000      47000      161.91     31.53      0.1947     15.67      0.09       0.09       0.10       0          16.05      11         11         0          0          0.0252     2.0843     102        128        135        143        151        158        185       
1183       47000      47000      161.90     30.57      0.1888     15.73      0.10       0.09       0.10       0          16.05      11         11         0          0          0.0252     2.0836     102        128        135        143        151        158        185       
1184       47000      47000      161.91     30.35      0.1874     15.74      0.09       0.09       0.10       0          16.05      11         11         0          0          0.0252     2.0856     102        128        135        143        151        158        185       
1185       47000      47000      161.90     30.96      0.1912     15.73      0.10       0.09       0.10       0          16.05      11         11         0          0          0.0252     2.0835     102        128        135        143        151        158        185       
1186       47000      47000      161.90     30.75      0.1899     15.68      0.10       0.09       0.10       0          16.05      11         11         0          0          0.0252     2.0825     102        128        135        143        151        158        185       
1187       47000      47000      161.90     32.23      0.1991     15.76      0.10       0.09       0.10       0          16.05      11         11         0          0          0.0252     2.0840     102        128        135        143        151        158        185       
1188       47000      47000      161.89     31.64      0.1954     15.72      0.10       0.09       0.10       0          16.05      11         11         0          0          0.0252     2.0825     102        128        135        143        151        158        185       
1189       47000      47000      161.90     30.87      0.1907     15.73      0.10       0.10       0.10       0          16.05      11         11         0          0          0.0252     2.0850     102        128        135        143        151        158        185       
1190       47000      47000      161.90     31.15      0.1924     15.79      0.09       0.10       0.10       0          16.05      11         11         0          0          0.0252     2.0834     102        128        135        143        151        158        185       
1191       47000      47000      161.89     30.96      0.1913     15.83      0.10       0.10       0.10       0          16.05      11         11         0          0          0.0252     2.0835     102        128        135        143        151        158        185       
1192       47000      47000      161.90     30.94      0.1911     15.77      0.10       0.09       0.10       0          16.05      11         11         0          0          0.0252     2.0814     102        128        135        143        151        158        185       
1193       47000      47000      161.90     30.05      0.1856     15.72      0.10       0.09       0.10       0          16.05      11         11         0          0          0.0252     2.0847     102        128        135        143        151        158        185       
1194       47000      47000      161.90     31.57      0.1950     15.77      0.09       0.09       0.10       0          16.05      11         11         0          0          0.0252     2.0838     102        128        135        143        151        158        185       
1195       47000      47000      161.90     30.48      0.1883     15.71      0.09       0.09       0.10       0          16.05      11         11         0          0          0.0252     2.0848     102        128        135        143        151        158        185       
1196       47000      47000      161.91     30.92      0.1910     15.74      0.09       0.09       0.10       0          16.05      11         11         0          0          0.0252     2.0835     102        128        135        143        151        158        185       
1197       47000      47000      161.90     31.03      0.1917     15.73      0.10       0.10       0.10       0          16.05      11         11         0          0          0.0252     2.0828     102        128        135        143        151        158        185       
1198       47000      47000      161.90     31.20      0.1927     15.71      0.09       0.09       0.10       0          16.05      11         11         0          0          0.0252     2.0823     102        128        135        143        151        158        185       
1199       47000      47000      161.91     31.51      0.1946     15.77      0.10       0.09       0.10       0          16.05      11         11         0          0          0.0252     2.0855     102        128        135        143        151        158        185       
1200       47000      47000      161.91     29.89      0.1846     15.72      0.09       0.09       0.10       0          16.05      11         11         0          0          0.0252     2.0844     102        128        135        143        151        158        185       
1201       47000      47000      161.90     31.37      0.1938     15.71      0.10       0.09       0.10       0          16.05      11         11         0          0          0.0252     2.0838     102        128        135        143        151        158        185       
1202       47000      47000      161.90     31.13      0.1923     15.72      0.09       0.09       0.10       0          16.05      11         11         0          0          0.0252     2.0858     102        128        135        143        151        158        185       
1203       47000      47000      161.90     30.76      0.1900     15.68      0.09       0.09       0.10       0          16.05      11         11         0          0          0.0252     2.0848     102        128        135        143        151        158        185       
1204       47000      47000      161.90     31.33      0.1935     15.72      0.09       0.09       0.10       0          16.05      11         11         0          0          0.0252     2.0852     102        128        135        143        151        158        185       
1205       47000      47000      161.89     30.47      0.1882     15.72      0.09       0.09       0.10       0          16.05      11         11         0          0          0.0252     2.0853     102        128        135        143        151        158        185       
1206       47000      47000      161.90     30.15      0.1862     15.67      0.09       0.09       0.10       0          16.05      11         11         0          0          0.0252     2.0847     102        128        135        143        151        158        185       
1207       47000      47000      161.90     31.51      0.1947     15.68      0.09       0.09       0.10       0          16.05      11         11         0          0          0.0252     2.0826     102        128        135        143        151        158        185       
1208       47000      47000      161.90     30.58      0.1889     15.70      0.09       0.09       0.10       0          16.05      11         11         0          0          0.0252     2.0842     102        128        135        143        151        158        185       
1209       47000      47000      161.91     31.16      0.1925     15.67      0.09       0.09       0.10       0          16.05      11         11         0          0          0.0252     2.0856     102        128        135        143        151        158        185       
1210       47000      47000      161.90     30.13      0.1861     15.73      0.09       0.09       0.10       0          16.05      11         11         0          0          0.0252     2.0830     102        128        135        143        151        158        185       
1211       47000      47000      161.90     31.21      0.1928     15.73      0.10       0.09       0.10       0          16.05      11         11         0          0          0.0252     2.0832     102        128        135        143        151        158        185       
1212       47000      47000      161.90     31.06      0.1919     15.78      0.10       0.10       0.10       0          16.05      11         11         0          0          0.0252     2.0824     102        128        135        143        151        158        185       
1213       47000      47000      161.91     30.87      0.1907     15.74      0.09       0.09       0.10       0          16.05      11         11         0          0          0.0252     2.0854     102        128        135        143        151        158        185       
1214       47000      47000      161.90     31.31      0.1934     15.73      0.09       0.09       0.10       0          16.05      11         11         0          0          0.0252     2.0842     102        128        135        143        151        158        185       
1215       47000      47000      161.90     30.87      0.1906     15.71      0.09       0.09       0.10       0          16.05      11         11         0          0          0.0252     2.0857     102        128        135        143        151        158        185       
1216       47000      47000      161.91     31.08      0.1920     15.71      0.09       0.09       0.10       0          16.05      11         11         0          0          0.0252     2.0835     102        128        135        143        151        158        185       
1217       47000      47000      161.90     31.27      0.1931     15.76      0.10       0.09       0.10       0          16.05      11         11         0          0          0.0252     2.0845     102        128        135        143        151        158        185       
1218       47000      47000      161.90     31.30      0.1933     15.77      0.10       0.09       0.10       0          16.05      11         11         0          0          0.0252     2.0859     102        128        135        143        151        158        185       
1219       47000      47000      161.90     30.56      0.1887     15.72      0.10       0.09       0.10       0          16.05      11         11         0          0          0.0252     2.0831     102        128        135        143        151        158        185       
1220       47000      47000      161.90     31.43      0.1941     15.74      0.10       0.09       0.10       0          16.05      11         11         0          0          0.0252     2.0820     102        128        135        143        151        158        185       
1221       47000      47000      161.91     31.02      0.1916     15.71      0.09       0.09       0.10       0          16.05      11         11         0          0          0.0252     2.0847     102        128        135        143        151        158        185       
1222       47000      47000      161.90     30.34      0.1874     15.72      0.10       0.09       0.10       0          16.05      11         11         0          0          0.0252     2.0831     102        128        135        143        151        158        185       
1223       47000      47000      161.90     30.28      0.1870     15.72      0.09       0.09       0.10       0          16.05      11         11         0          0          0.0252     2.0852     102        128        135        143        151        158        185       
1224       47000      47000      161.90     31.03      0.1916     15.71      0.10       0.09       0.10       0          16.05      11         11         0          0          0.0252     2.0843     102        128        135        143        151        158        185       
1225       47000      47000      161.90     30.93      0.1910     15.73      0.10       0.09       0.10       0          16.05      11         11         0          0          0.0252     2.0842     102        128        135        143        151        158        185       
1226       47000      47000      161.91     30.21      0.1866     15.69      0.09       0.09       0.10       0          16.05      11         11         0          0          0.0252     2.0851     102        128        135        143        151        158        185       
1227       47000      47000      161.91     31.27      0.1931     15.64      0.09       0.09       0.10       0          16.05      11         11         0          0          0.0252     2.0846     102        128        135        143        151        158        185       
1228       47000      47000      161.90     31.51      0.1946     15.66      0.09       0.09       0.10       0          16.05      11         11         0          0          0.0252     2.0854     102        128        135        143        151        158        185       
1229       47000      47000      161.90     31.30      0.1933     15.68      0.09       0.09       0.10       0          16.05      11         11         0          0          0.0252     2.0851     102        128        135        143        151        158        185       
1230       47000      47000      161.91     31.21      0.1927     15.77      0.09       0.09       0.10       0          16.05      11         11         0          0          0.0252     2.0845     102        128        135        143        151        158        185       
1231       47000      47000      161.91     31.41      0.1940     15.75      0.09       0.09       0.10       0          16.05      11         11         0          0          0.0252     2.0841     102        128        135        143        151        158        185       
1232       47000      47000      161.90     31.06      0.1919     15.78      0.09       0.10       0.10       0          16.05      11         11         0          0          0.0252     2.0848     102        128        135        143        151        158        185       
1233       47000      47000      161.90     30.91      0.1909     15.79      0.10       0.10       0.10       0          16.05      11         11         0          0          0.0252     2.0843     102        128        135        143        151        158        185       
1234       47000      47000      161.89     30.93      0.1910     15.78      0.10       0.10       0.10       0          16.05      11         11         0          0          0.0252     2.0854     102        128        135        143        151        158        185       
1235       47000      47000      161.89     31.75      0.1961     15.82      0.10       0.10       0.10       0          16.05      11         11         0          0          0.0252     2.0840     102        128        135        143        151        158        185       
1236       47000      47000      161.91     31.37      0.1938     15.81      0.10       0.10       0.10       0          16.05      11         11         0          0          0.0252     2.0850     102        128        135        143        151        158        185       
1237       47000      47000      161.90     30.77      0.1900     15.75      0.10       0.09       0.10       0          16.05      11         11         0          0          0.0252     2.0849     102        128        135        143        151        158        185       
1238       47000      47000      161.90     31.46      0.1943     15.77      0.09       0.10       0.10       0          16.05      11         11         0          0          0.0252     2.0858     102        128        135        143        151        158        185       
1239       47000      47000      161.89     30.73      0.1898     15.75      0.10       0.10       0.10       0          16.05      11         11         0          0          0.0252     2.0842     102        128        135        143        151        158        185       
1240       47000      47000      161.90     31.40      0.1939     15.82      0.10       0.10       0.10       0          16.05      11         11         0          0          0.0252     2.0844     102        128        135        143        151        158        185       
1241       47000      47000      161.90     30.42      0.1879     15.79      0.09       0.10       0.10       0          16.05      11         11         0          0          0.0252     2.0824     102        128        135        143        151        158        185       
1242       47000      47000      161.91     31.71      0.1959     15.75      0.10       0.10       0.10       0          16.05      11         11         0          0          0.0252     2.0855     102        128        135        143        151        158        185       
1243       47000      47000      161.91     31.59      0.1951     15.79      0.10       0.10       0.10       0          16.05      11         11         0          0          0.0252     2.0838     102        128        135        143        151        158        185       
1244       47000      47000      161.91     30.53      0.1886     15.81      0.10       0.10       0.10       0          16.05      11         11         0          0          0.0252     2.0856     102        128        135        143        151        158        185       
1245       47000      47000      161.90     30.74      0.1899     15.80      0.10       0.10       0.10       0          16.05      11         11         0          0          0.0252     2.0844     102        128        135        143        151        158        185       
1246       47000      47000      161.91     30.74      0.1899     15.76      0.10       0.10       0.10       0          16.05      11         11         0          0          0.0252     2.0837     102        128        135        143        151        158        185       
1247       47000      47000      161.90     31.62      0.1953     15.78      0.10       0.10       0.10       0          16.05      11         11         0          0          0.0252     2.0850     102        128        135        143        151        158        185       
1248       47000      47000      161.90     31.18      0.1926     15.81      0.10       0.10       0.10       0          16.05      11         11         0          0          0.0252     2.0840     102        128        135        143        151        158        185       
1249       47000      47000      161.90     31.85      0.1967     15.84      0.10       0.10       0.10       0          16.05      11         11         0          0          0.0252     2.0838     102        128        135        143        151        158        185       
1250       47000      47000      161.89     30.94      0.1911     15.82      0.10       0.10       0.10       0          16.05      11         11         0          0          0.0252     2.0853     102        128        135        143        151        158        185       
1251       47000      47000      161.90     30.89      0.1908     15.84      0.10       0.10       0.10       0          16.05      11         11         0          0          0.0252     2.0833     102        128        135        143        151        158        185       
1252       47000      47000      161.91     31.25      0.1930     15.87      0.10       0.10       0.10       0          16.05      11         11         0          0          0.0252     2.0847     102        128        135        143        151        158        185       
1253       47000      47000      161.89     30.95      0.1912     15.78      0.10       0.10       0.10       0          16.05      11         11         0          0          0.0252     2.0865     102        128        135        143        151        158        185       
1254       47000      47000      161.90     30.96      0.1912     15.81      0.10       0.10       0.10       0          16.05      11         11         0          0          0.0252     2.0836     102        128        135        143        151        158        185       
1255       47000      47000      161.90     30.66      0.1894     15.81      0.10       0.10       0.10       0          16.05      11         11         0          0          0.0252     2.0860     102        128        135        143        151        158        185       
1256       47000      47000      161.91     31.80      0.1964     15.76      0.10       0.10       0.10       0          16.05      11         11         0          0          0.0252     2.0837     102        128        135        143        151        158        185       
1257       47000      47000      161.90     31.53      0.1948     15.83      0.09       0.10       0.10       0          16.05      11         11         0          0          0.0252     2.0846     102        128        135        143        151        158        185       
1258       47000      47000      161.90     31.07      0.1919     15.84      0.10       0.10       0.10       0          16.05      11         11         0          0          0.0252     2.0848     102        128        135        143        151        158        185       
1259       47000      47000      161.91     31.41      0.1940     15.83      0.10       0.10       0.10       0          16.05      11         11         0          0          0.0252     2.0839     102        128        135        143        151        158        185       
1260       47000      47000      161.90     31.11      0.1921     15.85      0.09       0.10       0.10       0          16.05      11         11         0          0          0.0252     2.0823     102        128        135        143        151        158        185       
1261       47000      47000      161.90     30.95      0.1912     15.80      0.09       0.10       0.10       0          16.05      11         11         0          0          0.0252     2.0852     102        128        135        143        151        158        185       
1262       47000      47000      161.90     31.02      0.1916     15.74      0.10       0.09       0.10       0          16.05      11         11         0          0          0.0252     2.0853     102        128        135        143        151        158        185       
1263       47000      47000      161.91     31.31      0.1934     15.82      0.10       0.10       0.10       0          16.05      11         11         0          0          0.0252     2.0852     102        128        135        143        151        158        185       
1264       47000      47000      161.89     31.25      0.1930     15.81      0.10       0.10       0.10       0          16.05      11         11         0          0          0.0252     2.0855     102        128        135        143        151        158        185       
1265       47000      47000      161.90     31.54      0.1948     15.84      0.10       0.10       0.10       0          16.05      11         11         0          0          0.0252     2.0862     102        128        135        143        151        158        185       
1266       47000      47000      161.90     31.00      0.1915     15.88      0.10       0.10       0.10       0          16.05      11         11         0          0          0.0252     2.0869     102        128        135        143        151        158        185       
1267       47000      47000      161.90     30.99      0.1914     15.84      0.09       0.10       0.10       0          16.05      11         11         0          0          0.0252     2.0848     102        128        135        143        151        158        185       
1268       47000      47000      161.90     31.02      0.1916     15.81      0.10       0.10       0.10       0          16.05      11         11         0          0          0.0252     2.0862     102        128        135        143        151        158        185       
1269       47000      47000      161.89     31.05      0.1918     15.81      0.10       0.10       0.10       0          16.05      11         11         0          0          0.0252     2.0857     102        128        135        143        151        158        185       
1270       47000      47000      161.90     30.92      0.1910     15.80      0.09       0.10       0.10       0          16.05      11         11         0          0          0.0252     2.0853     102        128        135        143        151        158        185       
1271       47000      47000      161.90     30.74      0.1899     15.82      0.10       0.10       0.10       0          16.05      11         11         0          0          0.0252     2.0871     102        128        135        143        151        158        185       
1272       47000      47000      161.91     30.48      0.1883     15.78      0.10       0.10       0.10       0          16.05      11         11         0          0          0.0252     2.0837     102        128        135        143        151        158        185       
1273       47000      47000      161.90     31.62      0.1953     15.81      0.10       0.10       0.10       0          16.05      11         11         0          0          0.0252     2.0825     102        128        135        143        151        158        185       
1274       47000      47000      161.91     31.14      0.1923     15.78      0.10       0.10       0.10       0          16.05      11         11         0          0          0.0252     2.0832     102        128        135        143        151        158        185       
1275       47000      47000      161.90     31.20      0.1927     15.83      0.10       0.10       0.10       0          16.05      11         11         0          0          0.0252     2.0851     102        128        135        143        151        158        185       
1276       47000      47000      161.90     31.65      0.1955     15.83      0.09       0.10       0.10       0          16.05      11         11         0          0          0.0252     2.0841     102        128        135        143        151        158        185       
1277       47000      47000      161.90     30.59      0.1890     15.76      0.10       0.10       0.10       0          16.05      11         11         0          0          0.0252     2.0833     102        128        135        143        151        158        185       
1278       47000      47000      161.91     30.54      0.1886     15.77      0.10       0.10       0.10       0          16.05      11         11         0          0          0.0252     2.0862     102        128        135        143        151        158        185       
1279       47000      47000      161.90     30.72      0.1897     15.80      0.09       0.10       0.10       0          16.05      11         11         0          0          0.0252     2.0852     102        128        135        143        151        158        185       
1280       47000      47000      161.91     31.01      0.1915     15.79      0.10       0.10       0.10       0          16.05      11         11         0          0          0.0252     2.0843     102        128        135        143        151        158        185       
1281       47000      47000      161.90     30.89      0.1908     15.81      0.09       0.10       0.10       0          16.05      11         11         0          0          0.0252     2.0835     102        128        135        143        151        158        185       
1282       47000      47000      161.90     31.07      0.1919     15.81      0.09       0.10       0.10       0          16.05      11         11         0          0          0.0252     2.0854     102        128        135        143        151        158        185       
1283       47000      47000      161.90     31.64      0.1955     15.80      0.10       0.10       0.10       0          16.05      11         11         0          0          0.0252     2.0843     102        128        135        143        151        158        185       
1284       47000      47000      161.90     30.69      0.1896     15.79      0.10       0.10       0.10       0          16.05      11         11         0          0          0.0252     2.0835     102        128        135        143        151        158        185       
1285       47000      47000      161.89     31.06      0.1919     15.77      0.09       0.10       0.10       0          16.05      11         11         0          0          0.0252     2.0849     102        128        135        143        151        158        185       
1286       47000      47000      161.90     32.20      0.1989     15.74      0.09       0.10       0.10       0          16.05      11         11         0          0          0.0252     2.0863     102        128        135        143        151        158        185       
1287       47000      47000      161.90     30.75      0.1899     15.78      0.09       0.10       0.10       0          16.05      11         11         0          0          0.0252     2.0825     102        128        135        143        151        158        185       
1288       47000      47000      161.90     31.14      0.1923     15.74      0.10       0.09       0.10       0          16.05      11         11         0          0          0.0252     2.0832     102        128        135        143        151        158        185       
1289       47000      47000      161.90     30.93      0.1910     15.75      0.10       0.10       0.10       0          16.05      11         11         0          0          0.0252     2.0835     102        128        135        143        151        158        185       
1290       47000      47000      161.91     30.67      0.1894     15.73      0.09       0.10       0.10       0          16.05      11         11         0          0          0.0252     2.0869     102        128        135        143        151        158        185       
1291       47000      47000      161.90     30.95      0.1912     15.76      0.10       0.10       0.10       0          16.05      11         11         0          0          0.0252     2.0846     102        128        135        143        151        158        185       
1292       47000      47000      161.90     31.23      0.1929     15.80      0.10       0.10       0.10       0          16.05      11         11         0          0          0.0252     2.0831     102        128        135        143        151        158        185       
1293       47000      47000      161.90     31.33      0.1935     15.77      0.10       0.10       0.10       0          16.05      11         11         0          0          0.0252     2.0816     102        128        135        143        151        158        185       
1294       47000      47000      161.91     31.14      0.1923     15.80      0.09       0.10       0.10       0          16.05      11         11         0          0          0.0252     2.0870     102        128        135        143        151        158        185       
1295       47000      47000      161.90     31.47      0.1944     15.82      0.10       0.10       0.10       0          16.05      11         11         0          0          0.0252     2.0847     102        128        135        143        151        158        185       
1296       47000      47000      161.90     31.85      0.1968     15.82      0.10       0.10       0.10       0          16.05      11         11         0          0          0.0252     2.0837     102        128        135        143        151        158        185       
1297       47000      47000      161.91     30.98      0.1913     15.75      0.09       0.10       0.10       0          16.05      11         11         0          0          0.0252     2.0822     102        128        135        143        151        158        185       
1298       47000      47000      161.90     31.08      0.1920     15.83      0.10       0.10       0.10       0          16.05      11         11         0          0          0.0252     2.0837     102        128        135        143        151        158        185       
1299       47000      47000      161.90     31.33      0.1935     15.80      0.10       0.10       0.10       0          16.05      11         11         0          0          0.0252     2.0853     102        128        135        143        151        158        185       
1300       47000      47000      161.90     31.23      0.1929     15.81      0.10       0.10       0.10       0          16.05      11         11         0          0          0.0252     2.0835     102        128        135        143        151        158        185       
1301       47000      47000      161.90     31.62      0.1953     15.79      0.09       0.10       0.10       0          16.05      11         11         0          0          0.0252     2.0847     102        128        135        143        151        158        185       
1302       47000      47000      161.90     31.66      0.1955     15.85      0.10       0.10       0.10       0          16.05      11         11         0          0          0.0252     2.0837     102        128        135        143        151        158        185       
1303       47000      47000      161.90     31.81      0.1965     15.86      0.10       0.10       0.10       0          16.05      11         11         0          0          0.0252     2.0847     102        128        135        143        151        158        185       
1304       47000      47000      161.90     31.02      0.1916     15.85      0.10       0.10       0.10       0          16.05      11         11         0          0          0.0252     2.0868     102        128        135        143        151        158        185       
1305       47000      47000      161.90     31.49      0.1945     15.87      0.10       0.10       0.10       0          16.05      11         11         0          0          0.0252     2.0840     102        128        135        143        151        158        185       
1306       47000      47000      161.90     30.87      0.1907     15.88      0.10       0.10       0.10       0          16.05      11         11         0          0          0.0252     2.0829     102        128        135        143        151        158        185       
1307       47000      47000      161.90     30.19      0.1865     15.87      0.10       0.10       0.10       0          16.05      11         11         0          0          0.0252     2.0855     102        128        135        143        151        158        185       
1308       47000      47000      161.90     30.85      0.1906     15.87      0.10       0.10       0.10       0          16.05      11         11         0          0          0.0252     2.0833     102        128        135        143        151        158        185       
1309       47000      47000      161.91     30.47      0.1882     15.87      0.09       0.10       0.10       0          16.05      11         11         0          0          0.0252     2.0823     102        128        135        143        151        158        185       
1310       47000      47000      161.90     31.08      0.1920     15.84      0.09       0.10       0.10       0          16.05      11         11         0          0          0.0252     2.0827     102        128        135        143        151        158        185       
1311       47000      47000      161.90     31.73      0.1960     15.82      0.10       0.10       0.10       0          16.05      11         11         0          0          0.0252     2.0849     102        128        135        143        151        158        185       
1312       47000      47000      161.90     31.29      0.1933     15.82      0.10       0.10       0.10       0          16.05      11         11         0          0          0.0252     2.0851     102        128        135        143        151        158        185       
1313       47000      47000      161.90     30.29      0.1871     15.87      0.09       0.10       0.10       0          16.05      11         11         0          0          0.0252     2.0859     102        128        135        143        151        158        185       
1314       47000      47000      161.90     30.82      0.1904     15.88      0.10       0.10       0.10       0          16.05      11         11         0          0          0.0252     2.0826     102        128        135        143        151        158        185       
1315       47000      47000      161.90     30.95      0.1912     15.78      0.09       0.10       0.10       0          16.05      11         11         0          0          0.0252     2.0846     102        128        135        143        151        158        185       
1316       47000      47000      161.90     30.63      0.1892     15.80      0.10       0.10       0.10       0          16.05      11         11         0          0          0.0252     2.0857     102        128        135        143        151        158        185       
1317       47000      47000      161.90     31.94      0.1973     15.78      0.10       0.10       0.10       0          16.05      11         11         0          0          0.0252     2.0846     102        128        135        143        151        158        185       
1318       47000      47000      161.90     30.64      0.1892     15.75      0.10       0.09       0.10       0          16.05      11         11         0          0          0.0252     2.0850     102        128        135        143        151        158        185       
1319       47000      47000      161.90     30.86      0.1906     15.75      0.10       0.09       0.10       0          16.05      11         11         0          0          0.0252     2.0834     102        128        135        143        151        158        185       
1320       47000      47000      161.90     31.42      0.1940     15.79      0.10       0.10       0.10       0          16.05      11         11         0          0          0.0252     2.0856     102        128        135        143        151        158        185       
1321       47000      47000      161.90     30.51      0.1885     15.73      0.09       0.10       0.10       0          16.05      11         11         0          0          0.0252     2.0833     102        128        135        143        151        158        185       
1322       47000      47000      161.90     31.39      0.1939     15.78      0.10       0.10       0.10       0          16.05      11         11         0          0          0.0252     2.0840     102        128        135        143        151        158        185       
1323       47000      47000      161.90     30.71      0.1897     15.80      0.10       0.10       0.10       0          16.05      11         11         0          0          0.0252     2.0832     102        128        135        143        151        158        185       
1324       47000      47000      161.90     30.86      0.1906     15.80      0.10       0.10       0.10       0          16.05      11         11         0          0          0.0252     2.0848     102        128        135        143        151        158        185       
1325       47000      47000      161.91     29.77      0.1839     15.75      0.10       0.09       0.10       0          16.05      11         11         0          0          0.0252     2.0833     102        128        135        143        151        158        185       
1326       47000      47000      161.90     30.51      0.1885     15.73      0.10       0.09       0.10       0          16.05      11         11         0          0          0.0252     2.0863     102        128        135        143        151        158        185       
1327       47000      47000      161.91     30.12      0.1860     15.70      0.09       0.09       0.10       0          16.05      11         11         0          0          0.0252     2.0873     102        128        135        143        151        158        185       
1328       47000      47000      161.90     30.91      0.1909     15.76      0.10       0.09       0.10       0          16.05      11         11         0          0          0.0252     2.0837     102        128        135        143        151        158        185       
1329       47000      47000      161.89     31.37      0.1938     15.72      0.09       0.09       0.10       0          16.05      11         11         0          0          0.0252     2.0834     102        128        135        143        151        158        185       
1330       47000      47000      161.90     31.18      0.1926     15.76      0.10       0.10       0.10       0          16.05      11         11         0          0          0.0252     2.0866     102        128        135        143        151        158        185       
1331       47000      47000      161.91     30.73      0.1898     15.78      0.10       0.10       0.10       0          16.05      11         11         0          0          0.0252     2.0846     102        128        135        143        151        158        185       
1332       47000      47000      161.90     30.21      0.1866     15.77      0.10       0.10       0.10       0          16.05      11         11         0          0          0.0252     2.0873     102        128        135        143        151        158        185       
1333       47000      47000      161.90     31.29      0.1932     15.74      0.09       0.09       0.10       0          16.05      11         11         0          0          0.0252     2.0844     102        128        135        143        151        158        185       
1334       47000      47000      161.90     31.06      0.1918     15.75      0.09       0.09       0.10       0          16.05      11         11         0          0          0.0252     2.0849     102        128        135        143        151        158        185       
1335       47000      47000      161.90     30.80      0.1902     15.77      0.09       0.10       0.10       0          16.05      11         11         0          0          0.0252     2.0838     102        128        135        143        151        158        185       
1336       47000      47000      161.90     31.64      0.1954     15.78      0.09       0.10       0.10       0          16.05      11         11         0          0          0.0252     2.0861     102        128        135        143        151        158        185       
1337       47000      47000      161.90     30.56      0.1887     15.78      0.10       0.10       0.10       0          16.05      11         11         0          0          0.0252     2.0874     102        128        135        143        151        158        185       
1338       47000      47000      161.90     31.36      0.1937     15.76      0.10       0.10       0.10       0          16.05      11         11         0          0          0.0252     2.0867     102        128        135        143        151        158        185       
1339       47000      47000      161.90     30.63      0.1892     15.75      0.10       0.09       0.10       0          16.05      11         11         0          0          0.0252     2.0846     102        128        135        143        151        158        185       
1340       47000      47000      161.90     30.90      0.1909     15.75      0.10       0.09       0.10       0          16.05      11         11         0          0          0.0252     2.0861     102        128        135        143        151        158        185       
1341       47000      47000      161.91     30.56      0.1887     15.79      0.10       0.09       0.10       0          16.05      11         11         0          0          0.0252     2.0834     102        128        135        143        151        158        185       
1342       47000      47000      161.90     31.75      0.1961     15.83      0.10       0.10       0.10       0          16.05      11         11         0          0          0.0252     2.0849     102        128        135        143        151        158        185       
1343       47000      47000      161.90     30.56      0.1887     15.78      0.10       0.10       0.10       0          16.05      11         11         0          0          0.0252     2.0826     102        128        135        143        151        158        185       
1344       47000      47000      161.90     31.15      0.1924     15.79      0.10       0.10       0.10       0          16.05      11         11         0          0          0.0252     2.0824     102        128        135        143        151        158        185       
1345       47000      47000      161.90     30.90      0.1909     15.80      0.10       0.10       0.10       0          16.05      11         11         0          0          0.0252     2.0853     102        128        135        143        151        158        185       
1346       47000      47000      161.91     30.97      0.1913     15.77      0.10       0.10       0.10       0          16.05      11         11         0          0          0.0252     2.0832     102        128        135        143        151        158        185       
1347       47000      47000      161.90     31.24      0.1930     15.77      0.10       0.10       0.10       0          16.05      11         11         0          0          0.0252     2.0841     102        128        135        143        151        158        185       
1348       47000      47000      161.89     30.62      0.1892     15.81      0.10       0.10       0.10       0          16.05      11         11         0          0          0.0252     2.0837     102        128        135        143        151        158        185       
1349       47000      47000      161.90     31.00      0.1915     15.85      0.09       0.10       0.10       0          16.05      11         11         0          0          0.0252     2.0853     102        128        135        143        151        158        185       
1350       47000      47000      161.90     30.77      0.1901     15.78      0.10       0.10       0.10       0          16.05      11         11         0          0          0.0252     2.0824     102        128        135        143        151        158        185       
1351       47000      47000      161.90     31.05      0.1918     15.73      0.10       0.09       0.10       0          16.05      11         11         0          0          0.0252     2.0811     102        128        135        143        151        158        185       
1352       47000      47000      161.91     30.07      0.1857     15.76      0.10       0.10       0.10       0          16.05      11         11         0          0          0.0252     2.0840     102        128        135        143        151        158        185       
1353       47000      47000      161.90     31.44      0.1942     15.78      0.10       0.10       0.10       0          16.05      11         11         0          0          0.0252     2.0867     102        128        135        143        151        158        185       
1354       47000      47000      161.90     31.02      0.1916     15.80      0.10       0.10       0.10       0          16.05      11         11         0          0          0.0252     2.0863     102        128        135        143        151        158        185       
1355       47000      47000      161.89     31.10      0.1921     15.82      0.10       0.10       0.10       0          16.05      11         11         0          0          0.0252     2.0846     102        128        135        143        151        158        185       
1356       47000      47000      161.90     30.70      0.1897     15.77      0.10       0.10       0.10       0          16.05      11         11         0          0          0.0252     2.0852     102        128        135        143        151        158        185       
1357       47000      47000      161.90     30.23      0.1867     15.79      0.10       0.10       0.10       0          16.05      11         11         0          0          0.0252     2.0830     102        128        135        143        151        158        185       
1358       47000      47000      161.90     31.04      0.1917     15.82      0.10       0.10       0.10       0          16.05      11         11         0          0          0.0252     2.0857     102        128        135        143        151        158        185       
1359       47000      47000      161.91     31.60      0.1952     15.80      0.10       0.10       0.10       0          16.05      11         11         0          0          0.0252     2.0841     102        128        135        143        151        158        185       
1360       47000      47000      161.90     31.27      0.1932     15.85      0.10       0.10       0.10       0          16.05      11         11         0          0          0.0252     2.0847     102        128        135        143        151        158        185       
1361       47000      47000      161.90     31.43      0.1941     15.86      0.10       0.10       0.10       0          16.05      11         11         0          0          0.0252     2.0863     102        128        135        143        151        158        185       
1362       47000      47000      161.89     30.50      0.1884     15.83      0.10       0.10       0.10       0          16.05      11         11         0          0          0.0252     2.0814     102        128        135        143        151        158        185       
1363       47000      47000      161.91     31.20      0.1927     15.84      0.10       0.10       0.10       0          16.05      11         11         0          0          0.0252     2.0834     102        128        135        143        151        158        185       
1364       47000      47000      161.90     30.15      0.1862     15.78      0.09       0.10       0.10       0          16.05      11         11         0          0          0.0252     2.0830     102        128        135        143        151        158        185       
1365       47000      47000      161.91     31.41      0.1940     15.75      0.10       0.10       0.10       0          16.05      11         11         0          0          0.0252     2.0834     102        128        135        143        151        158        185       
1366       47000      47000      161.90     30.62      0.1891     15.81      0.10       0.10       0.10       0          16.05      11         11         0          0          0.0252     2.0870     102        128        135        143        151        158        185       
1367       47000      47000      161.90     30.51      0.1884     15.78      0.10       0.10       0.10       0          16.05      11         11         0          0          0.0252     2.0833     102        128        135        143        151        158        185       
1368       47000      47000      161.90     31.60      0.1952     15.76      0.10       0.09       0.10       0          16.05      11         11         0          0          0.0252     2.0838     102        128        135        143        151        158        185       
1369       47000      47000      161.91     30.70      0.1896     15.70      0.10       0.09       0.10       0          16.05      11         11         0          0          0.0252     2.0836     102        128        135        143        151        158        185       
1370       47000      47000      161.91     30.95      0.1912     15.75      0.10       0.09       0.10       0          16.05      11         11         0          0          0.0252     2.0863     102        128        135        143        151        158        185       
1371       47000      47000      161.90     31.34      0.1936     15.85      0.10       0.10       0.10       0          16.05      11         11         0          0          0.0252     2.0866     102        128        135        143        151        158        185       
1372       47000      47000      161.90     30.65      0.1893     15.84      0.10       0.10       0.10       0          16.05      11         11         0          0          0.0252     2.0852     102        128        135        143        151        158        185       
1373       47000      47000      161.91     31.60      0.1952     15.78      0.10       0.10       0.10       0          16.05      11         11         0          0          0.0252     2.0852     102        128        135        143        151        158        185       
1374       47000      47000      161.90     31.25      0.1930     15.73      0.10       0.09       0.10       0          16.05      11         11         0          0          0.0252     2.0861     102        128        135        143        151        158        185       
1375       47000      47000      161.90     30.00      0.1853     15.82      0.10       0.10       0.10       0          16.05      11         11         0          0          0.0252     2.0836     102        128        135        143        151        158        185       
1376       47000      47000      161.90     31.11      0.1922     15.80      0.10       0.10       0.10       0          16.05      11         11         0          0          0.0252     2.0832     102        128        135        143        151        158        185       
1377       47000      47000      161.90     31.15      0.1924     15.86      0.10       0.10       0.10       0          16.05      11         11         0          0          0.0252     2.0840     102        128        135        143        151        158        185       
1378       47000      47000      161.90     30.67      0.1894     15.84      0.10       0.10       0.10       0          16.05      11         11         0          0          0.0252     2.0832     102        128        135        143        151        158        185       
1379       47000      47000      161.90     31.42      0.1941     15.83      0.10       0.10       0.10       0          16.05      11         11         0          0          0.0252     2.0838     102        128        135        143        151        158        185       
1380       47000      47000      161.90     30.83      0.1904     15.83      0.10       0.10       0.10       0          16.05      11         11         0          0          0.0252     2.0850     102        128        135        143        151        158        185       
1381       47000      47000      161.90     30.99      0.1914     15.79      0.10       0.10       0.10       0          16.05      11         11         0          0          0.0252     2.0864     102        128        135        143        151        158        185       
1382       47000      47000      161.90     31.50      0.1946     15.85      0.09       0.10       0.10       0          16.05      11         11         0          0          0.0252     2.0834     102        128        135        143        151        158        185       
1383       47000      47000      161.90     31.47      0.1944     15.79      0.09       0.10       0.10       0          16.05      11         11         0          0          0.0252     2.0851     102        128        135        143        151        158        185       
1384       47000      47000      161.90     30.39      0.1877     15.83      0.09       0.10       0.10       0          16.05      11         11         0          0          0.0252     2.0837     102        128        135        143        151        158        185       
1385       47000      47000      161.90     31.28      0.1932     15.84      0.10       0.10       0.10       0          16.05      11         11         0          0          0.0252     2.0837     102        128        135        143        151        158        185       
1386       47000      47000      161.90     31.57      0.1950     15.85      0.10       0.10       0.10       0          16.05      11         11         0          0          0.0252     2.0837     102        128        135        143        151        158        185       
1387       47000      47000      161.90     31.15      0.1924     15.87      0.10       0.10       0.10       0          16.05      11         11         0          0          0.0252     2.0857     102        128        135        143        151        158        185       
1388       47000      47000      161.90     30.02      0.1854     15.83      0.10       0.10       0.10       0          16.05      11         11         0          0          0.0252     2.0847     102        128        135        143        151        158        185       
1389       47000      47000      161.89     31.54      0.1948     15.79      0.10       0.10       0.10       0          16.05      11         11         0          0          0.0252     2.0845     102        128        135        143        151        158        185       
1390       47000      47000      161.90     30.26      0.1869     15.81      0.10       0.10       0.10       0          16.05      11         11         0          0          0.0252     2.0844     102        128        135        143        151        158        185       
1391       47000      47000      161.89     31.10      0.1921     15.80      0.09       0.10       0.10       0          16.05      11         11         0          0          0.0252     2.0826     102        128        135        143        151        158        185       
1392       47000      47000      161.91     31.43      0.1941     15.79      0.10       0.10       0.10       0          16.05      11         11         0          0          0.0252     2.0841     102        128        135        143        151        158        185       
1393       47000      47000      161.90     31.27      0.1932     15.78      0.10       0.10       0.10       0          16.05      11         11         0          0          0.0252     2.0868     102        128        135        143        151        158        185       
1394       47000      47000      161.90     30.92      0.1910     15.85      0.10       0.10       0.10       0          16.05      11         11         0          0          0.0252     2.0831     102        128        135        143        151        158        185       
1395       47000      47000      161.89     30.65      0.1893     15.83      0.10       0.10       0.10       0          16.05      11         11         0          0          0.0252     2.0838     102        128        135        143        151        158        185       
1396       47000      47000      161.90     31.05      0.1918     15.81      0.10       0.10       0.10       0          16.05      11         11         0          0          0.0252     2.0839     102        128        135        143        151        158        185       
1397       47000      47000      161.91     31.64      0.1954     15.89      0.10       0.10       0.10       0          16.05      11         11         0          0          0.0252     2.0855     102        128        135        143        151        158        185       
1398       47000      47000      161.90     31.04      0.1917     15.88      0.10       0.10       0.10       0          16.05      11         11         0          0          0.0252     2.0828     102        128        135        143        151        158        185       
1399       47000      47000      161.90     31.78      0.1963     15.91      0.10       0.10       0.10       0          16.05      11         11         0          0          0.0252     2.0842     102        128        135        143        151        158        185       
1400       47000      47000      161.89     31.92      0.1972     15.93      0.10       0.10       0.10       0          16.05      11         11         0          0          0.0252     2.0849     102        128        135        143        151        158        185       
1401       47000      47000      161.90     31.05      0.1918     15.94      0.10       0.10       0.10       0          16.05      11         11         0          0          0.0252     2.0853     102        128        135        143        151        158        185       
1402       47000      47000      161.90     31.47      0.1944     15.93      0.10       0.10       0.10       0          16.05      11         11         0          0          0.0252     2.0855     102        128        135        143        151        158        185       
1403       47000      47000      161.89     30.95      0.1912     15.92      0.10       0.10       0.10       0          16.05      11         11         0          0          0.0252     2.0845     102        128        135        143        151        158        185       
1404       47000      47000      161.89     31.69      0.1958     15.89      0.10       0.10       0.10       0          16.05      11         11         0          0          0.0252     2.0861     102        128        135        143        151        158        185       
1405       47000      47000      161.90     31.63      0.1954     15.92      0.10       0.10       0.10       0          16.05      11         11         0          0          0.0252     2.0828     102        128        135        143        151        158        185       
1406       47000      47000      161.90     31.59      0.1951     15.92      0.10       0.10       0.10       0          16.05      11         11         0          0          0.0252     2.0841     102        128        135        143        151        158        185       
1407       47000      47000      161.91     31.24      0.1929     15.93      0.10       0.10       0.10       0          16.05      11         11         0          0          0.0252     2.0843     102        128        135        143        151        158        185       
1408       47000      47000      161.90     30.33      0.1873     15.92      0.10       0.10       0.10       0          16.05      11         11         0          0          0.0252     2.0844     102        128        135        143        151        158        185       
1409       47000      47000      161.90     30.79      0.1902     15.89      0.10       0.10       0.10       0          16.05      11         11         0          0          0.0252     2.0837     102        128        135        143        151        158        185       
1410       47000      47000      161.91     31.60      0.1952     15.88      0.10       0.10       0.10       0          16.05      11         11         0          0          0.0252     2.0823     102        128        135        143        151        158        185       
1411       47000      47000      161.90     30.65      0.1893     15.87      0.10       0.10       0.10       0          16.05      11         11         0          0          0.0252     2.0854     102        128        135        143        151        158        185       
1412       47000      47000      161.89     30.72      0.1898     15.91      0.10       0.10       0.10       0          16.05      11         11         0          0          0.0252     2.0835     102        128        135        143        151        158        185       
1413       47000      47000      161.91     31.29      0.1933     15.85      0.10       0.10       0.10       0          16.05      11         11         0          0          0.0252     2.0845     102        128        135        143        151        158        185       
1414       47000      47000      161.91     31.10      0.1921     15.85      0.10       0.10       0.10       0          16.05      11         11         0          0          0.0252     2.0848     102        128        135        143        151        158        185       
1415       47000      47000      161.90     31.26      0.1931     15.88      0.10       0.10       0.10       0          16.05      11         11         0          0          0.0252     2.0845     102        128        135        143        151        158        185       
1416       47000      47000      161.90     31.24      0.1929     15.83      0.10       0.10       0.10       0          16.05      11         11         0          0          0.0252     2.0861     102        128        135        143        151        158        185       
1417       47000      47000      161.90     30.86      0.1906     15.87      0.10       0.10       0.10       0          16.05      11         11         0          0          0.0252     2.0816     102        128        135        143        151        158        185       
1418       47000      47000      161.90     31.39      0.1939     15.93      0.10       0.10       0.10       0          16.05      11         11         0          0          0.0252     2.0823     102        128        135        143        151        158        185       
1419       47000      47000      161.90     31.61      0.1952     15.90      0.09       0.10       0.10       0          16.05      11         11         0          0          0.0252     2.0834     102        128        135        143        151        158        185       
1420       47000      47000      161.90     31.40      0.1939     15.90      0.09       0.10       0.10       0          16.05      11         11         0          0          0.0252     2.0843     102        128        135        143        151        158        185       
1421       47000      47000      161.90     31.00      0.1915     15.84      0.09       0.10       0.10       0          16.05      11         11         0          0          0.0252     2.0844     102        128        135        143        151        158        185       
1422       47000      47000      161.90     31.51      0.1946     15.94      0.10       0.10       0.10       0          16.05      11         11         0          0          0.0252     2.0829     102        128        135        143        151        158        185       
1423       47000      47000      161.90     31.51      0.1946     15.90      0.10       0.10       0.10       0          16.05      11         11         0          0          0.0252     2.0847     102        128        135        143        151        158        185       
1424       47000      47000      161.89     30.23      0.1867     15.91      0.10       0.10       0.10       0          16.05      11         11         0          0          0.0252     2.0851     102        128        135        143        151        158        185       
1425       47000      47000      161.90     31.26      0.1931     15.87      0.10       0.10       0.10       0          16.05      11         11         0          0          0.0252     2.0846     102        128        135        143        151        158        185       
1426       47000      47000      161.90     30.60      0.1890     15.84      0.10       0.10       0.10       0          16.05      11         11         0          0          0.0252     2.0836     102        128        135        143        151        158        185       
1427       47000      47000      161.90     31.16      0.1925     15.87      0.10       0.10       0.10       0          16.05      11         11         0          0          0.0252     2.0840     102        128        135        143        151        158        185       
1428       47000      47000      161.90     31.33      0.1935     15.85      0.10       0.10       0.10       0          16.05      11         11         0          0          0.0252     2.0852     102        128        135        143        151        158        185       
1429       47000      47000      161.91     31.56      0.1950     15.86      0.10       0.10       0.10       0          16.05      11         11         0          0          0.0252     2.0823     102        128        135        143        151        158        185       
1430       47000      47000      161.90     30.64      0.1892     15.87      0.10       0.10       0.10       0          16.05      11         11         0          0          0.0252     2.0830     102        128        135        143        151        158        185       
1431       47000      47000      161.89     31.45      0.1942     15.88      0.10       0.10       0.10       0          16.05      11         11         0          0          0.0252     2.0834     102        128        135        143        151        158        185       
1432       47000      47000      161.90     31.60      0.1952     15.89      0.10       0.10       0.10       0          16.05      11         11         0          0          0.0252     2.0837     102        128        135        143        151        158        185       
1433       47000      47000      161.90     31.48      0.1944     15.87      0.10       0.10       0.10       0          16.05      11         11         0          0          0.0252     2.0848     102        128        135        143        151        158        185       
1434       47000      47000      161.90     32.41      0.2002     15.89      0.10       0.10       0.10       0          16.05      11         11         0          0          0.0252     2.0816     102        128        135        143        151        158        185       
1435       47000      47000      161.90     31.03      0.1916     15.90      0.10       0.10       0.10       0          16.05      11         11         0          0          0.0252     2.0868     102        128        135        143        151        158        185       
1436       47000      47000      161.90     32.12      0.1984     15.96      0.10       0.10       0.10       0          16.05      11         11         0          0          0.0252     2.0822     102        128        135        143        151        158        185       
1437       47000      47000      161.89     31.28      0.1932     15.95      0.10       0.10       0.10       0          16.05      11         11         0          0          0.0252     2.0828     102        128        135        143        151        158        185       
1438       47000      47000      161.90     31.10      0.1921     15.94      0.10       0.10       0.10       0          16.05      11         11         0          0          0.0252     2.0861     102        128        135        143        151        158        185       
1439       47000      47000      161.89     31.55      0.1949     15.94      0.10       0.10       0.10       0          16.05      11         11         0          0          0.0252     2.0843     102        128        135        143        151        158        185       
1440       47000      47000      161.90     31.38      0.1938     15.92      0.10       0.10       0.10       0          16.05      11         11         0          0          0.0252     2.0849     102        128        135        143        151        158        185       
1441       47000      47000      161.89     30.97      0.1913     15.87      0.10       0.10       0.10       0          16.05      11         11         0          0          0.0252     2.0848     102        128        135        143        151        158        185       
1442       47000      47000      161.89     30.47      0.1882     15.90      0.10       0.10       0.10       0          16.05      11         11         0          0          0.0252     2.0864     102        128        135        143        151        158        185       
1443       47000      47000      161.90     30.89      0.1908     15.91      0.10       0.10       0.10       0          16.05      11         11         0          0          0.0252     2.0836     102        128        135        143        151        158        185       
1444       47000      47000      161.90     31.36      0.1937     15.86      0.10       0.10       0.10       0          16.05      11         11         0          0          0.0252     2.0845     102        128        135        143        151        158        185       
1445       47000      47000      161.89     31.40      0.1939     15.89      0.10       0.10       0.10       0          16.05      11         11         0          0          0.0252     2.0830     102        128        135        143        151        158        185       
1446       47000      47000      161.90     30.72      0.1897     15.87      0.10       0.10       0.10       0          16.05      11         11         0          0          0.0252     2.0853     102        128        135        143        151        158        185       
1447       47000      47000      161.90     31.69      0.1957     15.90      0.10       0.10       0.10       0          16.05      11         11         0          0          0.0252     2.0835     102        128        135        143        151        158        185       
1448       47000      47000      161.90     31.06      0.1919     15.88      0.10       0.10       0.10       0          16.05      11         11         0          0          0.0252     2.0842     102        128        135        143        151        158        185       
1449       47000      47000      161.90     30.98      0.1914     15.95      0.10       0.10       0.10       0          16.05      11         11         0          0          0.0252     2.0844     102        128        135        143        151        158        185       
1450       47000      47000      161.90     31.22      0.1928     15.95      0.10       0.10       0.10       0          16.05      11         11         0          0          0.0252     2.0823     102        128        135        143        151        158        185       
1451       47000      47000      161.91     31.25      0.1930     15.95      0.10       0.10       0.10       0          16.05      11         11         0          0          0.0252     2.0843     102        128        135        143        151        158        185       
1452       47000      47000      161.91     31.18      0.1926     15.89      0.10       0.10       0.10       0          16.05      11         11         0          0          0.0252     2.0862     102        128        135        143        151        158        185       
1453       47000      47000      161.90     31.01      0.1915     15.89      0.10       0.10       0.10       0          16.05      11         11         0          0          0.0252     2.0840     102        128        135        143        151        158        185       
1454       47000      47000      161.90     31.51      0.1946     15.92      0.10       0.10       0.10       0          16.05      11         11         0          0          0.0252     2.0861     102        128        135        143        151        158        185       
1455       47000      47000      161.90     31.16      0.1925     15.92      0.10       0.10       0.10       0          16.05      11         11         0          0          0.0252     2.0847     102        128        135        143        151        158        185       
1456       47000      47000      161.90     30.83      0.1904     15.86      0.10       0.10       0.10       0          16.05      11         11         0          0          0.0252     2.0857     102        128        135        143        151        158        185       
1457       47000      47000      161.91     31.14      0.1924     15.93      0.10       0.10       0.10       0          16.05      11         11         0          0          0.0252     2.0844     102        128        135        143        151        158        185       
1458       47000      47000      161.89     30.89      0.1908     15.92      0.10       0.10       0.10       0          16.05      11         11         0          0          0.0252     2.0856     102        128        135        143        151        158        185       
1459       47000      47000      161.91     30.68      0.1895     15.91      0.10       0.10       0.10       0          16.05      11         11         0          0          0.0252     2.0838     102        128        135        143        151        158        185       
1460       47000      47000      161.90     31.37      0.1938     15.88      0.10       0.10       0.10       0          16.05      11         11         0          0          0.0252     2.0841     102        128        135        143        151        158        185       
1461       47000      47000      161.90     30.68      0.1895     15.93      0.10       0.10       0.10       0          16.05      11         11         0          0          0.0252     2.0839     102        128        135        143        151        158        185       
1462       47000      47000      161.90     31.52      0.1947     15.88      0.10       0.10       0.10       0          16.05      11         11         0          0          0.0252     2.0837     102        128        135        143        151        158        185       
1463       47000      47000      161.90     31.22      0.1929     15.87      0.10       0.10       0.10       0          16.05      11         11         0          0          0.0252     2.0833     102        128        135        143        151        158        185       
1464       47000      47000      161.90     30.78      0.1901     15.90      0.09       0.10       0.10       0          16.05      11         11         0          0          0.0252     2.0836     102        128        135        143        151        158        185       
1465       47000      47000      161.90     31.29      0.1932     15.88      0.09       0.10       0.10       0          16.05      11         11         0          0          0.0252     2.0851     102        128        135        143        151        158        185       
1466       47000      47000      161.90     31.30      0.1934     15.92      0.09       0.10       0.10       0          16.05      11         11         0          0          0.0252     2.0817     102        128        135        143        151        158        185       
1467       47000      47000      161.90     31.51      0.1946     15.92      0.10       0.10       0.10       0          16.05      11         11         0          0          0.0252     2.0850     102        128        135        143        151        158        185       
1468       47000      47000      161.91     30.90      0.1908     15.92      0.10       0.10       0.10       0          16.05      11         11         0          0          0.0252     2.0828     102        128        135        143        151        158        185       
1469       47000      47000      161.89     31.14      0.1923     15.95      0.10       0.10       0.10       0          16.05      11         11         0          0          0.0252     2.0841     102        128        135        143        151        158        185       
1470       47000      47000      161.90     31.05      0.1918     15.99      0.10       0.10       0.10       0          16.05      11         11         0          0          0.0252     2.0839     102        128        135        143        151        158        185       
1471       47000      47000      161.90     31.25      0.1930     15.96      0.10       0.10       0.10       0          16.05      11         11         0          0          0.0252     2.0841     102        128        135        143        151        158        185       
1472       47000      47000      161.90     31.40      0.1939     15.95      0.10       0.10       0.10       0          16.05      11         11         0          0          0.0252     2.0834     102        128        135        143        151        158        185       
1473       47000      47000      161.91     31.18      0.1926     15.93      0.10       0.10       0.10       0          16.05      11         11         0          0          0.0252     2.0866     102        128        135        143        151        158        185       
1474       47000      47000      161.91     30.86      0.1906     15.92      0.10       0.10       0.10       0          16.05      11         11         0          0          0.0252     2.0867     102        128        135        143        151        158        185       
1475       47000      47000      161.90     31.63      0.1954     15.96      0.10       0.10       0.10       0          16.05      11         11         0          0          0.0252     2.0828     102        128        135        143        151        158        185       
1476       47000      47000      161.90     31.29      0.1933     15.96      0.09       0.10       0.10       0          16.05      11         11         0          0          0.0252     2.0840     102        128        135        143        151        158        185       
1477       47000      47000      161.91     30.93      0.1910     15.95      0.10       0.10       0.10       0          16.05      11         11         0          0          0.0252     2.0838     102        128        135        143        151        158        185       
1478       47000      47000      161.91     31.64      0.1954     15.96      0.10       0.10       0.10       0          16.05      11         11         0          0          0.0252     2.0854     102        128        135        143        151        158        185       
1479       47000      47000      161.91     31.14      0.1924     15.92      0.10       0.10       0.10       0          16.05      11         11         0          0          0.0252     2.0836     102        128        135        143        151        158        185       
1480       47000      47000      161.90     31.76      0.1962     15.86      0.10       0.10       0.10       0          16.05      11         11         0          0          0.0252     2.0852     102        128        135        143        151        158        185       
1481       47000      47000      161.90     30.61      0.1891     15.92      0.10       0.10       0.10       0          16.05      11         11         0          0          0.0252     2.0824     102        128        135        143        151        158        185       
1482       47000      47000      161.90     30.81      0.1903     15.89      0.10       0.10       0.10       0          16.05      11         11         0          0          0.0252     2.0838     102        128        135        143        151        158        185       
1483       47000      47000      161.90     31.74      0.1961     15.97      0.10       0.10       0.10       0          16.05      11         11         0          0          0.0252     2.0841     102        128        135        143        151        158        185       
1484       47000      47000      161.90     31.83      0.1966     15.92      0.10       0.10       0.10       0          16.05      11         11         0          0          0.0252     2.0844     102        128        135        143        151        158        185       
1485       47000      47000      161.90     31.30      0.1933     15.91      0.10       0.10       0.10       0          16.05      11         11         0          0          0.0252     2.0838     102        128        135        143        151        158        185       
1486       47000      47000      161.90     30.55      0.1887     15.92      0.10       0.10       0.10       0          16.05      11         11         0          0          0.0252     2.0838     102        128        135        143        151        158        185       
1487       47000      47000      161.90     31.54      0.1948     15.91      0.10       0.10       0.10       0          16.05      11         11         0          0          0.0252     2.0848     102        128        135        143        151        158        185       
1488       47000      47000      161.90     31.34      0.1936     15.93      0.10       0.10       0.10       0          16.05      11         11         0          0          0.0252     2.0856     102        128        135        143        151        158        185       
1489       47000      47000      161.89     30.66      0.1894     16.00      0.10       0.10       0.10       0          16.05      11         11         0          0          0.0252     2.0840     102        128        135        143        151        158        185       
1490       47000      47000      161.90     30.92      0.1910     15.96      0.10       0.10       0.10       0          16.05      11         11         0          0          0.0252     2.0865     102        128        135        143        151        158        185       
1491       47000      47000      161.90     31.26      0.1931     15.91      0.10       0.10       0.10       0          16.05      11         11         0          0          0.0252     2.0848     102        128        135        143        151        158        185       
1492       47000      47000      161.89     30.56      0.1888     15.92      0.10       0.10       0.10       0          16.05      11         11         0          0          0.0252     2.0849     102        128        135        143        151        158        185       
1493       47000      47000      161.90     31.40      0.1940     15.90      0.10       0.10       0.10       0          16.05      11         11         0          0          0.0252     2.0841     102        128        135        143        151        158        185       
1494       47000      47000      161.90     30.58      0.1889     15.84      0.10       0.10       0.10       0          16.05      11         11         0          0          0.0252     2.0833     102        128        135        143        151        158        185       
1495       47000      47000      161.89     31.67      0.1956     15.90      0.10       0.10       0.10       0          16.05      11         11         0          0          0.0252     2.0835     102        128        135        143        151        158        185       
1496       47000      47000      161.90     30.87      0.1906     15.98      0.10       0.10       0.10       0          16.05      11         11         0          0          0.0252     2.0840     102        128        135        143        151        158        185       
1497       47000      47000      161.90     30.63      0.1892     15.89      0.10       0.10       0.10       0          16.05      11         11         0          0          0.0252     2.0849     102        128        135        143        151        158        185       
1498       47000      47000      161.90     31.54      0.1948     15.90      0.10       0.10       0.10       0          16.05      11         11         0          0          0.0252     2.0848     102        128        135        143        151        158        185       
1499       47000      47000      161.90     31.61      0.1953     15.92      0.10       0.10       0.10       0          16.05      11         11         0          0          0.0252     2.0855     102        128        135        143        151        158        185       
1500       47000      47000      161.90     31.57      0.1950     15.91      0.10       0.10       0.10       0          16.05      11         11         0          0          0.0252     2.0842     102        128        135        143        151        158        185       
1501       47000      47000      161.91     31.56      0.1949     15.90      0.10       0.10       0.10       0          16.05      11         11         0          0          0.0252     2.0825     102        128        135        143        151        158        185       
1502       47000      47000      161.90     31.03      0.1917     15.95      0.10       0.10       0.10       0          16.05      11         11         0          0          0.0252     2.0838     102        128        135        143        151        158        185       
1503       47000      47000      161.90     30.87      0.1907     15.95      0.10       0.10       0.10       0          16.05      11         11         0          0          0.0252     2.0848     102        128        135        143        151        158        185       
1504       47000      47000      161.90     31.36      0.1937     15.93      0.10       0.10       0.10       0          16.05      11         11         0          0          0.0252     2.0848     102        128        135        143        151        158        185       
1505       47000      47000      161.90     31.57      0.1950     15.91      0.10       0.10       0.10       0          16.05      11         11         0          0          0.0252     2.0841     102        128        135        143        151        158        185       
1506       47000      47000      161.90     31.43      0.1941     15.90      0.10       0.10       0.10       0          16.05      11         11         0          0          0.0252     2.0824     102        128        135        143        151        158        185       
1507       47000      47000      161.90     31.30      0.1934     15.92      0.10       0.10       0.10       0          16.05      11         11         0          0          0.0252     2.0845     102        128        135        143        151        158        185       
1508       47000      47000      161.90     31.43      0.1941     15.94      0.10       0.10       0.10       0          16.05      11         11         0          0          0.0252     2.0859     102        128        135        143        151        158        185       
1509       47000      47000      161.90     31.76      0.1962     15.97      0.10       0.10       0.10       0          16.05      11         11         0          0          0.0252     2.0824     102        128        135        143        151        158        185       
1510       47000      47000      161.90     31.58      0.1951     16.00      0.10       0.10       0.10       0          16.05      11         11         0          0          0.0252     2.0849     102        128        135        143        151        158        185       
1511       47000      47000      161.90     31.59      0.1951     15.96      0.10       0.10       0.10       0          16.05      11         11         0          0          0.0252     2.0836     102        128        135        143        151        158        185       
1512       47000      47000      161.90     32.03      0.1978     15.98      0.10       0.10       0.10       0          16.05      11         11         0          0          0.0252     2.0828     102        128        135        143        151        158        185       
1513       47000      47000      161.90     31.40      0.1939     16.07      0.10       0.10       0.10       0          16.05      11         11         0          0          0.0252     2.0846     102        128        135        143        151        158        185       
1514       47000      47000      161.91     31.01      0.1916     15.97      0.10       0.10       0.10       0          16.05      11         11         0          0          0.0252     2.0853     102        128        135        143        151        158        185       
1515       47000      47000      161.90     30.35      0.1875     16.00      0.10       0.10       0.10       0          16.05      11         11         0          0          0.0252     2.0833     102        128        135        143        151        158        185       
1516       47000      47000      161.90     30.70      0.1896     15.96      0.10       0.10       0.10       0          16.05      11         11         0          0          0.0252     2.0849     102        128        135        143        151        158        185       
1517       47000      47000      161.90     30.70      0.1896     15.95      0.10       0.10       0.10       0          16.05      11         11         0          0          0.0252     2.0865     102        128        135        143        151        158        185       
1518       47000      47000      161.90     31.08      0.1920     16.00      0.10       0.10       0.10       0          16.05      11         11         0          0          0.0252     2.0841     102        128        135        143        151        158        185       
1519       47000      47000      161.90     32.27      0.1993     15.91      0.10       0.10       0.10       0          16.05      11         11         0          0          0.0252     2.0848     102        128        135        143        151        158        185       
1520       47000      47000      161.90     31.39      0.1939     15.94      0.10       0.10       0.10       0          16.05      11         11         0          0          0.0252     2.0841     102        128        135        143        151        158        185       
1521       47000      47000      161.91     31.06      0.1918     15.92      0.10       0.10       0.10       0          16.05      11         11         0          0          0.0252     2.0841     102        128        135        143        151        158        185       
1522       47000      47000      161.90     30.97      0.1913     15.92      0.10       0.10       0.10       0          16.05      11         11         0          0          0.0252     2.0851     102        128        135        143        151        158        185       
1523       47000      47000      161.91     31.67      0.1956     15.92      0.10       0.10       0.10       0          16.05      11         11         0          0          0.0252     2.0869     102        128        135        143        151        158        185       
1524       47000      47000      161.90     31.79      0.1964     15.91      0.10       0.10       0.10       0          16.05      11         11         0          0          0.0252     2.0839     102        128        135        143        151        158        185       
1525       47000      47000      161.90     31.11      0.1922     15.94      0.10       0.10       0.10       0          16.05      11         11         0          0          0.0252     2.0828     102        128        135        143        151        158        185       
1526       47000      47000      161.90     31.10      0.1921     15.94      0.10       0.10       0.10       0          16.05      11         11         0          0          0.0252     2.0849     102        128        135        143        151        158        185       
1527       47000      47000      161.89     31.41      0.1940     15.94      0.10       0.10       0.10       0          16.05      11         11         0          0          0.0252     2.0835     102        128        135        143        151        158        185       
1528       47000      47000      161.91     31.94      0.1973     15.96      0.10       0.10       0.10       0          16.05      11         11         0          0          0.0252     2.0843     102        128        135        143        151        158        185       
1529       47000      47000      161.90     31.42      0.1941     15.88      0.10       0.10       0.10       0          16.05      11         11         0          0          0.0252     2.0851     102        128        135        143        151        158        185       
1530       47000      47000      161.91     31.02      0.1916     15.97      0.10       0.10       0.10       0          16.05      11         11         0          0          0.0252     2.0841     102        128        135        143        151        158        185       
1531       47000      47000      161.90     31.02      0.1916     15.98      0.10       0.10       0.10       0          16.05      11         11         0          0          0.0252     2.0859     102        128        135        143        151        158        185       
1532       47000      47000      161.90     31.42      0.1941     15.94      0.10       0.10       0.10       0          16.05      11         11         0          0          0.0252     2.0858     102        128        135        143        151        158        185       
1533       47000      47000      161.90     31.12      0.1922     15.92      0.10       0.10       0.10       0          16.05      11         11         0          0          0.0252     2.0843     102        128        135        143        151        158        185       
1534       47000      47000      161.89     30.63      0.1892     15.92      0.10       0.10       0.10       0          16.05      11         11         0          0          0.0252     2.0843     102        128        135        143        151        158        185       
1535       47000      47000      161.91     30.69      0.1895     15.89      0.10       0.10       0.10       0          16.05      11         11         0          0          0.0252     2.0848     102        128        135        143        151        158        185       
1536       47000      47000      161.90     31.64      0.1955     15.88      0.10       0.10       0.10       0          16.05      11         11         0          0          0.0252     2.0825     102        128        135        143        151        158        185       
1537       47000      47000      161.90     31.19      0.1926     15.91      0.10       0.10       0.10       0          16.05      11         11         0          0          0.0252     2.0828     102        128        135        143        151        158        185       
1538       47000      47000      161.90     31.05      0.1918     15.97      0.10       0.10       0.10       0          16.05      11         11         0          0          0.0252     2.0854     102        128        135        143        151        158        185       
1539       47000      47000      161.90     31.00      0.1915     15.96      0.10       0.10       0.10       0          16.05      11         11         0          0          0.0252     2.0848     102        128        135        143        151        158        185       
1540       47000      47000      161.90     30.71      0.1897     15.96      0.10       0.10       0.10       0          16.05      11         11         0          0          0.0252     2.0837     102        128        135        143        151        158        185       
1541       47000      47000      161.90     30.98      0.1913     15.99      0.10       0.10       0.10       0          16.05      11         11         0          0          0.0252     2.0857     102        128        135        143        151        158        185       
1542       47000      47000      161.90     32.32      0.1997     15.97      0.10       0.10       0.10       0          16.05      11         11         0          0          0.0252     2.0861     102        128        135        143        151        158        185       
1543       47000      47000      161.90     32.44      0.2004     15.98      0.10       0.10       0.10       0          16.05      11         11         0          0          0.0252     2.0856     102        128        135        143        151        158        185       
1544       47000      47000      161.89     32.29      0.1995     15.98      0.10       0.10       0.10       0          16.05      11         11         0          0          0.0252     2.0844     102        128        135        143        151        158        185       
1545       47000      47000      161.90     31.31      0.1934     16.01      0.10       0.10       0.10       0          16.05      11         11         0          0          0.0252     2.0839     102        128        135        143        151        158        185       
1546       47000      47000      161.90     30.75      0.1899     16.04      0.10       0.10       0.10       0          16.05      11         11         0          0          0.0252     2.0856     102        128        135        143        151        158        185       
1547       47000      47000      161.91     30.81      0.1903     16.05      0.10       0.10       0.10       0          16.05      11         11         0          0          0.0252     2.0848     102        128        135        143        151        158        185       
1548       47000      47000      161.91     31.70      0.1958     16.02      0.10       0.10       0.10       0          16.05      11         11         0          0          0.0252     2.0833     102        128        135        143        151        158        185       
1549       47000      47000      161.90     31.94      0.1973     15.97      0.10       0.10       0.10       0          16.05      11         11         0          0          0.0252     2.0823     102        128        135        143        151        158        185       
1550       47000      47000      161.90     31.30      0.1933     15.99      0.10       0.10       0.10       0          16.05      11         11         0          0          0.0252     2.0858     102        128        135        143        151        158        185       
1551       47000      47000      161.90     31.25      0.1930     15.98      0.10       0.10       0.10       0          16.05      11         11         0          0          0.0252     2.0838     102        128        135        143        151        158        185       
1552       47000      47000      161.90     30.21      0.1866     15.96      0.10       0.10       0.10       0          16.05      11         11         0          0          0.0252     2.0876     102        128        135        143        151        158        185       
1553       47000      47000      161.90     31.04      0.1917     15.96      0.10       0.10       0.10       0          16.05      11         11         0          0          0.0252     2.0866     102        128        135        143        151        158        185       
1554       47000      47000      161.90     31.58      0.1951     15.92      0.10       0.10       0.10       0          16.05      11         11         0          0          0.0252     2.0849     102        128        135        143        151        158        185       
1555       47000      47000      161.90     31.37      0.1938     15.97      0.10       0.10       0.10       0          16.05      11         11         0          0          0.0252     2.0844     102        128        135        143        151        158        185       
1556       47000      47000      161.90     31.23      0.1929     15.89      0.10       0.10       0.10       0          16.05      11         11         0          0          0.0252     2.0862     102        128        135        143        151        158        185       
1557       47000      47000      161.90     31.13      0.1923     15.94      0.10       0.10       0.10       0          16.05      11         11         0          0          0.0252     2.0836     102        128        135        143        151        158        185       
1558       47000      47000      161.90     31.19      0.1927     15.92      0.10       0.10       0.10       0          16.05      11         11         0          0          0.0252     2.0822     102        128        135        143        151        158        185       
1559       47000      47000      161.90     31.19      0.1927     15.94      0.10       0.10       0.10       0          16.05      11         11         0          0          0.0252     2.0848     102        128        135        143        151        158        185       
1560       47000      47000      161.90     30.60      0.1890     16.00      0.10       0.10       0.10       0          16.05      11         11         0          0          0.0252     2.0829     102        128        135        143        151        158        185       
1561       47000      47000      161.90     30.12      0.1860     15.90      0.10       0.10       0.10       0          16.05      11         11         0          0          0.0252     2.0839     102        128        135        143        151        158        185       
1562       47000      47000      161.90     30.77      0.1901     15.89      0.10       0.10       0.10       0          16.05      11         11         0          0          0.0252     2.0856     102        128        135        143        151        158        185       
1563       47000      47000      161.90     31.82      0.1965     15.91      0.10       0.10       0.10       0          16.05      11         11         0          0          0.0252     2.0844     102        128        135        143        151        158        185       
1564       47000      47000      161.90     30.72      0.1897     15.87      0.10       0.10       0.10       0          16.05      11         11         0          0          0.0252     2.0851     102        128        135        143        151        158        185       
1565       47000      47000      161.90     31.86      0.1968     15.88      0.10       0.10       0.10       0          16.05      11         11         0          0          0.0252     2.0863     102        128        135        143        151        158        185       
1566       47000      47000      161.89     31.37      0.1938     15.92      0.10       0.10       0.10       0          16.05      11         11         0          0          0.0252     2.0835     102        128        135        143        151        158        185       
1567       47000      47000      161.91     30.94      0.1911     15.92      0.10       0.10       0.10       0          16.05      11         11         0          0          0.0252     2.0825     102        128        135        143        151        158        185       
1568       47000      47000      161.90     30.94      0.1911     15.91      0.10       0.10       0.10       0          16.05      11         11         0          0          0.0252     2.0856     102        128        135        143        151        158        185       
1569       47000      47000      161.90     31.20      0.1927     15.91      0.10       0.10       0.10       0          16.05      11         11         0          0          0.0252     2.0833     102        128        135        143        151        158        185       
1570       47000      47000      161.89     30.57      0.1888     15.95      0.10       0.10       0.10       0          16.05      11         11         0          0          0.0252     2.0862     102        128        135        143        151        158        185       
1571       47000      47000      161.91     30.34      0.1874     15.95      0.10       0.10       0.10       0          16.05      11         11         0          0          0.0252     2.0850     102        128        135        143        151        158        185       
1572       47000      47000      161.90     31.83      0.1966     15.96      0.10       0.10       0.10       0          16.05      11         11         0          0          0.0252     2.0831     102        128        135        143        151        158        185       
1573       47000      47000      161.90     31.18      0.1926     15.94      0.10       0.10       0.10       0          16.05      11         11         0          0          0.0252     2.0869     102        128        135        143        151        158        185       
1574       47000      47000      161.91     30.58      0.1889     15.93      0.11       0.10       0.10       0          16.05      11         11         0          0          0.0252     2.0845     102        128        135        143        151        158        185       
1575       47000      47000      161.89     31.12      0.1922     15.89      0.10       0.10       0.10       0          16.05      11         11         0          0          0.0252     2.0850     102        128        135        143        151        158        185       
1576       47000      47000      161.90     30.52      0.1885     15.90      0.10       0.10       0.10       0          16.05      11         11         0          0          0.0252     2.0849     102        128        135        143        151        158        185       
1577       47000      47000      161.91     31.29      0.1933     15.81      0.10       0.10       0.10       0          16.05      11         11         0          0          0.0252     2.0845     102        128        135        143        151        158        185       
1578       47000      47000      161.90     31.55      0.1949     15.86      0.10       0.10       0.10       0          16.05      11         11         0          0          0.0252     2.0832     102        128        135        143        151        158        185       
1579       47000      47000      161.90     31.02      0.1916     15.89      0.10       0.10       0.10       0          16.05      11         11         0          0          0.0252     2.0853     102        128        135        143        151        158        185       
1580       47000      47000      161.90     30.40      0.1878     15.90      0.10       0.10       0.10       0          16.05      11         11         0          0          0.0252     2.0848     102        128        135        143        151        158        185       
1581       47000      47000      161.89     31.18      0.1926     15.92      0.10       0.10       0.10       0          16.05      11         11         0          0          0.0252     2.0837     102        128        135        143        151        158        185       
1582       47000      47000      161.91     31.31      0.1934     15.91      0.10       0.10       0.10       0          16.05      11         11         0          0          0.0252     2.0830     102        128        135        143        151        158        185       
1583       47000      47000      161.90     30.93      0.1911     15.93      0.10       0.10       0.10       0          16.05      11         11         0          0          0.0252     2.0820     102        128        135        143        151        158        185       
1584       47000      47000      161.91     31.96      0.1974     15.91      0.10       0.10       0.10       0          16.05      11         11         0          0          0.0252     2.0819     102        128        135        143        151        158        185       
1585       47000      47000      161.90     31.52      0.1947     16.00      0.10       0.10       0.10       0          16.05      11         11         0          0          0.0252     2.0845     102        128        135        143        151        158        185       
1586       47000      47000      161.90     31.43      0.1941     15.94      0.10       0.10       0.10       0          16.05      11         11         0          0          0.0252     2.0862     102        128        135        143        151        158        185       
1587       47000      47000      161.90     31.23      0.1929     15.96      0.10       0.10       0.10       0          16.05      11         11         0          0          0.0252     2.0856     102        128        135        143        151        158        185       
1588       47000      47000      161.90     30.48      0.1883     15.98      0.10       0.10       0.10       0          16.05      11         11         0          0          0.0252     2.0868     102        128        135        143        151        158        185       
1589       47000      47000      161.90     31.42      0.1940     15.98      0.10       0.10       0.10       0          16.05      11         11         0          0          0.0252     2.0841     102        128        135        143        151        158        185       
1590       47000      47000      161.91     31.47      0.1944     15.94      0.10       0.10       0.10       0          16.05      11         11         0          0          0.0252     2.0843     102        128        135        143        151        158        185       
1591       47000      47000      161.90     31.02      0.1916     15.95      0.10       0.10       0.10       0          16.05      11         11         0          0          0.0252     2.0836     102        128        135        143        151        158        185       
1592       47000      47000      161.90     32.23      0.1991     15.96      0.10       0.10       0.10       0          16.05      11         11         0          0          0.0252     2.0824     102        128        135        143        151        158        185       
1593       47000      47000      161.90     30.74      0.1899     15.93      0.10       0.10       0.10       0          16.05      11         11         0          0          0.0252     2.0833     102        128        135        143        151        158        185       
1594       47000      47000      161.91     31.65      0.1955     15.96      0.10       0.10       0.10       0          16.05      11         11         0          0          0.0252     2.0850     102        128        135        143        151        158        185       
1595       47000      47000      161.89     31.09      0.1921     15.97      0.10       0.10       0.10       0          16.05      11         11         0          0          0.0252     2.0850     102        128        135        143        151        158        185       
1596       47000      47000      161.89     31.57      0.1950     15.97      0.10       0.10       0.10       0          16.05      11         11         0          0          0.0252     2.0853     102        128        135        143        151        158        185       
1597       47000      47000      161.91     31.33      0.1935     15.98      0.10       0.10       0.10       0          16.05      11         11         0          0          0.0252     2.0849     102        128        135        143        151        158        185       
1598       47000      47000      161.90     31.87      0.1968     16.01      0.10       0.10       0.10       0          16.05      11         11         0          0          0.0252     2.0848     102        128        135        143        151        158        185       
1599       47000      47000      161.90     31.23      0.1929     16.03      0.10       0.10       0.10       0          16.05      11         11         0          0          0.0252     2.0832     102        128        135        143        151        158        185       
1600       47000      47000      161.90     31.69      0.1957     15.99      0.11       0.10       0.10       0          16.05      11         11         0          0          0.0252     2.0838     102        128        135        143        151        158        185       
1601       47000      47000      161.90     32.27      0.1993     15.96      0.10       0.10       0.10       0          16.05      11         11         0          0          0.0252     2.0839     102        128        135        143        151        158        185       
1602       47000      47000      161.90     30.53      0.1886     15.98      0.10       0.10       0.10       0          16.05      11         11         0          0          0.0252     2.0840     102        128        135        143        151        158        185       
1603       47000      47000      161.91     31.84      0.1967     15.96      0.10       0.10       0.10       0          16.05      11         11         0          0          0.0252     2.0853     102        128        135        143        151        158        185       
1604       47000      47000      161.89     31.04      0.1918     16.00      0.10       0.10       0.10       0          16.05      11         11         0          0          0.0252     2.0818     102        128        135        143        151        158        185       
1605       47000      47000      161.90     30.60      0.1890     15.98      0.10       0.10       0.10       0          16.05      11         11         0          0          0.0252     2.0860     102        128        135        143        151        158        185       
1606       47000      47000      161.90     31.50      0.1946     15.98      0.10       0.10       0.10       0          16.05      11         11         0          0          0.0252     2.0826     102        128        135        143        151        158        185       
1607       47000      47000      161.90     31.02      0.1916     16.01      0.10       0.10       0.10       0          16.05      11         11         0          0          0.0252     2.0849     102        128        135        143        151        158        185       
1608       47000      47000      161.90     31.49      0.1945     16.00      0.10       0.10       0.10       0          16.05      11         11         0          0          0.0252     2.0858     102        128        135        143        151        158        185       
1609       47000      47000      161.89     31.78      0.1963     16.03      0.10       0.10       0.10       0          16.05      11         11         0          0          0.0252     2.0833     102        128        135        143        151        158        185       
1610       47000      47000      161.90     31.93      0.1972     16.03      0.10       0.10       0.10       0          16.05      11         11         0          0          0.0252     2.0808     102        128        135        143        151        158        185       
1611       47000      47000      161.91     31.19      0.1927     16.04      0.10       0.10       0.10       0          16.05      11         11         0          0          0.0252     2.0839     102        128        135        143        151        158        185       
1612       47000      47000      161.90     31.76      0.1962     16.04      0.10       0.10       0.10       0          16.05      11         11         0          0          0.0252     2.0852     102        128        135        143        151        158        185       
1613       47000      47000      161.90     31.94      0.1973     16.03      0.10       0.10       0.10       0          16.05      11         11         0          0          0.0252     2.0840     102        128        135        143        151        158        185       
1614       47000      47000      161.90     31.15      0.1924     16.02      0.10       0.10       0.10       0          16.05      11         11         0          0          0.0252     2.0847     102        128        135        143        151        158        185       
1615       47000      47000      161.90     31.44      0.1942     16.01      0.10       0.10       0.10       0          16.05      11         11         0          0          0.0252     2.0852     102        128        135        143        151        158        185       
1616       47000      47000      161.90     31.42      0.1941     15.99      0.10       0.10       0.10       0          16.05      11         11         0          0          0.0252     2.0850     102        128        135        143        151        158        185       
1617       47000      47000      161.90     30.58      0.1888     16.01      0.10       0.10       0.10       0          16.05      11         11         0          0          0.0252     2.0838     102        128        135        143        151        158        185       
1618       47000      47000      161.90     31.30      0.1933     15.97      0.10       0.10       0.10       0          16.05      11         11         0          0          0.0252     2.0826     102        128        135        143        151        158        185       
1619       47000      47000      161.90     32.20      0.1989     15.96      0.10       0.10       0.10       0          16.05      11         11         0          0          0.0252     2.0847     102        128        135        143        151        158        185       
1620       47000      47000      161.90     31.41      0.1940     15.99      0.10       0.10       0.10       0          16.05      11         11         0          0          0.0252     2.0840     102        128        135        143        151        158        185       
1621       47000      47000      161.89     31.49      0.1945     16.03      0.10       0.10       0.10       0          16.05      11         11         0          0          0.0252     2.0824     102        128        135        143        151        158        185       
1622       47000      47000      161.89     31.84      0.1967     15.99      0.10       0.10       0.10       0          16.05      11         11         0          0          0.0252     2.0860     102        128        135        143        151        158        185       
1623       47000      47000      161.90     32.68      0.2019     16.03      0.10       0.10       0.10       0          16.05      11         11         0          0          0.0252     2.0847     102        128        135        143        151        158        185       
1624       47000      47000      161.90     32.59      0.2013     16.07      0.11       0.10       0.10       0          16.05      11         11         0          0          0.0252     2.0816     102        128        135        143        151        158        185       
1625       47000      47000      161.90     30.53      0.1886     16.08      0.11       0.10       0.10       0          16.05      11         11         0          0          0.0252     2.0860     102        128        135        143        151        158        185       
1626       47000      47000      161.90     31.27      0.1931     16.08      0.11       0.10       0.10       0          16.05      11         11         0          0          0.0252     2.0845     102        128        135        143        151        158        185       
1627       47000      47000      161.90     31.26      0.1931     16.06      0.11       0.10       0.10       0          16.05      11         11         0          0          0.0252     2.0842     102        128        135        143        151        158        185       
1628       47000      47000      161.89     31.77      0.1963     16.03      0.10       0.10       0.10       0          16.05      11         11         0          0          0.0252     2.0849     102        128        135        143        151        158        185       
1629       47000      47000      161.90     30.84      0.1905     16.02      0.10       0.10       0.10       0          16.05      11         11         0          0          0.0252     2.0818     102        128        135        143        151        158        185       
1630       47000      47000      161.90     31.10      0.1921     15.97      0.10       0.10       0.10       0          16.05      11         11         0          0          0.0252     2.0856     102        128        135        143        151        158        185       
1631       47000      47000      161.90     31.28      0.1932     15.95      0.10       0.10       0.10       0          16.05      11         11         0          0          0.0252     2.0845     102        128        135        143        151        158        185       
1632       47000      47000      161.90     31.18      0.1926     16.00      0.10       0.10       0.10       0          16.05      11         11         0          0          0.0252     2.0826     102        128        135        143        151        158        185       
1633       47000      47000      161.90     31.64      0.1954     15.99      0.10       0.10       0.10       0          16.05      11         11         0          0          0.0252     2.0836     102        128        135        143        151        158        185       
1634       47000      47000      161.90     30.73      0.1898     15.98      0.10       0.10       0.10       0          16.05      11         11         0          0          0.0252     2.0827     102        128        135        143        151        158        185       
1635       47000      47000      161.90     31.05      0.1918     15.99      0.10       0.10       0.10       0          16.05      11         11         0          0          0.0252     2.0837     102        128        135        143        151        158        185       
1636       47000      47000      161.90     30.89      0.1908     15.98      0.10       0.10       0.10       0          16.05      11         11         0          0          0.0252     2.0841     102        128        135        143        151        158        185       
1637       47000      47000      161.90     30.97      0.1913     15.99      0.10       0.10       0.10       0          16.05      11         11         0          0          0.0252     2.0827     102        128        135        143        151        158        185       
1638       47000      47000      161.90     31.42      0.1941     15.97      0.10       0.10       0.10       0          16.05      11         11         0          0          0.0252     2.0873     102        128        135        143        151        158        185       
1639       47000      47000      161.91     31.55      0.1949     16.02      0.10       0.10       0.10       0          16.05      11         11         0          0          0.0252     2.0854     102        128        135        143        151        158        185       
1640       47000      47000      161.90     32.20      0.1989     16.01      0.10       0.10       0.10       0          16.05      11         11         0          0          0.0252     2.0859     102        128        135        143        151        158        185       
1641       47000      47000      161.90     31.05      0.1918     15.99      0.10       0.10       0.10       0          16.05      11         11         0          0          0.0252     2.0853     102        128        135        143        151        158        185       
1642       47000      47000      161.90     30.39      0.1877     16.00      0.10       0.10       0.10       0          16.05      11         11         0          0          0.0252     2.0848     102        128        135        143        151        158        185       
1643       47000      47000      161.89     31.54      0.1948     15.99      0.10       0.10       0.10       0          16.05      11         11         0          0          0.0252     2.0887     102        128        135        143        151        158        185       
1644       47000      47000      161.90     31.26      0.1931     16.00      0.10       0.10       0.10       0          16.05      11         11         0          0          0.0252     2.0826     102        128        135        143        151        158        185       
1645       47000      47000      161.90     31.38      0.1938     16.00      0.10       0.10       0.10       0          16.05      11         11         0          0          0.0252     2.0838     102        128        135        143        151        158        185       
1646       47000      47000      161.89     30.92      0.1910     16.05      0.10       0.10       0.10       0          16.05      11         11         0          0          0.0252     2.0827     102        128        135        143        151        158        185       
1647       47000      47000      161.90     31.46      0.1943     16.00      0.10       0.10       0.10       0          16.05      11         11         0          0          0.0252     2.0855     102        128        135        143        151        158        185       
1648       47000      47000      161.90     31.55      0.1949     15.97      0.10       0.10       0.10       0          16.05      11         11         0          0          0.0252     2.0832     102        128        135        143        151        158        185       
1649       47000      47000      161.90     31.04      0.1917     16.00      0.10       0.10       0.10       0          16.05      11         11         0          0          0.0252     2.0848     102        128        135        143        151        158        185       
1650       47000      47000      161.90     30.89      0.1908     15.95      0.10       0.10       0.10       0          16.05      11         11         0          0          0.0252     2.0840     102        128        135        143        151        158        185       
1651       47000      47000      161.91     31.62      0.1953     16.02      0.10       0.10       0.10       0          16.05      11         11         0          0          0.0252     2.0844     102        128        135        143        151        158        185       
1652       47000      47000      161.90     31.25      0.1930     15.99      0.10       0.10       0.10       0          16.05      11         11         0          0          0.0252     2.0855     102        128        135        143        151        158        185       
1653       47000      47000      161.90     31.52      0.1947     16.03      0.10       0.10       0.10       0          16.05      11         11         0          0          0.0252     2.0843     102        128        135        143        151        158        185       
1654       47000      47000      161.90     31.81      0.1965     16.02      0.10       0.10       0.10       0          16.05      11         11         0          0          0.0252     2.0865     102        128        135        143        151        158        185       
1655       47000      47000      161.90     31.15      0.1924     16.00      0.10       0.10       0.10       0          16.05      11         11         0          0          0.0252     2.0826     102        128        135        143        151        158        185       
1656       47000      47000      161.90     31.89      0.1970     16.03      0.10       0.10       0.10       0          16.05      11         11         0          0          0.0252     2.0823     102        128        135        143        151        158        185       
1657       47000      47000      161.90     31.49      0.1945     16.06      0.10       0.10       0.10       0          16.05      11         11         0          0          0.0252     2.0824     102        128        135        143        151        158        185       
1658       47000      47000      161.90     31.42      0.1941     16.03      0.10       0.10       0.10       0          16.05      11         11         0          0          0.0252     2.0848     102        128        135        143        151        158        185       
1659       47000      47000      161.91     31.98      0.1975     16.04      0.10       0.10       0.10       0          16.05      11         11         0          0          0.0252     2.0859     102        128        135        143        151        158        185       
1660       47000      47000      161.90     32.32      0.1996     16.03      0.10       0.10       0.10       0          16.05      11         11         0          0          0.0252     2.0853     102        128        135        143        151        158        185       
1661       47000      47000      161.90     32.24      0.1992     16.03      0.10       0.10       0.10       0          16.05      11         11         0          0          0.0252     2.0834     102        128        135        143        151        158        185       
1662       47000      47000      161.90     31.64      0.1954     16.11      0.10       0.10       0.10       0          16.05      11         11         0          0          0.0252     2.0858     102        128        135        143        151        158        185       
1663       47000      47000      161.90     31.44      0.1942     16.06      0.10       0.10       0.10       0          16.05      11         11         0          0          0.0252     2.0820     102        128        135        143        151        158        185       
1664       47000      47000      161.90     31.73      0.1960     16.09      0.10       0.10       0.10       0          16.05      11         11         0          0          0.0252     2.0836     102        128        135        143        151        158        185       
1665       47000      47000      161.90     31.55      0.1949     16.11      0.11       0.10       0.10       0          16.05      11         11         0          0          0.0252     2.0844     102        128        135        143        151        158        185       
1666       47000      47000      161.89     31.62      0.1953     16.11      0.10       0.10       0.10       0          16.05      11         11         0          0          0.0252     2.0840     102        128        135        143        151        158        185       
1667       47000      47000      161.90     31.47      0.1944     16.04      0.10       0.10       0.10       0          16.05      11         11         0          0          0.0252     2.0838     102        128        135        143        151        158        185       
1668       47000      47000      161.90     32.28      0.1994     16.08      0.10       0.10       0.10       0          16.05      11         11         0          0          0.0252     2.0847     102        128        135        143        151        158        185       
1669       47000      47000      161.90     32.35      0.1998     16.10      0.10       0.10       0.10       0          16.05      11         11         0          0          0.0252     2.0864     102        128        135        143        151        158        185       
1670       47000      47000      161.90     31.93      0.1972     16.14      0.10       0.10       0.10       0          16.05      11         11         0          0          0.0252     2.0851     102        128        135        143        151        158        185       
1671       47000      47000      161.90     31.62      0.1953     16.11      0.10       0.10       0.10       0          16.05      11         11         0          0          0.0252     2.0837     102        128        135        143        151        158        185       
1672       47000      47000      161.90     31.28      0.1932     16.12      0.10       0.10       0.10       0          16.05      11         11         0          0          0.0252     2.0861     102        128        135        143        151        158        185       
1673       47000      47000      161.90     31.49      0.1945     16.09      0.10       0.10       0.10       0          16.05      11         11         0          0          0.0252     2.0856     102        128        135        143        151        158        185       
1674       47000      47000      161.89     32.14      0.1986     16.02      0.10       0.10       0.10       0          16.05      11         11         0          0          0.0252     2.0851     102        128        135        143        151        158        185       
1675       47000      47000      161.89     31.66      0.1955     16.10      0.10       0.10       0.10       0          16.05      11         11         0          0          0.0252     2.0820     102        128        135        143        151        158        185       
1676       47000      47000      161.90     31.89      0.1970     16.14      0.10       0.10       0.10       0          16.05      11         11         0          0          0.0252     2.0857     102        128        135        143        151        158        185       
1677       47000      47000      161.90     32.21      0.1990     16.12      0.10       0.10       0.10       0          16.05      11         11         0          0          0.0252     2.0839     102        128        135        143        151        158        185       
1678       47000      47000      161.90     31.75      0.1961     16.12      0.10       0.10       0.10       0          16.05      11         11         0          0          0.0252     2.0852     102        128        135        143        151        158        185       
1679       47000      47000      161.90     32.43      0.2003     16.15      0.10       0.10       0.10       0          16.05      11         11         0          0          0.0252     2.0841     102        128        135        143        151        158        185       
1680       47000      47000      161.90     31.66      0.1955     16.16      0.10       0.10       0.10       0          16.05      11         11         0          0          0.0252     2.0867     102        128        135        143        151        158        185       
1681       47000      47000      161.89     31.28      0.1932     16.13      0.11       0.10       0.10       0          16.05      11         11         0          0          0.0252     2.0838     102        128        135        143        151        158        185       
1682       47000      47000      161.90     31.53      0.1948     16.08      0.10       0.10       0.10       0          16.05      11         11         0          0          0.0252     2.0842     102        128        135        143        151        158        185       
1683       47000      47000      161.90     31.98      0.1975     16.06      0.10       0.10       0.10       0          16.05      11         11         0          0          0.0252     2.0825     102        128        135        143        151        158        185       
1684       47000      47000      161.90     32.33      0.1997     16.12      0.10       0.10       0.10       0          16.05      11         11         0          0          0.0252     2.0865     102        128        135        143        151        158        185       
1685       47000      47000      161.90     31.05      0.1918     16.13      0.10       0.10       0.10       0          16.05      11         11         0          0          0.0252     2.0833     102        128        135        143        151        158        185       
1686       47000      47000      161.90     32.06      0.1980     16.11      0.10       0.10       0.10       0          16.05      11         11         0          0          0.0252     2.0851     102        128        135        143        151        158        185       
1687       47000      47000      161.91     31.33      0.1935     16.10      0.10       0.10       0.10       0          16.05      11         11         0          0          0.0252     2.0859     102        128        135        143        151        158        185       
1688       47000      47000      161.91     31.54      0.1948     16.04      0.10       0.10       0.10       0          16.05      11         11         0          0          0.0252     2.0841     102        128        135        143        151        158        185       
1689       47000      47000      161.90     31.95      0.1973     16.09      0.10       0.10       0.10       0          16.05      11         11         0          0          0.0252     2.0845     102        128        135        143        151        158        185       
1690       47000      47000      161.89     31.96      0.1974     16.10      0.10       0.10       0.10       0          16.05      11         11         0          0          0.0252     2.0841     102        128        135        143        151        158        185       
1691       47000      47000      161.89     32.15      0.1986     16.11      0.11       0.10       0.10       0          16.05      11         11         0          0          0.0252     2.0843     102        128        135        143        151        158        185       
1692       47000      47000      161.90     32.09      0.1982     16.19      0.10       0.10       0.10       0          16.05      11         11         0          0          0.0252     2.0828     102        128        135        143        151        158        185       
1693       47000      47000      161.90     31.15      0.1924     16.11      0.10       0.10       0.10       0          16.05      11         11         0          0          0.0252     2.0875     102        128        135        143        151        158        185       
1694       47000      47000      161.90     31.39      0.1939     16.12      0.10       0.10       0.10       0          16.05      11         11         0          0          0.0252     2.0841     102        128        135        143        151        158        185       
1695       47000      47000      161.90     31.68      0.1957     16.15      0.10       0.10       0.10       0          16.05      11         11         0          0          0.0252     2.0848     102        128        135        143        151        158        185       
1696       47000      47000      161.90     31.48      0.1945     16.14      0.10       0.10       0.10       0          16.05      11         11         0          0          0.0252     2.0831     102        128        135        143        151        158        185       
1697       47000      47000      161.89     31.23      0.1929     16.07      0.10       0.10       0.10       0          16.05      11         11         0          0          0.0252     2.0839     102        128        135        143        151        158        185       
1698       47000      47000      161.90     31.55      0.1948     16.08      0.10       0.10       0.10       0          16.05      11         11         0          0          0.0252     2.0854     102        128        135        143        151        158        185       
1699       47000      47000      161.90     31.04      0.1918     16.05      0.10       0.10       0.10       0          16.05      11         11         0          0          0.0252     2.0823     102        128        135        143        151        158        185       
1700       47000      47000      161.90     31.33      0.1935     16.11      0.10       0.10       0.10       0          16.05      11         11         0          0          0.0252     2.0857     102        128        135        143        151        158        185       
1701       47000      47000      161.90     31.23      0.1929     16.10      0.11       0.10       0.10       0          16.05      11         11         0          0          0.0252     2.0827     102        128        135        143        151        158        185       
1702       47000      47000      161.91     32.09      0.1982     16.10      0.10       0.10       0.10       0          16.05      11         11         0          0          0.0252     2.0840     102        128        135        143        151        158        185       
1703       47000      47000      161.90     31.76      0.1961     16.07      0.10       0.10       0.10       0          16.05      11         11         0          0          0.0252     2.0863     102        128        135        143        151        158        185       
1704       47000      47000      161.90     31.95      0.1973     16.11      0.10       0.10       0.10       0          16.05      11         11         0          0          0.0252     2.0823     102        128        135        143        151        158        185       
1705       47000      47000      161.90     30.78      0.1901     16.04      0.10       0.10       0.10       0          16.05      11         11         0          0          0.0252     2.0810     102        128        135        143        151        158        185       
1706       47000      47000      161.90     31.46      0.1943     16.02      0.10       0.10       0.10       0          16.05      11         11         0          0          0.0252     2.0853     102        128        135        143        151        158        185       
1707       47000      47000      161.90     32.71      0.2021     16.06      0.10       0.10       0.10       0          16.05      11         11         0          0          0.0252     2.0837     102        128        135        143        151        158        185       
1708       47000      47000      161.90     31.67      0.1956     16.11      0.10       0.10       0.10       0          16.05      11         11         0          0          0.0252     2.0851     102        128        135        143        151        158        185       
1709       47000      47000      161.90     32.57      0.2012     16.19      0.11       0.10       0.10       0          16.05      11         11         0          0          0.0252     2.0832     102        128        135        143        151        158        185       
1710       47000      47000      161.90     32.35      0.1998     16.18      0.11       0.10       0.10       0          16.05      11         11         0          0          0.0252     2.0832     102        128        135        143        151        158        185       
1711       47000      47000      161.90     31.67      0.1956     16.15      0.10       0.10       0.10       0          16.05      11         11         0          0          0.0252     2.0863     102        128        135        143        151        158        185       
1712       47000      47000      161.90     31.74      0.1960     16.12      0.10       0.10       0.10       0          16.05      11         11         0          0          0.0252     2.0844     102        128        135        143        151        158        185       
1713       47000      47000      161.90     31.07      0.1919     16.12      0.11       0.10       0.10       0          16.05      11         11         0          0          0.0252     2.0855     102        128        135        143        151        158        185       
1714       47000      47000      161.89     31.91      0.1971     16.11      0.10       0.10       0.10       0          16.05      11         11         0          0          0.0252     2.0830     102        128        135        143        151        158        185       
1715       47000      47000      161.90     31.92      0.1972     16.11      0.10       0.10       0.10       0          16.05      11         11         0          0          0.0252     2.0845     102        128        135        143        151        158        185       
1716       47000      47000      161.90     31.28      0.1932     16.11      0.10       0.10       0.10       0          16.05      11         11         0          0          0.0252     2.0857     102        128        135        143        151        158        185       
1717       47000      47000      161.91     31.72      0.1959     16.09      0.10       0.10       0.10       0          16.05      11         11         0          0          0.0252     2.0833     102        128        135        143        151        158        185       
1718       47000      47000      161.90     31.97      0.1975     16.09      0.11       0.10       0.10       0          16.05      11         11         0          0          0.0252     2.0858     102        128        135        143        151        158        185       
1719       47000      47000      161.90     31.45      0.1943     16.12      0.10       0.10       0.10       0          16.05      11         11         0          0          0.0252     2.0849     102        128        135        143        151        158        185       
1720       47000      47000      161.91     31.88      0.1969     16.14      0.10       0.10       0.10       0          16.05      11         11         0          0          0.0252     2.0841     102        128        135        143        151        158        185       
1721       47000      47000      161.89     31.43      0.1941     16.16      0.10       0.10       0.10       0          16.05      11         11         0          0          0.0252     2.0861     102        128        135        143        151        158        185       
1722       47000      47000      161.89     32.40      0.2001     16.16      0.10       0.10       0.10       0          16.05      11         11         0          0          0.0252     2.0835     102        128        135        143        151        158        185       
1723       47000      47000      161.90     32.25      0.1992     16.16      0.10       0.10       0.10       0          16.05      11         11         0          0          0.0252     2.0843     102        128        135        143        151        158        185       
1724       47000      47000      161.90     32.44      0.2004     16.20      0.11       0.10       0.10       0          16.05      11         11         0          0          0.0252     2.0851     102        128        135        143        151        158        185       
1725       47000      47000      161.90     31.37      0.1938     16.17      0.10       0.10       0.10       0          16.05      11         11         0          0          0.0252     2.0828     102        128        135        143        151        158        185       
1726       47000      47000      161.90     31.46      0.1943     16.16      0.10       0.10       0.10       0          16.05      11         11         0          0          0.0252     2.0848     102        128        135        143        151        158        185       
1727       47000      47000      161.90     32.07      0.1981     16.19      0.10       0.10       0.10       0          16.05      11         11         0          0          0.0252     2.0860     102        128        135        143        151        158        185       
1728       47000      47000      161.89     30.91      0.1909     16.18      0.10       0.10       0.10       0          16.05      11         11         0          0          0.0252     2.0863     102        128        135        143        151        158        185       
1729       47000      47000      161.89     31.45      0.1943     16.16      0.10       0.10       0.10       0          16.05      11         11         0          0          0.0252     2.0843     102        128        135        143        151        158        185       
1730       47000      47000      161.90     32.21      0.1990     16.12      0.10       0.10       0.10       0          16.05      11         11         0          0          0.0252     2.0829     102        128        135        143        151        158        185       
1731       47000      47000      161.89     30.78      0.1902     16.11      0.10       0.10       0.10       0          16.05      11         11         0          0          0.0252     2.0842     102        128        135        143        151        158        185       
1732       47000      47000      161.90     32.69      0.2019     16.12      0.10       0.10       0.10       0          16.05      11         11         0          0          0.0252     2.0840     102        128        135        143        151        158        185       
1733       47000      47000      161.90     31.70      0.1958     16.09      0.10       0.10       0.10       0          16.05      11         11         0          0          0.0252     2.0845     102        128        135        143        151        158        185       
1734       47000      47000      161.90     30.86      0.1906     16.09      0.10       0.10       0.10       0          16.05      11         11         0          0          0.0252     2.0843     102        128        135        143        151        158        185       
1735       47000      47000      161.90     31.30      0.1933     16.12      0.10       0.10       0.10       0          16.05      11         11         0          0          0.0252     2.0830     102        128        135        143        151        158        185       
1736       47000      47000      161.91     31.38      0.1938     16.13      0.10       0.10       0.10       0          16.05      11         11         0          0          0.0252     2.0834     102        128        135        143        151        158        185       
1737       47000      47000      161.89     31.28      0.1932     16.10      0.11       0.10       0.10       0          16.05      11         11         0          0          0.0252     2.0830     102        128        135        143        151        158        185       
1738       47000      47000      161.91     32.05      0.1979     16.08      0.10       0.10       0.10       0          16.05      11         11         0          0          0.0252     2.0848     102        128        135        143        151        158        185       
1739       47000      47000      161.91     31.08      0.1920     16.09      0.10       0.10       0.10       0          16.05      11         11         0          0          0.0252     2.0851     102        128        135        143        151        158        185       
1740       47000      47000      161.91     31.79      0.1964     16.05      0.10       0.10       0.10       0          16.05      11         11         0          0          0.0252     2.0840     102        128        135        143        151        158        185       
1741       47000      47000      161.90     31.68      0.1957     16.07      0.10       0.10       0.10       0          16.05      11         11         0          0          0.0252     2.0852     102        128        135        143        151        158        185       
1742       47000      47000      161.90     31.11      0.1922     16.11      0.10       0.10       0.10       0          16.05      11         11         0          0          0.0252     2.0858     102        128        135        143        151        158        185       
1743       47000      47000      161.90     31.54      0.1948     16.11      0.10       0.10       0.10       0          16.05      11         11         0          0          0.0252     2.0837     102        128        135        143        151        158        185       
1744       47000      47000      161.90     31.18      0.1926     16.08      0.10       0.10       0.10       0          16.05      11         11         0          0          0.0252     2.0860     102        128        135        143        151        158        185       
1745       47000      47000      161.90     31.68      0.1957     16.07      0.10       0.10       0.10       0          16.05      11         11         0          0          0.0252     2.0842     102        128        135        143        151        158        185       
1746       47000      47000      161.90     31.71      0.1959     16.05      0.10       0.10       0.10       0          16.05      11         11         0          0          0.0252     2.0845     102        128        135        143        151        158        185       
1747       47000      47000      161.90     32.03      0.1979     16.08      0.11       0.10       0.10       0          16.05      11         11         0          0          0.0252     2.0831     102        128        135        143        151        158        185       
1748       47000      47000      161.90     30.97      0.1913     16.09      0.10       0.10       0.10       0          16.05      11         11         0          0          0.0252     2.0833     102        128        135        143        151        158        185       
1749       47000      47000      161.89     30.99      0.1914     16.12      0.10       0.10       0.10       0          16.05      11         11         0          0          0.0252     2.0847     102        128        135        143        151        158        185       
1750       47000      47000      161.90     30.41      0.1878     16.00      0.11       0.10       0.10       0          16.05      11         11         0          0          0.0252     2.0824     102        128        135        143        151        158        185       
1751       47000      47000      161.91     32.70      0.2019     16.01      0.11       0.10       0.10       0          16.05      11         11         0          0          0.0252     2.0867     102        128        135        143        151        158        185       
1752       47000      47000      161.90     31.27      0.1932     16.04      0.11       0.10       0.10       0          16.05      11         11         0          0          0.0252     2.0840     102        128        135        143        151        158        185       
1753       47000      47000      161.89     31.95      0.1974     16.08      0.10       0.10       0.10       0          16.05      11         11         0          0          0.0252     2.0846     102        128        135        143        151        158        185       
1754       47000      47000      161.90     31.90      0.1971     16.08      0.10       0.10       0.10       0          16.05      11         11         0          0          0.0252     2.0844     102        128        135        143        151        158        185       
1755       47000      47000      161.89     31.05      0.1918     16.13      0.10       0.10       0.10       0          16.05      11         11         0          0          0.0252     2.0839     102        128        135        143        151        158        185       
1756       47000      47000      161.90     31.39      0.1939     16.11      0.11       0.10       0.10       0          16.05      11         11         0          0          0.0252     2.0803     102        128        135        143        151        158        185       
1757       47000      47000      161.90     31.15      0.1924     16.09      0.10       0.10       0.10       0          16.05      11         11         0          0          0.0252     2.0827     102        128        135        143        151        158        185       
1758       47000      47000      161.91     31.83      0.1966     16.09      0.10       0.10       0.10       0          16.05      11         11         0          0          0.0252     2.0834     102        128        135        143        151        158        185       
1759       47000      47000      161.90     32.45      0.2004     16.07      0.10       0.10       0.10       0          16.05      11         11         0          0          0.0252     2.0841     102        128        135        143        151        158        185       
1760       47000      47000      161.89     31.74      0.1961     16.12      0.11       0.10       0.10       0          16.05      11         11         0          0          0.0252     2.0851     102        128        135        143        151        158        185       
1761       47000      47000      161.91     32.36      0.1999     16.11      0.10       0.10       0.10       0          16.05      11         11         0          0          0.0252     2.0863     102        128        135        143        151        158        185       
1762       47000      47000      161.91     31.88      0.1969     16.08      0.10       0.10       0.10       0          16.05      11         11         0          0          0.0252     2.0850     102        128        135        143        151        158        185       
1763       47000      47000      161.90     31.53      0.1947     16.16      0.10       0.10       0.10       0          16.05      11         11         0          0          0.0252     2.0846     102        128        135        143        151        158        185       
1764       47000      47000      161.90     31.87      0.1968     16.15      0.10       0.10       0.10       0          16.05      11         11         0          0          0.0252     2.0828     102        128        135        143        151        158        185       
1765       47000      47000      161.89     32.35      0.1998     16.13      0.10       0.10       0.10       0          16.05      11         11         0          0          0.0252     2.0855     102        128        135        143        151        158        185       
1766       47000      47000      161.90     31.63      0.1953     16.16      0.10       0.10       0.10       0          16.05      11         11         0          0          0.0252     2.0823     102        128        135        143        151        158        185       
1767       47000      47000      161.91     30.89      0.1908     16.11      0.10       0.10       0.10       0          16.05      11         11         0          0          0.0252     2.0863     102        128        135        143        151        158        185       
1768       47000      47000      161.90     31.32      0.1934     16.13      0.10       0.10       0.10       0          16.05      11         11         0          0          0.0252     2.0854     102        128        135        143        151        158        185       
1769       47000      47000      161.90     31.04      0.1917     16.06      0.10       0.10       0.10       0          16.05      11         11         0          0          0.0252     2.0850     102        128        135        143        151        158        185       
1770       47000      47000      161.90     31.50      0.1946     16.04      0.10       0.10       0.10       0          16.05      11         11         0          0          0.0252     2.0833     102        128        135        143        151        158        185       
1771       47000      47000      161.91     31.43      0.1941     16.03      0.10       0.10       0.10       0          16.05      11         11         0          0          0.0252     2.0843     102        128        135        143        151        158        185       
1772       47000      47000      161.90     31.63      0.1954     16.05      0.10       0.10       0.10       0          16.05      11         11         0          0          0.0252     2.0837     102        128        135        143        151        158        185       
1773       47000      47000      161.90     31.01      0.1915     16.07      0.10       0.10       0.10       0          16.05      11         11         0          0          0.0252     2.0822     102        128        135        143        151        158        185       
1774       47000      47000      161.90     31.79      0.1964     16.10      0.10       0.10       0.10       0          16.05      11         11         0          0          0.0252     2.0848     102        128        135        143        151        158        185       
1775       47000      47000      161.90     31.24      0.1930     16.10      0.10       0.10       0.10       0          16.05      11         11         0          0          0.0252     2.0848     102        128        135        143        151        158        185       
1776       47000      47000      161.90     32.17      0.1987     16.10      0.10       0.10       0.10       0          16.05      11         11         0          0          0.0252     2.0859     102        128        135        143        151        158        185       
1777       47000      47000      161.90     30.35      0.1875     16.08      0.10       0.10       0.10       0          16.05      11         11         0          0          0.0252     2.0836     102        128        135        143        151        158        185       
1778       47000      47000      161.90     31.39      0.1939     16.06      0.10       0.10       0.10       0          16.05      11         11         0          0          0.0252     2.0853     102        128        135        143        151        158        185       
1779       47000      47000      161.90     31.35      0.1936     16.12      0.11       0.10       0.10       0          16.05      11         11         0          0          0.0252     2.0845     102        128        135        143        151        158        185       
1780       47000      47000      161.90     31.11      0.1922     16.06      0.10       0.10       0.10       0          16.05      11         11         0          0          0.0252     2.0849     102        128        135        143        151        158        185       
1781       47000      47000      161.90     31.75      0.1961     16.06      0.10       0.10       0.10       0          16.05      11         11         0          0          0.0252     2.0842     102        128        135        143        151        158        185       
1782       47000      47000      161.90     32.33      0.1997     16.06      0.10       0.10       0.10       0          16.05      11         11         0          0          0.0252     2.0848     102        128        135        143        151        158        185       
1783       47000      47000      161.89     31.19      0.1926     16.06      0.10       0.10       0.10       0          16.05      11         11         0          0          0.0252     2.0824     102        128        135        143        151        158        185       
1784       47000      47000      161.90     31.35      0.1936     16.10      0.11       0.10       0.10       0          16.05      11         11         0          0          0.0252     2.0843     102        128        135        143        151        158        185       
1785       47000      47000      161.91     31.77      0.1962     16.12      0.10       0.10       0.10       0          16.05      11         11         0          0          0.0252     2.0830     102        128        135        143        151        158        185       
1786       47000      47000      161.90     31.51      0.1946     16.12      0.11       0.10       0.10       0          16.05      11         11         0          0          0.0252     2.0828     102        128        135        143        151        158        185       
1787       47000      47000      161.90     31.79      0.1964     16.13      0.10       0.10       0.10       0          16.05      11         11         0          0          0.0252     2.0840     102        128        135        143        151        158        185       
1788       47000      47000      161.89     32.29      0.1995     16.12      0.10       0.10       0.10       0          16.05      11         11         0          0          0.0252     2.0824     102        128        135        143        151        158        185       
1789       47000      47000      161.90     31.12      0.1922     16.12      0.10       0.10       0.10       0          16.05      11         11         0          0          0.0252     2.0848     102        128        135        143        151        158        185       
1790       47000      47000      161.90     31.40      0.1939     16.12      0.10       0.10       0.10       0          16.05      11         11         0          0          0.0252     2.0853     102        128        135        143        151        158        185       
1791       47000      47000      161.90     31.60      0.1952     16.06      0.10       0.10       0.10       0          16.05      11         11         0          0          0.0252     2.0846     102        128        135        143        151        158        185       
1792       47000      47000      161.90     31.57      0.1950     16.09      0.10       0.10       0.10       0          16.05      11         11         0          0          0.0252     2.0862     102        128        135        143        151        158        185       
1793       47000      47000      161.90     32.11      0.1983     16.11      0.11       0.10       0.10       0          16.05      11         11         0          0          0.0252     2.0861     102        128        135        143        151        158        185       
1794       47000      47000      161.90     31.62      0.1953     16.16      0.11       0.10       0.10       0          16.05      11         11         0          0          0.0252     2.0840     102        128        135        143        151        158        185       
1795       47000      47000      161.90     31.75      0.1961     16.14      0.10       0.10       0.10       0          16.05      11         11         0          0          0.0252     2.0846     102        128        135        143        151        158        185       
1796       47000      47000      161.90     31.73      0.1960     16.15      0.11       0.10       0.10       0          16.05      11         11         0          0          0.0252     2.0864     102        128        135        143        151        158        185       
1797       47000      47000      161.90     31.65      0.1955     16.15      0.11       0.10       0.10       0          16.05      11         11         0          0          0.0252     2.0832     102        128        135        143        151        158        185       
1798       47000      47000      161.89     31.43      0.1941     16.17      0.10       0.10       0.10       0          16.05      11         11         0          0          0.0252     2.0840     102        128        135        143        151        158        185       
1799       47000      47000      161.90     31.59      0.1951     16.14      0.10       0.10       0.10       0          16.05      11         11         0          0          0.0252     2.0843     102        128        135        143        151        158        185       
1800       47000      47000      161.90     31.85      0.1967     16.16      0.10       0.10       0.10       0          16.05      11         11         0          0          0.0252     2.0820     102        128        135        143        151        158        185       
1801       47000      47000      161.90     31.71      0.1958     16.12      0.10       0.10       0.10       0          16.05      11         11         0          0          0.0252     2.0867     102        128        135        143        151        158        185       
1802       47000      47000      161.89     31.97      0.1975     16.09      0.11       0.10       0.10       0          16.05      11         11         0          0          0.0252     2.0839     102        128        135        143        151        158        185       
1803       47000      47000      161.90     31.69      0.1957     16.13      0.11       0.10       0.10       0          16.05      11         11         0          0          0.0252     2.0824     102        128        135        143        151        158        185       
1804       47000      47000      161.91     31.27      0.1931     16.14      0.10       0.10       0.10       0          16.05      11         11         0          0          0.0252     2.0879     102        128        135        143        151        158        185       
1805       47000      47000      161.90     31.66      0.1955     16.14      0.10       0.10       0.10       0          16.05      11         11         0          0          0.0252     2.0866     102        128        135        143        151        158        185       
1806       47000      47000      161.90     30.87      0.1907     16.13      0.10       0.10       0.10       0          16.05      11         11         0          0          0.0252     2.0834     102        128        135        143        151        158        185       
1807       47000      47000      161.90     32.34      0.1998     16.07      0.10       0.10       0.10       0          16.05      11         11         0          0          0.0252     2.0836     102        128        135        143        151        158        185       
1808       47000      47000      161.90     30.99      0.1914     16.03      0.11       0.10       0.10       0          16.05      11         11         0          0          0.0252     2.0863     102        128        135        143        151        158        185       
1809       47000      47000      161.89     31.96      0.1974     16.09      0.11       0.10       0.10       0          16.05      11         11         0          0          0.0252     2.0844     102        128        135        143        151        158        185       
1810       47000      47000      161.90     30.83      0.1905     16.14      0.10       0.10       0.10       0          16.05      11         11         0          0          0.0252     2.0851     102        128        135        143        151        158        185       
1811       47000      47000      161.89     31.45      0.1942     16.15      0.10       0.10       0.10       0          16.05      11         11         0          0          0.0252     2.0837     102        128        135        143        151        158        185       
1812       47000      47000      161.90     31.62      0.1953     16.14      0.10       0.10       0.10       0          16.05      11         11         0          0          0.0252     2.0859     102        128        135        143        151        158        185       
1813       47000      47000      161.90     31.74      0.1960     16.13      0.10       0.10       0.10       0          16.05      11         11         0          0          0.0252     2.0842     102        128        135        143        151        158        185       
1814       47000      47000      161.89     30.57      0.1888     16.08      0.10       0.10       0.10       0          16.05      11         11         0          0          0.0252     2.0848     102        128        135        143        151        158        185       
1815       47000      47000      161.90     31.43      0.1941     16.13      0.10       0.10       0.10       0          16.05      11         11         0          0          0.0252     2.0846     102        128        135        143        151        158        185       
1816       47000      47000      161.91     32.16      0.1986     16.12      0.10       0.10       0.10       0          16.05      11         11         0          0          0.0252     2.0843     102        128        135        143        151        158        185       
1817       47000      47000      161.91     31.26      0.1931     16.02      0.10       0.10       0.10       0          16.05      11         11         0          0          0.0252     2.0838     102        128        135        143        151        158        185       
1818       47000      47000      161.91     32.26      0.1992     16.12      0.10       0.10       0.10       0          16.05      11         11         0          0          0.0252     2.0834     102        128        135        143        151        158        185       
1819       47000      47000      161.90     31.32      0.1935     16.10      0.10       0.10       0.10       0          16.05      11         11         0          0          0.0252     2.0826     102        128        135        143        151        158        185       
1820       47000      47000      161.90     31.71      0.1959     16.14      0.10       0.10       0.10       0          16.05      11         11         0          0          0.0252     2.0842     102        128        135        143        151        158        185       
1821       47000      47000      161.90     31.84      0.1967     16.07      0.11       0.10       0.10       0          16.05      11         11         0          0          0.0252     2.0845     102        128        135        143        151        158        185       
1822       47000      47000      161.91     31.32      0.1935     16.11      0.11       0.10       0.10       0          16.05      11         11         0          0          0.0252     2.0824     102        128        135        143        151        158        185       
1823       47000      47000      161.90     31.27      0.1931     16.13      0.10       0.10       0.10       0          16.05      11         11         0          0          0.0252     2.0829     102        128        135        143        151        158        185       
1824       47000      47000      161.90     31.09      0.1921     16.05      0.10       0.10       0.10       0          16.05      11         11         0          0          0.0252     2.0838     102        128        135        143        151        158        185       
1825       47000      47000      161.89     31.87      0.1969     16.12      0.10       0.10       0.10       0          16.05      11         11         0          0          0.0252     2.0856     102        128        135        143        151        158        185       
1826       47000      47000      161.90     31.58      0.1951     16.12      0.10       0.10       0.10       0          16.05      11         11         0          0          0.0252     2.0838     102        128        135        143        151        158        185       
1827       47000      47000      161.90     30.82      0.1903     16.11      0.10       0.10       0.10       0          16.05      11         11         0          0          0.0252     2.0853     102        128        135        143        151        158        185       
1828       47000      47000      161.91     32.53      0.2009     16.16      0.11       0.10       0.10       0          16.05      11         11         0          0          0.0252     2.0852     102        128        135        143        151        158        185       
1829       47000      47000      161.90     32.17      0.1987     16.15      0.10       0.10       0.10       0          16.05      11         11         0          0          0.0252     2.0860     102        128        135        143        151        158        185       
1830       47000      47000      161.90     31.33      0.1935     16.16      0.10       0.10       0.10       0          16.05      11         11         0          0          0.0252     2.0863     102        128        135        143        151        158        185       
1831       47000      47000      161.90     32.01      0.1977     16.14      0.10       0.10       0.10       0          16.05      11         11         0          0          0.0252     2.0849     102        128        135        143        151        158        185       
1832       47000      47000      161.90     31.16      0.1925     16.17      0.11       0.10       0.10       0          16.05      11         11         0          0          0.0252     2.0851     102        128        135        143        151        158        185       
1833       47000      47000      161.89     31.05      0.1918     16.11      0.10       0.10       0.10       0          16.05      11         11         0          0          0.0252     2.0823     102        128        135        143        151        158        185       
1834       47000      47000      161.89     31.51      0.1946     16.16      0.10       0.10       0.10       0          16.05      11         11         0          0          0.0252     2.0857     102        128        135        143        151        158        185       
1835       47000      47000      161.90     31.95      0.1973     16.15      0.10       0.10       0.10       0          16.05      11         11         0          0          0.0252     2.0834     102        128        135        143        151        158        185       
1836       47000      47000      161.90     31.88      0.1969     16.16      0.10       0.10       0.10       0          16.05      11         11         0          0          0.0252     2.0835     102        128        135        143        151        158        185       
1837       47000      47000      161.90     32.45      0.2004     16.13      0.10       0.10       0.10       0          16.05      11         11         0          0          0.0252     2.0831     102        128        135        143        151        158        185       
1838       47000      47000      161.90     31.66      0.1956     16.14      0.10       0.10       0.10       0          16.05      11         11         0          0          0.0252     2.0856     102        128        135        143        151        158        185       
1839       47000      47000      161.90     31.66      0.1955     16.22      0.10       0.10       0.10       0          16.05      11         11         0          0          0.0252     2.0846     102        128        135        143        151        158        185       
1840       47000      47000      161.90     31.73      0.1960     16.19      0.10       0.10       0.10       0          16.05      11         11         0          0          0.0252     2.0839     102        128        135        143        151        158        185       
1841       47000      47000      161.90     32.63      0.2015     16.18      0.10       0.10       0.10       0          16.05      11         11         0          0          0.0252     2.0839     102        128        135        143        151        158        185       
1842       47000      47000      161.90     31.91      0.1971     16.18      0.11       0.10       0.10       0          16.05      11         11         0          0          0.0252     2.0829     102        128        135        143        151        158        185       
1843       47000      47000      161.89     32.26      0.1993     16.22      0.11       0.10       0.10       0          16.05      11         11         0          0          0.0252     2.0850     102        128        135        143        151        158        185       
1844       47000      47000      161.90     32.08      0.1981     16.27      0.11       0.10       0.10       0          16.05      11         11         0          0          0.0252     2.0860     102        128        135        143        151        158        185       
1845       47000      47000      161.89     31.84      0.1967     16.23      0.11       0.10       0.10       0          16.05      11         11         0          0          0.0252     2.0846     102        128        135        143        151        158        185       
1846       47000      47000      161.90     32.19      0.1988     16.27      0.11       0.10       0.10       0          16.05      11         11         0          0          0.0252     2.0847     102        128        135        143        151        158        185       
1847       47000      47000      161.90     32.04      0.1979     16.22      0.11       0.10       0.10       0          16.05      11         11         0          0          0.0252     2.0868     102        128        135        143        151        158        185       
1848       47000      47000      161.90     32.56      0.2011     16.18      0.10       0.10       0.10       0          16.05      11         11         0          0          0.0252     2.0851     102        128        135        143        151        158        185       
1849       47000      47000      161.90     31.92      0.1972     16.27      0.11       0.10       0.10       0          16.05      11         11         0          0          0.0252     2.0832     102        128        135        143        151        158        185       
1850       47000      47000      161.89     31.86      0.1968     16.28      0.11       0.10       0.10       0          16.05      11         11         0          0          0.0252     2.0845     102        128        135        143        151        158        185       
1851       47000      47000      161.90     32.89      0.2032     16.26      0.11       0.10       0.10       0          16.05      11         11         0          0          0.0252     2.0862     102        128        135        143        151        158        185       
1852       47000      47000      161.90     31.26      0.1931     16.26      0.11       0.10       0.10       0          16.05      11         11         0          0          0.0252     2.0820     102        128        135        143        151        158        185       
1853       47000      47000      161.90     32.20      0.1989     16.24      0.10       0.10       0.10       0          16.05      11         11         0          0          0.0252     2.0839     102        128        135        143        151        158        185       
1854       47000      47000      161.89     32.48      0.2006     16.24      0.11       0.10       0.10       0          16.05      11         11         0          0          0.0252     2.0828     102        128        135        143        151        158        185       
1855       47000      47000      161.90     32.18      0.1987     16.25      0.10       0.10       0.10       0          16.05      11         11         0          0          0.0252     2.0841     102        128        135        143        151        158        185       
1856       47000      47000      161.90     31.71      0.1959     16.23      0.11       0.10       0.10       0          16.05      11         11         0          0          0.0252     2.0834     102        128        135        143        151        158        185       
1857       47000      47000      161.89     32.05      0.1979     16.24      0.11       0.10       0.10       0          16.05      11         11         0          0          0.0252     2.0833     102        128        135        143        151        158        185       
1858       47000      47000      161.89     32.30      0.1995     16.28      0.10       0.10       0.10       0          16.05      11         11         0          0          0.0252     2.0880     102        128        135        143        151        158        185       
1859       47000      47000      161.90     31.57      0.1950     16.18      0.11       0.10       0.10       0          16.05      11         11         0          0          0.0252     2.0836     102        128        135        143        151        158        185       
1860       47000      47000      161.90     33.22      0.2052     16.23      0.11       0.10       0.10       0          16.05      11         11         0          0          0.0252     2.0826     102        128        135        143        151        158        185       
1861       47000      47000      161.90     31.77      0.1963     16.22      0.10       0.10       0.10       0          16.05      11         11         0          0          0.0252     2.0828     102        128        135        143        151        158        185       
1862       47000      47000      161.90     31.56      0.1949     16.22      0.11       0.10       0.10       0          16.05      11         11         0          0          0.0252     2.0818     102        128        135        143        151        158        185       
1863       47000      47000      161.90     31.24      0.1929     16.19      0.10       0.10       0.10       0          16.05      11         11         0          0          0.0252     2.0836     102        128        135        143        151        158        185       
1864       47000      47000      161.90     31.51      0.1946     16.18      0.11       0.10       0.10       0          16.05      11         11         0          0          0.0252     2.0832     102        128        135        143        151        158        185       
1865       47000      47000      161.89     31.81      0.1965     16.16      0.10       0.10       0.10       0          16.05      11         11         0          0          0.0252     2.0823     102        128        135        143        151        158        185       
1866       47000      47000      161.90     31.83      0.1966     16.15      0.10       0.10       0.10       0          16.05      11         11         0          0          0.0252     2.0853     102        128        135        143        151        158        185       
1867       47000      47000      161.90     32.30      0.1995     16.17      0.10       0.10       0.10       0          16.05      11         11         0          0          0.0252     2.0861     102        128        135        143        151        158        185       
1868       47000      47000      161.90     31.51      0.1947     16.23      0.10       0.10       0.10       0          16.05      11         11         0          0          0.0252     2.0841     102        128        135        143        151        158        185       
1869       47000      47000      161.90     31.27      0.1932     16.20      0.11       0.10       0.10       0          16.05      11         11         0          0          0.0252     2.0840     102        128        135        143        151        158        185       
1870       47000      47000      161.90     31.30      0.1933     16.21      0.10       0.10       0.10       0          16.05      11         11         0          0          0.0252     2.0826     102        128        135        143        151        158        185       
1871       47000      47000      161.90     31.71      0.1959     16.14      0.10       0.10       0.10       0          16.05      11         11         0          0          0.0252     2.0837     102        128        135        143        151        158        185       
1872       47000      47000      161.90     31.76      0.1962     16.17      0.10       0.10       0.10       0          16.05      11         11         0          0          0.0252     2.0836     102        128        135        143        151        158        185       
1873       47000      47000      161.90     31.58      0.1951     16.14      0.10       0.10       0.10       0          16.05      11         11         0          0          0.0252     2.0861     102        128        135        143        151        158        185       
1874       47000      47000      161.90     32.21      0.1990     16.15      0.10       0.10       0.10       0          16.05      11         11         0          0          0.0252     2.0817     102        128        135        143        151        158        185       
1875       47000      47000      161.90     32.38      0.2000     16.19      0.10       0.10       0.10       0          16.05      11         11         0          0          0.0252     2.0861     102        128        135        143        151        158        185       
1876       47000      47000      161.90     31.78      0.1963     16.19      0.10       0.10       0.10       0          16.05      11         11         0          0          0.0252     2.0845     102        128        135        143        151        158        185       
1877       47000      47000      161.90     31.44      0.1942     16.16      0.11       0.10       0.10       0          16.05      11         11         0          0          0.0252     2.0834     102        128        135        143        151        158        185       
1878       47000      47000      161.90     31.35      0.1936     16.22      0.11       0.10       0.10       0          16.05      11         11         0          0          0.0252     2.0846     102        128        135        143        151        158        185       
1879       47000      47000      161.89     32.02      0.1978     16.23      0.10       0.10       0.10       0          16.05      11         11         0          0          0.0252     2.0861     102        128        135        143        151        158        185       
1880       47000      47000      161.90     31.01      0.1915     16.19      0.10       0.10       0.10       0          16.05      11         11         0          0          0.0252     2.0863     102        128        135        143        151        158        185       
1881       47000      47000      161.90     31.55      0.1949     16.20      0.10       0.10       0.10       0          16.05      11         11         0          0          0.0252     2.0842     102        128        135        143        151        158        185       
1882       47000      47000      161.90     31.86      0.1968     16.18      0.11       0.10       0.10       0          16.05      11         11         0          0          0.0252     2.0849     102        128        135        143        151        158        185       
1883       47000      47000      161.90     31.50      0.1945     16.15      0.10       0.10       0.10       0          16.05      11         11         0          0          0.0252     2.0854     102        128        135        143        151        158        185       
1884       47000      47000      161.90     32.19      0.1988     16.13      0.10       0.10       0.10       0          16.05      11         11         0          0          0.0252     2.0855     102        128        135        143        151        158        185       
1885       47000      47000      161.90     31.39      0.1939     16.14      0.10       0.10       0.10       0          16.05      11         11         0          0          0.0252     2.0829     102        128        135        143        151        158        185       
1886       47000      47000      161.90     32.60      0.2013     16.19      0.10       0.10       0.10       0          16.05      11         11         0          0          0.0252     2.0828     102        128        135        143        151        158        185       
1887       47000      47000      161.89     31.19      0.1927     16.17      0.10       0.10       0.10       0          16.05      11         11         0          0          0.0252     2.0835     102        128        135        143        151        158        185       
1888       47000      47000      161.90     31.78      0.1963     16.13      0.10       0.10       0.10       0          16.05      11         11         0          0          0.0252     2.0856     102        128        135        143        151        158        185       
1889       47000      47000      161.91     31.50      0.1946     16.17      0.10       0.10       0.10       0          16.05      11         11         0          0          0.0252     2.0844     102        128        135        143        151        158        185       
1890       47000      47000      161.91     31.41      0.1940     16.18      0.10       0.10       0.10       0          16.05      11         11         0          0          0.0252     2.0814     102        128        135        143        151        158        185       
1891       47000      47000      161.91     32.44      0.2004     16.21      0.11       0.10       0.10       0          16.05      11         11         0          0          0.0252     2.0846     102        128        135        143        151        158        185       
1892       47000      47000      161.90     32.23      0.1991     16.19      0.11       0.10       0.10       0          16.05      11         11         0          0          0.0252     2.0826     102        128        135        143        151        158        185       
1893       47000      47000      161.90     31.88      0.1969     16.16      0.10       0.10       0.10       0          16.05      11         11         0          0          0.0252     2.0863     102        128        135        143        151        158        185       
1894       47000      47000      161.90     31.15      0.1924     16.18      0.10       0.10       0.10       0          16.05      11         11         0          0          0.0252     2.0820     102        128        135        143        151        158        185       
1895       47000      47000      161.90     31.77      0.1962     16.12      0.10       0.10       0.10       0          16.05      11         11         0          0          0.0252     2.0861     102        128        135        143        151        158        185       
1896       47000      47000      161.90     31.28      0.1932     16.11      0.10       0.10       0.10       0          16.05      11         11         0          0          0.0252     2.0836     102        128        135        143        151        158        185       
1897       47000      47000      161.90     30.78      0.1901     16.11      0.10       0.10       0.10       0          16.05      11         11         0          0          0.0252     2.0843     102        128        135        143        151        158        185       
1898       47000      47000      161.90     31.45      0.1943     16.07      0.10       0.10       0.10       0          16.05      11         11         0          0          0.0252     2.0851     102        128        135        143        151        158        185       
1899       47000      47000      161.90     31.57      0.1950     16.08      0.10       0.10       0.10       0          16.05      11         11         0          0          0.0252     2.0834     102        128        135        143        151        158        185       
1900       47000      47000      161.90     31.60      0.1952     16.08      0.10       0.10       0.10       0          16.05      11         11         0          0          0.0252     2.0851     102        128        135        143        151        158        185       
1901       47000      47000      161.90     32.07      0.1981     16.12      0.10       0.10       0.10       0          16.05      11         11         0          0          0.0252     2.0842     102        128        135        143        151        158        185       
1902       47000      47000      161.90     31.76      0.1962     16.13      0.10       0.10       0.10       0          16.05      11         11         0          0          0.0252     2.0846     102        128        135        143        151        158        185       
1903       47000      47000      161.90     31.52      0.1947     16.10      0.10       0.10       0.10       0          16.05      11         11         0          0          0.0252     2.0850     102        128        135        143        151        158        185       
1904       47000      47000      161.90     32.18      0.1988     16.14      0.10       0.10       0.10       0          16.05      11         11         0          0          0.0252     2.0834     102        128        135        143        151        158        185       
1905       47000      47000      161.89     31.39      0.1939     16.15      0.10       0.10       0.10       0          16.05      11         11         0          0          0.0252     2.0842     102        128        135        143        151        158        185       
1906       47000      47000      161.90     31.35      0.1936     16.13      0.10       0.10       0.10       0          16.05      11         11         0          0          0.0252     2.0860     102        128        135        143        151        158        185       
1907       47000      47000      161.89     32.10      0.1983     16.16      0.10       0.10       0.10       0          16.05      11         11         0          0          0.0252     2.0854     102        128        135        143        151        158        185       
1908       47000      47000      161.91     31.95      0.1973     16.17      0.11       0.10       0.10       0          16.05      11         11         0          0          0.0252     2.0838     102        128        135        143        151        158        185       
1909       47000      47000      161.91     30.88      0.1907     16.16      0.10       0.10       0.10       0          16.05      11         11         0          0          0.0252     2.0835     102        128        135        143        151        158        185       
1910       47000      47000      161.89     32.37      0.2000     16.19      0.11       0.10       0.10       0          16.05      11         11         0          0          0.0252     2.0826     102        128        135        143        151        158        185       
1911       47000      47000      161.91     31.97      0.1975     16.14      0.11       0.10       0.10       0          16.05      11         11         0          0          0.0252     2.0803     102        128        135        143        151        158        185       
1912       47000      47000      161.89     31.84      0.1967     16.21      0.10       0.10       0.10       0          16.05      11         11         0          0          0.0252     2.0829     102        128        135        143        151        158        185       
1913       47000      47000      161.90     32.35      0.1998     16.20      0.10       0.10       0.10       0          16.05      11         11         0          0          0.0252     2.0856     102        128        135        143        151        158        185       
1914       47000      47000      161.90     32.84      0.2028     16.25      0.10       0.10       0.10       0          16.05      11         11         0          0          0.0252     2.0858     102        128        135        143        151        158        185       
1915       47000      47000      161.90     31.86      0.1968     16.24      0.10       0.10       0.10       0          16.05      11         11         0          0          0.0252     2.0826     102        128        135        143        151        158        185       
1916       47000      47000      161.90     32.37      0.1999     16.26      0.10       0.10       0.10       0          16.05      11         11         0          0          0.0252     2.0849     102        128        135        143        151        158        185       
1917       47000      47000      161.89     31.83      0.1966     16.25      0.10       0.10       0.10       0          16.05      11         11         0          0          0.0252     2.0827     102        128        135        143        151        158        185       
1918       47000      47000      161.90     32.35      0.1998     16.23      0.11       0.10       0.10       0          16.05      11         11         0          0          0.0252     2.0843     102        128        135        143        151        158        185       
1919       47000      47000      161.90     31.80      0.1964     16.22      0.11       0.10       0.10       0          16.05      11         11         0          0          0.0252     2.0829     102        128        135        143        151        158        185       
1920       47000      47000      161.90     32.96      0.2036     16.24      0.11       0.10       0.10       0          16.05      11         11         0          0          0.0252     2.0836     102        128        135        143        151        158        185       
1921       47000      47000      161.90     31.42      0.1941     16.24      0.11       0.10       0.10       0          16.05      11         11         0          0          0.0252     2.0848     102        128        135        143        151        158        185       
1922       47000      47000      161.91     32.32      0.1996     16.22      0.11       0.10       0.10       0          16.05      11         11         0          0          0.0252     2.0855     102        128        135        143        151        158        185       
1923       47000      47000      161.90     31.78      0.1963     16.31      0.11       0.10       0.10       0          16.05      11         11         0          0          0.0252     2.0857     102        128        135        143        151        158        185       
1924       47000      47000      161.90     31.66      0.1955     16.27      0.11       0.10       0.10       0          16.05      11         11         0          0          0.0252     2.0849     102        128        135        143        151        158        185       
1925       47000      47000      161.90     32.78      0.2025     16.20      0.11       0.10       0.10       0          16.05      11         11         0          0          0.0252     2.0830     102        128        135        143        151        158        185       
1926       47000      47000      161.90     30.56      0.1888     16.25      0.10       0.10       0.10       0          16.05      11         11         0          0          0.0252     2.0844     102        128        135        143        151        158        185       
1927       47000      47000      161.90     31.74      0.1960     16.20      0.10       0.10       0.10       0          16.05      11         11         0          0          0.0252     2.0835     102        128        135        143        151        158        185       
1928       47000      47000      161.89     31.85      0.1967     16.22      0.11       0.10       0.10       0          16.05      11         11         0          0          0.0252     2.0855     102        128        135        143        151        158        185       
1929       47000      47000      161.90     31.65      0.1955     16.19      0.10       0.10       0.10       0          16.05      11         11         0          0          0.0252     2.0844     102        128        135        143        151        158        185       
1930       47000      47000      161.90     31.27      0.1931     16.20      0.11       0.10       0.10       0          16.05      11         11         0          0          0.0252     2.0868     102        128        135        143        151        158        185       
1931       47000      47000      161.90     31.52      0.1947     16.20      0.11       0.10       0.10       0          16.05      11         11         0          0          0.0252     2.0818     102        128        135        143        151        158        185       
1932       47000      47000      161.90     30.93      0.1910     16.24      0.11       0.10       0.10       0          16.05      11         11         0          0          0.0252     2.0827     102        128        135        143        151        158        185       
1933       47000      47000      161.90     31.86      0.1968     16.13      0.10       0.10       0.10       0          16.05      11         11         0          0          0.0252     2.0827     102        128        135        143        151        158        185       
1934       47000      47000      161.90     32.20      0.1989     16.22      0.10       0.10       0.10       0          16.05      11         11         0          0          0.0252     2.0858     102        128        135        143        151        158        185       
1935       47000      47000      161.91     32.10      0.1983     16.19      0.11       0.10       0.10       0          16.05      11         11         0          0          0.0252     2.0832     102        128        135        143        151        158        185       
1936       47000      47000      161.90     31.95      0.1974     16.23      0.11       0.10       0.10       0          16.05      11         11         0          0          0.0252     2.0829     102        128        135        143        151        158        185       
1937       47000      47000      161.90     32.26      0.1993     16.28      0.11       0.10       0.10       0          16.05      11         11         0          0          0.0252     2.0837     102        128        135        143        151        158        185       
1938       47000      47000      161.90     32.23      0.1991     16.17      0.10       0.10       0.10       0          16.05      11         11         0          0          0.0252     2.0861     102        128        135        143        151        158        185       
1939       47000      47000      161.90     32.14      0.1985     16.16      0.11       0.10       0.10       0          16.05      11         11         0          0          0.0252     2.0850     102        128        135        143        151        158        185       
1940       47000      47000      161.90     31.23      0.1929     16.21      0.11       0.10       0.10       0          16.05      11         11         0          0          0.0252     2.0848     102        128        135        143        151        158        185       
1941       47000      47000      161.90     31.34      0.1936     16.22      0.11       0.10       0.10       0          16.05      11         11         0          0          0.0252     2.0855     102        128        135        143        151        158        185       
1942       47000      47000      161.90     31.94      0.1973     16.23      0.11       0.10       0.10       0          16.05      11         11         0          0          0.0252     2.0843     102        128        135        143        151        158        185       
1943       47000      47000      161.90     31.80      0.1964     16.20      0.10       0.10       0.10       0          16.05      11         11         0          0          0.0252     2.0823     102        128        135        143        151        158        185       
1944       47000      47000      161.90     32.88      0.2031     16.21      0.10       0.10       0.10       0          16.05      11         11         0          0          0.0252     2.0868     102        128        135        143        151        158        185       
1945       47000      47000      161.90     31.73      0.1960     16.29      0.11       0.10       0.10       0          16.05      11         11         0          0          0.0252     2.0831     102        128        135        143        151        158        185       
1946       47000      47000      161.90     31.45      0.1942     16.22      0.11       0.10       0.10       0          16.05      11         11         0          0          0.0252     2.0852     102        128        135        143        151        158        185       
1947       47000      47000      161.90     31.52      0.1947     16.24      0.10       0.10       0.10       0          16.05      11         11         0          0          0.0252     2.0845     102        128        135        143        151        158        185       
1948       47000      47000      161.90     31.42      0.1941     16.17      0.10       0.10       0.10       0          16.05      11         11         0          0          0.0252     2.0823     102        128        135        143        151        158        185       
1949       47000      47000      161.89     31.40      0.1940     16.17      0.11       0.10       0.10       0          16.05      11         11         0          0          0.0252     2.0848     102        128        135        143        151        158        185       
1950       47000      47000      161.90     31.72      0.1959     16.13      0.10       0.10       0.10       0          16.05      11         11         0          0          0.0252     2.0853     102        128        135        143        151        158        185       
1951       47000      47000      161.90     32.68      0.2019     16.19      0.11       0.10       0.10       0          16.05      11         11         0          0          0.0252     2.0830     102        128        135        143        151        158        185       
1952       47000      47000      161.90     31.92      0.1971     16.16      0.10       0.10       0.10       0          16.05      11         11         0          0          0.0252     2.0842     102        128        135        143        151        158        185       
1953       47000      47000      161.89     32.19      0.1988     16.23      0.11       0.10       0.10       0          16.05      11         11         0          0          0.0252     2.0865     102        128        135        143        151        158        185       
1954       47000      47000      161.90     31.52      0.1947     16.19      0.10       0.10       0.10       0          16.05      11         11         0          0          0.0252     2.0822     102        128        135        143        151        158        185       
1955       47000      47000      161.90     31.92      0.1972     16.22      0.10       0.10       0.10       0          16.05      11         11         0          0          0.0252     2.0849     102        128        135        143        151        158        185       
1956       47000      47000      161.90     31.32      0.1935     16.18      0.10       0.10       0.10       0          16.05      11         11         0          0          0.0252     2.0838     102        128        135        143        151        158        185       
1957       47000      47000      161.90     30.94      0.1911     16.20      0.11       0.10       0.10       0          16.05      11         11         0          0          0.0252     2.0840     102        128        135        143        151        158        185       
1958       47000      47000      161.90     31.06      0.1918     16.14      0.11       0.10       0.10       0          16.05      11         11         0          0          0.0252     2.0847     102        128        135        143        151        158        185       
1959       47000      47000      161.90     32.21      0.1989     16.14      0.11       0.10       0.10       0          16.05      11         11         0          0          0.0252     2.0853     102        128        135        143        151        158        185       
1960       47000      47000      161.90     30.69      0.1896     16.12      0.10       0.10       0.10       0          16.05      11         11         0          0          0.0252     2.0835     102        128        135        143        151        158        185       
1961       47000      47000      161.90     30.71      0.1897     16.08      0.10       0.10       0.10       0          16.05      11         11         0          0          0.0252     2.0841     102        128        135        143        151        158        185       
1962       47000      47000      161.90     31.52      0.1947     16.07      0.10       0.10       0.10       0          16.05      11         11         0          0          0.0252     2.0841     102        128        135        143        151        158        185       
1963       47000      47000      161.90     31.72      0.1959     16.04      0.10       0.10       0.10       0          16.05      11         11         0          0          0.0252     2.0840     102        128        135        143        151        158        185       
1964       47000      47000      161.90     30.69      0.1896     16.05      0.10       0.10       0.10       0          16.05      11         11         0          0          0.0252     2.0825     102        128        135        143        151        158        185       
1965       47000      47000      161.90     31.48      0.1944     16.07      0.10       0.10       0.10       0          16.05      11         11         0          0          0.0252     2.0825     102        128        135        143        151        158        185       
1966       47000      47000      161.90     32.27      0.1993     16.11      0.10       0.10       0.10       0          16.05      11         11         0          0          0.0252     2.0846     102        128        135        143        151        158        185       
1967       47000      47000      161.89     31.75      0.1961     16.05      0.10       0.10       0.10       0          16.05      11         11         0          0          0.0252     2.0819     102        128        135        143        151        158        185       
1968       47000      47000      161.90     30.79      0.1902     16.08      0.10       0.10       0.10       0          16.05      11         11         0          0          0.0252     2.0860     102        128        135        143        151        158        185       
1969       47000      47000      161.90     31.32      0.1934     16.08      0.10       0.10       0.10       0          16.05      11         11         0          0          0.0252     2.0837     102        128        135        143        151        158        185       
1970       47000      47000      161.89     31.63      0.1954     16.10      0.10       0.10       0.10       0          16.05      11         11         0          0          0.0252     2.0869     102        128        135        143        151        158        185       
1971       47000      47000      161.90     31.48      0.1944     16.05      0.10       0.10       0.10       0          16.05      11         11         0          0          0.0252     2.0851     102        128        135        143        151        158        185       
1972       47000      47000      161.90     31.87      0.1968     16.06      0.10       0.10       0.10       0          16.05      11         11         0          0          0.0252     2.0853     102        128        135        143        151        158        185       
1973       47000      47000      161.90     31.87      0.1968     16.09      0.10       0.10       0.10       0          16.05      11         11         0          0          0.0252     2.0839     102        128        135        143        151        158        185       
1974       47000      47000      161.90     31.16      0.1924     16.16      0.10       0.10       0.10       0          16.05      11         11         0          0          0.0252     2.0833     102        128        135        143        151        158        185       
1975       47000      47000      161.91     31.97      0.1974     16.13      0.10       0.10       0.10       0          16.05      11         11         0          0          0.0252     2.0829     102        128        135        143        151        158        185       
1976       47000      47000      161.89     31.40      0.1940     16.14      0.11       0.10       0.10       0          16.05      11         11         0          0          0.0252     2.0842     102        128        135        143        151        158        185       
1977       47000      47000      161.91     31.29      0.1933     16.14      0.11       0.10       0.10       0          16.05      11         11         0          0          0.0252     2.0861     102        128        135        143        151        158        185       
1978       47000      47000      161.90     31.04      0.1917     16.18      0.10       0.10       0.10       0          16.05      11         11         0          0          0.0252     2.0840     102        128        135        143        151        158        185       
1979       47000      47000      161.90     31.24      0.1930     16.14      0.10       0.10       0.10       0          16.05      11         11         0          0          0.0252     2.0848     102        128        135        143        151        158        185       
1980       47000      47000      161.90     31.74      0.1961     16.16      0.11       0.10       0.10       0          16.05      11         11         0          0          0.0252     2.0849     102        128        135        143        151        158        185       
1981       47000      47000      161.89     31.86      0.1968     16.15      0.10       0.10       0.10       0          16.05      11         11         0          0          0.0252     2.0846     102        128        135        143        151        158        185       
1982       47000      47000      161.90     32.15      0.1986     16.15      0.10       0.10       0.10       0          16.05      11         11         0          0          0.0252     2.0842     102        128        135        143        151        158        185       
1983       47000      47000      161.89     31.13      0.1923     16.12      0.10       0.10       0.10       0          16.05      11         11         0          0          0.0252     2.0825     102        128        135        143        151        158        185       
1984       47000      47000      161.90     32.05      0.1980     16.19      0.10       0.10       0.10       0          16.05      11         11         0          0          0.0252     2.0850     102        128        135        143        151        158        185       
1985       47000      47000      161.90     31.52      0.1947     16.15      0.10       0.10       0.10       0          16.05      11         11         0          0          0.0252     2.0826     102        128        135        143        151        158        185       
1986       47000      47000      161.90     31.89      0.1970     16.15      0.10       0.10       0.10       0          16.05      11         11         0          0          0.0252     2.0850     102        128        135        143        151        158        185       
1987       47000      47000      161.90     31.96      0.1974     16.20      0.11       0.10       0.10       0          16.05      11         11         0          0          0.0252     2.0831     102        128        135        143        151        158        185       
1988       47000      47000      161.89     31.51      0.1947     16.19      0.11       0.10       0.10       0          16.05      11         11         0          0          0.0252     2.0849     102        128        135        143        151        158        185       
1989       47000      47000      161.90     32.73      0.2022     16.20      0.11       0.10       0.10       0          16.05      11         11         0          0          0.0252     2.0844     102        128        135        143        151        158        185       
1990       47000      47000      161.91     31.61      0.1952     16.22      0.10       0.10       0.10       0          16.05      11         11         0          0          0.0252     2.0851     102        128        135        143        151        158        185       
1991       47000      47000      161.89     31.96      0.1974     16.23      0.10       0.10       0.10       0          16.05      11         11         0          0          0.0252     2.0850     102        128        135        143        151        158        185       
1992       47000      47000      161.89     31.01      0.1916     16.24      0.10       0.10       0.10       0          16.05      11         11         0          0          0.0252     2.0871     102        128        135        143        151        158        185       
1993       47000      47000      161.90     31.16      0.1925     16.24      0.10       0.10       0.10       0          16.05      11         11         0          0          0.0252     2.0832     102        128        135        143        151        158        185       
1994       47000      47000      161.89     32.21      0.1989     16.21      0.10       0.10       0.10       0          16.05      11         11         0          0          0.0252     2.0853     102        128        135        143        151        158        185       
1995       47000      47000      161.89     31.70      0.1958     16.21      0.10       0.10       0.10       0          16.05      11         11         0          0          0.0252     2.0829     102        128        135        143        151        158        185       
1996       47000      47000      161.90     31.37      0.1938     16.24      0.10       0.10       0.10       0          16.05      11         11         0          0          0.0252     2.0828     102        128        135        143        151        158        185       
1997       47000      47000      161.90     32.16      0.1987     16.24      0.10       0.10       0.10       0          16.05      11         11         0          0          0.0252     2.0820     102        128        135        143        151        158        185       
1998       47000      47000      161.90     31.29      0.1933     16.20      0.11       0.10       0.10       0          16.05      11         11         0          0          0.0252     2.0846     102        128        135        143        151        158        185       
1999       47000      47000      161.89     32.04      0.1979     16.14      0.11       0.10       0.10       0          16.05      11         11         0          0          0.0252     2.0860     102        128        135        143        151        158        185       
2000       47000      47000      161.90     31.77      0.1962     16.16      0.10       0.10       0.10       0          16.05      11         11         0          0          0.0252     2.0836     102        128        135        143        151        158        185       
