time       n_sent     n_recv     avgRecv    avgByzRecv pByzRecv   avgByzN    pushByzN   pullByzN   sampByzN   n_isolated avgByzSamp min        max        n_fullbyz  n_fbi      cluscoeff  MPL        id_min     id_d1      id_q1      id_med     id_q3      id_d9      id_max    
0          10000      0          0.00       0.00       NaN        41.64      0.00       0.00       0.00       0          41.58      16         72         0          0          0.0776     2.4497     46         64         69         75         81         86         109       
1          50800      10000      0.00       0.00       NaN        41.64      0.00       0.00       0.00       0          41.58      16         72         0          0          0.0776     2.4497     46         64         69         75         81         86         109       
2          58200      50800      3.34       2.60       0.7782     41.64      0.00       0.00       0.00       0          41.58      16         72         0          0          0.0776     2.4497     46         64         69         75         81         86         109       
3          58200      58200      163.35     75.79      0.4640     65.14      0.52       0.37       0.26       0          57.46      19         121        0          0          0.1660     2.4893     44         62         67         74         80         86         119       
4          58200      58200      163.19     82.48      0.5054     75.06      0.68       0.52       0.42       0          66.86      21         135        0          0          0.2124     2.4628     38         63         69         76         83         90         118       
5          58200      58200      163.13     109.39     0.6706     79.01      0.54       0.55       0.46       0          73.77      22         143        0          0          0.2509     2.4865     37         61         67         75         82         89         116       
6          58200      58200      163.11     117.69     0.7216     88.74      0.58       0.64       0.51       0          81.25      22         146        0          0          0.2953     2.5165     28         56         63         70         77         84         111       
7          58200      58200      163.05     124.39     0.7629     96.63      0.67       0.71       0.54       0          87.23      22         148        0          0          0.3328     2.5573     25         53         59         66         73         80         108       
8          58200      58200      162.99     132.39     0.8123     102.69     0.73       0.76       0.58       0          92.24      30         149        0          0          0.3662     2.5926     26         49         55         62         69         76         104       
9          58200      58200      162.96     138.59     0.8505     108.04     0.78       0.81       0.60       0          96.73      30         152        0          0          0.3975     2.6226     24         46         52         58         65         72         104       
10         58200      58200      162.93     143.37     0.8800     112.43     0.82       0.84       0.63       0          100.60     31         153        0          0          0.4257     2.6560     20         43         49         55         62         68         95        
11         58200      58200      162.91     145.95     0.8959     116.13     0.85       0.87       0.65       0          103.90     31         152        0          0          0.4505     2.6840     21         41         46         52         59         65         92        
12         58200      58200      162.87     149.06     0.9152     119.18     0.87       0.89       0.67       0          106.81     31         153        0          0          0.4730     2.7059     20         38         44         50         56         63         92        
13         58200      58200      162.85     150.76     0.9257     121.54     0.89       0.90       0.68       0          109.22     31         154        0          0          0.4923     2.7266     20         37         42         48         54         60         91        
14         58200      58200      162.84     152.44     0.9362     123.64     0.90       0.91       0.70       0          111.40     31         154        0          0          0.5099     2.7481     19         35         40         46         52         58         86        
15         58200      58200      162.82     153.82     0.9447     125.38     0.92       0.92       0.71       0          113.22     31         155        0          0          0.5250     2.7639     18         33         39         44         50         56         83        
16         58200      58200      162.81     154.83     0.9510     126.82     0.92       0.93       0.72       0          114.86     31         156        0          0          0.5389     2.7780     17         32         37         43         49         55         78        
17         58200      58200      162.81     155.24     0.9535     128.08     0.93       0.94       0.73       0          116.27     31         156        0          0          0.5509     2.7897     16         31         36         41         48         53         73        
18         58200      58200      162.80     156.25     0.9598     129.20     0.94       0.94       0.73       0          117.55     31         156        0          0          0.5620     2.8013     14         30         35         40         46         52         72        
19         58200      58200      162.79     156.48     0.9612     130.21     0.94       0.95       0.74       0          118.71     33         157        0          0          0.5721     2.8142     13         29         34         39         45         51         71        
20         58200      58200      162.79     156.76     0.9630     130.96     0.95       0.95       0.75       0          119.71     33         157        0          0          0.5808     2.8258     12         29         33         38         44         50         70        
21         58200      58200      162.78     157.07     0.9649     131.63     0.95       0.95       0.75       0          120.56     33         158        0          0          0.5884     2.8326     11         28         32         38         43         49         70        
22         58200      58200      162.77     157.50     0.9677     132.19     0.95       0.95       0.76       0          121.33     33         158        0          0          0.5954     2.8391     10         27         32         37         43         48         70        
23         58200      58200      162.77     157.70     0.9688     132.76     0.95       0.95       0.76       0          122.01     38         158        0          0          0.6015     2.8445     10         27         31         36         42         47         68        
24         58200      58200      162.77     157.64     0.9685     133.23     0.96       0.96       0.77       0          122.61     38         158        0          0          0.6070     2.8533     10         26         31         36         41         47         68        
25         58200      58200      162.77     158.21     0.9720     133.64     0.95       0.96       0.77       0          123.18     38         158        0          0          0.6121     2.8606     9          26         30         35         41         46         69        
26         58200      58200      162.76     158.02     0.9708     134.04     0.96       0.96       0.77       1          123.66     38         158        0          0          0.6165     2.8659     9          25         30         35         40         46         71        
27         58200      58200      162.76     158.16     0.9717     134.30     0.96       0.96       0.78       0          124.10     38         158        0          0          0.6206     2.8705     8          25         29         34         40         45         70        
28         58200      58200      162.76     158.50     0.9738     134.62     0.96       0.96       0.78       0          124.53     38         158        0          0          0.6244     2.8763     8          25         29         34         39         45         67        
29         58200      58200      162.76     158.47     0.9737     134.93     0.96       0.96       0.78       1          124.91     41         158        0          0          0.6279     2.8819     8          24         29         34         39         44         64        
30         58200      58200      162.75     158.65     0.9748     135.16     0.96       0.96       0.78       1          125.25     41         158        0          0          0.6310     2.8853     8          24         28         33         39         44         64        
31         58200      58200      162.76     158.73     0.9752     135.34     0.96       0.96       0.78       2          125.55     41         158        0          0          0.6338     2.8907     8          24         28         33         38         44         64        
32         58200      58200      162.76     158.69     0.9750     135.51     0.96       0.96       0.79       0          125.80     50         158        0          0          0.6361     2.8963     8          24         28         33         38         43         63        
33         58200      58200      162.75     158.91     0.9764     135.68     0.96       0.96       0.79       1          126.04     74         158        0          0          0.6383     2.9021     7          24         28         33         38         43         62        
34         58200      58200      162.75     158.87     0.9761     135.87     0.96       0.96       0.79       0          126.24     74         158        0          0          0.6402     2.9047     7          23         28         32         38         43         61        
35         58200      58200      162.76     158.81     0.9757     135.94     0.96       0.96       0.79       1          126.41     74         158        0          0          0.6419     2.9079     7          23         27         32         38         43         61        
36         58200      58200      162.75     159.27     0.9786     135.98     0.96       0.96       0.79       0          126.58     74         158        0          0          0.6435     2.9102     6          23         27         32         37         43         61        
37         58200      58200      162.75     158.71     0.9752     136.18     0.96       0.96       0.79       0          126.73     74         158        0          0          0.6448     2.9098     6          23         27         32         37         42         61        
38         58200      58200      162.75     159.03     0.9771     136.24     0.96       0.96       0.79       0          126.85     74         158        0          0          0.6459     2.9134     6          23         27         32         37         42         61        
39         58200      58200      162.75     159.03     0.9771     136.24     0.96       0.96       0.79       1          126.95     74         158        0          0          0.6469     2.9158     5          23         27         32         37         42         62        
40         58200      58200      162.74     159.09     0.9776     136.26     0.96       0.96       0.79       2          127.04     74         158        0          0          0.6477     2.9185     5          23         27         32         37         42         62        
41         58200      58200      162.75     159.16     0.9780     136.37     0.96       0.96       0.79       0          127.14     86         158        0          0          0.6486     2.9208     5          23         27         32         37         42         61        
42         58200      58200      162.75     159.15     0.9779     136.42     0.96       0.96       0.80       1          127.21     85         158        0          0          0.6494     2.9208     5          22         27         31         37         42         61        
43         58200      58200      162.75     159.08     0.9774     136.36     0.96       0.96       0.80       2          127.26     86         158        0          0          0.6499     2.9224     5          22         27         31         37         42         61        
44         58200      58200      162.75     159.16     0.9779     136.44     0.96       0.96       0.80       1          127.34     86         158        0          0          0.6505     2.9236     5          22         27         31         37         42         62        
45         58200      58200      162.75     158.99     0.9769     136.44     0.96       0.96       0.80       1          127.38     86         158        0          0          0.6509     2.9241     5          22         26         31         37         42         62        
46         58200      58200      162.75     159.21     0.9782     136.40     0.96       0.96       0.80       1          127.41     86         158        0          0          0.6512     2.9255     5          22         26         31         37         42         61        
47         58200      58200      162.75     159.10     0.9776     136.36     0.95       0.96       0.80       0          127.44     86         158        0          0          0.6515     2.9284     5          22         26         31         37         42         63        
48         58200      58200      162.75     159.02     0.9771     136.33     0.96       0.96       0.80       0          127.47     87         158        0          0          0.6518     2.9278     5          22         26         31         37         42         63        
49         58200      58200      162.74     159.30     0.9788     136.37     0.95       0.96       0.80       0          127.47     87         158        0          0          0.6517     2.9262     5          22         26         31         37         42         63        
50         58200      58200      162.75     159.11     0.9777     136.34     0.95       0.95       0.80       1          127.46     87         158        0          0          0.6517     2.9251     5          22         26         31         37         42         62        
51         58200      58200      162.75     159.15     0.9779     136.27     0.95       0.95       0.80       3          127.46     88         158        0          0          0.6516     2.9258     5          22         26         31         37         42         63        
52         58200      58200      162.75     159.25     0.9785     136.25     0.95       0.95       0.80       1          127.44     88         158        0          0          0.6514     2.9261     5          22         26         31         37         42         63        
53         58200      58200      162.75     158.90     0.9763     136.15     0.95       0.95       0.80       0          127.42     88         158        0          0          0.6513     2.9257     5          22         26         31         37         42         64        
54         58200      58200      162.76     159.13     0.9777     136.08     0.95       0.95       0.80       0          127.39     88         158        0          0          0.6509     2.9276     5          22         26         31         37         42         64        
55         58200      58200      162.75     158.88     0.9762     136.01     0.95       0.95       0.80       1          127.35     88         158        0          0          0.6506     2.9268     5          22         26         31         37         42         64        
56         58200      58200      162.75     159.01     0.9771     135.92     0.95       0.95       0.80       1          127.31     88         158        0          0          0.6502     2.9266     5          22         26         32         37         42         65        
57         58200      58200      162.75     158.93     0.9765     135.81     0.95       0.95       0.80       1          127.27     88         158        0          0          0.6498     2.9252     5          22         27         32         37         42         65        
58         58200      58200      162.75     158.91     0.9764     135.75     0.95       0.95       0.80       2          127.22     89         158        0          0          0.6493     2.9196     5          22         27         32         37         42         66        
59         58200      58200      162.74     158.83     0.9759     135.68     0.95       0.95       0.79       1          127.17     88         158        0          0          0.6488     2.9177     5          22         27         32         37         42         67        
60         58200      58200      162.76     158.82     0.9758     135.62     0.94       0.95       0.79       0          127.11     88         158        0          0          0.6482     2.9163     5          22         27         32         37         42         67        
61         58200      58200      162.75     158.83     0.9759     135.44     0.95       0.94       0.79       1          127.05     88         158        0          0          0.6476     2.9140     5          22         27         32         37         43         67        
62         58200      58200      162.75     158.89     0.9763     135.38     0.94       0.94       0.79       0          127.00     88         158        0          0          0.6471     2.9118     5          22         27         32         37         43         67        
63         58200      58200      162.75     158.88     0.9762     135.34     0.94       0.94       0.79       0          126.93     88         158        0          0          0.6465     2.9107     5          22         27         32         37         43         67        
64         58200      58200      162.75     158.72     0.9752     135.21     0.94       0.94       0.79       2          126.86     88         158        0          0          0.6458     2.9092     5          22         27         32         37         43         69        
65         58200      58200      162.76     158.72     0.9752     135.05     0.94       0.94       0.79       0          126.78     88         158        0          0          0.6450     2.9080     5          22         27         32         38         43         69        
66         58200      58200      162.76     159.01     0.9770     135.00     0.94       0.94       0.79       2          126.71     88         158        0          0          0.6443     2.9066     5          22         27         32         38         43         69        
67         58200      58200      162.76     158.58     0.9744     134.91     0.94       0.94       0.79       0          126.63     88         158        0          0          0.6435     2.9053     5          22         27         32         38         43         69        
68         58200      58200      162.75     158.68     0.9750     134.84     0.94       0.94       0.79       0          126.55     88         158        0          0          0.6428     2.9039     5          22         27         32         38         43         69        
69         58200      58200      162.76     158.73     0.9752     134.72     0.94       0.94       0.79       0          126.46     88         158        0          0          0.6419     2.9029     5          22         27         32         38         44         69        
70         58200      58200      162.76     158.61     0.9745     134.62     0.94       0.94       0.79       0          126.37     89         158        0          0          0.6411     2.9010     5          22         27         32         38         44         71        
71         58200      58200      162.76     158.53     0.9740     134.37     0.93       0.93       0.79       0          126.28     89         158        0          0          0.6402     2.8985     5          22         27         33         38         44         71        
72         58200      58200      162.76     158.62     0.9746     134.23     0.93       0.93       0.79       0          126.19     89         158        0          0          0.6394     2.8978     5          22         27         33         38         44         71        
73         58200      58200      162.75     158.55     0.9742     134.16     0.93       0.93       0.79       1          126.10     89         158        0          0          0.6385     2.8963     5          23         27         33         38         44         73        
74         58200      58200      162.77     158.35     0.9728     134.01     0.93       0.93       0.79       0          126.01     89         158        0          0          0.6376     2.8963     5          23         27         33         39         44         73        
75         58200      58200      162.76     158.58     0.9743     133.96     0.93       0.93       0.79       1          125.92     89         158        0          0          0.6368     2.8944     5          23         27         33         39         44         73        
76         58200      58200      162.76     158.30     0.9726     133.82     0.93       0.93       0.79       0          125.82     89         158        0          0          0.6357     2.8943     5          23         28         33         39         45         74        
77         58200      58200      162.77     158.55     0.9741     133.61     0.93       0.93       0.79       0          125.72     89         158        0          0          0.6348     2.8930     5          23         28         33         39         45         74        
78         58200      58200      162.76     158.36     0.9729     133.51     0.93       0.93       0.79       0          125.62     89         158        0          0          0.6339     2.8917     5          23         28         33         39         45         75        
79         58200      58200      162.76     158.16     0.9717     133.43     0.93       0.93       0.78       1          125.52     89         158        0          0          0.6329     2.8902     5          23         28         33         39         45         75        
80         58200      58200      162.77     157.96     0.9705     133.27     0.93       0.92       0.78       1          125.40     89         158        0          0          0.6318     2.8886     5          23         28         33         39         45         75        
81         58200      58200      162.77     158.29     0.9725     133.08     0.93       0.92       0.78       0          125.29     89         158        0          0          0.6307     2.8873     5          23         28         33         39         45         74        
82         58200      58200      162.77     157.92     0.9702     132.86     0.92       0.92       0.78       0          125.18     88         158        0          0          0.6296     2.8839     5          23         28         34         40         45         74        
83         58200      58200      162.77     158.20     0.9719     132.76     0.92       0.92       0.78       0          125.07     88         158        0          0          0.6286     2.8835     5          23         28         34         40         45         74        
84         58200      58200      162.76     157.79     0.9694     132.60     0.92       0.92       0.78       1          124.94     88         158        0          0          0.6274     2.8816     5          23         28         34         40         46         74        
85         58200      58200      162.77     157.98     0.9706     132.46     0.91       0.92       0.78       1          124.81     87         158        0          0          0.6262     2.8792     5          23         28         34         40         46         73        
86         58200      58200      162.77     157.56     0.9680     132.23     0.91       0.91       0.78       1          124.70     87         158        0          0          0.6251     2.8780     5          23         28         34         40         46         73        
87         58200      58200      162.77     157.90     0.9701     131.99     0.91       0.91       0.78       0          124.57     87         158        0          0          0.6239     2.8766     5          23         28         34         40         46         74        
88         58200      58200      162.78     157.73     0.9690     131.83     0.91       0.91       0.78       0          124.45     87         158        0          0          0.6228     2.8752     5          24         29         34         40         46         74        
89         58200      58200      162.76     157.72     0.9690     131.75     0.91       0.91       0.78       0          124.32     87         158        0          0          0.6216     2.8743     5          24         29         34         41         46         75        
90         58200      58200      162.77     157.59     0.9682     131.52     0.91       0.91       0.78       0          124.20     87         158        0          0          0.6204     2.8718     5          24         29         35         41         47         76        
91         58200      58200      162.79     157.42     0.9670     131.34     0.91       0.91       0.78       0          124.06     87         158        0          0          0.6191     2.8697     5          24         29         35         41         47         76        
92         58200      58200      162.78     157.43     0.9671     131.10     0.91       0.90       0.77       0          123.93     87         158        0          0          0.6179     2.8671     5          24         29         35         41         47         76        
93         58200      58200      162.78     157.33     0.9665     130.87     0.91       0.90       0.77       0          123.79     87         158        0          0          0.6166     2.8660     5          24         29         35         41         47         76        
94         58200      58200      162.78     157.52     0.9677     130.79     0.90       0.90       0.77       0          123.65     87         158        0          0          0.6153     2.8646     5          24         29         35         41         48         76        
95         58200      58200      162.78     157.41     0.9670     130.65     0.90       0.90       0.77       0          123.52     86         158        0          0          0.6140     2.8620     5          24         29         35         41         48         76        
96         58200      58200      162.79     157.34     0.9665     130.43     0.90       0.90       0.77       1          123.38     85         158        0          0          0.6127     2.8604     5          24         29         35         42         48         76        
97         58200      58200      162.79     157.28     0.9662     130.26     0.90       0.90       0.77       0          123.24     85         158        0          0          0.6114     2.8590     5          24         29         36         42         48         76        
98         58200      58200      162.78     157.03     0.9646     130.09     0.90       0.89       0.77       0          123.11     83         158        0          0          0.6102     2.8576     5          24         30         36         42         48         76        
99         58200      58200      162.79     157.03     0.9646     129.85     0.90       0.89       0.77       0          122.98     83         158        0          0          0.6090     2.8569     5          24         30         36         42         48         76        
100        58200      58200      162.79     156.88     0.9637     129.71     0.89       0.89       0.77       1          122.83     82         158        0          0          0.6075     2.8551     5          25         30         36         42         49         77        
101        58200      58200      162.78     156.67     0.9624     129.38     0.89       0.89       0.77       1          122.68     82         158        0          0          0.6061     2.8537     5          25         30         36         42         49         76        
102        58200      58200      162.79     156.85     0.9635     129.20     0.89       0.88       0.77       0          122.55     82         158        0          0          0.6049     2.8523     5          25         30         36         43         49         77        
103        58200      58200      162.80     156.51     0.9614     129.01     0.89       0.88       0.76       0          122.39     82         158        0          0          0.6035     2.8497     5          25         30         36         43         49         78        
104        58200      58200      162.79     156.64     0.9622     128.80     0.88       0.88       0.76       0          122.23     82         158        0          0          0.6020     2.8467     5          25         30         36         43         50         77        
105        58200      58200      162.80     156.45     0.9610     128.59     0.88       0.88       0.76       0          122.08     82         158        0          0          0.6006     2.8448     5          25         30         37         43         50         78        
106        58200      58200      162.80     156.58     0.9618     128.48     0.88       0.88       0.76       1          121.93     82         158        0          0          0.5992     2.8438     5          25         30         37         43         50         79        
107        58200      58200      162.80     156.25     0.9598     128.22     0.88       0.88       0.76       1          121.79     82         158        0          0          0.5979     2.8413     5          25         30         37         43         50         80        
108        58200      58200      162.80     156.05     0.9585     127.89     0.88       0.87       0.76       0          121.62     82         158        0          0          0.5963     2.8394     5          25         31         37         44         50         80        
109        58200      58200      162.81     156.26     0.9598     127.67     0.87       0.87       0.76       0          121.47     82         158        0          0          0.5949     2.8380     5          25         31         37         44         51         80        
110        58200      58200      162.80     156.12     0.9589     127.46     0.87       0.87       0.76       1          121.30     82         158        0          0          0.5933     2.8365     5          25         31         37         44         51         80        
111        58200      58200      162.80     156.18     0.9593     127.32     0.87       0.87       0.76       1          121.13     80         158        0          0          0.5918     2.8346     5          26         31         37         44         51         80        
112        58200      58200      162.79     156.08     0.9587     127.08     0.87       0.87       0.76       1          120.96     80         158        0          0          0.5903     2.8326     5          26         31         38         45         51         80        
113        58200      58200      162.81     155.73     0.9565     126.99     0.87       0.86       0.75       0          120.78     78         158        0          0          0.5886     2.8297     5          26         31         38         45         52         81        
114        58200      58200      162.81     155.57     0.9555     126.60     0.87       0.86       0.75       0          120.60     75         158        0          0          0.5870     2.8290     5          26         31         38         45         52         81        
115        58200      58200      162.81     155.50     0.9551     126.24     0.86       0.86       0.75       0          120.42     75         158        0          0          0.5853     2.8265     5          26         31         38         45         52         83        
116        58200      58200      162.81     155.76     0.9567     126.07     0.86       0.85       0.75       0          120.24     75         158        0          0          0.5836     2.8243     5          26         32         38         45         52         82        
117        58200      58200      162.81     155.28     0.9538     125.81     0.86       0.85       0.75       2          120.05     74         158        0          0          0.5819     2.8224     5          26         32         39         46         53         82        
118        58200      58200      162.81     155.26     0.9536     125.55     0.85       0.85       0.75       2          119.88     74         158        0          0          0.5804     2.8201     5          26         32         39         46         53         84        
119        58200      58200      162.81     155.01     0.9521     125.29     0.86       0.85       0.75       1          119.70     73         158        0          0          0.5787     2.8179     5          26         32         39         46         53         84        
120        58200      58200      162.82     155.40     0.9545     125.09     0.85       0.85       0.75       0          119.53     73         158        0          0          0.5771     2.8160     5          26         32         39         46         53         85        
121        58200      58200      162.81     154.89     0.9513     124.81     0.85       0.84       0.75       0          119.34     73         158        0          0          0.5754     2.8141     5          27         32         39         47         54         85        
122        58200      58200      162.82     154.92     0.9515     124.54     0.85       0.84       0.74       0          119.17     73         158        0          0          0.5738     2.8112     5          27         32         39         47         54         85        
123        58200      58200      162.82     155.03     0.9522     124.40     0.84       0.84       0.74       0          118.98     73         158        0          0          0.5721     2.8090     5          27         33         40         47         54         85        
124        58200      58200      162.82     154.92     0.9514     124.10     0.84       0.84       0.74       0          118.80     73         158        0          0          0.5705     2.8077     5          27         33         40         47         54         86        
125        58200      58200      162.82     154.73     0.9503     123.89     0.84       0.83       0.74       0          118.61     73         158        0          0          0.5688     2.8062     5          27         33         40         47         54         87        
126        58200      58200      162.83     154.68     0.9500     123.69     0.84       0.83       0.74       0          118.41     73         158        0          0          0.5670     2.8042     5          27         33         40         48         55         87        
127        58200      58200      162.83     154.47     0.9487     123.38     0.84       0.83       0.74       0          118.23     73         158        0          0          0.5653     2.8028     5          27         33         40         48         55         90        
128        58200      58200      162.83     154.30     0.9476     123.09     0.83       0.83       0.74       0          118.03     73         158        0          0          0.5636     2.8017     5          27         33         40         48         55         90        
129        58200      58200      162.83     154.02     0.9459     122.75     0.83       0.82       0.74       0          117.82     73         158        0          0          0.5616     2.7998     5          27         34         41         48         56         90        
130        58200      58200      162.83     153.79     0.9444     122.48     0.83       0.82       0.74       1          117.61     73         158        0          0          0.5598     2.7976     5          28         34         41         48         56         91        
131        58200      58200      162.84     153.94     0.9454     122.13     0.82       0.82       0.73       0          117.41     73         158        0          0          0.5579     2.7955     5          28         34         41         49         56         91        
132        58200      58200      162.83     154.04     0.9460     121.96     0.82       0.82       0.73       0          117.22     72         158        0          0          0.5562     2.7931     5          28         34         41         49         56         92        
133        58200      58200      162.83     153.65     0.9436     121.60     0.82       0.81       0.73       0          117.02     72         158        0          0          0.5545     2.7915     5          28         34         42         49         57         92        
134        58200      58200      162.84     153.33     0.9416     121.48     0.82       0.81       0.73       1          116.82     72         158        0          0          0.5527     2.7896     5          28         34         42         49         57         93        
135        58200      58200      162.84     153.62     0.9434     121.14     0.81       0.81       0.73       1          116.61     72         158        0          0          0.5508     2.7881     5          28         35         42         50         57         94        
136        58200      58200      162.85     153.05     0.9399     120.92     0.81       0.81       0.73       0          116.39     72         158        0          0          0.5489     2.7857     5          28         35         42         50         58         94        
137        58200      58200      162.85     153.08     0.9400     120.47     0.81       0.80       0.73       0          116.17     71         158        0          0          0.5469     2.7843     5          28         35         42         50         58         96        
138        58200      58200      162.85     152.67     0.9375     120.13     0.81       0.80       0.72       0          115.94     70         158        0          0          0.5449     2.7810     5          29         35         43         50         58         94        
139        58200      58200      162.84     153.14     0.9404     119.86     0.80       0.80       0.72       0          115.73     70         158        0          0          0.5430     2.7799     5          29         35         43         51         58         95        
140        58200      58200      162.84     152.45     0.9362     119.55     0.80       0.79       0.72       0          115.49     70         158        0          0          0.5409     2.7779     6          29         35         43         51         59         96        
141        58200      58200      162.85     152.49     0.9364     119.18     0.79       0.79       0.72       0          115.26     70         158        0          0          0.5389     2.7754     6          29         36         43         51         59         99        
142        58200      58200      162.85     151.98     0.9332     118.95     0.79       0.79       0.72       0          115.04     70         158        0          0          0.5369     2.7740     6          29         36         43         51         59         99        
143        58200      58200      162.85     151.92     0.9328     118.53     0.79       0.78       0.72       0          114.80     70         158        0          0          0.5348     2.7721     6          29         36         44         52         60         100       
144        58200      58200      162.86     151.86     0.9325     118.10     0.79       0.78       0.72       0          114.56     70         158        0          0          0.5326     2.7706     6          29         36         44         52         60         99        
145        58200      58200      162.86     151.49     0.9302     117.74     0.79       0.78       0.71       0          114.32     68         158        0          0          0.5306     2.7679     6          29         36         44         52         60         99        
146        58200      58200      162.86     151.33     0.9292     117.40     0.78       0.77       0.71       0          114.08     68         158        0          0          0.5285     2.7656     6          30         36         44         53         61         99        
147        58200      58200      162.87     151.33     0.9292     117.13     0.78       0.77       0.71       0          113.85     68         158        0          0          0.5265     2.7643     6          30         37         45         53         61         99        
148        58200      58200      162.86     151.16     0.9282     116.79     0.78       0.77       0.71       0          113.62     68         158        0          0          0.5244     2.7629     6          30         37         45         53         61         99        
149        58200      58200      162.87     150.90     0.9265     116.45     0.78       0.76       0.71       0          113.38     68         158        0          0          0.5223     2.7604     7          30         37         45         53         62         99        
150        58200      58200      162.86     150.85     0.9262     116.18     0.77       0.76       0.71       0          113.12     68         157        0          0          0.5201     2.7581     7          30         37         45         54         62         101       
151        58200      58200      162.87     150.81     0.9260     115.85     0.77       0.76       0.71       0          112.87     68         157        0          0          0.5179     2.7566     7          30         37         46         54         63         102       
152        58200      58200      162.87     150.32     0.9230     115.56     0.76       0.76       0.70       0          112.62     68         157        0          0          0.5157     2.7551     7          31         38         46         54         63         103       
153        58200      58200      162.88     150.54     0.9243     115.21     0.76       0.75       0.70       0          112.37     67         157        0          0          0.5135     2.7529     7          31         38         46         55         63         104       
154        58200      58200      162.88     150.25     0.9224     114.94     0.76       0.75       0.70       0          112.12     67         157        0          0          0.5114     2.7510     7          31         38         46         55         64         103       
155        58200      58200      162.88     150.42     0.9235     114.67     0.75       0.75       0.70       0          111.87     67         157        0          0          0.5093     2.7497     7          31         38         47         55         64         104       
156        58200      58200      162.87     149.77     0.9195     114.30     0.75       0.75       0.70       0          111.62     67         157        0          0          0.5071     2.7480     7          31         38         47         55         64         105       
157        58200      58200      162.88     149.41     0.9173     114.00     0.75       0.74       0.70       0          111.36     67         157        0          0          0.5049     2.7453     7          31         39         47         56         65         104       
158        58200      58200      162.88     149.45     0.9175     113.66     0.75       0.74       0.69       0          111.10     67         157        0          0          0.5027     2.7427     7          32         39         47         56         65         104       
159        58200      58200      162.89     149.51     0.9179     113.25     0.74       0.73       0.69       0          110.84     67         157        0          0          0.5005     2.7367     7          32         39         48         56         65         104       
160        58200      58200      162.89     149.14     0.9156     112.88     0.74       0.73       0.69       0          110.58     67         157        0          0          0.4983     2.7345     7          32         39         48         57         66         103       
161        58200      58200      162.89     148.77     0.9133     112.61     0.74       0.73       0.69       0          110.30     67         157        0          0          0.4959     2.7309     7          32         39         48         57         66         104       
162        58200      58200      162.90     148.75     0.9132     112.21     0.73       0.73       0.69       0          110.03     66         157        0          0          0.4936     2.7290     7          32         40         48         58         66         105       
163        58200      58200      162.90     148.84     0.9137     111.81     0.73       0.72       0.69       0          109.74     66         157        0          0          0.4912     2.7269     7          32         40         49         58         67         106       
164        58200      58200      162.90     148.10     0.9092     111.42     0.73       0.72       0.68       0          109.46     64         157        0          0          0.4888     2.7237     7          33         40         49         58         67         105       
165        58200      58200      162.91     147.97     0.9083     111.12     0.72       0.72       0.68       0          109.19     64         157        0          0          0.4866     2.7226     7          33         40         49         59         68         106       
166        58200      58200      162.90     147.73     0.9068     110.61     0.72       0.71       0.68       0          108.91     64         157        0          0          0.4842     2.7211     7          33         40         49         59         68         104       
167        58200      58200      162.90     147.24     0.9039     110.23     0.72       0.71       0.68       0          108.63     64         157        0          0          0.4818     2.7186     7          33         41         50         59         68         105       
168        58200      58200      162.91     147.20     0.9036     109.86     0.72       0.70       0.68       0          108.34     64         157        0          0          0.4794     2.7159     7          33         41         50         59         69         104       
169        58200      58200      162.92     147.17     0.9034     109.41     0.71       0.70       0.68       0          108.04     64         157        0          0          0.4769     2.7132     7          33         41         50         60         69         105       
170        58200      58200      162.91     146.33     0.8982     108.91     0.70       0.69       0.67       0          107.75     64         157        0          0          0.4745     2.7110     7          34         41         51         60         70         106       
171        58200      58200      162.91     146.40     0.8986     108.47     0.70       0.69       0.67       0          107.45     63         157        0          0          0.4720     2.7076     7          34         42         51         61         70         108       
172        58200      58200      162.91     146.50     0.8992     108.18     0.70       0.69       0.67       0          107.17     63         157        0          0          0.4697     2.7049     8          34         42         51         61         70         109       
173        58200      58200      162.92     145.47     0.8929     107.76     0.70       0.68       0.67       0          106.87     63         157        0          0          0.4672     2.7010     8          34         42         52         61         71         110       
174        58200      58200      162.94     145.58     0.8935     107.29     0.69       0.68       0.67       0          106.57     62         157        0          0          0.4647     2.6980     8          34         42         52         62         71         111       
175        58200      58200      162.93     145.37     0.8922     107.00     0.69       0.68       0.66       0          106.25     61         157        0          0          0.4621     2.6955     8          35         43         52         62         72         111       
176        58200      58200      162.93     145.33     0.8920     106.52     0.68       0.67       0.66       0          105.94     61         157        0          0          0.4596     2.6928     8          35         43         52         62         72         112       
177        58200      58200      162.94     144.23     0.8852     106.13     0.68       0.67       0.66       0          105.62     61         156        0          0          0.4569     2.6894     9          35         43         53         63         72         114       
178        58200      58200      162.94     144.76     0.8884     105.66     0.67       0.66       0.66       0          105.31     61         156        0          0          0.4544     2.6860     9          35         43         53         63         73         115       
179        58200      58200      162.94     144.44     0.8865     105.24     0.67       0.66       0.66       0          105.00     61         156        0          0          0.4519     2.6835     9          35         44         53         63         73         116       
180        58200      58200      162.94     144.28     0.8854     104.91     0.66       0.66       0.65       0          104.68     61         156        0          0          0.4493     2.6813     9          35         44         54         64         74         116       
181        58200      58200      162.95     143.97     0.8835     104.54     0.66       0.66       0.65       0          104.36     61         156        0          0          0.4467     2.6786     9          36         44         54         64         74         117       
182        58200      58200      162.95     143.40     0.8800     104.12     0.66       0.65       0.65       0          104.03     61         156        0          0          0.4440     2.6763     9          36         44         54         65         74         117       
183        58200      58200      162.94     143.37     0.8799     103.57     0.66       0.64       0.65       0          103.71     60         156        0          0          0.4414     2.6739     9          36         45         55         65         75         117       
184        58200      58200      162.94     142.74     0.8760     103.23     0.65       0.64       0.65       0          103.39     60         156        0          0          0.4388     2.6710     9          36         45         55         65         75         116       
185        58200      58200      162.94     142.42     0.8740     102.79     0.65       0.64       0.64       0          103.05     60         156        0          0          0.4361     2.6682     9          37         45         55         66         76         118       
186        58200      58200      162.95     142.53     0.8747     102.31     0.64       0.63       0.64       0          102.73     60         156        0          0          0.4335     2.6658     9          37         45         55         66         76         118       
187        58200      58200      162.97     141.78     0.8700     101.85     0.64       0.63       0.64       0          102.41     60         156        0          0          0.4310     2.6600     9          37         46         56         66         77         117       
188        58200      58200      162.96     141.69     0.8695     101.25     0.64       0.62       0.64       0          102.05     60         156        0          0          0.4281     2.6570     9          37         46         56         67         77         118       
189        58200      58200      162.98     141.06     0.8655     100.89     0.64       0.62       0.64       0          101.70     59         156        0          0          0.4253     2.6535     9          37         46         56         67         78         121       
190        58200      58200      162.96     139.79     0.8578     100.29     0.63       0.61       0.63       0          101.35     59         156        0          0          0.4226     2.6503     9          38         47         57         68         78         121       
191        58200      58200      162.96     140.06     0.8595     99.63      0.62       0.61       0.63       0          100.99     59         156        0          0          0.4197     2.6481     9          38         47         57         68         79         123       
192        58200      58200      162.98     140.20     0.8602     99.12      0.61       0.60       0.63       0          100.62     59         156        0          0          0.4168     2.6427     9          38         47         57         69         79         123       
193        58200      58200      162.98     139.03     0.8531     98.84      0.61       0.60       0.63       0          100.27     59         156        0          0          0.4140     2.6387     9          38         47         58         69         80         121       
194        58200      58200      162.98     138.87     0.8521     98.40      0.61       0.60       0.62       0          99.89      58         156        0          0          0.4110     2.6355     9          39         48         58         70         80         122       
195        58200      58200      162.98     139.42     0.8555     97.76      0.61       0.59       0.62       0          99.52      58         156        0          0          0.4081     2.6307     9          39         48         58         70         81         124       
196        58200      58200      162.99     139.02     0.8530     97.26      0.60       0.59       0.62       0          99.16      58         156        0          0          0.4053     2.6274     9          39         48         59         70         81         125       
197        58200      58200      163.00     138.51     0.8497     96.92      0.60       0.58       0.62       0          98.80      58         156        0          0          0.4025     2.6231     10         39         49         59         71         82         125       
198        58200      58200      163.00     137.27     0.8421     96.45      0.59       0.58       0.62       0          98.43      57         156        0          0          0.3997     2.6183     11         40         49         60         71         82         125       
199        58200      58200      162.99     137.32     0.8425     95.90      0.59       0.57       0.61       0          98.04      57         156        0          0          0.3967     2.6141     11         40         49         60         72         83         125       
occupancy of 99.22%
number of insertions 32142
A 0:
B 0: S=2, fp1=173, fp2=230, fp3=195, fp4=175, fp5=231, count1=7, count2=14, count3=20, count4=19, count5=0
B 1: S=2, fp1=134, fp2=151, fp3=73, fp4=224, fp5=167, count1=7, count2=10, count3=12, count4=9, count5=0
B 2: S=0, fp1=101, fp2=3, fp3=149, fp4=142, fp5=125, count1=1, count2=1, count3=11, count4=12, count5=7
B 3: S=2, fp1=83, fp2=106, fp3=147, fp4=112, fp5=214, count1=6, count2=13, count3=8, count4=22, count5=0
B 4: S=0, fp1=204, fp2=170, fp3=59, fp4=64, fp5=253, count1=1, count2=1, count3=9, count4=10, count5=11
B 5: S=0, fp1=177, fp2=101, fp3=111, fp4=240, fp5=30, count1=1, count2=5, count3=8, count4=15, count5=2
B 6: S=0, fp1=226, fp2=5, fp3=145, fp4=238, fp5=74, count1=1, count2=2, count3=13, count4=20, count5=15
B 7: S=0, fp1=4, fp2=227, fp3=109, fp4=195, fp5=166, count1=1, count2=1, count3=11, count4=16, count5=12
B 8: S=0, fp1=72, fp2=127, fp3=83, fp4=216, fp5=238, count1=1, count2=1, count3=14, count4=8, count5=1
B 9: S=0, fp1=241, fp2=112, fp3=191, fp4=123, fp5=29, count1=1, count2=3, count3=14, count4=7, count5=1
B 10: S=0, fp1=20, fp2=64, fp3=216, fp4=10, fp5=63, count1=1, count2=1, count3=11, count4=14, count5=10
B 11: S=2, fp1=95, fp2=214, fp3=71, fp4=121, fp5=245, count1=5, count2=15, count3=15, count4=15, count5=0
B 12: S=0, fp1=66, fp2=126, fp3=74, fp4=71, fp5=108, count1=1, count2=1, count3=9, count4=18, count5=7
B 13: S=2, fp1=5, fp2=94, fp3=236, fp4=97, fp5=204, count1=12, count2=12, count3=13, count4=9, count5=0
B 14: S=2, fp1=234, fp2=214, fp3=246, fp4=46, fp5=248, count1=8, count2=15, count3=13, count4=10, count5=0
B 15: S=2, fp1=65, fp2=74, fp3=46, fp4=252, fp5=231, count1=7, count2=14, count3=16, count4=15, count5=0
B 16: S=2, fp1=17, fp2=94, fp3=60, fp4=13, fp5=200, count1=8, count2=12, count3=19, count4=16, count5=0
B 17: S=2, fp1=163, fp2=32, fp3=226, fp4=108, fp5=204, count1=12, count2=12, count3=11, count4=12, count5=0
B 18: S=0, fp1=61, fp2=1, fp3=192, fp4=85, fp5=54, count1=2, count2=2, count3=13, count4=15, count5=15
B 19: S=0, fp1=168, fp2=57, fp3=88, fp4=193, fp5=15, count1=1, count2=1, count3=12, count4=2, count5=3
B 20: S=2, fp1=89, fp2=148, fp3=109, fp4=174, fp5=201, count1=9, count2=12, count3=8, count4=13, count5=0
B 21: S=2, fp1=89, fp2=105, fp3=82, fp4=29, fp5=249, count1=9, count2=15, count3=26, count4=12, count5=0
B 22: S=2, fp1=107, fp2=56, fp3=134, fp4=67, fp5=232, count1=8, count2=14, count3=17, count4=17, count5=0
B 23: S=0, fp1=226, fp2=28, fp3=158, fp4=97, fp5=210, count1=1, count2=2, count3=11, count4=10, count5=9
B 24: S=0, fp1=230, fp2=220, fp3=160, fp4=126, fp5=169, count1=1, count2=1, count3=10, count4=10, count5=1
B 25: S=2, fp1=217, fp2=251, fp3=162, fp4=211, fp5=218, count1=10, count2=13, count3=25, count4=23, count5=0
B 26: S=0, fp1=12, fp2=147, fp3=205, fp4=141, fp5=62, count1=2, count2=2, count3=9, count4=21, count5=8
B 27: S=0, fp1=142, fp2=176, fp3=243, fp4=108, fp5=104, count1=1, count2=1, count3=1, count4=1, count5=18
B 28: S=2, fp1=171, fp2=192, fp3=77, fp4=177, fp5=201, count1=9, count2=12, count3=9, count4=8, count5=0
B 29: S=0, fp1=42, fp2=14, fp3=162, fp4=154, fp5=230, count1=1, count2=4, count3=9, count4=16, count5=3
B 30: S=0, fp1=131, fp2=139, fp3=116, fp4=38, fp5=51, count1=1, count2=3, count3=14, count4=7, count5=1
B 31: S=2, fp1=138, fp2=21, fp3=165, fp4=69, fp5=13, count1=13, count2=16, count3=12, count4=11, count5=0
B 32: S=0, fp1=123, fp2=216, fp3=170, fp4=136, fp5=238, count1=1, count2=5, count3=14, count4=15, count5=16
B 33: S=2, fp1=136, fp2=56, fp3=18, fp4=244, fp5=7, count1=7, count2=16, count3=13, count4=13, count5=0
B 34: S=0, fp1=105, fp2=228, fp3=124, fp4=250, fp5=158, count1=1, count2=1, count3=10, count4=15, count5=9
B 35: S=2, fp1=44, fp2=91, fp3=192, fp4=12, fp5=187, count1=11, count2=11, count3=11, count4=14, count5=0
B 36: S=2, fp1=118, fp2=46, fp3=92, fp4=53, fp5=186, count1=10, count2=11, count3=17, count4=16, count5=0
B 37: S=0, fp1=176, fp2=68, fp3=227, fp4=64, fp5=80, count1=1, count2=2, count3=10, count4=16, count5=19
B 38: S=0, fp1=32, fp2=127, fp3=126, fp4=231, fp5=63, count1=3, count2=2, count3=14, count4=23, count5=12
B 39: S=0, fp1=158, fp2=143, fp3=102, fp4=35, fp5=194, count1=1, count2=6, count3=3, count4=11, count5=1
B 40: S=2, fp1=254, fp2=252, fp3=136, fp4=207, fp5=168, count1=8, count2=10, count3=16, count4=12, count5=0
B 41: S=0, fp1=82, fp2=40, fp3=47, fp4=216, fp5=83, count1=1, count2=1, count3=7, count4=17, count5=7
B 42: S=2, fp1=91, fp2=132, fp3=233, fp4=139, fp5=199, count1=7, count2=12, count3=15, count4=8, count5=0
B 43: S=2, fp1=48, fp2=43, fp3=194, fp4=207, fp5=245, count1=5, count2=15, count3=9, count4=12, count5=0
B 44: S=2, fp1=231, fp2=224, fp3=93, fp4=143, fp5=250, count1=10, count2=15, count3=12, count4=15, count5=0
B 45: S=2, fp1=14, fp2=238, fp3=2, fp4=249, fp5=50, count1=2, count2=19, count3=13, count4=15, count5=0
B 46: S=0, fp1=106, fp2=185, fp3=18, fp4=215, fp5=52, count1=1, count2=2, count3=14, count4=14, count5=15
B 47: S=2, fp1=144, fp2=45, fp3=90, fp4=197, fp5=199, count1=7, count2=12, count3=18, count4=15, count5=0
B 48: S=2, fp1=178, fp2=107, fp3=39, fp4=137, fp5=220, count1=12, count2=13, count3=12, count4=10, count5=0
B 49: S=0, fp1=216, fp2=231, fp3=236, fp4=166, fp5=70, count1=1, count2=2, count3=12, count4=11, count5=8
B 50: S=2, fp1=169, fp2=92, fp3=32, fp4=63, fp5=45, count1=13, count2=18, count3=15, count4=18, count5=0
B 51: S=2, fp1=135, fp2=228, fp3=172, fp4=210, fp5=183, count1=7, count2=11, count3=12, count4=11, count5=0
B 52: S=0, fp1=46, fp2=75, fp3=70, fp4=19, fp5=21, count1=1, count2=3, count3=10, count4=16, count5=8
B 53: S=2, fp1=157, fp2=64, fp3=79, fp4=153, fp5=217, count1=9, count2=13, count3=12, count4=13, count5=0
B 54: S=2, fp1=245, fp2=52, fp3=224, fp4=120, fp5=11, count1=11, count2=16, count3=26, count4=9, count5=0
B 55: S=0, fp1=181, fp2=31, fp3=208, fp4=47, fp5=36, count1=1, count2=1, count3=13, count4=19, count5=9
B 56: S=0, fp1=0, fp2=0, fp3=143, fp4=90, fp5=120, count1=0, count2=0, count3=1, count4=2, count5=12
B 57: S=2, fp1=123, fp2=252, fp3=227, fp4=236, fp5=3, count1=3, count2=16, count3=13, count4=14, count5=0
B 58: S=0, fp1=74, fp2=30, fp3=136, fp4=135, fp5=251, count1=3, count2=2, count3=11, count4=15, count5=9
B 59: S=0, fp1=55, fp2=124, fp3=248, fp4=35, fp5=196, count1=1, count2=2, count3=12, count4=11, count5=10
B 60: S=0, fp1=124, fp2=109, fp3=144, fp4=34, fp5=14, count1=2, count2=3, count3=5, count4=16, count5=16
B 61: S=0, fp1=176, fp2=228, fp3=64, fp4=185, fp5=30, count1=1, count2=4, count3=10, count4=15, count5=10
B 62: S=0, fp1=150, fp2=102, fp3=60, fp4=168, fp5=72, count1=1, count2=1, count3=12, count4=12, count5=8
B 63: S=2, fp1=229, fp2=115, fp3=136, fp4=119, fp5=213, count1=5, count2=13, count3=16, count4=11, count5=0
B 64: S=2, fp1=48, fp2=160, fp3=130, fp4=166, fp5=136, count1=8, count2=8, count3=18, count4=12, count5=0
B 65: S=2, fp1=232, fp2=167, fp3=46, fp4=92, fp5=228, count1=4, count2=14, count3=11, count4=15, count5=0
B 66: S=0, fp1=232, fp2=215, fp3=169, fp4=177, fp5=85, count1=2, count2=1, count3=14, count4=10, count5=1
B 67: S=2, fp1=181, fp2=199, fp3=119, fp4=70, fp5=183, count1=7, count2=11, count3=14, count4=11, count5=0
B 68: S=2, fp1=50, fp2=119, fp3=168, fp4=129, fp5=216, count1=8, count2=13, count3=9, count4=13, count5=0
B 69: S=0, fp1=148, fp2=100, fp3=61, fp4=161, fp5=77, count1=1, count2=1, count3=12, count4=5, count5=1
B 70: S=0, fp1=107, fp2=10, fp3=74, fp4=16, fp5=198, count1=1, count2=6, count3=9, count4=18, count5=8
B 71: S=2, fp1=113, fp2=111, fp3=60, fp4=76, fp5=250, count1=10, count2=15, count3=29, count4=10, count5=0
B 72: S=2, fp1=38, fp2=173, fp3=124, fp4=231, fp5=228, count1=4, count2=14, count3=15, count4=19, count5=0
B 73: S=0, fp1=58, fp2=121, fp3=46, fp4=104, fp5=140, count1=1, count2=2, count3=10, count4=17, count5=18
B 74: S=2, fp1=155, fp2=42, fp3=84, fp4=98, fp5=219, count1=11, count2=13, count3=17, count4=14, count5=0
B 75: S=0, fp1=40, fp2=154, fp3=43, fp4=253, fp5=50, count1=1, count2=1, count3=11, count4=19, count5=13
B 76: S=2, fp1=231, fp2=132, fp3=22, fp4=131, fp5=138, count1=10, count2=24, count3=9, count4=9, count5=0
B 77: S=0, fp1=30, fp2=215, fp3=144, fp4=127, fp5=143, count1=1, count2=2, count3=10, count4=13, count5=12
B 78: S=2, fp1=36, fp2=54, fp3=136, fp4=117, fp5=26, count1=10, count2=17, count3=17, count4=12, count5=0
B 79: S=2, fp1=114, fp2=163, fp3=104, fp4=57, fp5=152, count1=8, count2=9, count3=8, count4=12, count5=0
B 80: S=0, fp1=60, fp2=170, fp3=115, fp4=24, fp5=83, count1=1, count2=2, count3=12, count4=9, count5=13
B 81: S=0, fp1=112, fp2=24, fp3=170, fp4=136, fp5=218, count1=1, count2=6, count3=11, count4=10, count5=19
B 82: S=2, fp1=136, fp2=122, fp3=19, fp4=223, fp5=226, count1=2, count2=14, count3=13, count4=12, count5=0
B 83: S=2, fp1=162, fp2=131, fp3=84, fp4=126, fp5=214, count1=6, count2=13, count3=16, count4=18, count5=0
B 84: S=2, fp1=185, fp2=172, fp3=160, fp4=124, fp5=217, count1=9, count2=13, count3=9, count4=12, count5=0
B 85: S=0, fp1=114, fp2=143, fp3=173, fp4=1, fp5=49, count1=1, count2=1, count3=14, count4=13, count5=8
B 86: S=0, fp1=0, fp2=0, fp3=49, fp4=4, fp5=76, count1=0, count2=0, count3=10, count4=13, count5=11
B 87: S=0, fp1=4, fp2=190, fp3=186, fp4=208, fp5=24, count1=2, count2=4, count3=7, count4=16, count5=17
B 88: S=0, fp1=56, fp2=48, fp3=4, fp4=35, fp5=147, count1=1, count2=6, count3=1, count4=1, count5=1
B 89: S=0, fp1=127, fp2=50, fp3=115, fp4=151, fp5=214, count1=1, count2=1, count3=10, count4=24, count5=15
B 90: S=2, fp1=199, fp2=138, fp3=82, fp4=3, fp5=28, count1=12, count2=17, count3=11, count4=15, count5=0
B 91: S=0, fp1=90, fp2=18, fp3=20, fp4=97, fp5=121, count1=1, count2=6, count3=10, count4=15, count5=10
B 92: S=0, fp1=68, fp2=249, fp3=191, fp4=81, fp5=174, count1=1, count2=1, count3=9, count4=16, count5=1
B 93: S=0, fp1=75, fp2=11, fp3=97, fp4=148, fp5=68, count1=1, count2=1, count3=13, count4=8, count5=13
B 94: S=0, fp1=46, fp2=150, fp3=51, fp4=64, fp5=204, count1=1, count2=1, count3=7, count4=14, count5=9
B 95: S=0, fp1=28, fp2=120, fp3=22, fp4=122, fp5=133, count1=1, count2=6, count3=12, count4=1, count5=2
B 96: S=0, fp1=150, fp2=140, fp3=121, fp4=206, fp5=32, count1=1, count2=1, count3=13, count4=16, count5=10
B 97: S=0, fp1=194, fp2=180, fp3=83, fp4=57, fp5=48, count1=1, count2=1, count3=13, count4=10, count5=1
B 98: S=2, fp1=186, fp2=243, fp3=126, fp4=22, fp5=7, count1=7, count2=16, count3=10, count4=6, count5=0
B 99: S=2, fp1=111, fp2=149, fp3=116, fp4=154, fp5=253, count1=13, count2=15, count3=16, count4=11, count5=0
B 100: S=0, fp1=60, fp2=160, fp3=120, fp4=145, fp5=29, count1=2, count2=5, count3=10, count4=9, count5=1
B 101: S=0, fp1=32, fp2=147, fp3=24, fp4=108, fp5=23, count1=1, count2=1, count3=8, count4=19, count5=1
B 102: S=0, fp1=236, fp2=133, fp3=50, fp4=144, fp5=13, count1=1, count2=1, count3=11, count4=20, count5=16
B 103: S=2, fp1=218, fp2=49, fp3=181, fp4=12, fp5=169, count1=9, count2=10, count3=17, count4=16, count5=0
B 104: S=2, fp1=221, fp2=186, fp3=178, fp4=147, fp5=226, count1=2, count2=14, count3=15, count4=11, count5=0
B 105: S=0, fp1=144, fp2=221, fp3=24, fp4=186, fp5=243, count1=1, count2=2, count3=13, count4=1, count5=1
B 106: S=2, fp1=122, fp2=183, fp3=120, fp4=189, fp5=213, count1=5, count2=13, count3=15, count4=21, count5=0
B 107: S=0, fp1=3, fp2=34, fp3=14, fp4=165, fp5=89, count1=1, count2=1, count3=11, count4=1, count5=1
B 108: S=2, fp1=24, fp2=158, fp3=150, fp4=194, fp5=153, count1=9, count2=9, count3=18, count4=8, count5=0
B 109: S=0, fp1=164, fp2=78, fp3=240, fp4=200, fp5=81, count1=1, count2=1, count3=12, count4=13, count5=1
B 110: S=2, fp1=134, fp2=168, fp3=201, fp4=34, fp5=72, count1=8, count2=20, count3=11, count4=16, count5=0
B 111: S=2, fp1=183, fp2=249, fp3=54, fp4=180, fp5=120, count1=8, count2=7, count3=16, count4=18, count5=0
B 112: S=2, fp1=243, fp2=84, fp3=115, fp4=47, fp5=168, count1=8, count2=10, count3=10, count4=11, count5=0
B 113: S=2, fp1=101, fp2=166, fp3=55, fp4=207, fp5=38, count1=6, count2=18, count3=14, count4=21, count5=0
B 114: S=0, fp1=168, fp2=38, fp3=143, fp4=35, fp5=195, count1=1, count2=4, count3=12, count4=1, count5=1
B 115: S=2, fp1=8, fp2=58, fp3=32, fp4=139, fp5=4, count1=4, count2=16, count3=13, count4=10, count5=0
B 116: S=2, fp1=133, fp2=22, fp3=180, fp4=209, fp5=186, count1=10, count2=11, count3=13, count4=10, count5=0
B 117: S=0, fp1=70, fp2=132, fp3=13, fp4=15, fp5=79, count1=1, count2=3, count3=1, count4=17, count5=15
B 118: S=0, fp1=194, fp2=120, fp3=91, fp4=170, fp5=88, count1=1, count2=6, count3=9, count4=20, count5=8
B 119: S=0, fp1=38, fp2=251, fp3=211, fp4=40, fp5=220, count1=3, count2=5, count3=13, count4=15, count5=15
B 120: S=0, fp1=96, fp2=45, fp3=3, fp4=98, fp5=59, count1=1, count2=1, count3=13, count4=11, count5=2
B 121: S=0, fp1=163, fp2=158, fp3=166, fp4=85, fp5=40, count1=1, count2=1, count3=10, count4=15, count5=15
B 122: S=0, fp1=176, fp2=158, fp3=76, fp4=220, fp5=185, count1=1, count2=1, count3=7, count4=20, count5=18
B 123: S=0, fp1=124, fp2=207, fp3=77, fp4=226, fp5=66, count1=1, count2=1, count3=1, count4=18, count5=1
B 124: S=2, fp1=196, fp2=237, fp3=184, fp4=8, fp5=13, count1=13, count2=16, count3=19, count4=17, count5=0
B 125: S=0, fp1=14, fp2=191, fp3=21, fp4=179, fp5=226, count1=1, count2=5, count3=14, count4=24, count5=12
B 126: S=0, fp1=246, fp2=219, fp3=35, fp4=194, fp5=133, count1=1, count2=5, count3=14, count4=19, count5=1
B 127: S=0, fp1=3, fp2=236, fp3=78, fp4=142, fp5=106, count1=1, count2=4, count3=9, count4=16, count5=3
B 128: S=2, fp1=85, fp2=217, fp3=25, fp4=209, fp5=250, count1=10, count2=15, count3=15, count4=14, count5=0
B 129: S=0, fp1=242, fp2=174, fp3=150, fp4=87, fp5=218, count1=1, count2=1, count3=8, count4=15, count5=1
B 130: S=0, fp1=102, fp2=151, fp3=56, fp4=173, fp5=181, count1=1, count2=1, count3=11, count4=19, count5=26
B 131: S=0, fp1=242, fp2=180, fp3=45, fp4=122, fp5=115, count1=1, count2=1, count3=11, count4=17, count5=2
B 132: S=0, fp1=126, fp2=101, fp3=45, fp4=14, fp5=197, count1=1, count2=2, count3=10, count4=7, count5=1
B 133: S=0, fp1=112, fp2=242, fp3=40, fp4=75, fp5=56, count1=2, count2=4, count3=8, count4=16, count5=16
B 134: S=2, fp1=13, fp2=180, fp3=17, fp4=94, fp5=203, count1=11, count2=12, count3=15, count4=9, count5=0
B 135: S=2, fp1=242, fp2=195, fp3=202, fp4=128, fp5=25, count1=9, count2=17, count3=14, count4=10, count5=0
B 136: S=0, fp1=135, fp2=81, fp3=176, fp4=70, fp5=45, count1=1, count2=4, count3=14, count4=14, count5=15
B 137: S=0, fp1=50, fp2=67, fp3=117, fp4=129, fp5=121, count1=2, count2=6, count3=10, count4=9, count5=13
B 138: S=0, fp1=36, fp2=231, fp3=184, fp4=201, fp5=86, count1=1, count2=1, count3=7, count4=14, count5=9
B 139: S=0, fp1=254, fp2=192, fp3=221, fp4=131, fp5=96, count1=2, count2=6, count3=11, count4=19, count5=14
B 140: S=2, fp1=210, fp2=163, fp3=81, fp4=208, fp5=21, count1=5, count2=17, count3=19, count4=10, count5=0
B 141: S=0, fp1=162, fp2=59, fp3=228, fp4=149, fp5=106, count1=3, count2=4, count3=11, count4=29, count5=9
B 142: S=0, fp1=48, fp2=251, fp3=190, fp4=246, fp5=25, count1=1, count2=1, count3=4, count4=11, count5=1
B 143: S=0, fp1=76, fp2=122, fp3=158, fp4=117, fp5=233, count1=1, count2=6, count3=12, count4=20, count5=13
B 144: S=2, fp1=46, fp2=71, fp3=154, fp4=128, fp5=185, count1=9, count2=11, count3=12, count4=9, count5=0
B 145: S=2, fp1=30, fp2=215, fp3=194, fp4=253, fp5=183, count1=7, count2=11, count3=14, count4=12, count5=0
B 146: S=0, fp1=146, fp2=218, fp3=5, fp4=159, fp5=125, count1=1, count2=2, count3=1, count4=14, count5=15
B 147: S=2, fp1=198, fp2=154, fp3=36, fp4=123, fp5=253, count1=13, count2=15, count3=15, count4=13, count5=0
B 148: S=2, fp1=252, fp2=154, fp3=144, fp4=74, fp5=246, count1=6, count2=15, count3=14, count4=15, count5=0
B 149: S=0, fp1=28, fp2=188, fp3=90, fp4=252, fp5=65, count1=1, count2=1, count3=6, count4=15, count5=2
B 150: S=2, fp1=220, fp2=35, fp3=233, fp4=87, fp5=204, count1=12, count2=12, count3=13, count4=11, count5=0
B 151: S=0, fp1=62, fp2=97, fp3=224, fp4=254, fp5=101, count1=1, count2=2, count3=2, count4=8, count5=1
B 152: S=0, fp1=80, fp2=248, fp3=251, fp4=198, fp5=75, count1=1, count2=1, count3=12, count4=18, count5=19
B 153: S=0, fp1=202, fp2=106, fp3=131, fp4=118, fp5=77, count1=1, count2=3, count3=10, count4=13, count5=12
B 154: S=0, fp1=77, fp2=242, fp3=118, fp4=91, fp5=110, count1=1, count2=1, count3=11, count4=12, count5=15
B 155: S=2, fp1=54, fp2=134, fp3=18, fp4=234, fp5=199, count1=7, count2=12, count3=10, count4=16, count5=0
B 156: S=0, fp1=81, fp2=223, fp3=229, fp4=94, fp5=168, count1=3, count2=6, count3=11, count4=9, count5=9
B 157: S=0, fp1=115, fp2=52, fp3=157, fp4=251, fp5=183, count1=1, count2=2, count3=12, count4=1, count5=1
B 158: S=0, fp1=72, fp2=185, fp3=186, fp4=127, fp5=125, count1=1, count2=1, count3=9, count4=18, count5=10
B 159: S=2, fp1=169, fp2=41, fp3=59, fp4=17, fp5=184, count1=8, count2=11, count3=15, count4=15, count5=0
B 160: S=2, fp1=6, fp2=25, fp3=52, fp4=194, fp5=61, count1=13, count2=19, count3=16, count4=20, count5=0
B 161: S=0, fp1=86, fp2=249, fp3=245, fp4=213, fp5=150, count1=1, count2=2, count3=2, count4=15, count5=2
B 162: S=2, fp1=102, fp2=77, fp3=112, fp4=143, fp5=218, count1=10, count2=13, count3=15, count4=13, count5=0
B 163: S=0, fp1=255, fp2=210, fp3=132, fp4=11, fp5=31, count1=1, count2=1, count3=14, count4=9, count5=2
B 164: S=0, fp1=160, fp2=210, fp3=31, fp4=102, fp5=119, count1=1, count2=3, count3=11, count4=13, count5=10
B 165: S=0, fp1=222, fp2=73, fp3=21, fp4=35, fp5=187, count1=1, count2=4, count3=8, count4=1, count5=1
B 166: S=0, fp1=98, fp2=126, fp3=82, fp4=248, fp5=87, count1=1, count2=1, count3=13, count4=10, count5=1
B 167: S=2, fp1=160, fp2=106, fp3=10, fp4=24, fp5=235, count1=11, count2=14, count3=21, count4=10, count5=0
B 168: S=0, fp1=201, fp2=238, fp3=64, fp4=208, fp5=156, count1=1, count2=1, count3=11, count4=1, count5=1
B 169: S=2, fp1=152, fp2=110, fp3=216, fp4=41, fp5=186, count1=10, count2=11, count3=13, count4=21, count5=0
B 170: S=2, fp1=170, fp2=83, fp3=155, fp4=208, fp5=184, count1=8, count2=11, count3=12, count4=15, count5=0
B 171: S=0, fp1=188, fp2=15, fp3=133, fp4=150, fp5=175, count1=1, count2=4, count3=10, count4=2, count5=8
B 172: S=0, fp1=158, fp2=146, fp3=120, fp4=205, fp5=94, count1=1, count2=1, count3=13, count4=2, count5=2
B 173: S=2, fp1=4, fp2=191, fp3=132, fp4=236, fp5=243, count1=3, count2=15, count3=13, count4=19, count5=0
B 174: S=2, fp1=64, fp2=196, fp3=223, fp4=206, fp5=246, count1=6, count2=15, count3=12, count4=13, count5=0
B 175: S=2, fp1=239, fp2=58, fp3=211, fp4=199, fp5=165, count1=5, count2=10, count3=8, count4=15, count5=0
B 176: S=2, fp1=76, fp2=100, fp3=236, fp4=108, fp5=13, count1=13, count2=16, count3=14, count4=12, count5=0
B 177: S=2, fp1=157, fp2=149, fp3=253, fp4=114, fp5=199, count1=7, count2=12, count3=16, count4=12, count5=0
B 178: S=0, fp1=72, fp2=160, fp3=8, fp4=100, fp5=192, count1=1, count2=4, count3=12, count4=16, count5=15
B 179: S=0, fp1=87, fp2=136, fp3=79, fp4=228, fp5=251, count1=1, count2=2, count3=12, count4=20, count5=21
B 180: S=0, fp1=36, fp2=124, fp3=119, fp4=233, fp5=75, count1=1, count2=6, count3=10, count4=16, count5=7
B 181: S=0, fp1=7, fp2=73, fp3=16, fp4=141, fp5=104, count1=1, count2=1, count3=10, count4=15, count5=10
B 182: S=0, fp1=207, fp2=58, fp3=113, fp4=208, fp5=147, count1=1, count2=1, count3=12, count4=2, count5=9
B 183: S=2, fp1=222, fp2=255, fp3=189, fp4=116, fp5=200, count1=8, count2=12, count3=13, count4=17, count5=0
B 184: S=0, fp1=18, fp2=138, fp3=44, fp4=95, fp5=128, count1=1, count2=1, count3=13, count4=13, count5=8
B 185: S=0, fp1=184, fp2=179, fp3=75, fp4=142, fp5=103, count1=1, count2=1, count3=12, count4=14, count5=15
B 186: S=2, fp1=239, fp2=182, fp3=171, fp4=169, fp5=253, count1=13, count2=15, count3=14, count4=13, count5=0
B 187: S=0, fp1=206, fp2=81, fp3=46, fp4=49, fp5=75, count1=1, count2=1, count3=11, count4=17, count5=9
B 188: S=2, fp1=43, fp2=18, fp3=91, fp4=183, fp5=5, count1=5, count2=16, count3=13, count4=11, count5=0
B 189: S=0, fp1=228, fp2=174, fp3=161, fp4=224, fp5=147, count1=1, count2=3, count3=9, count4=10, count5=17
B 190: S=2, fp1=252, fp2=29, fp3=123, fp4=227, fp5=65, count1=1, count2=20, count3=14, count4=14, count5=0
B 191: S=0, fp1=158, fp2=168, fp3=99, fp4=78, fp5=144, count1=1, count2=3, count3=12, count4=20, count5=16
B 192: S=0, fp1=166, fp2=24, fp3=104, fp4=52, fp5=181, count1=2, count2=1, count3=12, count4=9, count5=1
B 193: S=2, fp1=231, fp2=97, fp3=83, fp4=211, fp5=201, count1=9, count2=12, count3=9, count4=10, count5=0
B 194: S=2, fp1=138, fp2=41, fp3=42, fp4=238, fp5=183, count1=7, count2=11, count3=15, count4=9, count5=0
B 195: S=0, fp1=204, fp2=31, fp3=43, fp4=106, fp5=163, count1=1, count2=5, count3=11, count4=13, count5=11
B 196: S=2, fp1=182, fp2=97, fp3=150, fp4=91, fp5=202, count1=10, count2=12, count3=14, count4=13, count5=0
B 197: S=0, fp1=47, fp2=74, fp3=140, fp4=168, fp5=106, count1=1, count2=2, count3=14, count4=10, count5=10
B 198: S=0, fp1=129, fp2=26, fp3=43, fp4=238, fp5=237, count1=2, count2=1, count3=13, count4=9, count5=8
B 199: S=0, fp1=230, fp2=111, fp3=60, fp4=27, fp5=82, count1=1, count2=1, count3=14, count4=16, count5=9
B 200: S=0, fp1=34, fp2=178, fp3=211, fp4=24, fp5=40, count1=1, count2=6, count3=12, count4=9, count5=10
B 201: S=0, fp1=60, fp2=211, fp3=49, fp4=116, fp5=2, count1=1, count2=2, count3=12, count4=4, count5=1
B 202: S=2, fp1=154, fp2=191, fp3=34, fp4=64, fp5=252, count1=12, count2=15, count3=15, count4=15, count5=0
B 203: S=2, fp1=83, fp2=133, fp3=3, fp4=206, fp5=252, count1=12, count2=15, count3=15, count4=9, count5=0
B 204: S=2, fp1=216, fp2=119, fp3=211, fp4=165, fp5=150, count1=6, count2=9, count3=12, count4=36, count5=0
B 205: S=0, fp1=10, fp2=65, fp3=66, fp4=141, fp5=77, count1=1, count2=1, count3=12, count4=7, count5=10
B 206: S=2, fp1=32, fp2=145, fp3=205, fp4=149, fp5=200, count1=8, count2=12, count3=14, count4=9, count5=0
B 207: S=0, fp1=174, fp2=249, fp3=140, fp4=50, fp5=181, count1=1, count2=1, count3=12, count4=14, count5=12
B 208: S=0, fp1=227, fp2=210, fp3=75, fp4=8, fp5=138, count1=3, count2=5, count3=11, count4=16, count5=21
B 209: S=0, fp1=29, fp2=130, fp3=184, fp4=177, fp5=124, count1=1, count2=3, count3=11, count4=15, count5=1
B 210: S=2, fp1=132, fp2=231, fp3=164, fp4=140, fp5=220, count1=12, count2=13, count3=12, count4=11, count5=0
B 211: S=2, fp1=223, fp2=86, fp3=112, fp4=4, fp5=30, count1=14, count2=17, count3=17, count4=16, count5=0
B 212: S=2, fp1=144, fp2=233, fp3=252, fp4=166, fp5=140, count1=12, count2=8, count3=11, count4=9, count5=0
B 213: S=3, fp1=88, fp2=160, fp3=64, fp4=117, fp5=207, count1=15, count2=14, count3=15, count4=17, count5=0
B 214: S=2, fp1=129, fp2=194, fp3=75, fp4=156, fp5=184, count1=8, count2=11, count3=16, count4=13, count5=0
B 215: S=0, fp1=247, fp2=39, fp3=207, fp4=246, fp5=123, count1=1, count2=1, count3=13, count4=13, count5=7
B 216: S=2, fp1=156, fp2=133, fp3=42, fp4=189, fp5=222, count1=14, count2=13, count3=8, count4=10, count5=0
B 217: S=0, fp1=10, fp2=51, fp3=211, fp4=237, fp5=46, count1=1, count2=3, count3=9, count4=15, count5=10
B 218: S=0, fp1=76, fp2=99, fp3=174, fp4=217, fp5=26, count1=1, count2=1, count3=11, count4=19, count5=1
B 219: S=0, fp1=82, fp2=26, fp3=173, fp4=160, fp5=153, count1=2, count2=2, count3=9, count4=16, count5=9
B 220: S=2, fp1=64, fp2=185, fp3=22, fp4=229, fp5=250, count1=10, count2=15, count3=30, count4=10, count5=0
B 221: S=0, fp1=78, fp2=167, fp3=48, fp4=2, fp5=131, count1=1, count2=1, count3=13, count4=11, count5=13
B 222: S=0, fp1=6, fp2=186, fp3=218, fp4=42, fp5=184, count1=2, count2=5, count3=9, count4=15, count5=10
B 223: S=0, fp1=219, fp2=17, fp3=97, fp4=39, fp5=202, count1=1, count2=1, count3=13, count4=10, count5=8
B 224: S=2, fp1=157, fp2=64, fp3=220, fp4=22, fp5=200, count1=8, count2=12, count3=11, count4=19, count5=0
B 225: S=0, fp1=114, fp2=97, fp3=132, fp4=236, fp5=94, count1=1, count2=1, count3=4, count4=11, count5=2
B 226: S=2, fp1=52, fp2=121, fp3=207, fp4=243, fp5=248, count1=8, count2=15, count3=9, count4=18, count5=0
B 227: S=2, fp1=255, fp2=21, fp3=216, fp4=212, fp5=23, count1=7, count2=17, count3=11, count4=10, count5=0
B 228: S=0, fp1=76, fp2=236, fp3=185, fp4=176, fp5=25, count1=1, count2=3, count3=8, count4=14, count5=9
B 229: S=0, fp1=116, fp2=26, fp3=84, fp4=20, fp5=178, count1=1, count2=6, count3=8, count4=18, count5=15
B 230: S=2, fp1=200, fp2=44, fp3=58, fp4=72, fp5=203, count1=11, count2=12, count3=10, count4=14, count5=0
B 231: S=0, fp1=76, fp2=249, fp3=22, fp4=200, fp5=181, count1=1, count2=1, count3=13, count4=11, count5=8
B 232: S=0, fp1=96, fp2=235, fp3=76, fp4=27, fp5=209, count1=1, count2=1, count3=13, count4=9, count5=1
B 233: S=0, fp1=208, fp2=133, fp3=202, fp4=38, fp5=127, count1=2, count2=2, count3=14, count4=16, count5=13
B 234: S=2, fp1=86, fp2=53, fp3=193, fp4=66, fp5=199, count1=7, count2=12, count3=18, count4=9, count5=0
B 235: S=0, fp1=205, fp2=197, fp3=169, fp4=35, fp5=203, count1=2, count2=6, count3=10, count4=11, count5=1
B 236: S=0, fp1=14, fp2=64, fp3=106, fp4=69, fp5=226, count1=1, count2=6, count3=13, count4=11, count5=10
B 237: S=0, fp1=196, fp2=2, fp3=81, fp4=116, fp5=73, count1=2, count2=6, count3=12, count4=8, count5=9
B 238: S=0, fp1=252, fp2=54, fp3=121, fp4=187, fp5=67, count1=1, count2=1, count3=10, count4=24, count5=8
B 239: S=0, fp1=20, fp2=160, fp3=233, fp4=158, fp5=49, count1=1, count2=5, count3=14, count4=9, count5=13
B 240: S=2, fp1=206, fp2=187, fp3=163, fp4=35, fp5=214, count1=6, count2=13, count3=17, count4=12, count5=0
B 241: S=2, fp1=33, fp2=68, fp3=228, fp4=55, fp5=204, count1=12, count2=12, count3=7, count4=15, count5=0
B 242: S=2, fp1=196, fp2=130, fp3=64, fp4=62, fp5=230, count1=6, count2=14, count3=17, count4=16, count5=0
B 243: S=0, fp1=29, fp2=103, fp3=53, fp4=72, fp5=75, count1=1, count2=5, count3=11, count4=1, count5=1
B 244: S=0, fp1=173, fp2=102, fp3=213, fp4=21, fp5=174, count1=3, count2=3, count3=9, count4=7, count5=4
B 245: S=2, fp1=129, fp2=146, fp3=60, fp4=120, fp5=152, count1=8, count2=9, count3=14, count4=14, count5=0
B 246: S=0, fp1=143, fp2=163, fp3=98, fp4=107, fp5=173, count1=1, count2=1, count3=1, count4=15, count5=16
B 247: S=0, fp1=76, fp2=32, fp3=251, fp4=156, fp5=67, count1=1, count2=4, count3=10, count4=15, count5=10
B 248: S=2, fp1=168, fp2=173, fp3=166, fp4=123, fp5=155, count1=11, count2=9, count3=16, count4=13, count5=0
B 249: S=0, fp1=2, fp2=196, fp3=238, fp4=137, fp5=37, count1=2, count2=2, count3=9, count4=1, count5=1
B 250: S=0, fp1=221, fp2=36, fp3=46, fp4=199, fp5=135, count1=2, count2=6, count3=10, count4=15, count5=15
B 251: S=0, fp1=226, fp2=7, fp3=75, fp4=151, fp5=161, count1=1, count2=2, count3=10, count4=16, count5=1
B 252: S=2, fp1=109, fp2=106, fp3=182, fp4=132, fp5=55, count1=7, count2=19, count3=26, count4=11, count5=0
B 253: S=2, fp1=236, fp2=238, fp3=230, fp4=82, fp5=196, count1=4, count2=12, count3=31, count4=23, count5=0
B 254: S=2, fp1=31, fp2=81, fp3=164, fp4=200, fp5=186, count1=10, count2=11, count3=14, count4=7, count5=0
B 255: S=2, fp1=188, fp2=40, fp3=173, fp4=104, fp5=154, count1=10, count2=9, count3=13, count4=12, count5=0
B 256: S=0, fp1=98, fp2=196, fp3=24, fp4=113, fp5=142, count1=1, count2=5, count3=11, count4=17, count5=8
B 257: S=0, fp1=17, fp2=100, fp3=130, fp4=142, fp5=247, count1=3, count2=2, count3=10, count4=10, count5=17
B 258: S=0, fp1=99, fp2=126, fp3=94, fp4=28, fp5=187, count1=1, count2=1, count3=7, count4=10, count5=8
B 259: S=2, fp1=7, fp2=64, fp3=193, fp4=225, fp5=202, count1=10, count2=12, count3=8, count4=7, count5=0
B 260: S=2, fp1=205, fp2=170, fp3=248, fp4=121, fp5=43, count1=11, count2=18, count3=15, count4=15, count5=0
B 261: S=2, fp1=32, fp2=112, fp3=13, fp4=146, fp5=200, count1=8, count2=12, count3=11, count4=12, count5=0
B 262: S=2, fp1=247, fp2=75, fp3=88, fp4=39, fp5=135, count1=7, count2=8, count3=15, count4=13, count5=0
B 263: S=0, fp1=73, fp2=230, fp3=41, fp4=192, fp5=184, count1=1, count2=4, count3=10, count4=8, count5=15
B 264: S=2, fp1=145, fp2=33, fp3=224, fp4=177, fp5=215, count1=7, count2=13, count3=15, count4=10, count5=0
B 265: S=0, fp1=160, fp2=221, fp3=61, fp4=219, fp5=17, count1=1, count2=1, count3=8, count4=1, count5=1
B 266: S=0, fp1=162, fp2=29, fp3=38, fp4=164, fp5=119, count1=1, count2=1, count3=13, count4=9, count5=1
B 267: S=0, fp1=149, fp2=194, fp3=27, fp4=229, fp5=96, count1=1, count2=6, count3=1, count4=13, count5=1
B 268: S=2, fp1=153, fp2=146, fp3=11, fp4=92, fp5=181, count1=5, count2=11, count3=16, count4=11, count5=0
B 269: S=2, fp1=163, fp2=216, fp3=120, fp4=131, fp5=232, count1=8, count2=14, count3=9, count4=9, count5=0
B 270: S=0, fp1=44, fp2=217, fp3=133, fp4=150, fp5=9, count1=2, count2=1, count3=10, count4=15, count5=12
B 271: S=0, fp1=80, fp2=123, fp3=135, fp4=8, fp5=206, count1=1, count2=2, count3=13, count4=11, count5=13
B 272: S=0, fp1=214, fp2=13, fp3=89, fp4=39, fp5=68, count1=2, count2=1, count3=13, count4=17, count5=10
B 273: S=0, fp1=186, fp2=27, fp3=206, fp4=138, fp5=143, count1=1, count2=6, count3=8, count4=10, count5=18
B 274: S=0, fp1=186, fp2=90, fp3=165, fp4=4, fp5=140, count1=1, count2=1, count3=8, count4=1, count5=1
B 275: S=0, fp1=19, fp2=192, fp3=100, fp4=156, fp5=56, count1=1, count2=1, count3=12, count4=15, count5=1
B 276: S=2, fp1=82, fp2=109, fp3=194, fp4=155, fp5=168, count1=8, count2=10, count3=21, count4=18, count5=0
B 277: S=0, fp1=146, fp2=49, fp3=199, fp4=188, fp5=134, count1=1, count2=1, count3=12, count4=1, count5=1
B 278: S=2, fp1=250, fp2=122, fp3=8, fp4=136, fp5=185, count1=9, count2=11, count3=17, count4=16, count5=0
B 279: S=2, fp1=137, fp2=90, fp3=159, fp4=144, fp5=7, count1=7, count2=16, count3=15, count4=9, count5=0
B 280: S=0, fp1=164, fp2=66, fp3=229, fp4=170, fp5=84, count1=2, count2=2, count3=12, count4=1, count5=18
B 281: S=2, fp1=165, fp2=244, fp3=205, fp4=171, fp5=199, count1=7, count2=12, count3=20, count4=7, count5=0
B 282: S=0, fp1=166, fp2=22, fp3=83, fp4=248, fp5=246, count1=1, count2=1, count3=2, count4=1, count5=2
B 283: S=0, fp1=179, fp2=158, fp3=43, fp4=173, fp5=188, count1=3, count2=3, count3=11, count4=11, count5=12
B 284: S=0, fp1=68, fp2=41, fp3=231, fp4=222, fp5=108, count1=1, count2=3, count3=10, count4=25, count5=1
B 285: S=0, fp1=190, fp2=132, fp3=51, fp4=22, fp5=104, count1=1, count2=1, count3=11, count4=14, count5=1
B 286: S=0, fp1=40, fp2=43, fp3=29, fp4=224, fp5=110, count1=1, count2=1, count3=9, count4=8, count5=16
B 287: S=0, fp1=220, fp2=202, fp3=144, fp4=61, fp5=131, count1=3, count2=2, count3=9, count4=11, count5=8
B 288: S=2, fp1=21, fp2=4, fp3=244, fp4=126, fp5=183, count1=7, count2=11, count3=11, count4=8, count5=0
B 289: S=0, fp1=32, fp2=94, fp3=153, fp4=61, fp5=158, count1=1, count2=3, count3=14, count4=9, count5=1
B 290: S=0, fp1=222, fp2=58, fp3=28, fp4=227, fp5=164, count1=2, count2=3, count3=12, count4=19, count5=7
B 291: S=2, fp1=131, fp2=71, fp3=186, fp4=235, fp5=184, count1=8, count2=11, count3=12, count4=17, count5=0
B 292: S=2, fp1=149, fp2=187, fp3=82, fp4=231, fp5=169, count1=9, count2=10, count3=9, count4=19, count5=0
B 293: S=2, fp1=124, fp2=90, fp3=38, fp4=91, fp5=1, count1=1, count2=16, count3=21, count4=16, count5=0
B 294: S=0, fp1=16, fp2=235, fp3=227, fp4=206, fp5=28, count1=3, count2=2, count3=12, count4=18, count5=11
B 295: S=2, fp1=230, fp2=106, fp3=225, fp4=138, fp5=228, count1=4, count2=14, count3=11, count4=12, count5=0
B 296: S=2, fp1=11, fp2=84, fp3=101, fp4=173, fp5=203, count1=11, count2=12, count3=9, count4=11, count5=0
B 297: S=0, fp1=162, fp2=76, fp3=241, fp4=107, fp5=155, count1=2, count2=1, count3=8, count4=1, count5=8
B 298: S=0, fp1=11, fp2=67, fp3=26, fp4=57, fp5=99, count1=1, count2=1, count3=12, count4=14, count5=11
B 299: S=2, fp1=189, fp2=158, fp3=167, fp4=156, fp5=6, count1=6, count2=16, count3=17, count4=11, count5=0
B 300: S=2, fp1=247, fp2=220, fp3=196, fp4=66, fp5=199, count1=7, count2=12, count3=15, count4=12, count5=0
B 301: S=2, fp1=156, fp2=57, fp3=5, fp4=72, fp5=217, count1=9, count2=13, count3=11, count4=8, count5=0
B 302: S=0, fp1=176, fp2=152, fp3=171, fp4=253, fp5=140, count1=1, count2=6, count3=12, count4=10, count5=10
B 303: S=0, fp1=24, fp2=5, fp3=148, fp4=32, fp5=211, count1=1, count2=6, count3=10, count4=9, count5=1
B 304: S=0, fp1=94, fp2=61, fp3=19, fp4=88, fp5=218, count1=1, count2=1, count3=10, count4=8, count5=1
B 305: S=2, fp1=48, fp2=66, fp3=142, fp4=79, fp5=222, count1=14, count2=13, count3=15, count4=14, count5=0
B 306: S=2, fp1=30, fp2=191, fp3=192, fp4=20, fp5=184, count1=8, count2=11, count3=8, count4=14, count5=0
B 307: S=2, fp1=224, fp2=191, fp3=49, fp4=119, fp5=217, count1=9, count2=13, count3=20, count4=14, count5=0
B 308: S=0, fp1=209, fp2=108, fp3=8, fp4=39, fp5=216, count1=2, count2=1, count3=10, count4=11, count5=1
B 309: S=2, fp1=96, fp2=183, fp3=199, fp4=170, fp5=217, count1=9, count2=13, count3=12, count4=14, count5=0
B 310: S=2, fp1=75, fp2=108, fp3=170, fp4=116, fp5=102, count1=6, count2=6, count3=16, count4=9, count5=0
B 311: S=2, fp1=223, fp2=56, fp3=222, fp4=238, fp5=212, count1=4, count2=13, count3=12, count4=19, count5=0
B 312: S=0, fp1=139, fp2=182, fp3=11, fp4=58, fp5=94, count1=1, count2=3, count3=10, count4=15, count5=19
B 313: S=2, fp1=157, fp2=117, fp3=59, fp4=3, fp5=12, count1=12, count2=16, count3=13, count4=13, count5=0
B 314: S=2, fp1=169, fp2=46, fp3=165, fp4=148, fp5=234, count1=10, count2=14, count3=13, count4=9, count5=0
B 315: S=2, fp1=235, fp2=23, fp3=186, fp4=135, fp5=152, count1=8, count2=25, count3=15, count4=18, count5=0
B 316: S=0, fp1=230, fp2=144, fp3=228, fp4=112, fp5=69, count1=1, count2=4, count3=11, count4=13, count5=13
B 317: S=0, fp1=240, fp2=155, fp3=170, fp4=245, fp5=174, count1=1, count2=2, count3=12, count4=16, count5=11
B 318: S=0, fp1=252, fp2=19, fp3=59, fp4=69, fp5=5, count1=1, count2=5, count3=14, count4=10, count5=1
B 319: S=0, fp1=134, fp2=1, fp3=138, fp4=205, fp5=28, count1=1, count2=2, count3=12, count4=14, count5=9
B 320: S=0, fp1=0, fp2=0, fp3=171, fp4=251, fp5=49, count1=0, count2=0, count3=8, count4=11, count5=10
B 321: S=2, fp1=175, fp2=4, fp3=212, fp4=80, fp5=188, count1=12, count2=11, count3=16, count4=13, count5=0
B 322: S=0, fp1=233, fp2=38, fp3=192, fp4=44, fp5=91, count1=1, count2=5, count3=11, count4=15, count5=14
B 323: S=0, fp1=168, fp2=253, fp3=225, fp4=43, fp5=9, count1=1, count2=1, count3=9, count4=2, count5=2
B 324: S=2, fp1=116, fp2=81, fp3=134, fp4=62, fp5=215, count1=7, count2=13, count3=20, count4=12, count5=0
B 325: S=2, fp1=142, fp2=14, fp3=204, fp4=171, fp5=151, count1=7, count2=9, count3=7, count4=7, count5=0
B 326: S=0, fp1=152, fp2=35, fp3=245, fp4=127, fp5=169, count1=1, count2=6, count3=9, count4=7, count5=2
B 327: S=0, fp1=163, fp2=227, fp3=40, fp4=214, fp5=81, count1=1, count2=1, count3=11, count4=14, count5=9
B 328: S=0, fp1=46, fp2=228, fp3=148, fp4=129, fp5=170, count1=1, count2=1, count3=10, count4=13, count5=9
B 329: S=2, fp1=176, fp2=205, fp3=1, fp4=51, fp5=252, count1=12, count2=15, count3=16, count4=12, count5=0
B 330: S=0, fp1=188, fp2=200, fp3=134, fp4=177, fp5=203, count1=1, count2=1, count3=10, count4=16, count5=15
B 331: S=2, fp1=117, fp2=119, fp3=100, fp4=41, fp5=218, count1=10, count2=13, count3=18, count4=15, count5=0
B 332: S=0, fp1=202, fp2=103, fp3=244, fp4=239, fp5=9, count1=1, count2=1, count3=8, count4=1, count5=1
B 333: S=0, fp1=67, fp2=171, fp3=165, fp4=159, fp5=139, count1=1, count2=1, count3=14, count4=10, count5=1
B 334: S=2, fp1=17, fp2=111, fp3=14, fp4=201, fp5=248, count1=8, count2=15, count3=16, count4=12, count5=0
B 335: S=0, fp1=146, fp2=137, fp3=100, fp4=104, fp5=17, count1=2, count2=2, count3=10, count4=17, count5=11
B 336: S=0, fp1=26, fp2=209, fp3=241, fp4=128, fp5=238, count1=1, count2=1, count3=2, count4=17, count5=1
B 337: S=2, fp1=20, fp2=119, fp3=98, fp4=200, fp5=119, count1=7, count2=7, count3=12, count4=8, count5=0
B 338: S=2, fp1=176, fp2=250, fp3=19, fp4=211, fp5=216, count1=8, count2=13, count3=14, count4=13, count5=0
B 339: S=2, fp1=240, fp2=13, fp3=199, fp4=150, fp5=247, count1=7, count2=15, count3=9, count4=9, count5=0
B 340: S=2, fp1=1, fp2=228, fp3=208, fp4=68, fp5=201, count1=9, count2=12, count3=10, count4=11, count5=0
B 341: S=2, fp1=117, fp2=108, fp3=64, fp4=204, fp5=230, count1=6, count2=14, count3=12, count4=16, count5=0
B 342: S=0, fp1=172, fp2=73, fp3=87, fp4=175, fp5=120, count1=1, count2=6, count3=12, count4=12, count5=1
B 343: S=2, fp1=120, fp2=245, fp3=191, fp4=132, fp5=231, count1=7, count2=14, count3=12, count4=7, count5=0
B 344: S=2, fp1=22, fp2=117, fp3=191, fp4=163, fp5=205, count1=13, count2=12, count3=11, count4=12, count5=0
B 345: S=0, fp1=136, fp2=249, fp3=238, fp4=215, fp5=5, count1=3, count2=5, count3=12, count4=14, count5=19
B 346: S=0, fp1=0, fp2=0, fp3=247, fp4=118, fp5=161, count1=0, count2=0, count3=1, count4=1, count5=8
B 347: S=2, fp1=172, fp2=246, fp3=40, fp4=210, fp5=236, count1=12, count2=14, count3=20, count4=11, count5=0
B 348: S=2, fp1=246, fp2=10, fp3=72, fp4=233, fp5=155, count1=11, count2=9, count3=14, count4=14, count5=0
B 349: S=2, fp1=72, fp2=135, fp3=196, fp4=118, fp5=169, count1=9, count2=10, count3=8, count4=16, count5=0
B 350: S=0, fp1=203, fp2=4, fp3=39, fp4=76, fp5=239, count1=3, count2=4, count3=12, count4=16, count5=9
B 351: S=2, fp1=74, fp2=170, fp3=221, fp4=37, fp5=199, count1=7, count2=12, count3=10, count4=11, count5=0
B 352: S=2, fp1=10, fp2=158, fp3=82, fp4=220, fp5=148, count1=4, count2=9, count3=20, count4=22, count5=0
B 353: S=2, fp1=245, fp2=253, fp3=209, fp4=130, fp5=246, count1=6, count2=15, count3=12, count4=12, count5=0
B 354: S=0, fp1=250, fp2=76, fp3=115, fp4=199, fp5=52, count1=2, count2=2, count3=11, count4=15, count5=1
B 355: S=0, fp1=68, fp2=213, fp3=174, fp4=72, fp5=167, count1=1, count2=2, count3=10, count4=14, count5=1
B 356: S=2, fp1=52, fp2=106, fp3=183, fp4=167, fp5=231, count1=7, count2=14, count3=20, count4=17, count5=0
B 357: S=2, fp1=237, fp2=234, fp3=32, fp4=132, fp5=134, count1=6, count2=8, count3=16, count4=13, count5=0
B 358: S=0, fp1=40, fp2=176, fp3=63, fp4=43, fp5=125, count1=1, count2=2, count3=2, count4=12, count5=1
B 359: S=2, fp1=153, fp2=181, fp3=190, fp4=183, fp5=26, count1=10, count2=17, count3=13, count4=13, count5=0
B 360: S=2, fp1=241, fp2=223, fp3=81, fp4=46, fp5=166, count1=6, count2=10, count3=13, count4=13, count5=0
B 361: S=2, fp1=238, fp2=211, fp3=54, fp4=235, fp5=218, count1=10, count2=13, count3=17, count4=13, count5=0
B 362: S=0, fp1=90, fp2=239, fp3=73, fp4=62, fp5=72, count1=1, count2=2, count3=1, count4=14, count5=13
B 363: S=2, fp1=145, fp2=249, fp3=92, fp4=157, fp5=13, count1=13, count2=16, count3=25, count4=17, count5=0
B 364: S=0, fp1=223, fp2=37, fp3=11, fp4=128, fp5=40, count1=1, count2=3, count3=11, count4=10, count5=11
B 365: S=2, fp1=71, fp2=78, fp3=43, fp4=106, fp5=205, count1=13, count2=12, count3=12, count4=13, count5=0
B 366: S=2, fp1=186, fp2=29, fp3=180, fp4=195, fp5=199, count1=7, count2=12, count3=9, count4=16, count5=0
B 367: S=2, fp1=38, fp2=218, fp3=173, fp4=103, fp5=59, count1=11, count2=19, count3=16, count4=12, count5=0
B 368: S=0, fp1=100, fp2=18, fp3=248, fp4=55, fp5=48, count1=1, count2=2, count3=14, count4=15, count5=15
B 369: S=0, fp1=184, fp2=93, fp3=97, fp4=240, fp5=43, count1=1, count2=4, count3=13, count4=29, count5=12
B 370: S=0, fp1=182, fp2=7, fp3=197, fp4=110, fp5=245, count1=2, count2=6, count3=13, count4=1, count5=1
B 371: S=2, fp1=132, fp2=53, fp3=254, fp4=216, fp5=231, count1=7, count2=14, count3=9, count4=7, count5=0
B 372: S=0, fp1=34, fp2=97, fp3=122, fp4=57, fp5=8, count1=1, count2=1, count3=11, count4=13, count5=10
B 373: S=2, fp1=183, fp2=11, fp3=245, fp4=122, fp5=201, count1=9, count2=12, count3=14, count4=14, count5=0
B 374: S=2, fp1=177, fp2=19, fp3=36, fp4=231, fp5=14, count1=14, count2=16, count3=14, count4=13, count5=0
B 375: S=2, fp1=188, fp2=140, fp3=26, fp4=104, fp5=166, count1=6, count2=10, count3=21, count4=10, count5=0
B 376: S=0, fp1=166, fp2=241, fp3=181, fp4=207, fp5=70, count1=3, count2=2, count3=13, count4=13, count5=11
B 377: S=0, fp1=208, fp2=44, fp3=81, fp4=153, fp5=106, count1=1, count2=1, count3=1, count4=3, count5=13
B 378: S=0, fp1=164, fp2=7, fp3=137, fp4=213, fp5=37, count1=1, count2=1, count3=1, count4=23, count5=15
B 379: S=2, fp1=68, fp2=202, fp3=209, fp4=188, fp5=2, count1=2, count2=16, count3=10, count4=13, count5=0
B 380: S=2, fp1=7, fp2=121, fp3=159, fp4=98, fp5=201, count1=9, count2=12, count3=18, count4=11, count5=0
B 381: S=0, fp1=94, fp2=125, fp3=238, fp4=248, fp5=109, count1=1, count2=6, count3=6, count4=17, count5=21
B 382: S=2, fp1=176, fp2=94, fp3=86, fp4=13, fp5=222, count1=14, count2=13, count3=19, count4=13, count5=0
B 383: S=2, fp1=159, fp2=195, fp3=94, fp4=121, fp5=219, count1=11, count2=13, count3=15, count4=13, count5=0
A 1:
B 0: S=2, fp1=233, fp2=80, fp3=55, fp4=122, fp5=135, count1=7, count2=8, count3=10, count4=11, count5=0
B 1: S=2, fp1=212, fp2=143, fp3=133, fp4=225, fp5=7, count1=7, count2=16, count3=15, count4=15, count5=0
B 2: S=2, fp1=176, fp2=188, fp3=201, fp4=119, fp5=36, count1=4, count2=18, count3=9, count4=13, count5=0
B 3: S=2, fp1=28, fp2=145, fp3=178, fp4=234, fp5=219, count1=11, count2=13, count3=9, count4=10, count5=0
B 4: S=0, fp1=185, fp2=253, fp3=213, fp4=33, fp5=71, count1=1, count2=3, count3=11, count4=8, count5=15
B 5: S=0, fp1=191, fp2=148, fp3=106, fp4=150, fp5=56, count1=1, count2=1, count3=1, count4=16, count5=12
B 6: S=2, fp1=96, fp2=54, fp3=89, fp4=250, fp5=246, count1=6, count2=15, count3=10, count4=11, count5=0
B 7: S=0, fp1=1, fp2=93, fp3=105, fp4=95, fp5=90, count1=2, count2=3, count3=11, count4=10, count5=14
B 8: S=2, fp1=175, fp2=171, fp3=228, fp4=196, fp5=209, count1=1, count2=13, count3=17, count4=10, count5=0
B 9: S=2, fp1=42, fp2=130, fp3=46, fp4=189, fp5=199, count1=7, count2=12, count3=16, count4=14, count5=0
B 10: S=0, fp1=62, fp2=55, fp3=177, fp4=253, fp5=174, count1=2, count2=1, count3=1, count4=12, count5=17
B 11: S=2, fp1=59, fp2=50, fp3=130, fp4=134, fp5=150, count1=6, count2=9, count3=8, count4=10, count5=0
B 12: S=0, fp1=29, fp2=229, fp3=56, fp4=16, fp5=250, count1=1, count2=1, count3=8, count4=9, count5=7
B 13: S=2, fp1=202, fp2=247, fp3=126, fp4=45, fp5=185, count1=9, count2=11, count3=7, count4=12, count5=0
B 14: S=2, fp1=23, fp2=244, fp3=8, fp4=180, fp5=167, count1=7, count2=10, count3=12, count4=16, count5=0
B 15: S=0, fp1=179, fp2=82, fp3=149, fp4=231, fp5=234, count1=1, count2=5, count3=14, count4=20, count5=6
B 16: S=0, fp1=167, fp2=195, fp3=22, fp4=185, fp5=234, count1=1, count2=1, count3=11, count4=13, count5=17
B 17: S=2, fp1=173, fp2=127, fp3=175, fp4=149, fp5=30, count1=14, count2=17, count3=17, count4=16, count5=0
B 18: S=0, fp1=219, fp2=170, fp3=38, fp4=129, fp5=72, count1=1, count2=5, count3=11, count4=13, count5=11
B 19: S=2, fp1=126, fp2=8, fp3=163, fp4=76, fp5=199, count1=7, count2=12, count3=12, count4=16, count5=0
B 20: S=0, fp1=1, fp2=143, fp3=247, fp4=12, fp5=132, count1=1, count2=1, count3=13, count4=20, count5=7
B 21: S=2, fp1=64, fp2=103, fp3=115, fp4=141, fp5=230, count1=6, count2=14, count3=16, count4=14, count5=0
B 22: S=0, fp1=176, fp2=4, fp3=200, fp4=17, fp5=155, count1=1, count2=5, count3=1, count4=3, count5=7
B 23: S=0, fp1=191, fp2=235, fp3=223, fp4=113, fp5=95, count1=1, count2=3, count3=11, count4=19, count5=9
B 24: S=0, fp1=183, fp2=149, fp3=240, fp4=98, fp5=124, count1=1, count2=6, count3=9, count4=14, count5=10
B 25: S=0, fp1=221, fp2=170, fp3=80, fp4=119, fp5=18, count1=1, count2=1, count3=1, count4=8, count5=1
B 26: S=2, fp1=171, fp2=187, fp3=151, fp4=73, fp5=151, count1=7, count2=9, count3=12, count4=13, count5=0
B 27: S=0, fp1=0, fp2=109, fp3=18, fp4=205, fp5=199, count1=0, count2=1, count3=1, count4=4, count5=11
B 28: S=0, fp1=185, fp2=137, fp3=54, fp4=217, fp5=2, count1=1, count2=1, count3=10, count4=9, count5=9
B 29: S=2, fp1=144, fp2=177, fp3=5, fp4=158, fp5=183, count1=7, count2=11, count3=11, count4=12, count5=0
B 30: S=2, fp1=159, fp2=15, fp3=179, fp4=212, fp5=218, count1=10, count2=13, count3=14, count4=16, count5=0
B 31: S=2, fp1=177, fp2=209, fp3=237, fp4=89, fp5=182, count1=6, count2=11, count3=15, count4=13, count5=0
B 32: S=2, fp1=120, fp2=68, fp3=130, fp4=74, fp5=244, count1=4, count2=15, count3=14, count4=11, count5=0
B 33: S=0, fp1=221, fp2=191, fp3=111, fp4=114, fp5=177, count1=2, count2=2, count3=12, count4=12, count5=11
B 34: S=2, fp1=6, fp2=153, fp3=215, fp4=172, fp5=227, count1=3, count2=14, count3=9, count4=11, count5=0
B 35: S=2, fp1=167, fp2=193, fp3=177, fp4=207, fp5=21, count1=5, count2=17, count3=11, count4=15, count5=0
B 36: S=2, fp1=205, fp2=11, fp3=183, fp4=195, fp5=1, count1=1, count2=16, count3=8, count4=16, count5=0
B 37: S=0, fp1=87, fp2=194, fp3=17, fp4=133, fp5=126, count1=1, count2=6, count3=14, count4=13, count5=10
B 38: S=0, fp1=24, fp2=244, fp3=161, fp4=216, fp5=101, count1=1, count2=1, count3=1, count4=13, count5=1
B 39: S=2, fp1=151, fp2=37, fp3=94, fp4=165, fp5=226, count1=2, count2=14, count3=18, count4=16, count5=0
B 40: S=2, fp1=35, fp2=207, fp3=154, fp4=226, fp5=213, count1=5, count2=13, count3=20, count4=8, count5=0
B 41: S=2, fp1=145, fp2=228, fp3=45, fp4=168, fp5=217, count1=9, count2=13, count3=10, count4=8, count5=0
B 42: S=0, fp1=238, fp2=236, fp3=64, fp4=121, fp5=85, count1=1, count2=2, count3=4, count4=16, count5=9
B 43: S=2, fp1=149, fp2=222, fp3=96, fp4=238, fp5=209, count1=1, count2=13, count3=22, count4=14, count5=0
B 44: S=2, fp1=187, fp2=149, fp3=193, fp4=121, fp5=248, count1=8, count2=15, count3=14, count4=9, count5=0
B 45: S=2, fp1=134, fp2=157, fp3=145, fp4=152, fp5=153, count1=9, count2=9, count3=17, count4=8, count5=0
B 46: S=2, fp1=173, fp2=168, fp3=68, fp4=243, fp5=161, count1=1, count2=10, count3=13, count4=14, count5=0
B 47: S=2, fp1=114, fp2=57, fp3=224, fp4=187, fp5=230, count1=6, count2=14, count3=12, count4=20, count5=0
B 48: S=2, fp1=157, fp2=163, fp3=175, fp4=66, fp5=199, count1=7, count2=12, count3=12, count4=9, count5=0
B 49: S=0, fp1=0, fp2=212, fp3=251, fp4=48, fp5=139, count1=0, count2=1, count3=1, count4=2, count5=1
B 50: S=0, fp1=179, fp2=228, fp3=245, fp4=84, fp5=234, count1=1, count2=1, count3=9, count4=7, count5=11
B 51: S=2, fp1=215, fp2=177, fp3=174, fp4=221, fp5=225, count1=1, count2=14, count3=12, count4=11, count5=0
B 52: S=2, fp1=189, fp2=184, fp3=175, fp4=167, fp5=65, count1=1, count2=20, count3=15, count4=7, count5=0
B 53: S=0, fp1=247, fp2=24, fp3=187, fp4=189, fp5=186, count1=1, count2=6, count3=14, count4=8, count5=11
B 54: S=2, fp1=163, fp2=183, fp3=149, fp4=32, fp5=193, count1=1, count2=12, count3=14, count4=17, count5=0
B 55: S=0, fp1=117, fp2=111, fp3=250, fp4=124, fp5=167, count1=1, count2=2, count3=6, count4=19, count5=8
B 56: S=0, fp1=215, fp2=153, fp3=245, fp4=138, fp5=79, count1=2, count2=2, count3=11, count4=14, count5=7
B 57: S=0, fp1=165, fp2=93, fp3=183, fp4=244, fp5=254, count1=1, count2=1, count3=11, count4=13, count5=19
B 58: S=0, fp1=169, fp2=139, fp3=88, fp4=202, fp5=234, count1=2, count2=1, count3=7, count4=7, count5=8
B 59: S=0, fp1=1, fp2=202, fp3=223, fp4=147, fp5=131, count1=1, count2=1, count3=13, count4=12, count5=9
B 60: S=0, fp1=157, fp2=136, fp3=118, fp4=116, fp5=10, count1=1, count2=1, count3=7, count4=6, count5=7
B 61: S=0, fp1=185, fp2=102, fp3=178, fp4=146, fp5=122, count1=1, count2=2, count3=9, count4=11, count5=10
B 62: S=2, fp1=19, fp2=184, fp3=156, fp4=65, fp5=4, count1=4, count2=16, count3=11, count4=12, count5=0
B 63: S=0, fp1=93, fp2=179, fp3=41, fp4=207, fp5=131, count1=1, count2=2, count3=9, count4=12, count5=16
B 64: S=2, fp1=68, fp2=234, fp3=135, fp4=224, fp5=132, count1=4, count2=8, count3=13, count4=25, count5=0
B 65: S=2, fp1=181, fp2=194, fp3=132, fp4=237, fp5=1, count1=1, count2=16, count3=14, count4=14, count5=0
B 66: S=0, fp1=193, fp2=204, fp3=243, fp4=244, fp5=141, count1=1, count2=5, count3=14, count4=13, count5=10
B 67: S=2, fp1=189, fp2=181, fp3=37, fp4=98, fp5=19, count1=3, count2=17, count3=16, count4=15, count5=0
B 68: S=2, fp1=153, fp2=86, fp3=143, fp4=249, fp5=166, count1=6, count2=10, count3=15, count4=8, count5=0
B 69: S=2, fp1=183, fp2=130, fp3=229, fp4=165, fp5=217, count1=9, count2=13, count3=12, count4=15, count5=0
B 70: S=2, fp1=249, fp2=87, fp3=225, fp4=217, fp5=193, count1=1, count2=12, count3=11, count4=14, count5=0
B 71: S=2, fp1=255, fp2=67, fp3=178, fp4=248, fp5=120, count1=8, count2=7, count3=14, count4=11, count5=0
B 72: S=0, fp1=201, fp2=206, fp3=252, fp4=18, fp5=147, count1=1, count2=1, count3=2, count4=8, count5=9
B 73: S=2, fp1=218, fp2=233, fp3=163, fp4=7, fp5=167, count1=7, count2=10, count3=18, count4=11, count5=0
B 74: S=0, fp1=107, fp2=180, fp3=194, fp4=74, fp5=241, count1=2, count2=2, count3=11, count4=19, count5=9
B 75: S=0, fp1=165, fp2=67, fp3=233, fp4=255, fp5=232, count1=1, count2=3, count3=14, count4=11, count5=4
B 76: S=2, fp1=158, fp2=32, fp3=164, fp4=112, fp5=182, count1=6, count2=11, count3=9, count4=13, count5=0
B 77: S=2, fp1=204, fp2=16, fp3=119, fp4=67, fp5=179, count1=3, count2=11, count3=16, count4=15, count5=0
B 78: S=2, fp1=105, fp2=35, fp3=161, fp4=151, fp5=19, count1=3, count2=17, count3=15, count4=15, count5=0
B 79: S=0, fp1=145, fp2=191, fp3=183, fp4=168, fp5=180, count1=1, count2=3, count3=11, count4=12, count5=12
B 80: S=2, fp1=196, fp2=170, fp3=253, fp4=2, fp5=137, count1=9, count2=8, count3=14, count4=11, count5=0
B 81: S=2, fp1=124, fp2=121, fp3=104, fp4=56, fp5=215, count1=7, count2=13, count3=9, count4=11, count5=0
B 82: S=0, fp1=229, fp2=178, fp3=255, fp4=142, fp5=119, count1=3, count2=5, count3=10, count4=9, count5=9
B 83: S=2, fp1=143, fp2=209, fp3=196, fp4=44, fp5=17, count1=1, count2=17, count3=13, count4=15, count5=0
B 84: S=0, fp1=189, fp2=178, fp3=230, fp4=41, fp5=14, count1=1, count2=2, count3=14, count4=8, count5=9
B 85: S=2, fp1=200, fp2=155, fp3=69, fp4=177, fp5=237, count1=13, count2=14, count3=10, count4=15, count5=0
B 86: S=0, fp1=181, fp2=35, fp3=33, fp4=200, fp5=231, count1=1, count2=6, count3=11, count4=9, count5=15
B 87: S=2, fp1=119, fp2=115, fp3=141, fp4=188, fp5=203, count1=11, count2=12, count3=18, count4=12, count5=0
B 88: S=2, fp1=136, fp2=123, fp3=75, fp4=205, fp5=166, count1=6, count2=10, count3=11, count4=12, count5=0
B 89: S=2, fp1=163, fp2=180, fp3=42, fp4=218, fp5=33, count1=1, count2=18, count3=8, count4=13, count5=0
B 90: S=0, fp1=179, fp2=114, fp3=186, fp4=238, fp5=125, count1=3, count2=2, count3=13, count4=16, count5=12
B 91: S=0, fp1=181, fp2=63, fp3=135, fp4=138, fp5=255, count1=1, count2=1, count3=8, count4=15, count5=9
B 92: S=0, fp1=0, fp2=0, fp3=0, fp4=179, fp5=96, count1=0, count2=0, count3=0, count4=1, count5=2
B 93: S=2, fp1=213, fp2=236, fp3=105, fp4=254, fp5=151, count1=7, count2=9, count3=14, count4=9, count5=0
B 94: S=2, fp1=35, fp2=139, fp3=55, fp4=119, fp5=231, count1=7, count2=14, count3=18, count4=17, count5=0
B 95: S=0, fp1=166, fp2=200, fp3=20, fp4=191, fp5=180, count1=1, count2=5, count3=9, count4=2, count5=15
B 96: S=2, fp1=213, fp2=255, fp3=78, fp4=139, fp5=215, count1=7, count2=13, count3=10, count4=27, count5=0
B 97: S=2, fp1=40, fp2=207, fp3=58, fp4=102, fp5=13, count1=13, count2=16, count3=12, count4=17, count5=0
B 98: S=0, fp1=35, fp2=136, fp3=77, fp4=187, fp5=29, count1=1, count2=6, count3=12, count4=9, count5=9
B 99: S=2, fp1=244, fp2=180, fp3=224, fp4=123, fp5=238, count1=14, count2=14, count3=17, count4=14, count5=0
B 100: S=0, fp1=155, fp2=61, fp3=108, fp4=158, fp5=161, count1=2, count2=2, count3=2, count4=13, count5=10
B 101: S=0, fp1=47, fp2=160, fp3=110, fp4=44, fp5=54, count1=1, count2=2, count3=8, count4=10, count5=17
B 102: S=2, fp1=209, fp2=187, fp3=193, fp4=128, fp5=201, count1=9, count2=12, count3=11, count4=13, count5=0
B 103: S=0, fp1=222, fp2=27, fp3=204, fp4=140, fp5=151, count1=1, count2=4, count3=1, count4=1, count5=15
B 104: S=0, fp1=0, fp2=183, fp3=164, fp4=71, fp5=253, count1=0, count2=1, count3=1, count4=9, count5=12
B 105: S=0, fp1=219, fp2=0, fp3=0, fp4=216, fp5=251, count1=2, count2=0, count3=0, count4=1, count5=9
B 106: S=0, fp1=157, fp2=182, fp3=138, fp4=219, fp5=115, count1=1, count2=5, count3=1, count4=2, count5=6
B 107: S=2, fp1=201, fp2=150, fp3=159, fp4=144, fp5=180, count1=4, count2=11, count3=12, count4=14, count5=0
B 108: S=0, fp1=101, fp2=158, fp3=25, fp4=231, fp5=171, count1=1, count2=2, count3=10, count4=12, count5=15
B 109: S=0, fp1=0, fp2=254, fp3=227, fp4=228, fp5=214, count1=0, count2=1, count3=7, count4=11, count5=14
B 110: S=0, fp1=135, fp2=239, fp3=246, fp4=8, fp5=134, count1=2, count2=5, count3=8, count4=18, count5=8
B 111: S=2, fp1=98, fp2=249, fp3=220, fp4=149, fp5=135, count1=7, count2=8, count3=14, count4=11, count5=0
B 112: S=2, fp1=237, fp2=61, fp3=142, fp4=136, fp5=36, count1=4, count2=18, count3=9, count4=10, count5=0
B 113: S=0, fp1=191, fp2=241, fp3=63, fp4=181, fp5=151, count1=1, count2=3, count3=12, count4=15, count5=8
B 114: S=2, fp1=198, fp2=187, fp3=97, fp4=31, fp5=244, count1=4, count2=15, count3=11, count4=12, count5=0
B 115: S=0, fp1=49, fp2=210, fp3=177, fp4=197, fp5=232, count1=1, count2=2, count3=6, count4=10, count5=16
B 116: S=2, fp1=154, fp2=222, fp3=246, fp4=118, fp5=179, count1=3, count2=11, count3=17, count4=14, count5=0
B 117: S=2, fp1=222, fp2=123, fp3=128, fp4=22, fp5=182, count1=6, count2=11, count3=14, count4=8, count5=0
B 118: S=0, fp1=90, fp2=215, fp3=77, fp4=24, fp5=79, count1=1, count2=1, count3=10, count4=11, count5=1
B 119: S=2, fp1=129, fp2=58, fp3=178, fp4=130, fp5=151, count1=7, count2=9, count3=15, count4=9, count5=0
B 120: S=0, fp1=0, fp2=0, fp3=160, fp4=121, fp5=177, count1=0, count2=0, count3=1, count4=7, count5=10
B 121: S=2, fp1=171, fp2=111, fp3=56, fp4=217, fp5=17, count1=1, count2=17, count3=17, count4=8, count5=0
B 122: S=2, fp1=48, fp2=136, fp3=204, fp4=173, fp5=199, count1=7, count2=12, count3=11, count4=12, count5=0
B 123: S=2, fp1=246, fp2=138, fp3=134, fp4=125, fp5=168, count1=8, count2=10, count3=15, count4=17, count5=0
B 124: S=2, fp1=140, fp2=56, fp3=159, fp4=239, fp5=170, count1=10, count2=10, count3=10, count4=14, count5=0
B 125: S=2, fp1=240, fp2=182, fp3=49, fp4=245, fp5=119, count1=7, count2=7, count3=9, count4=8, count5=0
B 126: S=0, fp1=229, fp2=186, fp3=54, fp4=179, fp5=163, count1=1, count2=2, count3=6, count4=10, count5=1
B 127: S=0, fp1=67, fp2=243, fp3=167, fp4=138, fp5=236, count1=1, count2=4, count3=10, count4=13, count5=16
B 128: S=0, fp1=0, fp2=0, fp3=27, fp4=136, fp5=197, count1=0, count2=0, count3=1, count4=7, count5=6
B 129: S=0, fp1=0, fp2=0, fp3=0, fp4=5, fp5=113, count1=0, count2=0, count3=0, count4=1, count5=3
B 130: S=0, fp1=0, fp2=37, fp3=140, fp4=148, fp5=57, count1=0, count2=1, count3=6, count4=15, count5=14
B 131: S=2, fp1=53, fp2=188, fp3=131, fp4=57, fp5=198, count1=6, count2=12, count3=16, count4=12, count5=0
B 132: S=0, fp1=53, fp2=213, fp3=114, fp4=201, fp5=118, count1=1, count2=5, count3=9, count4=13, count5=14
B 133: S=0, fp1=205, fp2=21, fp3=92, fp4=108, fp5=165, count1=2, count2=3, count3=12, count4=10, count5=14
B 134: S=0, fp1=111, fp2=5, fp3=166, fp4=167, fp5=130, count1=1, count2=1, count3=1, count4=12, count5=9
B 135: S=0, fp1=0, fp2=118, fp3=186, fp4=2, fp5=33, count1=0, count2=1, count3=2, count4=10, count5=10
B 136: S=2, fp1=101, fp2=228, fp3=108, fp4=221, fp5=247, count1=7, count2=15, count3=19, count4=12, count5=0
B 137: S=0, fp1=61, fp2=156, fp3=35, fp4=106, fp5=41, count1=3, count2=6, count3=12, count4=7, count5=14
B 138: S=2, fp1=21, fp2=136, fp3=175, fp4=111, fp5=218, count1=10, count2=13, count3=14, count4=14, count5=0
B 139: S=2, fp1=80, fp2=246, fp3=56, fp4=114, fp5=167, count1=7, count2=10, count3=9, count4=15, count5=0
B 140: S=2, fp1=163, fp2=39, fp3=173, fp4=72, fp5=195, count1=3, count2=12, count3=11, count4=14, count5=0
B 141: S=2, fp1=101, fp2=241, fp3=142, fp4=41, fp5=152, count1=8, count2=9, count3=9, count4=23, count5=0
B 142: S=0, fp1=81, fp2=79, fp3=201, fp4=221, fp5=110, count1=1, count2=1, count3=8, count4=13, count5=14
B 143: S=0, fp1=143, fp2=249, fp3=8, fp4=139, fp5=59, count1=1, count2=5, count3=2, count4=9, count5=15
B 144: S=0, fp1=228, fp2=178, fp3=158, fp4=221, fp5=43, count1=1, count2=1, count3=4, count4=1, count5=15
B 145: S=2, fp1=181, fp2=3, fp3=21, fp4=56, fp5=231, count1=7, count2=14, count3=8, count4=9, count5=0
B 146: S=2, fp1=146, fp2=30, fp3=189, fp4=251, fp5=213, count1=5, count2=13, count3=10, count4=13, count5=0
B 147: S=2, fp1=99, fp2=230, fp3=14, fp4=222, fp5=186, count1=10, count2=11, count3=14, count4=13, count5=0
B 148: S=0, fp1=173, fp2=155, fp3=184, fp4=72, fp5=17, count1=1, count2=2, count3=1, count4=1, count5=8
B 149: S=0, fp1=51, fp2=201, fp3=118, fp4=67, fp5=101, count1=1, count2=1, count3=2, count4=11, count5=13
B 150: S=0, fp1=1, fp2=48, fp3=121, fp4=109, fp5=92, count1=3, count2=6, count3=11, count4=15, count5=16
B 151: S=2, fp1=39, fp2=13, fp3=119, fp4=19, fp5=131, count1=3, count2=8, count3=18, count4=13, count5=0
B 152: S=0, fp1=150, fp2=93, fp3=139, fp4=221, fp5=25, count1=1, count2=4, count3=1, count4=1, count5=7
B 153: S=0, fp1=212, fp2=110, fp3=75, fp4=67, fp5=130, count1=1, count2=1, count3=8, count4=7, count5=9
B 154: S=0, fp1=14, fp2=106, fp3=196, fp4=27, fp5=224, count1=1, count2=2, count3=13, count4=10, count5=7
B 155: S=0, fp1=0, fp2=190, fp3=139, fp4=126, fp5=222, count1=0, count2=1, count3=5, count4=11, count5=14
B 156: S=2, fp1=15, fp2=229, fp3=121, fp4=138, fp5=65, count1=1, count2=20, count3=12, count4=14, count5=0
B 157: S=2, fp1=96, fp2=105, fp3=157, fp4=115, fp5=254, count1=14, count2=15, count3=11, count4=12, count5=0
B 158: S=0, fp1=11, fp2=50, fp3=162, fp4=87, fp5=189, count1=1, count2=5, count3=9, count4=17, count5=15
B 159: S=0, fp1=195, fp2=38, fp3=82, fp4=51, fp5=28, count1=3, count2=6, count3=10, count4=14, count5=10
B 160: S=0, fp1=233, fp2=48, fp3=83, fp4=243, fp5=43, count1=1, count2=6, count3=8, count4=19, count5=1
B 161: S=0, fp1=0, fp2=0, fp3=122, fp4=158, fp5=51, count1=0, count2=0, count3=8, count4=6, count5=13
B 162: S=2, fp1=222, fp2=216, fp3=84, fp4=26, fp5=5, count1=5, count2=16, count3=14, count4=11, count5=0
B 163: S=0, fp1=161, fp2=113, fp3=214, fp4=120, fp5=237, count1=3, count2=6, count3=9, count4=12, count5=14
B 164: S=0, fp1=144, fp2=189, fp3=33, fp4=138, fp5=11, count1=1, count2=1, count3=1, count4=2, count5=12
B 165: S=0, fp1=37, fp2=173, fp3=225, fp4=138, fp5=228, count1=1, count2=1, count3=4, count4=14, count5=30
B 166: S=0, fp1=0, fp2=215, fp3=17, fp4=160, fp5=236, count1=0, count2=1, count3=12, count4=10, count5=7
B 167: S=0, fp1=0, fp2=0, fp3=49, fp4=155, fp5=180, count1=0, count2=0, count3=1, count4=10, count5=9
B 168: S=2, fp1=115, fp2=255, fp3=224, fp4=177, fp5=216, count1=8, count2=13, count3=15, count4=17, count5=0
B 169: S=2, fp1=187, fp2=77, fp3=203, fp4=162, fp5=200, count1=8, count2=12, count3=12, count4=14, count5=0
B 170: S=2, fp1=29, fp2=255, fp3=97, fp4=199, fp5=216, count1=8, count2=13, count3=17, count4=11, count5=0
B 171: S=0, fp1=204, fp2=157, fp3=101, fp4=207, fp5=11, count1=1, count2=1, count3=10, count4=1, count5=11
B 172: S=2, fp1=81, fp2=198, fp3=140, fp4=15, fp5=247, count1=7, count2=15, count3=10, count4=9, count5=0
B 173: S=0, fp1=0, fp2=220, fp3=13, fp4=68, fp5=45, count1=0, count2=2, count3=9, count4=11, count5=7
B 174: S=0, fp1=0, fp2=239, fp3=29, fp4=198, fp5=182, count1=0, count2=1, count3=11, count4=16, count5=10
B 175: S=0, fp1=93, fp2=202, fp3=51, fp4=227, fp5=22, count1=1, count2=1, count3=1, count4=12, count5=15
B 176: S=0, fp1=227, fp2=84, fp3=66, fp4=169, fp5=119, count1=3, count2=4, count3=14, count4=12, count5=11
B 177: S=2, fp1=71, fp2=222, fp3=123, fp4=251, fp5=167, count1=7, count2=10, count3=16, count4=11, count5=0
B 178: S=2, fp1=47, fp2=66, fp3=93, fp4=87, fp5=215, count1=7, count2=13, count3=13, count4=11, count5=0
B 179: S=0, fp1=94, fp2=227, fp3=247, fp4=65, fp5=173, count1=1, count2=2, count3=1, count4=9, count5=9
B 180: S=0, fp1=22, fp2=30, fp3=200, fp4=12, fp5=175, count1=1, count2=1, count3=13, count4=12, count5=9
B 181: S=0, fp1=236, fp2=9, fp3=55, fp4=23, fp5=122, count1=1, count2=6, count3=1, count4=15, count5=10
B 182: S=0, fp1=0, fp2=0, fp3=198, fp4=0, fp5=229, count1=0, count2=0, count3=9, count4=0, count5=13
B 183: S=0, fp1=155, fp2=20, fp3=213, fp4=222, fp5=54, count1=1, count2=6, count3=8, count4=9, count5=10
B 184: S=0, fp1=0, fp2=0, fp3=0, fp4=210, fp5=3, count1=0, count2=0, count3=0, count4=1, count5=1
B 185: S=0, fp1=0, fp2=2, fp3=165, fp4=128, fp5=15, count1=0, count2=2, count3=1, count4=5, count5=1
B 186: S=2, fp1=1, fp2=119, fp3=90, fp4=231, fp5=186, count1=10, count2=11, count3=12, count4=16, count5=0
B 187: S=2, fp1=63, fp2=54, fp3=146, fp4=7, fp5=103, count1=7, count2=22, count3=12, count4=8, count5=0
B 188: S=0, fp1=40, fp2=34, fp3=140, fp4=112, fp5=172, count1=3, count2=6, count3=8, count4=20, count5=15
B 189: S=2, fp1=109, fp2=155, fp3=87, fp4=166, fp5=203, count1=11, count2=12, count3=16, count4=13, count5=0
B 190: S=0, fp1=249, fp2=88, fp3=157, fp4=136, fp5=30, count1=2, count2=1, count3=1, count4=18, count5=11
B 191: S=0, fp1=0, fp2=64, fp3=132, fp4=120, fp5=95, count1=0, count2=1, count3=4, count4=8, count5=13
B 192: S=0, fp1=0, fp2=0, fp3=83, fp4=60, fp5=75, count1=0, count2=0, count3=11, count4=8, count5=4
B 193: S=0, fp1=55, fp2=202, fp3=5, fp4=156, fp5=105, count1=3, count2=6, count3=12, count4=11, count5=14
B 194: S=2, fp1=100, fp2=151, fp3=245, fp4=132, fp5=135, count1=7, count2=8, count3=10, count4=11, count5=0
B 195: S=0, fp1=81, fp2=219, fp3=101, fp4=213, fp5=142, count1=3, count2=2, count3=13, count4=11, count5=7
B 196: S=2, fp1=199, fp2=9, fp3=222, fp4=61, fp5=232, count1=8, count2=14, count3=11, count4=12, count5=0
B 197: S=0, fp1=59, fp2=60, fp3=168, fp4=62, fp5=222, count1=2, count2=6, count3=11, count4=7, count5=12
B 198: S=0, fp1=143, fp2=239, fp3=230, fp4=176, fp5=200, count1=1, count2=1, count3=6, count4=8, count5=11
B 199: S=0, fp1=43, fp2=199, fp3=187, fp4=104, fp5=18, count1=1, count2=3, count3=12, count4=14, count5=20
B 200: S=2, fp1=77, fp2=115, fp3=114, fp4=247, fp5=202, count1=10, count2=12, count3=11, count4=17, count5=0
B 201: S=0, fp1=207, fp2=194, fp3=71, fp4=216, fp5=214, count1=1, count2=2, count3=8, count4=10, count5=14
B 202: S=0, fp1=216, fp2=66, fp3=240, fp4=193, fp5=78, count1=1, count2=1, count3=2, count4=10, count5=11
B 203: S=0, fp1=73, fp2=115, fp3=207, fp4=246, fp5=106, count1=2, count2=5, count3=13, count4=12, count5=14
B 204: S=0, fp1=44, fp2=168, fp3=26, fp4=169, fp5=227, count1=1, count2=1, count3=2, count4=12, count5=10
B 205: S=0, fp1=162, fp2=169, fp3=127, fp4=218, fp5=140, count1=1, count2=1, count3=13, count4=8, count5=15
B 206: S=0, fp1=0, fp2=98, fp3=87, fp4=167, fp5=55, count1=0, count2=1, count3=9, count4=11, count5=1
B 207: S=0, fp1=0, fp2=189, fp3=97, fp4=50, fp5=5, count1=0, count2=1, count3=2, count4=16, count5=12
B 208: S=0, fp1=221, fp2=254, fp3=106, fp4=99, fp5=188, count1=1, count2=1, count3=11, count4=14, count5=17
B 209: S=0, fp1=71, fp2=222, fp3=165, fp4=40, fp5=85, count1=1, count2=1, count3=7, count4=12, count5=10
B 210: S=0, fp1=169, fp2=61, fp3=239, fp4=29, fp5=146, count1=1, count2=4, count3=10, count4=8, count5=18
B 211: S=2, fp1=124, fp2=76, fp3=252, fp4=111, fp5=116, count1=4, count2=7, count3=12, count4=10, count5=0
B 212: S=0, fp1=0, fp2=123, fp3=79, fp4=4, fp5=177, count1=0, count2=1, count3=1, count4=10, count5=10
B 213: S=0, fp1=99, fp2=115, fp3=37, fp4=246, fp5=86, count1=1, count2=1, count3=7, count4=5, count5=13
B 214: S=0, fp1=35, fp2=79, fp3=216, fp4=171, fp5=91, count1=1, count2=1, count3=1, count4=9, count5=11
B 215: S=2, fp1=139, fp2=52, fp3=240, fp4=178, fp5=186, count1=10, count2=11, count3=15, count4=16, count5=0
B 216: S=2, fp1=153, fp2=200, fp3=181, fp4=209, fp5=217, count1=9, count2=13, count3=17, count4=10, count5=0
B 217: S=0, fp1=229, fp2=179, fp3=129, fp4=133, fp5=1, count1=2, count2=6, count3=10, count4=17, count5=17
B 218: S=2, fp1=86, fp2=157, fp3=102, fp4=145, fp5=167, count1=7, count2=10, count3=9, count4=15, count5=0
B 219: S=0, fp1=123, fp2=172, fp3=106, fp4=129, fp5=143, count1=1, count2=5, count3=11, count4=10, count5=19
B 220: S=0, fp1=13, fp2=159, fp3=165, fp4=47, fp5=115, count1=1, count2=1, count3=1, count4=1, count5=14
B 221: S=0, fp1=26, fp2=119, fp3=74, fp4=242, fp5=43, count1=2, count2=6, count3=7, count4=18, count5=15
B 222: S=2, fp1=239, fp2=176, fp3=188, fp4=195, fp5=232, count1=8, count2=14, count3=13, count4=8, count5=0
B 223: S=0, fp1=0, fp2=146, fp3=45, fp4=36, fp5=158, count1=0, count2=1, count3=4, count4=9, count5=15
B 224: S=2, fp1=86, fp2=165, fp3=60, fp4=97, fp5=214, count1=6, count2=13, count3=15, count4=15, count5=0
B 225: S=0, fp1=82, fp2=35, fp3=25, fp4=8, fp5=241, count1=1, count2=1, count3=7, count4=15, count5=12
B 226: S=0, fp1=0, fp2=126, fp3=167, fp4=34, fp5=99, count1=0, count2=1, count3=1, count4=12, count5=12
B 227: S=2, fp1=162, fp2=149, fp3=46, fp4=108, fp5=228, count1=4, count2=14, count3=14, count4=12, count5=0
B 228: S=2, fp1=230, fp2=7, fp3=119, fp4=84, fp5=168, count1=8, count2=10, count3=16, count4=12, count5=0
B 229: S=0, fp1=150, fp2=177, fp3=79, fp4=71, fp5=25, count1=1, count2=6, count3=13, count4=8, count5=17
B 230: S=0, fp1=41, fp2=235, fp3=149, fp4=205, fp5=66, count1=1, count2=1, count3=1, count4=11, count5=12
B 231: S=0, fp1=155, fp2=160, fp3=222, fp4=9, fp5=79, count1=1, count2=1, count3=1, count4=1, count5=15
B 232: S=0, fp1=80, fp2=146, fp3=138, fp4=77, fp5=205, count1=1, count2=1, count3=8, count4=18, count5=16
B 233: S=2, fp1=69, fp2=132, fp3=35, fp4=48, fp5=181, count1=5, count2=11, count3=16, count4=12, count5=0
B 234: S=2, fp1=23, fp2=170, fp3=221, fp4=152, fp5=161, count1=1, count2=10, count3=12, count4=10, count5=0
B 235: S=2, fp1=229, fp2=176, fp3=152, fp4=141, fp5=197, count1=5, count2=12, count3=15, count4=10, count5=0
B 236: S=0, fp1=45, fp2=155, fp3=225, fp4=240, fp5=205, count1=1, count2=1, count3=12, count4=14, count5=1
B 237: S=0, fp1=0, fp2=0, fp3=138, fp4=157, fp5=56, count1=0, count2=0, count3=1, count4=2, count5=2
B 238: S=2, fp1=11, fp2=93, fp3=177, fp4=14, fp5=215, count1=7, count2=13, count3=13, count4=14, count5=0
B 239: S=0, fp1=18, fp2=50, fp3=58, fp4=73, fp5=194, count1=1, count2=1, count3=11, count4=8, count5=7
B 240: S=0, fp1=0, fp2=205, fp3=139, fp4=64, fp5=215, count1=0, count2=1, count3=1, count4=2, count5=1
B 241: S=0, fp1=101, fp2=157, fp3=116, fp4=181, fp5=164, count1=1, count2=3, count3=3, count4=8, count5=20
B 242: S=0, fp1=64, fp2=244, fp3=93, fp4=152, fp5=241, count1=1, count2=1, count3=1, count4=11, count5=7
B 243: S=0, fp1=65, fp2=206, fp3=83, fp4=224, fp5=197, count1=1, count2=1, count3=9, count4=15, count5=11
B 244: S=0, fp1=185, fp2=184, fp3=178, fp4=153, fp5=244, count1=1, count2=1, count3=2, count4=11, count5=8
B 245: S=2, fp1=43, fp2=164, fp3=87, fp4=160, fp5=135, count1=7, count2=8, count3=16, count4=12, count5=0
B 246: S=0, fp1=0, fp2=184, fp3=195, fp4=201, fp5=155, count1=0, count2=2, count3=7, count4=9, count5=1
B 247: S=2, fp1=61, fp2=232, fp3=12, fp4=162, fp5=27, count1=11, count2=17, count3=15, count4=13, count5=0
B 248: S=2, fp1=64, fp2=247, fp3=23, fp4=50, fp5=120, count1=8, count2=7, count3=11, count4=9, count5=0
B 249: S=2, fp1=26, fp2=81, fp3=133, fp4=231, fp5=168, count1=8, count2=10, count3=11, count4=11, count5=0
B 250: S=0, fp1=110, fp2=38, fp3=198, fp4=231, fp5=141, count1=1, count2=1, count3=10, count4=9, count5=12
B 251: S=2, fp1=9, fp2=213, fp3=29, fp4=248, fp5=167, count1=7, count2=10, count3=14, count4=10, count5=0
B 252: S=0, fp1=237, fp2=142, fp3=9, fp4=128, fp5=245, count1=1, count2=2, count3=7, count4=12, count5=10
B 253: S=0, fp1=0, fp2=36, fp3=70, fp4=17, fp5=148, count1=0, count2=1, count3=1, count4=2, count5=8
B 254: S=2, fp1=29, fp2=90, fp3=109, fp4=93, fp5=163, count1=3, count2=10, count3=17, count4=14, count5=0
B 255: S=0, fp1=107, fp2=178, fp3=190, fp4=121, fp5=47, count1=1, count2=2, count3=13, count4=9, count5=8
B 256: S=0, fp1=111, fp2=0, fp3=10, fp4=60, fp5=35, count1=1, count2=0, count3=1, count4=1, count5=9
B 257: S=0, fp1=0, fp2=0, fp3=0, fp4=0, fp5=71, count1=0, count2=0, count3=0, count4=0, count5=1
B 258: S=0, fp1=0, fp2=0, fp3=18, fp4=51, fp5=31, count1=0, count2=0, count3=1, count4=17, count5=1
B 259: S=0, fp1=0, fp2=0, fp3=58, fp4=115, fp5=19, count1=0, count2=0, count3=1, count4=9, count5=10
B 260: S=0, fp1=0, fp2=35, fp3=93, fp4=1, fp5=65, count1=0, count2=1, count3=1, count4=9, count5=9
B 261: S=0, fp1=0, fp2=0, fp3=0, fp4=102, fp5=19, count1=0, count2=0, count3=0, count4=1, count5=9
B 262: S=0, fp1=89, fp2=0, fp3=67, fp4=30, fp5=21, count1=1, count2=0, count3=1, count4=12, count5=15
B 263: S=0, fp1=0, fp2=12, fp3=48, fp4=3, fp5=114, count1=0, count2=1, count3=8, count4=10, count5=18
B 264: S=0, fp1=0, fp2=23, fp3=127, fp4=17, fp5=83, count1=0, count2=1, count3=1, count4=3, count5=7
B 265: S=0, fp1=0, fp2=0, fp3=0, fp4=0, fp5=115, count1=0, count2=0, count3=0, count4=0, count5=12
B 266: S=0, fp1=0, fp2=0, fp3=0, fp4=67, fp5=119, count1=0, count2=0, count3=0, count4=9, count5=6
B 267: S=0, fp1=0, fp2=38, fp3=11, fp4=4, fp5=29, count1=0, count2=1, count3=1, count4=17, count5=10
B 268: S=0, fp1=0, fp2=103, fp3=77, fp4=124, fp5=26, count1=0, count2=1, count3=7, count4=7, count5=9
B 269: S=0, fp1=123, fp2=40, fp3=35, fp4=47, fp5=16, count1=1, count2=1, count3=10, count4=10, count5=11
B 270: S=0, fp1=0, fp2=0, fp3=95, fp4=13, fp5=39, count1=0, count2=0, count3=2, count4=1, count5=9
B 271: S=0, fp1=0, fp2=0, fp3=1, fp4=11, fp5=28, count1=0, count2=0, count3=1, count4=1, count5=1
B 272: S=0, fp1=123, fp2=26, fp3=6, fp4=56, fp5=119, count1=2, count2=4, count3=13, count4=13, count5=5
B 273: S=0, fp1=0, fp2=0, fp3=112, fp4=4, fp5=12, count1=0, count2=0, count3=1, count4=8, count5=22
B 274: S=0, fp1=0, fp2=2, fp3=90, fp4=55, fp5=108, count1=0, count2=1, count3=1, count4=2, count5=12
B 275: S=0, fp1=0, fp2=0, fp3=0, fp4=0, fp5=0, count1=0, count2=0, count3=0, count4=0, count5=0
B 276: S=0, fp1=0, fp2=67, fp3=107, fp4=65, fp5=83, count1=0, count2=3, count3=3, count4=1, count5=9
B 277: S=0, fp1=78, fp2=124, fp3=19, fp4=69, fp5=67, count1=2, count2=2, count3=9, count4=9, count5=11
B 278: S=0, fp1=29, fp2=115, fp3=19, fp4=16, fp5=74, count1=1, count2=1, count3=7, count4=7, count5=18
B 279: S=0, fp1=0, fp2=0, fp3=0, fp4=42, fp5=76, count1=0, count2=0, count3=0, count4=9, count5=12
B 280: S=0, fp1=0, fp2=0, fp3=0, fp4=32, fp5=113, count1=0, count2=0, count3=0, count4=2, count5=9
B 281: S=0, fp1=0, fp2=0, fp3=0, fp4=6, fp5=79, count1=0, count2=0, count3=0, count4=11, count5=14
B 282: S=0, fp1=0, fp2=0, fp3=0, fp4=0, fp5=98, count1=0, count2=0, count3=0, count4=0, count5=10
B 283: S=0, fp1=0, fp2=0, fp3=0, fp4=0, fp5=118, count1=0, count2=0, count3=0, count4=0, count5=7
B 284: S=2, fp1=8, fp2=32, fp3=59, fp4=30, fp5=152, count1=8, count2=9, count3=8, count4=14, count5=0
B 285: S=0, fp1=121, fp2=89, fp3=14, fp4=107, fp5=46, count1=1, count2=1, count3=1, count4=7, count5=15
B 286: S=0, fp1=0, fp2=0, fp3=31, fp4=0, fp5=44, count1=0, count2=0, count3=11, count4=0, count5=1
B 287: S=0, fp1=0, fp2=0, fp3=0, fp4=0, fp5=33, count1=0, count2=0, count3=0, count4=0, count5=11
B 288: S=0, fp1=0, fp2=0, fp3=77, fp4=36, fp5=125, count1=0, count2=0, count3=1, count4=1, count5=1
B 289: S=0, fp1=0, fp2=103, fp3=115, fp4=102, fp5=68, count1=0, count2=1, count3=1, count4=1, count5=9
B 290: S=0, fp1=0, fp2=0, fp3=0, fp4=0, fp5=74, count1=0, count2=0, count3=0, count4=0, count5=2
B 291: S=2, fp1=117, fp2=83, fp3=60, fp4=126, fp5=10, count1=10, count2=16, count3=10, count4=13, count5=0
B 292: S=0, fp1=0, fp2=0, fp3=0, fp4=57, fp5=5, count1=0, count2=0, count3=0, count4=15, count5=13
B 293: S=0, fp1=0, fp2=42, fp3=29, fp4=60, fp5=2, count1=0, count2=1, count3=1, count4=1, count5=11
B 294: S=0, fp1=111, fp2=23, fp3=75, fp4=22, fp5=25, count1=1, count2=3, count3=8, count4=12, count5=8
B 295: S=0, fp1=107, fp2=9, fp3=48, fp4=44, fp5=55, count1=1, count2=6, count3=1, count4=15, count5=10
B 296: S=0, fp1=0, fp2=110, fp3=76, fp4=73, fp5=116, count1=0, count2=1, count3=1, count4=7, count5=13
B 297: S=0, fp1=44, fp2=0, fp3=0, fp4=95, fp5=8, count1=1, count2=0, count3=0, count4=11, count5=4
B 298: S=0, fp1=0, fp2=0, fp3=0, fp4=0, fp5=76, count1=0, count2=0, count3=0, count4=0, count5=8
B 299: S=0, fp1=0, fp2=0, fp3=0, fp4=0, fp5=0, count1=0, count2=0, count3=0, count4=0, count5=0
B 300: S=0, fp1=0, fp2=0, fp3=123, fp4=12, fp5=24, count1=0, count2=0, count3=14, count4=9, count5=11
B 301: S=0, fp1=97, fp2=15, fp3=68, fp4=104, fp5=112, count1=1, count2=1, count3=9, count4=17, count5=15
B 302: S=0, fp1=0, fp2=26, fp3=117, fp4=37, fp5=20, count1=0, count2=1, count3=1, count4=1, count5=7
B 303: S=0, fp1=43, fp2=89, fp3=22, fp4=58, fp5=85, count1=1, count2=2, count3=8, count4=8, count5=10
B 304: S=0, fp1=64, fp2=38, fp3=61, fp4=14, fp5=121, count1=1, count2=1, count3=2, count4=14, count5=12
B 305: S=0, fp1=0, fp2=0, fp3=67, fp4=34, fp5=39, count1=0, count2=0, count3=1, count4=11, count5=12
B 306: S=0, fp1=0, fp2=0, fp3=0, fp4=126, fp5=33, count1=0, count2=0, count3=0, count4=1, count5=2
B 307: S=0, fp1=0, fp2=14, fp3=27, fp4=95, fp5=5, count1=0, count2=1, count3=9, count4=6, count5=3
B 308: S=0, fp1=0, fp2=0, fp3=24, fp4=15, fp5=3, count1=0, count2=0, count3=1, count4=6, count5=12
B 309: S=2, fp1=51, fp2=96, fp3=122, fp4=61, fp5=183, count1=7, count2=11, count3=12, count4=18, count5=0
B 310: S=2, fp1=61, fp2=3, fp3=77, fp4=35, fp5=182, count1=6, count2=11, count3=17, count4=14, count5=0
B 311: S=0, fp1=0, fp2=0, fp3=112, fp4=32, fp5=94, count1=0, count2=0, count3=6, count4=11, count5=11
B 312: S=0, fp1=0, fp2=0, fp3=78, fp4=41, fp5=62, count1=0, count2=0, count3=1, count4=8, count5=9
B 313: S=2, fp1=13, fp2=71, fp3=51, fp4=122, fp5=136, count1=8, count2=8, count3=17, count4=7, count5=0
B 314: S=0, fp1=19, fp2=55, fp3=80, fp4=65, fp5=48, count1=1, count2=1, count3=1, count4=10, count5=16
B 315: S=0, fp1=0, fp2=0, fp3=0, fp4=105, fp5=56, count1=0, count2=0, count3=0, count4=11, count5=13
B 316: S=0, fp1=63, fp2=0, fp3=60, fp4=0, fp5=78, count1=1, count2=0, count3=9, count4=0, count5=14
B 317: S=0, fp1=0, fp2=0, fp3=0, fp4=72, fp5=96, count1=0, count2=0, count3=0, count4=16, count5=10
B 318: S=0, fp1=0, fp2=68, fp3=75, fp4=10, fp5=44, count1=0, count2=1, count3=1, count4=2, count5=12
B 319: S=0, fp1=70, fp2=42, fp3=97, fp4=47, fp5=88, count1=1, count2=3, count3=13, count4=9, count5=9
B 320: S=0, fp1=0, fp2=0, fp3=0, fp4=17, fp5=28, count1=0, count2=0, count3=0, count4=1, count5=11
B 321: S=0, fp1=107, fp2=97, fp3=24, fp4=66, fp5=91, count1=1, count2=1, count3=2, count4=11, count5=10
B 322: S=0, fp1=55, fp2=110, fp3=113, fp4=48, fp5=117, count1=2, count2=1, count3=13, count4=9, count5=7
B 323: S=0, fp1=0, fp2=0, fp3=50, fp4=26, fp5=38, count1=0, count2=0, count3=2, count4=16, count5=10
B 324: S=0, fp1=0, fp2=0, fp3=62, fp4=57, fp5=25, count1=0, count2=0, count3=1, count4=11, count5=12
B 325: S=0, fp1=0, fp2=0, fp3=0, fp4=0, fp5=0, count1=0, count2=0, count3=0, count4=0, count5=0
B 326: S=0, fp1=0, fp2=0, fp3=0, fp4=104, fp5=29, count1=0, count2=0, count3=0, count4=8, count5=7
B 327: S=0, fp1=0, fp2=0, fp3=0, fp4=60, fp5=95, count1=0, count2=0, count3=0, count4=12, count5=13
B 328: S=0, fp1=68, fp2=9, fp3=71, fp4=21, fp5=91, count1=1, count2=1, count3=1, count4=9, count5=10
B 329: S=0, fp1=0, fp2=0, fp3=0, fp4=107, fp5=59, count1=0, count2=0, count3=0, count4=10, count5=16
B 330: S=0, fp1=119, fp2=52, fp3=6, fp4=55, fp5=92, count1=1, count2=5, count3=9, count4=8, count5=10
B 331: S=0, fp1=0, fp2=0, fp3=0, fp4=0, fp5=59, count1=0, count2=0, count3=0, count4=0, count5=10
B 332: S=0, fp1=0, fp2=0, fp3=0, fp4=0, fp5=28, count1=0, count2=0, count3=0, count4=0, count5=1
B 333: S=0, fp1=0, fp2=0, fp3=0, fp4=2, fp5=14, count1=0, count2=0, count3=0, count4=1, count5=7
B 334: S=0, fp1=18, fp2=0, fp3=0, fp4=0, fp5=88, count1=1, count2=0, count3=0, count4=0, count5=3
B 335: S=2, fp1=95, fp2=49, fp3=82, fp4=9, fp5=56, count1=8, count2=19, count3=18, count4=8, count5=0
B 336: S=0, fp1=0, fp2=0, fp3=59, fp4=70, fp5=46, count1=0, count2=0, count3=1, count4=8, count5=8
B 337: S=0, fp1=0, fp2=82, fp3=52, fp4=45, fp5=20, count1=0, count2=1, count3=10, count4=5, count5=7
B 338: S=0, fp1=0, fp2=41, fp3=115, fp4=110, fp5=93, count1=0, count2=1, count3=2, count4=11, count5=19
B 339: S=0, fp1=0, fp2=0, fp3=0, fp4=0, fp5=0, count1=0, count2=0, count3=0, count4=0, count5=0
B 340: S=0, fp1=0, fp2=0, fp3=0, fp4=90, fp5=33, count1=0, count2=0, count3=0, count4=1, count5=4
B 341: S=0, fp1=31, fp2=65, fp3=98, fp4=28, fp5=84, count1=1, count2=2, count3=2, count4=11, count5=11
B 342: S=2, fp1=85, fp2=42, fp3=29, fp4=96, fp5=219, count1=11, count2=13, count3=9, count4=9, count5=0
B 343: S=0, fp1=0, fp2=0, fp3=123, fp4=7, fp5=30, count1=0, count2=0, count3=2, count4=1, count5=3
B 344: S=0, fp1=0, fp2=101, fp3=40, fp4=53, fp5=118, count1=0, count2=1, count3=1, count4=1, count5=11
B 345: S=0, fp1=0, fp2=0, fp3=39, fp4=43, fp5=104, count1=0, count2=0, count3=11, count4=1, count5=11
B 346: S=0, fp1=0, fp2=105, fp3=125, fp4=123, fp5=22, count1=0, count2=2, count3=14, count4=6, count5=16
B 347: S=0, fp1=0, fp2=0, fp3=8, fp4=77, fp5=79, count1=0, count2=0, count3=2, count4=6, count5=13
B 348: S=0, fp1=10, fp2=93, fp3=105, fp4=98, fp5=53, count1=2, count2=3, count3=10, count4=9, count5=11
B 349: S=0, fp1=0, fp2=0, fp3=0, fp4=78, fp5=87, count1=0, count2=0, count3=0, count4=5, count5=12
B 350: S=0, fp1=16, fp2=45, fp3=0, fp4=15, fp5=98, count1=1, count2=1, count3=0, count4=1, count5=7
B 351: S=0, fp1=0, fp2=0, fp3=0, fp4=0, fp5=58, count1=0, count2=0, count3=0, count4=0, count5=11
B 352: S=0, fp1=0, fp2=0, fp3=24, fp4=81, fp5=115, count1=0, count2=0, count3=1, count4=12, count5=11
B 353: S=0, fp1=0, fp2=0, fp3=0, fp4=101, fp5=60, count1=0, count2=0, count3=0, count4=5, count5=10
B 354: S=0, fp1=123, fp2=14, fp3=82, fp4=45, fp5=52, count1=1, count2=1, count3=11, count4=9, count5=10
B 355: S=0, fp1
min_value 1
200        58200      58200      162.99     136.88     0.8398     95.46      0.58       0.57       0.61       0          97.67      57         156        0          0          0.3939     2.6107     11         40         49         60         72         83         124       
201        58200      58200      163.00     136.68     0.8385     94.86      0.58       0.56       0.61       0          97.30      55         156        0          0          0.3910     2.6063     11         40         50         61         72         84         124       
202        58200      58200      162.99     136.85     0.8396     94.56      0.57       0.56       0.61       0          96.92      55         156        0          0          0.3881     2.6033     11         41         50         61         73         85         126       
203        58200      58200      163.00     136.02     0.8344     94.08      0.57       0.56       0.60       0          96.55      55         156        0          0          0.3854     2.5992     11         41         50         62         73         85         126       
204        58200      58200      163.01     135.46     0.8310     93.60      0.57       0.55       0.60       0          96.15      55         156        0          0          0.3823     2.5949     13         41         50         62         74         85         126       
205        58200      58200      163.02     135.08     0.8286     93.10      0.57       0.55       0.60       0          95.77      55         156        0          0          0.3795     2.5912     13         41         51         62         74         86         125       
206        58200      58200      163.01     135.51     0.8313     92.76      0.56       0.55       0.60       0          95.40      55         156        0          0          0.3767     2.5869     14         42         51         63         75         86         126       
207        58200      58200      163.02     134.93     0.8277     92.51      0.56       0.55       0.59       0          95.03      55         156        0          0          0.3739     2.5826     14         42         51         63         75         87         128       
208        58200      58200      163.02     133.78     0.8206     91.90      0.56       0.54       0.59       0          94.64      55         156        0          0          0.3711     2.5795     14         42         52         64         76         87         129       
209        58200      58200      163.03     133.83     0.8209     91.43      0.55       0.54       0.59       0          94.28      55         156        0          0          0.3684     2.5765     14         42         52         64         76         88         129       
210        58200      58200      163.02     133.40     0.8183     90.83      0.55       0.53       0.59       0          93.87      55         156        0          0          0.3653     2.5729     14         43         52         64         77         88         130       
211        58200      58200      163.03     132.71     0.8140     90.40      0.54       0.53       0.58       0          93.49      55         156        0          0          0.3625     2.5688     14         43         53         65         77         89         132       
212        58200      58200      163.03     132.52     0.8128     89.96      0.53       0.52       0.58       0          93.11      54         156        0          0          0.3597     2.5647     14         43         53         65         77         89         134       
213        58200      58200      163.04     132.08     0.8101     89.53      0.53       0.52       0.58       0          92.72      54         156        0          0          0.3568     2.5594     14         43         53         66         78         90         131       
214        58200      58200      163.03     131.54     0.8068     89.00      0.53       0.52       0.58       0          92.32      53         156        0          0          0.3538     2.5561     14         44         54         66         78         90         133       
215        58200      58200      163.04     131.56     0.8069     88.51      0.53       0.51       0.57       0          91.94      53         156        0          0          0.3511     2.5513     14         44         54         66         79         91         134       
216        58200      58200      163.06     130.59     0.8009     88.03      0.52       0.51       0.57       0          91.55      52         156        0          0          0.3482     2.5457     14         44         54         67         79         91         134       
217        58200      58200      163.05     130.74     0.8019     87.50      0.52       0.50       0.57       0          91.15      52         156        0          0          0.3454     2.5411     14         45         55         67         79         92         134       
218        58200      58200      163.06     129.80     0.7960     87.03      0.51       0.50       0.57       0          90.78      52         156        0          0          0.3427     2.5370     14         45         55         68         80         92         135       
219        58200      58200      163.04     129.79     0.7960     86.65      0.51       0.50       0.57       0          90.39      50         156        0          0          0.3399     2.5329     14         45         55         68         80         93         138       
220        58200      58200      163.05     129.62     0.7950     86.14      0.51       0.49       0.56       0          90.01      50         156        0          0          0.3372     2.5285     14         45         56         68         81         93         138       
221        58200      58200      163.06     129.50     0.7942     85.69      0.50       0.49       0.56       0          89.61      50         156        0          0          0.3343     2.5260     14         46         56         69         81         94         137       
222        58200      58200      163.06     128.20     0.7862     85.33      0.50       0.49       0.56       0          89.23      50         156        0          0          0.3316     2.5207     14         46         56         69         82         94         137       
223        58200      58200      163.06     127.98     0.7848     84.78      0.50       0.48       0.55       0          88.84      50         156        0          0          0.3289     2.5177     14         46         57         69         82         95         137       
224        58200      58200      163.06     127.38     0.7811     84.43      0.49       0.48       0.55       0          88.45      50         156        0          0          0.3262     2.5133     14         46         57         70         82         95         137       
225        58200      58200      163.07     127.48     0.7817     83.90      0.50       0.47       0.55       0          88.06      50         156        0          0          0.3234     2.5078     13         47         57         70         83         96         138       
226        58200      58200      163.07     126.22     0.7740     83.46      0.48       0.47       0.55       0          87.66      50         156        0          0          0.3206     2.5037     13         47         57         71         83         96         139       
227        58200      58200      163.07     125.83     0.7716     82.82      0.48       0.47       0.54       0          87.27      50         156        0          0          0.3179     2.4999     13         47         58         71         84         97         141       
228        58200      58200      163.07     125.42     0.7691     82.34      0.47       0.46       0.54       0          86.88      48         156        0          0          0.3152     2.4947     13         48         58         71         84         97         142       
229        58200      58200      163.09     125.02     0.7666     82.06      0.47       0.46       0.54       0          86.50      47         156        0          0          0.3126     2.4917     13         48         59         72         85         98         142       
230        58200      58200      163.08     125.32     0.7684     81.46      0.47       0.46       0.54       0          86.12      45         156        0          0          0.3100     2.4883     13         48         59         72         85         98         144       
231        58200      58200      163.08     125.04     0.7668     81.06      0.47       0.45       0.54       0          85.73      45         156        0          0          0.3073     2.4853     13         48         59         73         86         98         145       
232        58200      58200      163.09     123.29     0.7560     80.60      0.46       0.45       0.53       0          85.34      44         156        0          0          0.3046     2.4822     14         49         60         73         86         99         148       
233        58200      58200      163.08     123.82     0.7592     80.20      0.46       0.45       0.53       0          84.93      44         156        0          0          0.3018     2.4780     14         49         60         73         87         99         148       
234        58200      58200      163.10     122.21     0.7493     79.66      0.46       0.44       0.53       0          84.54      43         156        0          0          0.2992     2.4737     14         49         60         74         87         100        149       
235        58200      58200      163.10     122.01     0.7481     79.06      0.45       0.44       0.53       0          84.14      43         156        0          0          0.2965     2.4708     14         50         61         74         87         100        149       
236        58200      58200      163.10     122.13     0.7488     78.63      0.44       0.43       0.52       0          83.76      42         156        0          0          0.2940     2.4670     14         50         61         75         88         101        148       
237        58200      58200      163.10     121.38     0.7442     78.13      0.44       0.43       0.52       0          83.38      42         156        0          0          0.2914     2.4626     14         50         61         75         88         101        149       
238        58200      58200      163.11     120.20     0.7369     77.53      0.44       0.42       0.52       0          82.99      42         156        0          0          0.2888     2.4602     14         50         62         75         89         102        149       
239        58200      58200      163.11     119.52     0.7328     77.12      0.43       0.42       0.52       0          82.59      41         156        0          0          0.2862     2.4564     13         51         62         76         89         102        152       
240        58200      58200      163.11     119.67     0.7337     76.66      0.43       0.42       0.51       0          82.20      40         156        0          0          0.2836     2.4529     13         51         62         76         90         103        153       
241        58200      58200      163.12     119.45     0.7323     76.30      0.42       0.41       0.51       0          81.82      40         156        0          0          0.2811     2.4501     12         51         63         76         90         103        154       
242        58200      58200      163.12     118.95     0.7292     75.92      0.42       0.41       0.51       0          81.43      39         156        0          0          0.2786     2.4474     12         52         63         77         91         104        153       
243        58200      58200      163.11     119.01     0.7296     75.50      0.42       0.41       0.51       0          81.05      39         156        0          0          0.2760     2.4439     12         52         63         77         91         104        153       
244        58200      58200      163.12     118.00     0.7234     75.12      0.42       0.41       0.50       0          80.67      39         156        0          0          0.2736     2.4391     12         52         64         78         92         105        151       
245        58200      58200      163.11     116.45     0.7139     74.70      0.41       0.40       0.50       0          80.26      39         156        0          0          0.2710     2.4356     12         52         64         78         92         105        152       
246        58200      58200      163.14     117.01     0.7172     74.18      0.42       0.40       0.50       0          79.89      37         156        0          0          0.2686     2.4321     13         53         65         78         93         105        153       
247        58200      58200      163.13     117.46     0.7201     73.79      0.41       0.40       0.50       1          79.52      37         156        0          0          0.2662     2.4294     13         53         65         79         93         106        155       
248        58200      58200      163.12     117.40     0.7197     73.59      0.42       0.40       0.49       0          79.15      37         156        0          0          0.2638     2.4263     13         53         65         79         94         106        158       
249        58200      58200      163.13     116.21     0.7124     73.37      0.41       0.40       0.49       0          78.79      37         156        0          0          0.2616     2.4213     13         54         66         80         94         107        158       
250        58200      58200      163.13     115.68     0.7091     72.97      0.41       0.39       0.49       0          78.42      37         156        0          0          0.2592     2.4185     13         54         66         80         94         107        156       
251        58200      58200      163.14     115.75     0.7095     72.53      0.40       0.39       0.49       0          78.05      37         156        0          0          0.2569     2.4154     14         54         67         80         95         108        157       
252        58200      58200      163.14     114.67     0.7029     72.12      0.41       0.39       0.49       0          77.67      37         156        0          0          0.2545     2.4113     14         54         67         81         95         108        158       
253        58200      58200      163.14     114.70     0.7031     71.76      0.40       0.38       0.48       0          77.30      36         156        0          0          0.2522     2.4082     14         55         67         81         96         109        159       
254        58200      58200      163.14     113.91     0.6983     71.30      0.40       0.38       0.48       0          76.95      36         156        0          0          0.2500     2.4040     14         55         67         81         96         109        159       
255        58200      58200      163.15     112.94     0.6922     70.92      0.39       0.38       0.48       0          76.58      36         156        0          0          0.2477     2.4004     14         55         68         82         97         109        160       
256        58200      58200      163.15     112.97     0.6924     70.44      0.39       0.37       0.48       0          76.22      36         156        0          0          0.2455     2.3975     14         56         68         82         97         110        160       
257        58200      58200      163.14     112.33     0.6886     69.91      0.38       0.37       0.47       0          75.85      36         156        0          0          0.2432     2.3946     14         56         68         82         97         110        160       
258        58200      58200      163.16     113.23     0.6939     69.69      0.38       0.37       0.47       0          75.50      36         156        0          0          0.2411     2.3908     13         56         69         83         98         111        160       
259        58200      58200      163.16     111.48     0.6832     69.43      0.38       0.37       0.47       0          75.15      36         156        0          0          0.2389     2.3877     13         57         69         83         98         111        160       
260        58200      58200      163.16     111.82     0.6853     69.01      0.38       0.36       0.47       0          74.79      36         156        0          0          0.2368     2.3845     13         57         69         83         98         112        162       
261        58200      58200      163.16     110.95     0.6800     68.66      0.38       0.36       0.47       0          74.44      36         156        0          0          0.2347     2.3812     13         57         70         84         99         112        163       
262        58200      58200      163.15     110.16     0.6752     68.23      0.37       0.36       0.46       0          74.11      36         156        0          0          0.2326     2.3785     14         58         70         84         99         112        162       
263        58200      58200      163.17     109.61     0.6718     67.73      0.36       0.35       0.46       0          73.76      36         156        0          0          0.2306     2.3757     14         58         70         85         100        113        163       
264        58200      58200      163.17     110.07     0.6746     67.41      0.36       0.35       0.46       0          73.41      36         156        0          0          0.2285     2.3728     14         58         71         85         100        113        161       
265        58200      58200      163.18     109.29     0.6698     67.23      0.37       0.35       0.46       0          73.06      36         156        0          0          0.2264     2.3697     14         59         71         85         100        114        163       
266        58200      58200      163.17     109.95     0.6738     66.86      0.37       0.35       0.45       0          72.74      36         156        0          0          0.2245     2.3653     14         59         71         86         101        114        162       
267        58200      58200      163.17     108.22     0.6632     66.62      0.36       0.35       0.45       0          72.41      36         156        0          0          0.2225     2.3618     14         59         72         86         101        114        165       
268        58200      58200      163.17     108.06     0.6622     66.15      0.36       0.35       0.45       0          72.06      36         156        0          0          0.2205     2.3591     14         60         72         86         101        115        165       
269        58200      58200      163.17     107.36     0.6580     65.72      0.35       0.34       0.45       0          71.74      36         156        0          0          0.2187     2.3571     14         60         72         87         102        115        164       
270        58200      58200      163.18     106.84     0.6547     65.43      0.36       0.34       0.45       0          71.41      36         156        0          0          0.2167     2.3548     14         60         73         87         102        115        164       
271        58200      58200      163.17     106.45     0.6524     65.14      0.36       0.34       0.44       0          71.08      36         156        0          0          0.2148     2.3516     14         60         73         87         103        116        165       
272        58200      58200      163.19     105.89     0.6488     64.76      0.35       0.34       0.44       0          70.76      36         156        0          0          0.2130     2.3500     14         61         73         88         103        116        165       
273        58200      58200      163.19     106.06     0.6499     64.39      0.35       0.33       0.44       0          70.42      36         156        0          0          0.2111     2.3466     14         61         74         88         103        116        165       
274        58200      58200      163.18     104.89     0.6428     63.97      0.35       0.33       0.44       0          70.11      36         156        0          0          0.2093     2.3442     13         61         74         88         104        116        166       
275        58200      58200      163.20     104.33     0.6393     63.57      0.34       0.33       0.44       0          69.80      36         156        0          0          0.2075     2.3405     13         61         74         89         104        117        166       
276        58200      58200      163.18     103.55     0.6346     63.19      0.34       0.32       0.43       0          69.49      36         156        0          0          0.2058     2.3378     13         62         75         89         104        117        166       
277        58200      58200      163.20     104.08     0.6378     62.84      0.34       0.32       0.43       0          69.19      36         156        0          0          0.2041     2.3355     14         62         75         90         105        117        165       
278        58200      58200      163.20     103.62     0.6349     62.53      0.33       0.32       0.43       0          68.88      36         156        0          0          0.2024     2.3325     15         62         75         90         105        118        165       
279        58200      58200      163.20     102.77     0.6297     62.26      0.33       0.32       0.43       0          68.58      36         156        0          0          0.2007     2.3303     15         62         75         90         105        118        167       
280        58200      58200      163.20     102.11     0.6257     62.09      0.33       0.32       0.43       0          68.29      36         156        0          0          0.1991     2.3283     15         63         76         90         106        118        167       
281        58200      58200      163.21     101.93     0.6246     61.70      0.33       0.31       0.42       0          67.97      36         156        0          0          0.1973     2.3251     16         63         76         91         106        119        167       
282        58200      58200      163.20     102.72     0.6294     61.31      0.32       0.31       0.42       0          67.67      36         156        0          0          0.1957     2.3221     16         63         77         91         106        119        166       
283        58200      58200      163.20     102.49     0.6280     61.21      0.32       0.31       0.42       0          67.37      36         156        0          0          0.1940     2.3191     15         63         77         91         107        119        165       
284        58200      58200      163.19     101.88     0.6243     60.92      0.32       0.31       0.42       0          67.10      36         156        0          0          0.1925     2.3170     17         64         77         92         107        120        164       
285        58200      58200      163.20     101.48     0.6218     60.68      0.32       0.31       0.42       0          66.82      36         156        0          0          0.1910     2.3156     17         64         77         92         107        120        164       
286        58200      58200      163.21     100.92     0.6184     60.54      0.32       0.31       0.42       0          66.53      36         156        0          0          0.1895     2.3131     16         65         78         92         107        120        166       
287        58200      58200      163.22     101.92     0.6244     60.28      0.32       0.31       0.41       0          66.24      36         156        0          0          0.1879     2.3103     17         65         78         93         108        120        165       
288        58200      58200      163.22     101.35     0.6209     60.15      0.32       0.31       0.41       0          65.96      35         156        0          0          0.1864     2.3082     17         65         78         93         108        120        165       
289        58200      58200      163.21     100.43     0.6153     59.86      0.32       0.31       0.41       0          65.68      35         156        0          0          0.1850     2.3064     18         66         79         93         108        121        165       
290        58200      58200      163.21     100.31     0.6146     59.60      0.32       0.31       0.41       0          65.42      35         156        0          0          0.1836     2.3043     17         66         79         93         109        121        168       
291        58200      58200      163.22     99.51      0.6097     59.42      0.32       0.30       0.41       0          65.16      35         156        0          0          0.1822     2.3016     17         66         79         94         109        121        168       
292        58200      58200      163.22     99.83      0.6117     59.01      0.32       0.30       0.41       0          64.89      35         156        0          0          0.1808     2.2993     18         66         79         94         109        122        172       
293        58200      58200      163.22     97.53      0.5976     58.70      0.32       0.30       0.40       0          64.64      35         156        0          0          0.1795     2.2981     18         66         80         94         109        122        172       
294        58200      58200      163.22     98.22      0.6017     58.38      0.31       0.30       0.40       0          64.38      35         156        0          0          0.1781     2.2949     18         67         80         95         109        122        171       
295        58200      58200      163.24     97.57      0.5977     58.06      0.31       0.29       0.40       0          64.11      35         156        0          0          0.1767     2.2937     18         67         80         95         110        122        171       
296        58200      58200      163.24     97.33      0.5962     57.69      0.31       0.29       0.40       0          63.84      35         155        0          0          0.1754     2.2922     18         67         80         95         110        123        170       
297        58200      58200      163.23     98.23      0.6018     57.68      0.30       0.29       0.40       0          63.59      35         155        0          0          0.1741     2.2901     19         67         81         95         110        123        171       
298        58200      58200      163.22     97.39      0.5967     57.49      0.30       0.29       0.40       0          63.35      35         155        0          0          0.1728     2.2875     18         68         81         96         110        123        171       
299        58200      58200      163.24     97.05      0.5945     57.27      0.31       0.29       0.39       0          63.09      35         155        0          0          0.1715     2.2853     18         68         81         96         111        123        169       
300        58200      58200      163.24     97.12      0.5950     57.11      0.31       0.29       0.39       0          62.85      35         155        0          0          0.1703     2.2834     18         68         82         96         111        123        170       
301        58200      58200      163.24     96.72      0.5925     56.83      0.30       0.29       0.39       0          62.61      35         155        0          0          0.1690     2.2812     18         68         82         96         111        124        170       
302        58200      58200      163.24     96.20      0.5893     56.58      0.30       0.29       0.39       0          62.37      35         155        0          0          0.1679     2.2798     18         69         82         96         111        124        170       
303        58200      58200      163.24     96.22      0.5894     56.37      0.29       0.29       0.39       0          62.15      35         155        0          0          0.1667     2.2783     17         69         82         97         112        124        168       
304        58200      58200      163.25     94.72      0.5802     56.16      0.30       0.28       0.39       0          61.91      35         155        0          0          0.1655     2.2762     17         69         83         97         112        125        167       
305        58200      58200      163.24     95.03      0.5821     55.81      0.30       0.28       0.39       0          61.68      35         155        0          0          0.1644     2.2747     17         69         83         97         112        125        167       
306        58200      58200      163.23     94.63      0.5797     55.46      0.30       0.28       0.38       0          61.45      35         155        0          0          0.1633     2.2716     18         70         83         98         112        125        168       
307        58200      58200      163.23     94.72      0.5803     55.48      0.30       0.28       0.38       0          61.22      35         155        0          0          0.1621     2.2703     18         70         84         98         112        125        168       
308        58200      58200      163.25     94.60      0.5795     55.26      0.29       0.28       0.38       0          61.02      35         155        0          0          0.1611     2.2686     18         70         84         98         112        125        164       
309        58200      58200      163.24     95.84      0.5871     55.32      0.30       0.28       0.38       0          60.79      35         155        0          0          0.1600     2.2668     18         70         84         98         113        125        165       
310        58200      58200      163.24     94.32      0.5778     55.09      0.29       0.28       0.38       0          60.58      35         155        0          0          0.1590     2.2648     18         71         84         99         113        125        167       
311        58200      58200      163.25     94.53      0.5790     54.81      0.29       0.28       0.38       0          60.37      35         155        0          0          0.1579     2.2628     20         71         84         99         113        125        167       
312        58200      58200      163.24     93.85      0.5749     54.70      0.29       0.28       0.38       0          60.15      34         155        0          0          0.1569     2.2610     19         71         85         99         113        126        167       
313        58200      58200      163.25     92.29      0.5653     54.40      0.29       0.28       0.37       0          59.94      34         155        0          0          0.1559     2.2597     19         71         85         99         114        126        164       
314        58200      58200      163.25     91.82      0.5625     54.15      0.29       0.27       0.37       0          59.73      33         155        0          0          0.1548     2.2577     19         72         85         100        114        126        165       
315        58200      58200      163.26     92.30      0.5654     53.78      0.29       0.27       0.37       0          59.52      33         155        0          0          0.1538     2.2563     19         72         85         100        114        126        165       
316        58200      58200      163.24     91.42      0.5600     53.43      0.28       0.27       0.37       0          59.31      33         155        0          0          0.1528     2.2553     19         72         86         100        114        126        166       
317        58200      58200      163.25     90.97      0.5572     53.31      0.28       0.27       0.37       0          59.10      33         155        0          0          0.1518     2.2540     19         72         86         100        115        127        166       
318        58200      58200      163.25     92.19      0.5647     53.27      0.28       0.27       0.37       0          58.91      33         155        0          0          0.1509     2.2524     20         73         86         100        115        127        165       
319        58200      58200      163.26     90.86      0.5565     53.12      0.28       0.27       0.37       0          58.71      32         155        0          0          0.1499     2.2505     20         73         86         101        115        127        166       
320        58200      58200      163.27     90.92      0.5568     52.80      0.28       0.26       0.37       0          58.51      32         155        0          0          0.1490     2.2492     21         73         87         101        115        127        166       
321        58200      58200      163.26     90.62      0.5550     52.60      0.28       0.26       0.36       0          58.32      32         155        0          0          0.1481     2.2478     23         73         87         101        115        127        165       
322        58200      58200      163.26     90.53      0.5545     52.55      0.28       0.26       0.36       0          58.13      32         155        0          0          0.1472     2.2459     23         73         87         101        115        127        166       
323        58200      58200      163.26     90.39      0.5536     52.35      0.28       0.26       0.36       0          57.94      32         155        0          0          0.1464     2.2447     23         74         87         102        115        127        166       
324        58200      58200      163.26     89.92      0.5508     52.25      0.28       0.26       0.36       0          57.76      32         155        0          0          0.1455     2.2435     23         74         87         102        116        128        165       
325        58200      58200      163.27     91.07      0.5578     52.14      0.28       0.26       0.36       0          57.57      32         155        0          0          0.1446     2.2425     22         74         88         102        116        128        166       
326        58200      58200      163.27     89.93      0.5508     52.01      0.27       0.26       0.36       0          57.39      32         155        0          0          0.1438     2.2420     22         74         88         102        116        128        167       
327        58200      58200      163.26     89.18      0.5462     51.87      0.28       0.26       0.36       0          57.21      32         155        0          0          0.1430     2.2403     22         74         88         102        116        128        167       
328        58200      58200      163.27     91.18      0.5585     51.69      0.28       0.26       0.36       0          57.03      32         155        0          0          0.1421     2.2387     22         75         88         102        116        128        167       
329        58200      58200      163.26     89.03      0.5453     51.57      0.27       0.26       0.36       0          56.86      32         155        0          0          0.1413     2.2377     22         75         88         103        116        128        167       
330        58200      58200      163.27     89.41      0.5476     51.49      0.28       0.26       0.35       0          56.68      32         155        0          0          0.1405     2.2363     24         75         89         103        117        128        167       
331        58200      58200      163.26     88.58      0.5426     51.31      0.27       0.26       0.35       0          56.52      32         155        0          0          0.1398     2.2347     25         76         89         103        117        128        166       
332        58200      58200      163.27     88.83      0.5441     51.08      0.27       0.26       0.35       0          56.35      32         155        0          0          0.1390     2.2329     25         76         89         103        117        128        166       
333        58200      58200      163.27     88.22      0.5403     50.99      0.27       0.26       0.35       0          56.18      32         155        0          0          0.1382     2.2318     25         76         89         103        117        128        168       
334        58200      58200      163.27     86.84      0.5319     50.73      0.27       0.26       0.35       0          56.01      32         155        0          0          0.1375     2.2303     25         76         89         104        117        128        168       
335        58200      58200      163.27     87.94      0.5386     50.51      0.27       0.25       0.35       0          55.84      31         155        0          0          0.1367     2.2289     26         77         90         104        117        128        169       
336        58200      58200      163.27     88.61      0.5427     50.47      0.26       0.26       0.35       0          55.68      31         155        0          0          0.1360     2.2276     26         77         90         104        118        129        170       
337        58200      58200      163.27     87.25      0.5344     50.32      0.27       0.25       0.35       0          55.52      31         155        0          0          0.1353     2.2264     26         77         90         104        118        129        171       
338        58200      58200      163.28     88.53      0.5422     50.31      0.27       0.25       0.35       0          55.36      31         154        0          0          0.1346     2.2253     26         77         90         104        118        129        171       
339        58200      58200      163.27     88.22      0.5403     50.20      0.27       0.26       0.34       0          55.21      31         154        0          0          0.1339     2.2245     26         77         90         104        118        129        169       
340        58200      58200      163.28     87.41      0.5353     50.05      0.27       0.25       0.34       0          55.05      31         154        0          0          0.1332     2.2236     26         78         91         105        118        129        167       
341        58200      58200      163.28     87.18      0.5339     49.93      0.27       0.25       0.34       0          54.89      31         154        0          0          0.1325     2.2228     26         78         91         105        118        129        168       
342        58200      58200      163.26     86.57      0.5303     49.79      0.27       0.25       0.34       0          54.75      31         154        0          0          0.1319     2.2217     26         78         91         105        118        129        169       
343        58200      58200      163.28     86.35      0.5289     49.65      0.27       0.25       0.34       0          54.60      31         154        0          0          0.1312     2.2201     26         78         91         105        118        129        169       
344        58200      58200      163.29     85.99      0.5266     49.35      0.26       0.25       0.34       0          54.44      30         154        0          0          0.1306     2.2192     26         78         91         105        118        129        170       
345        58200      58200      163.29     85.74      0.5251     49.22      0.26       0.25       0.34       0          54.30      30         154        0          0          0.1299     2.2186     27         79         92         105        119        129        171       
346        58200      58200      163.28     86.28      0.5284     49.10      0.26       0.25       0.34       0          54.16      30         154        0          0          0.1293     2.2176     27         79         92         106        119        129        170       
347        58200      58200      163.29     85.23      0.5219     48.92      0.26       0.25       0.34       0          54.02      30         154        0          0          0.1287     2.2167     26         79         92         106        119        129        170       
348        58200      58200      163.29     86.25      0.5282     48.86      0.26       0.25       0.34       0          53.88      30         154        0          0          0.1281     2.2158     26         79         92         106        119        129        170       
349        58200      58200      163.28     86.41      0.5292     48.87      0.26       0.25       0.34       0          53.75      30         154        0          0          0.1275     2.2151     26         80         92         106        119        130        171       
350        58200      58200      163.29     85.50      0.5236     48.81      0.26       0.25       0.33       0          53.62      30         154        0          0          0.1270     2.2146     26         80         93         106        119        130        171       
351        58200      58200      163.28     85.40      0.5230     48.72      0.27       0.25       0.33       0          53.49      30         154        0          0          0.1264     2.2142     26         80         93         106        119        130        172       
352        58200      58200      163.28     85.61      0.5243     48.58      0.26       0.25       0.33       0          53.34      30         154        0          0          0.1258     2.2128     26         80         93         106        119        130        172       
353        58200      58200      163.28     84.41      0.5170     48.39      0.26       0.25       0.33       0          53.22      30         154        0          0          0.1253     2.2123     26         80         93         107        119        130        172       
354        58200      58200      163.28     84.49      0.5174     48.40      0.26       0.25       0.33       0          53.09      29         154        0          0          0.1247     2.2114     27         80         93         107        119        130        173       
355        58200      58200      163.28     83.84      0.5135     48.14      0.26       0.24       0.33       0          52.96      29         154        0          0          0.1242     2.2108     27         80         93         107        120        130        174       
356        58200      58200      163.29     83.57      0.5118     47.99      0.25       0.24       0.33       0          52.83      29         154        0          0          0.1236     2.2100     27         81         94         107        120        130        174       
357        58200      58200      163.29     84.41      0.5169     47.81      0.25       0.24       0.33       0          52.70      29         153        0          0          0.1231     2.2095     27         81         94         107        120        130        174       
358        58200      58200      163.29     83.30      0.5101     47.67      0.25       0.24       0.33       0          52.58      29         153        0          0          0.1226     2.2086     27         81         94         107        120        130        174       
359        58200      58200      163.30     84.37      0.5167     47.61      0.25       0.24       0.33       0          52.45      29         153        0          0          0.1220     2.2078     27         81         94         107        120        130        174       
360        58200      58200      163.29     83.04      0.5085     47.53      0.25       0.24       0.33       0          52.33      29         153        0          0          0.1215     2.2071     27         81         94         107        120        130        174       
361        58200      58200      163.29     83.29      0.5101     47.41      0.25       0.24       0.33       0          52.22      29         153        0          0          0.1211     2.2067     28         82         94         108        120        130        174       
362        58200      58200      163.29     82.57      0.5057     47.37      0.26       0.24       0.33       0          52.10      29         153        0          0          0.1206     2.2055     28         82         95         108        120        130        175       
363        58200      58200      163.30     83.12      0.5090     47.19      0.25       0.24       0.33       0          51.98      29         153        0          0          0.1201     2.2043     28         82         95         108        120        131        176       
364        58200      58200      163.29     83.34      0.5104     47.24      0.26       0.24       0.32       0          51.87      29         153        0          0          0.1196     2.2028     28         82         95         108        120        131        176       
365        58200      58200      163.29     83.58      0.5118     47.05      0.25       0.24       0.32       0          51.76      29         153        0          0          0.1192     2.2022     28         82         95         108        121        131        175       
366        58200      58200      163.30     83.02      0.5084     47.05      0.26       0.24       0.32       0          51.65      29         153        0          0          0.1187     2.2010     28         83         95         108        121        131        176       
367        58200      58200      163.30     83.36      0.5105     47.12      0.26       0.24       0.32       0          51.54      29         153        0          0          0.1182     2.2002     28         83         95         108        121        131        176       
368        58200      58200      163.30     82.38      0.5045     46.98      0.26       0.24       0.32       0          51.43      29         153        0          0          0.1178     2.1995     28         83         95         108        121        131        176       
369        58200      58200      163.30     83.38      0.5106     46.81      0.25       0.24       0.32       0          51.32      29         144        0          0          0.1173     2.1989     28         83         96         109        121        131        175       
370        58200      58200      163.30     83.50      0.5113     46.81      0.26       0.24       0.32       0          51.21      28         144        0          0          0.1169     2.1979     28         83         96         109        121        131        177       
371        58200      58200      163.30     81.84      0.5011     46.73      0.25       0.24       0.32       0          51.10      27         144        0          0          0.1164     2.1968     28         84         96         109        121        131        179       
372        58200      58200      163.29     82.00      0.5022     46.60      0.26       0.24       0.32       0          51.00      27         144        0          0          0.1160     2.1961     28         84         96         109        121        131        179       
373        58200      58200      163.29     82.06      0.5025     46.38      0.25       0.24       0.32       0          50.90      27         142        0          0          0.1156     2.1957     27         84         96         109        121        131        178       
374        58200      58200      163.30     82.95      0.5080     46.40      0.25       0.24       0.32       0          50.80      27         142        0          0          0.1152     2.1950     26         84         96         109        121        131        178       
375        58200      58200      163.30     81.87      0.5014     46.32      0.25       0.24       0.32       0          50.70      27         142        0          0          0.1148     2.1941     26         84         96         109        121        131        178       
376        58200      58200      163.30     81.72      0.5005     46.22      0.25       0.24       0.32       0          50.59      27         142        0          0          0.1144     2.1934     26         84         97         109        121        131        177       
377        58200      58200      163.30     81.47      0.4989     46.09      0.25       0.24       0.32       0          50.50      27         132        0          0          0.1140     2.1930     26         85         97         109        121        131        177       
378        58200      58200      163.30     81.93      0.5017     46.05      0.25       0.24       0.32       0          50.40      27         132        0          0          0.1136     2.1924     26         85         97         109        121        131        178       
379        58200      58200      163.30     81.57      0.4995     46.02      0.25       0.24       0.31       0          50.30      27         129        0          0          0.1132     2.1917     26         85         97         110        121        131        178       
380        58200      58200      163.30     81.08      0.4965     46.01      0.26       0.24       0.31       0          50.21      27         129        0          0          0.1128     2.1911     26         85         97         110        121        131        178       
381        58200      58200      163.31     81.00      0.4960     45.79      0.25       0.24       0.31       0          50.11      27         129        0          0          0.1124     2.1904     26         85         97         110        122        131        178       
382        58200      58200      163.30     80.82      0.4949     45.67      0.25       0.24       0.31       0          50.02      27         120        0          0          0.1120     2.1902     26         85         97         110        122        131        178       
383        58200      58200      163.30     81.78      0.5008     45.72      0.25       0.24       0.31       0          49.92      27         119        0          0          0.1117     2.1895     26         85         97         110        122        131        177       
384        58200      58200      163.31     79.97      0.4897     45.66      0.25       0.24       0.31       0          49.84      27         116        0          0          0.1113     2.1890     26         86         97         110        122        131        177       
385        58200      58200      163.32     81.07      0.4964     45.54      0.24       0.24       0.31       0          49.75      27         116        0          0          0.1110     2.1884     26         86         98         110        122        131        177       
386        58200      58200      163.31     79.76      0.4884     45.42      0.25       0.24       0.31       0          49.66      27         116        0          0          0.1106     2.1880     26         86         98         110        122        132        178       
387        58200      58200      163.29     80.95      0.4957     45.34      0.25       0.23       0.31       0          49.57      27         116        0          0          0.1103     2.1873     26         86         98         110        122        132        178       
388        58200      58200      163.31     80.24      0.4913     45.27      0.25       0.23       0.31       0          49.49      27         114        0          0          0.1099     2.1867     26         86         98         110        122        132        179       
389        58200      58200      163.31     80.82      0.4949     45.19      0.25       0.23       0.31       0          49.40      27         114        0          0          0.1096     2.1863     25         87         98         111        122        132        179       
390        58200      58200      163.31     79.41      0.4862     45.13      0.25       0.23       0.31       0          49.31      26         113        0          0          0.1092     2.1857     25         87         98         111        122        132        180       
391        58200      58200      163.30     81.75      0.5006     45.19      0.24       0.23       0.31       0          49.23      26         113        0          0          0.1089     2.1852     25         87         98         111        122        132        180       
392        58200      58200      163.31     80.77      0.4946     45.08      0.24       0.23       0.31       0          49.15      26         108        0          0          0.1086     2.1845     25         87         98         111        122        132        181       
393        58200      58200      163.31     80.80      0.4948     45.16      0.26       0.24       0.31       0          49.07      26         108        0          0          0.1083     2.1838     25         87         99         111        122        132        182       
394        58200      58200      163.30     79.39      0.4861     45.16      0.25       0.24       0.31       0          48.98      26         108        0          0          0.1080     2.1833     25         87         99         111        122        132        182       
395        58200      58200      163.30     80.04      0.4902     44.94      0.25       0.23       0.31       0          48.91      26         108        0          0          0.1077     2.1829     25         87         99         111        122        132        182       
396        58200      58200      163.31     80.49      0.4928     44.86      0.25       0.23       0.30       0          48.83      26         107        0          0          0.1074     2.1824     25         88         99         111        122        132        182       
397        58200      58200      163.31     79.75      0.4883     44.81      0.25       0.23       0.30       0          48.75      26         107        0          0          0.1070     2.1818     25         88         99         111        122        132        182       
398        58200      58200      163.31     80.22      0.4912     44.69      0.25       0.23       0.30       0          48.67      26         107        0          0          0.1067     2.1809     25         88         99         111        122        132        182       
399        58200      58200      163.31     79.42      0.4863     44.66      0.25       0.23       0.30       0          48.60      26         107        0          0          0.1065     2.1804     25         88         99         111        123        132        183       
400        58200      58200      163.31     79.99      0.4898     44.48      0.24       0.23       0.30       0          48.53      26         103        0          0          0.1062     2.1802     25         88         99         111        123        132        184       
401        58200      58200      163.32     79.25      0.4852     44.51      0.24       0.23       0.30       0          48.45      26         103        0          0          0.1059     2.1797     26         88         99         111        123        132        185       
402        58200      58200      163.31     78.83      0.4827     44.50      0.24       0.23       0.30       0          48.37      26         103        0          0          0.1056     2.1793     26         88         100        111        123        132        184       
403        58200      58200      163.32     78.43      0.4803     44.30      0.24       0.23       0.30       0          48.30      26         100        0          0          0.1053     2.1783     26         89         100        112        123        132        184       
404        58200      58200      163.31     79.48      0.4867     44.24      0.24       0.23       0.30       0          48.23      26         97         0          0          0.1050     2.1774     27         89         100        112        123        132        184       
405        58200      58200      163.31     79.08      0.4842     44.26      0.24       0.23       0.30       0          48.16      26         97         0          0          0.1048     2.1769     27         89         100        112        123        132        184       
406        58200      58200      163.31     78.80      0.4825     44.29      0.25       0.23       0.30       0          48.09      26         96         0          0          0.1045     2.1763     27         89         100        112        123        132        184       
407        58200      58200      163.32     79.09      0.4843     44.12      0.25       0.23       0.30       0          48.02      26         96         0          0          0.1042     2.1759     27         89         100        112        123        132        184       
408        58200      58200      163.31     79.77      0.4884     44.16      0.25       0.23       0.30       0          47.96      26         96         0          0          0.1040     2.1755     27         89         100        112        123        132        184       
409        58200      58200      163.31     79.55      0.4871     44.28      0.25       0.23       0.30       0          47.89      26         95         0          0          0.1037     2.1752     27         89         100        112        123        132        185       
410        58200      58200      163.31     77.68      0.4757     44.09      0.24       0.23       0.30       0          47.82      26         95         0          0          0.1035     2.1747     27         90         100        112        123        132        185       
411        58200      58200      163.31     78.09      0.4782     43.84      0.25       0.23       0.30       0          47.76      26         94         0          0          0.1032     2.1745     27         90         101        112        123        132        185       
412        58200      58200      163.32     77.13      0.4723     43.76      0.25       0.23       0.30       0          47.70      26         91         0          0          0.1030     2.1739     27         90         101        112        123        132        186       
413        58200      58200      163.32     79.18      0.4848     43.71      0.24       0.23       0.30       0          47.64      26         89         0          0          0.1028     2.1735     27         90         101        112        123        132        186       
414        58200      58200      163.31     77.07      0.4719     43.65      0.24       0.23       0.30       0          47.58      26         89         0          0          0.1025     2.1729     27         90         101        112        123        132        186       
415        58200      58200      163.32     79.11      0.4844     43.64      0.24       0.23       0.30       0          47.52      26         88         0          0          0.1023     2.1725     27         90         101        112        123        132        186       
416        58200      58200      163.31     78.24      0.4791     43.60      0.23       0.23       0.30       0          47.46      26         88         0          0          0.1021     2.1721     27         90         101        112        123        132        185       
417        58200      58200      163.31     77.71      0.4758     43.61      0.24       0.23       0.30       0          47.40      26         88         0          0          0.1019     2.1715     27         90         101        112        123        132        185       
418        58200      58200      163.32     77.99      0.4775     43.49      0.24       0.23       0.30       0          47.33      26         86         0          0          0.1016     2.1710     27         90         101        112        123        132        185       
419        58200      58200      163.32     77.59      0.4751     43.51      0.24       0.23       0.30       0          47.27      26         85         0          0          0.1014     2.1707     27         90         101        112        123        132        185       
420        58200      58200      163.32     78.31      0.4795     43.45      0.24       0.23       0.30       0          47.21      26         83         0          0          0.1012     2.1704     27         91         101        112        123        132        185       
421        58200      58200      163.31     78.23      0.4790     43.55      0.24       0.23       0.30       0          47.16      26         81         0          0          0.1010     2.1700     27         91         101        113        123        132        185       
422        58200      58200      163.32     78.15      0.4785     43.40      0.24       0.23       0.29       0          47.10      26         81         0          0          0.1007     2.1695     27         91         101        113        123        132        184       
423        58200      58200      163.32     78.97      0.4835     43.56      0.24       0.23       0.29       0          47.04      26         78         0          0          0.1005     2.1691     27         91         102        113        123        132        184       
424        58200      58200      163.33     77.26      0.4730     43.44      0.25       0.23       0.29       0          46.98      26         77         0          0          0.1003     2.1690     27         91         102        113        123        132        183       
425        58200      58200      163.30     79.50      0.4869     43.44      0.24       0.23       0.29       0          46.93      26         77         0          0          0.1001     2.1687     27         91         102        113        123        132        183       
426        58200      58200      163.32     77.77      0.4762     43.30      0.24       0.23       0.29       0          46.87      26         77         0          0          0.0999     2.1682     27         91         102        113        123        132        183       
427        58200      58200      163.32     77.07      0.4719     43.30      0.24       0.23       0.29       0          46.82      26         77         0          0          0.0997     2.1680     27         91         102        113        123        132        182       
428        58200      58200      163.32     77.21      0.4727     43.17      0.24       0.23       0.29       0          46.76      26         77         0          0          0.0995     2.1677     27         92         102        113        124        132        182       
429        58200      58200      163.31     77.30      0.4733     43.06      0.24       0.23       0.29       0          46.71      26         75         0          0          0.0993     2.1672     27         92         102        113        124        133        183       
430        58200      58200      163.31     77.55      0.4748     43.08      0.24       0.23       0.29       0          46.65      26         75         0          0          0.0991     2.1670     28         92         102        113        124        133        184       
431        58200      58200      163.31     77.05      0.4718     43.02      0.24       0.23       0.29       0          46.59      26         75         0          0          0.0989     2.1665     28         92         102        113        124        133        183       
432        58200      58200      163.32     76.95      0.4712     42.80      0.24       0.22       0.29       0          46.55      26         74         0          0          0.0987     2.1662     29         92         102        113        124        133        183       
433        58200      58200      163.32     76.59      0.4690     42.85      0.24       0.22       0.29       0          46.50      26         73         0          0          0.0985     2.1661     30         92         102        113        124        133        182       
434        58200      58200      163.33     76.38      0.4676     42.75      0.24       0.22       0.29       0          46.44      25         73         0          0          0.0983     2.1654     30         92         102        113        124        133        182       
435        58200      58200      163.33     77.69      0.4757     42.90      0.24       0.23       0.29       0          46.39      25         72         0          0          0.0981     2.1653     30         92         103        113        124        133        182       
436        58200      58200      163.32     75.95      0.4650     42.85      0.24       0.23       0.29       0          46.34      25         71         0          0          0.0979     2.1648     30         92         103        113        124        133        182       
437        58200      58200      163.32     77.10      0.4721     42.66      0.24       0.22       0.29       0          46.29      25         71         0          0          0.0977     2.1646     30         92         103        113        124        133        183       
438        58200      58200      163.33     76.36      0.4675     42.64      0.24       0.22       0.29       0          46.24      25         71         0          0          0.0975     2.1644     30         93         103        113        124        133        182       
439        58200      58200      163.33     76.51      0.4684     42.66      0.24       0.22       0.29       0          46.20      25         71         0          0          0.0974     2.1641     30         93         103        113        124        133        182       
440        58200      58200      163.33     77.03      0.4716     42.64      0.24       0.22       0.29       0          46.15      25         71         0          0          0.0972     2.1637     31         93         103        113        124        133        182       
441        58200      58200      163.33     75.66      0.4632     42.50      0.24       0.22       0.29       0          46.11      25         71         0          0          0.0970     2.1634     31         93         103        113        124        133        182       
442        58200      58200      163.33     77.31      0.4733     42.66      0.24       0.23       0.29       0          46.06      25         71         0          0          0.0969     2.1629     32         93         103        113        124        133        182       
443        58200      58200      163.32     76.36      0.4676     42.60      0.24       0.23       0.29       0          46.01      25         71         0          0          0.0967     2.1624     32         93         103        114        124        133        182       
444        58200      58200      163.32     77.23      0.4729     42.57      0.24       0.23       0.29       0          45.97      25         71         0          0          0.0965     2.1621     32         93         103        114        124        133        182       
445        58200      58200      163.32     76.93      0.4710     42.57      0.24       0.23       0.29       0          45.92      25         70         0          0          0.0964     2.1618     32         93         103        114        124        133        182       
446        58200      58200      163.33     76.53      0.4685     42.61      0.24       0.23       0.29       0          45.87      25         70         0          0          0.0962     2.1617     32         93         103        114        124        133        182       
447        58200      58200      163.33     76.06      0.4657     42.43      0.24       0.23       0.29       0          45.83      25         70         0          0          0.0960     2.1614     32         93         103        114        124        133        182       
448        58200      58200      163.33     76.45      0.4680     42.41      0.24       0.23       0.29       0          45.78      25         70         0          0          0.0959     2.1612     32         93         103        114        124        133        182       
449        58200      58200      163.32     76.62      0.4692     42.40      0.24       0.22       0.29       0          45.73      25         70         0          0          0.0957     2.1611     32         94         103        114        124        133        182       
450        58200      58200      163.32     76.61      0.4690     42.32      0.24       0.23       0.29       0          45.69      25         70         0          0          0.0955     2.1610     32         94         104        114        124        133        181       
451        58200      58200      163.33     75.24      0.4607     42.38      0.24       0.23       0.29       0          45.65      25         70         0          0          0.0954     2.1608     32         94         104        114        124        133        181       
452        58200      58200      163.32     76.19      0.4665     42.26      0.24       0.23       0.28       0          45.61      25         70         0          0          0.0952     2.1608     32         94         104        114        124        132        180       
453        58200      58200      163.33     76.31      0.4672     42.18      0.24       0.22       0.28       0          45.57      25         70         0          0          0.0951     2.1606     32         94         104        114        124        132        180       
454        58200      58200      163.34     76.10      0.4659     42.16      0.24       0.22       0.28       0          45.53      25         70         0          0          0.0949     2.1602     32         94         104        114        124        132        179       
455        58200      58200      163.32     75.00      0.4592     42.09      0.24       0.22       0.28       0          45.49      25         70         0          0          0.0948     2.1601     32         94         104        114        124        132        179       
456        58200      58200      163.32     74.52      0.4563     41.99      0.24       0.22       0.28       0          45.45      25         70         0          0          0.0946     2.1600     33         94         104        114        124        132        178       
457        58200      58200      163.33     76.82      0.4703     41.91      0.24       0.22       0.28       0          45.41      25         70         0          0          0.0945     2.1598     33         94         104        114        124        132        178       
458        58200      58200      163.33     75.87      0.4645     42.00      0.23       0.22       0.28       0          45.37      25         70         0          0          0.0944     2.1597     33         94         104        114        124        132        178       
459        58200      58200      163.33     75.25      0.4607     42.06      0.24       0.22       0.28       0          45.33      25         70         0          0          0.0942     2.1594     33         94         104        114        124        132        178       
460        58200      58200      163.32     76.04      0.4656     42.14      0.24       0.23       0.28       0          45.29      25         70         0          0          0.0941     2.1592     33         95         104        114        124        132        178       
461        58200      58200      163.32     75.98      0.4652     42.16      0.24       0.23       0.28       0          45.26      25         70         0          0          0.0940     2.1589     33         95         104        114        124        132        178       
462        58200      58200      163.33     75.12      0.4599     41.99      0.23       0.22       0.28       0          45.22      25         70         0          0          0.0938     2.1585     33         95         104        115        124        132        178       
463        58200      58200      163.33     75.49      0.4622     41.92      0.24       0.22       0.28       0          45.18      25         70         0          0          0.0937     2.1583     33         95         104        115        124        132        178       
464        58200      58200      163.33     75.48      0.4622     41.82      0.24       0.22       0.28       0          45.15      24         70         0          0          0.0936     2.1581     33         95         104        115        124        132        178       
465        58200      58200      163.32     75.23      0.4606     41.73      0.23       0.22       0.28       0          45.11      24         70         0          0          0.0934     2.1580     33         95         105        115        124        133        178       
466        58200      58200      163.33     74.80      0.4579     41.77      0.23       0.22       0.28       0          45.08      24         70         0          0          0.0933     2.1578     33         95         105        115        124        133        178       
467        58200      58200      163.32     74.74      0.4577     41.72      0.24       0.22       0.28       0          45.04      24         70         0          0          0.0932     2.1577     33         95         105        115        124        133        178       
468        58200      58200      163.33     74.58      0.4566     41.61      0.24       0.22       0.28       0          45.01      24         70         0          0          0.0931     2.1575     33         95         105        115        124        133        178       
469        58200      58200      163.33     75.94      0.4649     41.61      0.23       0.22       0.28       0          44.98      24         70         0          0          0.0929     2.1572     33         95         105        115        124        133        178       
470        58200      58200      163.33     75.33      0.4612     41.66      0.24       0.22       0.28       0          44.94      24         70         0          0          0.0928     2.1570     33         95         105        115        124        133        178       
471        58200      58200      163.33     75.58      0.4627     41.72      0.24       0.22       0.28       0          44.91      24         70         0          0          0.0927     2.1566     33         95         105        115        124        133        178       
472        58200      58200      163.33     75.43      0.4618     41.64      0.24       0.22       0.28       0          44.87      24         70         0          0          0.0926     2.1566     33         95         105        115        124        133        177       
473        58200      58200      163.33     75.32      0.4612     41.61      0.24       0.22       0.28       0          44.83      24         69         0          0          0.0924     2.1564     33         96         105        115        124        133        177       
474        58200      58200      163.32     75.41      0.4617     41.70      0.24       0.22       0.28       0          44.81      24         69         0          0          0.0923     2.1563     33         96         105        115        124        133        177       
475        58200      58200      163.33     74.75      0.4576     41.57      0.24       0.22       0.28       0          44.77      24         69         0          0          0.0922     2.1562     33         96         105        115        124        132        177       
476        58200      58200      163.33     73.83      0.4520     41.44      0.24       0.22       0.28       0          44.74      24         69         0          0          0.0921     2.1561     33         96         105        115        124        132        177       
477        58200      58200      163.33     74.63      0.4569     41.45      0.24       0.22       0.28       0          44.71      24         69         0          0          0.0920     2.1558     33         96         105        115        124        133        177       
478        58200      58200      163.33     75.02      0.4593     41.38      0.24       0.22       0.28       0          44.68      24         69         0          0          0.0919     2.1557     34         96         105        115        124        133        177       
479        58200      58200      163.33     74.55      0.4564     41.31      0.23       0.22       0.28       0          44.65      24         69         0          0          0.0918     2.1554     34         96         105        115        124        133        177       
480        58200      58200      163.33     74.88      0.4584     41.21      0.23       0.22       0.28       0          44.61      24         69         0          0          0.0917     2.1552     34         96         105        115        124        132        177       
481        58200      58200      163.34     75.14      0.4600     41.38      0.23       0.22       0.28       0          44.58      24         69         0          0          0.0916     2.1551     34         96         105        115        124        132        177       
482        58200      58200      163.33     74.67      0.4572     41.34      0.23       0.22       0.28       0          44.55      23         69         0          0          0.0914     2.1549     34         96         105        115        124        132        177       
483        58200      58200      163.33     75.85      0.4644     41.47      0.23       0.22       0.28       0          44.52      23         69         0          0          0.0913     2.1545     34         96         105        115        124        132        177       
484        58200      58200      163.33     75.06      0.4595     41.46      0.24       0.22       0.28       0          44.49      23         69         0          0          0.0912     2.1543     34         96         105        115        125        132        177       
485        58200      58200      163.33     73.89      0.4524     41.36      0.24       0.22       0.28       0          44.47      23         69         0          0          0.0911     2.1541     34         96         105        115        124        132        177       
486        58200      58200      163.34     74.40      0.4555     41.29      0.23       0.22       0.28       0          44.43      23         69         0          0          0.0910     2.1538     34         96         105        115        125        132        177       
487        58200      58200      163.33     75.74      0.4637     41.27      0.23       0.22       0.28       0          44.41      23         69         0          0          0.0909     2.1536     34         96         105        115        124        132        176       
488        58200      58200      163.33     73.88      0.4523     41.23      0.23       0.22       0.28       0          44.38      23         69         0          0          0.0908     2.1535     34         97         105        115        124        132        176       
489        58200      58200      163.33     74.43      0.4557     41.20      0.23       0.22       0.28       0          44.35      23         69         0          0          0.0907     2.1533     34         97         106        115        124        132        176       
490        58200      58200      163.33     75.31      0.4611     41.19      0.23       0.22       0.28       0          44.32      23         69         0          0          0.0906     2.1532     34         97         106        115        124        132        176       
491        58200      58200      163.33     74.08      0.4536     41.22      0.23       0.22       0.28       0          44.29      23         68         0          0          0.0905     2.1532     34         97         106        115        124        132        176       
492        58200      58200      163.34     73.47      0.4498     40.99      0.23       0.22       0.28       0          44.27      23         68         0          0          0.0904     2.1530     34         97         106        115        124        132        176       
493        58200      58200      163.34     74.25      0.4546     40.96      0.23       0.22       0.28       0          44.24      23         68         0          0          0.0904     2.1528     34         97         106        115        125        132        176       
494        58200      58200      163.32     73.49      0.4499     40.94      0.23       0.22       0.28       0          44.21      23         68         0          0          0.0903     2.1528     34         97         106        115        125        132        176       
495        58200      58200      163.33     73.49      0.4500     40.94      0.23       0.22       0.28       0          44.19      23         68         0          0          0.0902     2.1525     34         97         106        115        125        133        175       
496        58200      58200      163.34     73.89      0.4524     40.91      0.23       0.22       0.28       0          44.16      23         68         0          0          0.0901     2.1523     34         97         106        115        125        132        175       
497        58200      58200      163.34     74.80      0.4580     40.97      0.23       0.22       0.28       0          44.14      23         68         0          0          0.0900     2.1521     34         97         106        115        125        132        175       
498        58200      58200      163.33     73.69      0.4512     40.95      0.24       0.22       0.28       0          44.11      23         67         0          0          0.0899     2.1517     34         97         106        115        125        132        175       
499        58200      58200      163.34     73.59      0.4505     40.93      0.24       0.22       0.28       0          44.09      23         67         0          0          0.0898     2.1515     34         97         106        115        125        132        175       
500        58200      58200      163.33     74.17      0.4541     40.92      0.23       0.22       0.28       0          44.06      23         67         0          0          0.0897     2.1513     34         97         106        115        125        132        174       
501        58200      58200      163.33     74.15      0.4540     40.87      0.23       0.22       0.28       0          44.04      23         67         0          0          0.0896     2.1513     34         97         106        115        125        132        174       
502        58200      58200      163.34     72.77      0.4455     40.89      0.23       0.22       0.27       0          44.01      23         67         0          0          0.0895     2.1512     34         97         106        115        125        132        174       
503        58200      58200      163.33     73.85      0.4521     40.72      0.23       0.22       0.27       0          43.99      23         67         0          0          0.0895     2.1511     34         97         106        115        125        132        174       
504        58200      58200      163.33     73.35      0.4491     40.77      0.23       0.22       0.27       0          43.96      23         67         0          0          0.0894     2.1510     34         97         106        115        125        132        174       
505        58200      58200      163.33     73.13      0.4477     40.68      0.23       0.21       0.27       0          43.94      23         67         0          0          0.0893     2.1510     34         98         106        115        125        132        173       
506        58200      58200      163.34     74.58      0.4566     40.73      0.23       0.22       0.27       0          43.92      23         67         0          0          0.0892     2.1510     34         98         106        115        124        132        173       
507        58200      58200      163.35     73.53      0.4502     40.78      0.23       0.22       0.27       0          43.89      23         67         0          0          0.0891     2.1507     34         98         106        116        125        132        174       
508        58200      58200      163.33     73.78      0.4517     40.76      0.23       0.22       0.27       0          43.87      23         66         0          0          0.0890     2.1506     34         98         106        116        125        132        174       
509        58200      58200      163.34     73.65      0.4509     40.74      0.23       0.22       0.27       0          43.85      23         66         0          0          0.0890     2.1503     34         98         106        116        124        132        175       
510        58200      58200      163.33     73.40      0.4494     40.69      0.23       0.22       0.27       0          43.83      23         66         0          0          0.0889     2.1502     34         98         106        116        125        132        175       
511        58200      58200      163.33     73.64      0.4509     40.65      0.23       0.22       0.27       0          43.81      23         66         0          0          0.0888     2.1501     34         98         106        116        125        132        175       
512        58200      58200      163.34     73.32      0.4489     40.70      0.23       0.22       0.27       0          43.79      23         66         0          0          0.0888     2.1499     34         98         106        116        125        132        175       
513        58200      58200      163.34     73.28      0.4487     40.62      0.23       0.22       0.27       0          43.77      23         66         0          0          0.0887     2.1495     34         98         106        116        125        132        175       
514        58200      58200      163.34     72.94      0.4466     40.57      0.23       0.22       0.27       0          43.74      23         66         0          0          0.0886     2.1494     34         98         106        116        125        132        175       
515        58200      58200      163.34     73.98      0.4529     40.57      0.23       0.22       0.27       0          43.72      23         66         0          0          0.0885     2.1494     34         98         107        116        125        132        174       
516        58200      58200      163.33     74.57      0.4566     40.63      0.22       0.22       0.27       0          43.70      23         66         0          0          0.0885     2.1490     34         98         107        116        125        132        174       
517        58200      58200      163.34     72.08      0.4413     40.57      0.23       0.22       0.27       0          43.68      23         66         0          0          0.0884     2.1488     35         98         107        116        125        132        174       
518        58200      58200      163.33     73.56      0.4504     40.46      0.23       0.22       0.27       0          43.66      23         66         0          0          0.0883     2.1487     35         98         107        116        125        132        174       
519        58200      58200      163.35     73.38      0.4492     40.53      0.23       0.22       0.27       0          43.64      23         66         0          0          0.0882     2.1486     35         98         107        116        125        132        174       
520        58200      58200      163.34     71.85      0.4399     40.45      0.23       0.21       0.27       0          43.62      23         66         0          0          0.0882     2.1485     35         98         107        116        125        132        174       
521        58200      58200      163.34     73.52      0.4501     40.46      0.23       0.22       0.27       0          43.60      23         66         0          0          0.0881     2.1484     35         98         107        116        125        132        174       
522        58200      58200      163.34     72.89      0.4462     40.39      0.23       0.22       0.27       0          43.58      23         66         0          0          0.0880     2.1484     35         98         107        116        125        132        174       
523        58200      58200      163.33     73.45      0.4497     40.46      0.23       0.22       0.27       0          43.56      23         66         0          0          0.0880     2.1483     35         98         107        116        125        132        175       
524        58200      58200      163.34     71.72      0.4391     40.32      0.23       0.21       0.27       0          43.54      23         66         0          0          0.0879     2.1482     36         98         107        116        125        132        175       
525        58200      58200      163.33     72.89      0.4463     40.29      0.23       0.21       0.27       0          43.52      23         65         0          0          0.0878     2.1482     36         98         107        116        125        132        174       
526        58200      58200      163.34     73.89      0.4523     40.43      0.23       0.22       0.27       0          43.50      23         65         0          0          0.0878     2.1480     36         99         107        116        125        132        174       
527        58200      58200      163.35     73.12      0.4476     40.48      0.23       0.22       0.27       0          43.49      23         65         0          0          0.0877     2.1479     35         99         107        116        125        132        174       
528        58200      58200      163.34     72.35      0.4429     40.37      0.23       0.22       0.27       0          43.47      23         65         0          0          0.0877     2.1479     35         99         107        116        125        132        174       
529        58200      58200      163.34     73.50      0.4500     40.35      0.23       0.22       0.27       0          43.45      23         65         0          0          0.0876     2.1477     35         99         107        116        125        132        174       
530        58200      58200      163.33     73.22      0.4483     40.41      0.23       0.22       0.27       0          43.43      23         65         0          0          0.0875     2.1476     36         99         107        116        125        132        174       
531        58200      58200      163.33     72.08      0.4413     40.18      0.23       0.21       0.27       0          43.41      23         65         0          0          0.0875     2.1474     36         99         107        116        125        132        174       
532        58200      58200      163.35     73.21      0.4482     40.15      0.22       0.21       0.27       0          43.40      23         65         0          0          0.0874     2.1474     36         99         107        116        125        132        174       
533        58200      58200      163.34     73.16      0.4479     40.32      0.23       0.22       0.27       0          43.38      23         65         0          0          0.0873     2.1473     36         99         107        116        125        132        174       
534        58200      58200      163.34     72.58      0.4443     40.42      0.23       0.22       0.27       0          43.37      23         65         0          0          0.0873     2.1471     36         99         107        116        125        132        174       
535        58200      58200      163.35     74.15      0.4540     40.30      0.23       0.22       0.27       0          43.35      23         65         0          0          0.0872     2.1470     36         99         107        116        125        132        174       
536        58200      58200      163.34     72.06      0.4412     40.29      0.23       0.22       0.27       0          43.33      23         65         0          0          0.0872     2.1469     36         99         107        116        125        132        174       
537        58200      58200      163.34     72.79      0.4456     40.30      0.23       0.22       0.27       0          43.31      23         65         0          0          0.0871     2.1468     36         99         107        116        125        132        173       
538        58200      58200      163.34     72.80      0.4457     40.28      0.23       0.22       0.27       0          43.30      23         65         0          0          0.0870     2.1467     36         99         107        116        125        132        173       
539        58200      58200      163.34     73.37      0.4492     40.27      0.23       0.22       0.27       0          43.28      23         65         0          0          0.0870     2.1467     36         99         107        116        125        132        173       
540        58200      58200      163.33     72.87      0.4462     40.29      0.23       0.22       0.27       0          43.26      23         65         0          0          0.0869     2.1464     36         99         107        116        125        132        173       
541        58200      58200      163.34     72.97      0.4467     40.21      0.23       0.22       0.27       0          43.24      23         65         0          0          0.0869     2.1463     36         99         107        116        125        132        173       
542        58200      58200      163.33     73.90      0.4525     40.28      0.23       0.22       0.27       0          43.23      23         65         0          0          0.0868     2.1462     37         99         107        116        125        132        173       
543        58200      58200      163.34     72.54      0.4441     40.33      0.23       0.22       0.27       0          43.21      23         65         0          0          0.0868     2.1460     37         100        107        116        125        132        173       
544        58200      58200      163.33     72.24      0.4423     40.23      0.23       0.22       0.27       0          43.20      23         65         0          0          0.0867     2.1459     37         100        107        116        125        132        173       
545        58200      58200      163.34     72.78      0.4456     40.20      0.23       0.21       0.27       0          43.18      23         65         0          0          0.0866     2.1458     37         100        107        116        125        132        173       
546        58200      58200      163.33     73.41      0.4494     40.18      0.23       0.22       0.27       0          43.16      23         65         0          0          0.0866     2.1456     38         100        107        116        125        132        173       
547        58200      58200      163.34     72.98      0.4468     40.19      0.23       0.22       0.27       0          43.15      23         65         0          0          0.0865     2.1455     38         100        107        116        125        132        173       
548        58200      58200      163.33     71.33      0.4367     40.08      0.23       0.22       0.27       0          43.14      23         65         0          0          0.0865     2.1453     38         100        107        116        125        132        173       
549        58200      58200      163.34     72.65      0.4448     39.96      0.23       0.21       0.27       0          43.12      23         65         0          0          0.0864     2.1453     38         100        107        116        125        132        173       
550        58200      58200      163.34     72.95      0.4466     40.04      0.23       0.21       0.27       0          43.11      23         65         0          0          0.0864     2.1453     38         100        107        116        125        132        172       
551        58200      58200      163.34     72.25      0.4423     40.01      0.23       0.21       0.27       0          43.09      23         65         0          0          0.0863     2.1453     38         100        108        116        125        132        172       
552        58200      58200      163.34     73.69      0.4512     40.08      0.23       0.21       0.27       0          43.08      23         65         0          0          0.0863     2.1452     38         100        108        116        125        132        172       
553        58200      58200      163.34     73.25      0.4484     40.17      0.24       0.22       0.27       0          43.06      23         65         0          0          0.0862     2.1452     38         100        108        116        125        132        172       
554        58200      58200      163.34     72.41      0.4433     40.14      0.23       0.22       0.27       0          43.05      23         65         0          0          0.0862     2.1452     38         100        108        116        125        132        172       
555        58200      58200      163.34     73.16      0.4479     40.12      0.23       0.22       0.27       0          43.04      23         65         0          0          0.0862     2.1452     38         100        108        116        125        132        172       
556        58200      58200      163.34     72.44      0.4435     40.06      0.23       0.22       0.27       0          43.03      23         65         0          0          0.0861     2.1451     38         100        108        116        125        132        172       
557        58200      58200      163.35     72.82      0.4458     40.07      0.23       0.22       0.27       0          43.01      23         65         0          0          0.0861     2.1450     38         100        108        116        125        132        172       
558        58200      58200      163.33     71.74      0.4392     39.98      0.23       0.21       0.27       0          43.00      23         65         0          0          0.0860     2.1450     38         100        108        116        125        132        172       
559        58200      58200      163.34     72.33      0.4428     40.06      0.24       0.21       0.27       0          42.99      23         65         0          0          0.0860     2.1449     38         100        108        116        125        132        172       
560        58200      58200      163.34     72.93      0.4465     39.96      0.23       0.21       0.27       0          42.98      23         65         0          0          0.0859     2.1447     38         100        108        116        125        132        172       
561        58200      58200      163.34     72.97      0.4467     39.99      0.23       0.21       0.27       0          42.96      23         65         0          0          0.0859     2.1446     38         100        108        116        125        132        172       
562        58200      58200      163.34     72.56      0.4442     40.04      0.23       0.22       0.27       0          42.95      23         65         0          0          0.0859     2.1445     38         100        108        116        125        132        172       
563        58200      58200      163.33     71.49      0.4377     40.01      0.23       0.22       0.27       0          42.94      23         65         0          0          0.0858     2.1445     38         100        108        116        125        132        172       
564        58200      58200      163.34     73.44      0.4496     39.93      0.23       0.21       0.27       0          42.93      23         65         0          0          0.0858     2.1445     38         100        108        116        125        132        172       
565        58200      58200      163.34     72.80      0.4457     39.93      0.23       0.21       0.27       0          42.91      23         65         0          0          0.0857     2.1445     38         100        108        116        125        132        172       
566        58200      58200      163.34     73.63      0.4508     40.01      0.23       0.22       0.27       0          42.90      23         65         0          0          0.0857     2.1445     38         100        108        116        125        132        172       
567        58200      58200      163.34     72.65      0.4448     40.09      0.23       0.22       0.27       0          42.89      23         65         0          0          0.0856     2.1444     38         100        108        116        125        132        172       
568        58200      58200      163.34     72.66      0.4448     40.18      0.23       0.22       0.27       0          42.88      23         65         0          0          0.0856     2.1443     38         100        108        116        125        132        172       
569        58200      58200      163.33     71.97      0.4406     40.01      0.23       0.22       0.27       0          42.86      23         65         0          0          0.0856     2.1442     38         100        108        116        125        132        172       
570        58200      58200      163.34     73.01      0.4470     40.01      0.22       0.22       0.27       0          42.85      23         65         0          0          0.0855     2.1441     38         100        108        116        125        132        172       
571        58200      58200      163.34     72.61      0.4445     39.96      0.23       0.22       0.27       0          42.84      23         65         0          0          0.0855     2.1439     38         100        108        116        125        132        172       
572        58200      58200      163.35     73.05      0.4472     40.02      0.23       0.22       0.27       0          42.83      23         65         0          0          0.0854     2.1439     38         100        108        116        125        132        172       
573        58200      58200      163.34     71.89      0.4401     39.91      0.23       0.22       0.27       0          42.82      23         65         0          0          0.0854     2.1440     38         100        108        116        125        132        172       
574        58200      58200      163.33     71.96      0.4406     39.85      0.23       0.21       0.27       0          42.81      23         65         0          0          0.0854     2.1439     38         100        108        116        125        132        172       
575        58200      58200      163.33     72.29      0.4426     39.77      0.23       0.21       0.27       0          42.79      23         65         0          0          0.0853     2.1438     38         100        108        116        125        132        172       
576        58200      58200      163.34     72.37      0.4431     39.78      0.23       0.21       0.27       0          42.79      23         65         0          0          0.0853     2.1437     38         100        108        116        125        132        172       
577        58200      58200      163.34     71.92      0.4403     39.84      0.23       0.21       0.27       0          42.77      23         65         0          0          0.0852     2.1437     38         100        108        116        125        132        171       
578        58200      58200      163.34     72.54      0.4441     39.85      0.22       0.21       0.27       0          42.76      23         65         0          0          0.0852     2.1436     38         100        108        116        125        132        171       
579        58200      58200      163.34     71.50      0.4378     39.79      0.22       0.21       0.27       0          42.75      23         65         0          0          0.0852     2.1436     38         101        108        116        125        132        171       
580        58200      58200      163.33     72.82      0.4459     39.78      0.23       0.21       0.27       0          42.74      23         65         0          0          0.0851     2.1435     38         101        108        116        125        132        171       
581        58200      58200      163.34     72.27      0.4425     39.67      0.23       0.21       0.27       0          42.72      23         65         0          0          0.0851     2.1435     38         101        108        116        125        132        171       
582        58200      58200      163.34     72.10      0.4414     39.85      0.23       0.22       0.27       0          42.71      23         65         0          0          0.0850     2.1434     38         101        108        116        125        132        171       
583        58200      58200      163.34     73.28      0.4486     39.97      0.23       0.22       0.27       0          42.70      23         65         0          0          0.0850     2.1433     38         101        108        116        125        132        171       
584        58200      58200      163.34     71.77      0.4394     39.87      0.23       0.22       0.27       0          42.69      23         65         0          0          0.0850     2.1432     38         101        108        116        125        132        171       
585        58200      58200      163.34     71.25      0.4362     39.74      0.23       0.21       0.27       0          42.68      23         65         0          0          0.0849     2.1432     38         101        108        116        125        132        171       
586        58200      58200      163.34     72.19      0.4419     39.66      0.23       0.21       0.27       0          42.67      23         65         0          0          0.0849     2.1431     38         101        108        116        125        132        171       
587        58200      58200      163.33     70.43      0.4312     39.50      0.22       0.21       0.27       0          42.66      23         65         0          0          0.0849     2.1430     38         101        108        117        125        132        171       
588        58200      58200      163.35     71.68      0.4388     39.53      0.22       0.21       0.27       0          42.65      23         65         0          0          0.0848     2.1429     38         101        108        116        125        132        171       
589        58200      58200      163.35     72.00      0.4408     39.58      0.23       0.21       0.27       0          42.64      23         65         0          0          0.0848     2.1429     38         101        108        117        125        132        171       
590        58200      58200      163.33     71.56      0.4381     39.67      0.22       0.21       0.27       0          42.63      23         65         0          0          0.0847     2.1429     39         101        108        117        125        132        171       
591        58200      58200      163.34     72.56      0.4442     39.63      0.23       0.21       0.27       0          42.62      23         65         0          0          0.0847     2.1429     39         101        108        117        125        132        171       
592        58200      58200      163.34     72.74      0.4453     39.71      0.23       0.21       0.27       0          42.61      23         65         0          0          0.0847     2.1428     39         101        108        117        125        132        171       
593        58200      58200      163.34     73.00      0.4469     39.81      0.22       0.22       0.27       0          42.60      23         65         0          0          0.0847     2.1428     39         101        108        117        125        132        171       
594        58200      58200      163.34     71.49      0.4377     39.81      0.23       0.22       0.27       0          42.59      23         65         0          0          0.0846     2.1428     39         101        108        117        125        132        171       
595        58200      58200      163.34     72.13      0.4416     39.62      0.23       0.21       0.27       0          42.59      23         65         0          0          0.0846     2.1427     39         101        108        117        125        132        171       
596        58200      58200      163.34     72.15      0.4417     39.63      0.22       0.21       0.27       0          42.58      23         65         0          0          0.0846     2.1427     39         101        108        117        125        132        171       
597        58200      58200      163.35     71.14      0.4355     39.58      0.23       0.21       0.27       0          42.57      23         65         0          0          0.0845     2.1427     39         101        108        117        125        132        171       
598        58200      58200      163.34     72.32      0.4427     39.57      0.23       0.21       0.27       0          42.56      23         65         0          0          0.0845     2.1426     39         101        108        117        125        132        171       
599        58200      58200      163.33     71.50      0.4378     39.67      0.23       0.21       0.27       0          42.55      23         65         0          0          0.0845     2.1426     39         101        108        117        125        132        170       
600        58200      58200      163.35     71.77      0.4394     39.65      0.22       0.21       0.27       0          42.54      23         65         0          0          0.0845     2.1427     39         101        108        117        125        132        170       
601        58200      58200      163.34     71.86      0.4400     39.47      0.22       0.21       0.27       0          42.54      23         65         0          0          0.0844     2.1427     39         101        108        117        125        132        170       
602        58200      58200      163.34     71.41      0.4372     39.56      0.22       0.21       0.27       0          42.53      23         65         0          0          0.0844     2.1426     39         101        109        117        125        132        170       
603        58200      58200      163.34     71.81      0.4396     39.47      0.22       0.21       0.27       0          42.52      23         65         0          0          0.0844     2.1426     39         101        109        117        125        132        170       
604        58200      58200      163.34     72.69      0.4450     39.59      0.22       0.21       0.27       0          42.51      23         65         0          0          0.0843     2.1426     39         101        109        117        125        132        170       
605        58200      58200      163.35     71.93      0.4403     39.59      0.23       0.21       0.27       0          42.50      23         65         0          0          0.0843     2.1425     39         101        109        117        125        132        170       
606        58200      58200      163.35     72.96      0.4466     39.67      0.23       0.21       0.27       0          42.49      23         65         0          0          0.0843     2.1425     39         101        109        117        125        132        170       
607        58200      58200      163.34     72.73      0.4452     39.66      0.23       0.21       0.27       0          42.48      23         65         0          0          0.0843     2.1425     39         101        109        117        125        132        170       
608        58200      58200      163.34     72.28      0.4425     39.86      0.23       0.22       0.27       0          42.48      23         65         0          0          0.0842     2.1423     39         101        109        117        125        132        170       
609        58200      58200      163.35     72.30      0.4426     39.82      0.23       0.22       0.27       0          42.47      23         65         0          0          0.0842     2.1421     39         101        109        117        125        132        170       
610        58200      58200      163.34     72.47      0.4437     39.68      0.23       0.22       0.27       0          42.46      23         65         0          0          0.0842     2.1420     39         101        109        117        125        132        170       
611        58200      58200      163.34     71.21      0.4360     39.65      0.23       0.21       0.27       0          42.45      23         65         0          0          0.0842     2.1418     39         101        109        117        125        132        170       
612        58200      58200      163.34     72.93      0.4465     39.77      0.23       0.22       0.27       0          42.45      23         65         0          0          0.0841     2.1419     39         101        109        117        125        132        170       
613        58200      58200      163.35     71.73      0.4391     39.62      0.23       0.21       0.27       0          42.44      23         65         0          0          0.0841     2.1417     39         101        109        117        125        132        170       
614        58200      58200      163.34     73.24      0.4484     39.66      0.23       0.22       0.26       0          42.43      23         65         0          0          0.0841     2.1417     39         101        109        117        125        132        170       
615        58200      58200      163.33     72.49      0.4438     39.67      0.23       0.22       0.27       0          42.42      23         65         0          0          0.0840     2.1417     39         101        109        117        125        132        170       
616        58200      58200      163.34     72.32      0.4428     39.71      0.23       0.22       0.27       0          42.41      23         65         0          0          0.0840     2.1417     39         101        109        117        125        132        170       
617        58200      58200      163.34     74.03      0.4532     39.88      0.23       0.22       0.27       0          42.40      23         65         0          0          0.0840     2.1417     39         101        109        117        125        132        170       
618        58200      58200      163.34     72.60      0.4445     39.93      0.24       0.22       0.27       0          42.40      23         65         0          0          0.0840     2.1417     39         102        109        117        125        132        170       
619        58200      58200      163.34     73.12      0.4476     39.88      0.23       0.22       0.26       0          42.39      23         65         0          0          0.0839     2.1417     39         102        109        117        125        132        170       
620        58200      58200      163.34     71.89      0.4401     39.79      0.24       0.22       0.26       0          42.38      23         65         0          0          0.0839     2.1416     39         102        109        117        125        132        170       
621        58200      58200      163.34     71.63      0.4386     39.65      0.23       0.22       0.27       0          42.37      23         65         0          0          0.0839     2.1416     39         102        109        117        125        132        170       
622        58200      58200      163.34     71.81      0.4396     39.50      0.22       0.21       0.26       0          42.37      23         65         0          0          0.0839     2.1416     39         102        109        117        125        132        170       
623        58200      58200      163.34     70.60      0.4322     39.38      0.22       0.21       0.26       0          42.36      23         65         0          0          0.0838     2.1416     39         102        109        117        125        132        170       
624        58200      58200      163.34     71.71      0.4390     39.38      0.22       0.21       0.26       0          42.36      23         65         0          0          0.0838     2.1415     39         102        109        117        125        132        170       
625        58200      58200      163.34     71.47      0.4376     39.43      0.23       0.21       0.26       0          42.35      23         65         0          0          0.0838     2.1415     39         102        109        117        125        132        170       
626        58200      58200      163.35     71.17      0.4357     39.28      0.23       0.21       0.26       0          42.34      23         65         0          0          0.0838     2.1415     39         102        109        117        125        132        170       
627        58200      58200      163.34     72.18      0.4419     39.32      0.22       0.21       0.26       0          42.33      23         65         0          0          0.0837     2.1415     39         102        109        117        125        132        170       
628        58200      58200      163.35     71.02      0.4348     39.39      0.23       0.21       0.26       0          42.33      23         65         0          0          0.0837     2.1414     39         102        109        117        125        132        170       
629        58200      58200      163.34     71.63      0.4385     39.32      0.22       0.21       0.26       0          42.32      23         65         0          0          0.0837     2.1413     39         102        109        117        125        132        170       
630        58200      58200      163.34     71.30      0.4365     39.35      0.23       0.21       0.26       0          42.31      23         65         0          0          0.0837     2.1412     39         102        109        117        125        132        170       
631        58200      58200      163.34     71.91      0.4402     39.40      0.22       0.21       0.26       0          42.31      23         65         0          0          0.0837     2.1411     39         102        109        117        125        132        170       
632        58200      58200      163.35     70.99      0.4346     39.48      0.22       0.21       0.26       0          42.30      23         65         0          0          0.0836     2.1411     39         102        109        117        125        132        170       
633        58200      58200      163.35     71.71      0.4390     39.35      0.22       0.21       0.26       0          42.29      23         65         0          0          0.0836     2.1410     39         102        109        117        125        132        170       
634        58200      58200      163.35     71.86      0.4399     39.34      0.23       0.21       0.26       0          42.29      23         65         0          0          0.0836     2.1409     39         102        109        117        125        132        170       
635        58200      58200      163.35     72.10      0.4414     39.36      0.23       0.21       0.26       0          42.28      23         65         0          0          0.0836     2.1409     39         102        109        117        125        132        170       
636        58200      58200      163.34     72.03      0.4410     39.42      0.22       0.21       0.26       0          42.28      23         65         0          0          0.0835     2.1409     39         102        109        117        125        132        170       
637        58200      58200      163.35     72.23      0.4422     39.49      0.22       0.21       0.26       0          42.27      23         65         0          0          0.0835     2.1409     39         102        109        117        125        132        170       
638        58200      58200      163.35     73.15      0.4478     39.63      0.23       0.22       0.26       0          42.26      23         65         0          0          0.0835     2.1409     39         102        109        117        125        132        170       
639        58200      58200      163.34     71.32      0.4367     39.48      0.23       0.21       0.26       0          42.26      23         65         0          0          0.0835     2.1407     39         102        109        117        125        132        170       
640        58200      58200      163.34     71.88      0.4401     39.50      0.23       0.21       0.26       0          42.25      23         65         0          0          0.0835     2.1407     39         102        109        117        125        132        170       
641        58200      58200      163.34     71.37      0.4369     39.48      0.23       0.21       0.26       0          42.25      23         65         0          0          0.0834     2.1406     39         102        109        117        125        132        170       
642        58200      58200      163.34     71.75      0.4393     39.37      0.22       0.21       0.26       0          42.24      23         65         0          0          0.0834     2.1406     39         102        109        117        125        132        170       
643        58200      58200      163.35     72.02      0.4409     39.37      0.22       0.21       0.26       0          42.24      23         65         0          0          0.0834     2.1406     39         102        109        117        125        132        170       
644        58200      58200      163.34     72.61      0.4445     39.56      0.23       0.22       0.26       0          42.23      23         65         0          0          0.0834     2.1406     41         102        109        117        125        132        170       
645        58200      58200      163.35     71.51      0.4378     39.45      0.23       0.21       0.26       0          42.23      23         65         0          0          0.0834     2.1406     41         102        109        117        125        132        170       
646        58200      58200      163.35     71.52      0.4378     39.49      0.24       0.21       0.26       0          42.22      23         65         0          0          0.0834     2.1406     41         102        109        117        125        132        170       
647        58200      58200      163.35     71.24      0.4361     39.40      0.23       0.21       0.26       0          42.21      23         65         0          0          0.0833     2.1406     41         102        109        117        125        132        170       
648        58200      58200      163.33     71.70      0.4390     39.35      0.23       0.21       0.26       0          42.21      23         65         0          0          0.0833     2.1405     41         102        109        117        125        132        170       
649        58200      58200      163.34     72.36      0.4430     39.42      0.22       0.21       0.26       0          42.20      23         65         0          0          0.0833     2.1405     41         102        109        117        125        132        170       
650        58200      58200      163.34     71.34      0.4368     39.41      0.23       0.21       0.26       0          42.20      23         64         0          0          0.0833     2.1405     41         102        109        117        125        132        170       
651        58200      58200      163.35     71.23      0.4361     39.33      0.23       0.21       0.26       0          42.19      23         64         0          0          0.0833     2.1404     41         102        109        117        125        132        170       
652        58200      58200      163.34     72.06      0.4412     39.39      0.23       0.21       0.26       0          42.19      23         64         0          0          0.0832     2.1404     41         102        109        117        125        132        170       
653        58200      58200      163.35     71.27      0.4363     39.37      0.22       0.21       0.26       0          42.18      23         64         0          0          0.0832     2.1403     41         102        109        117        125        132        170       
654        58200      58200      163.34     72.53      0.4440     39.46      0.23       0.21       0.26       0          42.18      23         64         0          0          0.0832     2.1403     41         102        109        117        125        132        170       
655        58200      58200      163.35     73.05      0.4472     39.58      0.23       0.22       0.26       0          42.17      23         64         0          0          0.0832     2.1403     41         102        109        117        125        132        170       
656        58200      58200      163.33     71.83      0.4397     39.46      0.23       0.21       0.26       0          42.16      23         64         0          0          0.0832     2.1402     42         102        109        117        125        132        170       
657        58200      58200      163.35     73.74      0.4515     39.53      0.23       0.22       0.26       0          42.16      23         64         0          0          0.0831     2.1402     42         102        109        117        125        132        170       
658        58200      58200      163.35     72.36      0.4430     39.66      0.23       0.22       0.26       0          42.15      23         64         0          0          0.0831     2.1402     41         102        109        117        125        132        170       
659        58200      58200      163.36     72.61      0.4445     39.73      0.23       0.22       0.26       0          42.15      23         64         0          0          0.0831     2.1400     41         102        109        117        125        132        170       
660        58200      58200      163.34     71.43      0.4373     39.51      0.23       0.22       0.26       0          42.14      23         64         0          0          0.0831     2.1401     41         102        109        117        125        132        170       
661        58200      58200      163.35     71.89      0.4401     39.44      0.23       0.21       0.26       0          42.14      23         64         0          0          0.0831     2.1401     41         102        109        117        125        132        170       
662        58200      58200      163.35     72.33      0.4428     39.44      0.23       0.21       0.26       0          42.13      23         64         0          0          0.0831     2.1401     41         102        109        117        125        132        170       
663        58200      58200      163.35     71.06      0.4350     39.36      0.23       0.21       0.26       0          42.13      23         64         0          0          0.0830     2.1401     41         102        109        117        125        132        170       
664        58200      58200      163.35     72.82      0.4458     39.40      0.23       0.21       0.26       0          42.12      23         64         0          0          0.0830     2.1401     41         102        109        117        125        132        170       
665        58200      58200      163.34     72.39      0.4432     39.42      0.23       0.21       0.26       0          42.12      23         64         0          0          0.0830     2.1401     41         102        109        117        125        132        170       
666        58200      58200      163.35     71.49      0.4377     39.42      0.23       0.21       0.26       0          42.11      23         64         0          0          0.0830     2.1400     41         102        109        117        125        132        170       
667        58200      58200      163.35     71.82      0.4396     39.32      0.23       0.21       0.26       0          42.11      23         64         0          0          0.0830     2.1400     41         102        109        117        125        132        170       
668        58200      58200      163.35     71.42      0.4372     39.20      0.23       0.21       0.26       0          42.11      23         64         0          0          0.0830     2.1398     41         102        109        117        125        132        170       
669        58200      58200      163.36     70.98      0.4345     39.23      0.22       0.21       0.26       0          42.10      23         64         0          0          0.0829     2.1398     41         102        109        117        125        132        170       
670        58200      58200      163.34     71.78      0.4394     39.21      0.22       0.21       0.26       0          42.10      23         64         0          0          0.0829     2.1398     41         102        109        117        125        132        170       
671        58200      58200      163.35     69.85      0.4276     39.10      0.22       0.21       0.26       0          42.09      23         64         0          0          0.0829     2.1398     41         102        109        117        125        132        170       
672        58200      58200      163.35     71.50      0.4377     39.06      0.22       0.21       0.26       0          42.09      23         64         0          0          0.0829     2.1398     41         102        109        117        125        132        170       
673        58200      58200      163.36     71.15      0.4355     39.13      0.22       0.21       0.26       0          42.08      23         64         0          0          0.0829     2.1398     41         102        109        117        125        132        170       
674        58200      58200      163.35     72.17      0.4418     39.14      0.22       0.21       0.26       0          42.08      23         64         0          0          0.0829     2.1398     41         102        109        117        125        132        170       
675        58200      58200      163.34     71.45      0.4374     39.24      0.22       0.21       0.26       0          42.08      23         64         0          0          0.0829     2.1397     41         102        109        117        125        132        170       
676        58200      58200      163.34     71.75      0.4393     39.31      0.22       0.21       0.26       0          42.07      23         64         0          0          0.0828     2.1396     41         102        109        117        125        132        170       
677        58200      58200      163.34     72.27      0.4424     39.35      0.23       0.21       0.26       0          42.07      23         64         0          0          0.0828     2.1396     41         102        109        117        125        132        170       
678        58200      58200      163.35     71.28      0.4364     39.41      0.23       0.21       0.26       0          42.06      23         64         0          0          0.0828     2.1396     42         103        109        117        125        132        170       
679        58200      58200      163.35     71.23      0.4361     39.33      0.23       0.21       0.26       0          42.06      23         64         0          0          0.0828     2.1397     42         102        109        117        125        132        170       
680        58200      58200      163.34     71.24      0.4362     39.16      0.23       0.21       0.26       0          42.05      23         64         0          0          0.0828     2.1396     42         102        109        117        125        132        169       
681        58200      58200      163.35     71.49      0.4376     39.17      0.22       0.21       0.26       0          42.05      23         64         0          0          0.0828     2.1396     42         103        109        117        125        132        169       
682        58200      58200      163.35     70.94      0.4343     39.13      0.23       0.21       0.26       0          42.05      23         64         0          0          0.0828     2.1396     42         103        109        117        125        132        169       
683        58200      58200      163.35     71.30      0.4365     39.12      0.23       0.21       0.26       0          42.04      23         64         0          0          0.0827     2.1396     42         103        109        117        125        132        169       
684        58200      58200      163.36     71.70      0.4389     39.19      0.23       0.21       0.26       0          42.04      23         64         0          0          0.0827     2.1396     42         103        109        117        125        132        169       
685        58200      58200      163.35     70.76      0.4332     39.11      0.23       0.21       0.26       0          42.03      23         64         0          0          0.0827     2.1396     42         103        109        117        125        132        169       
686        58200      58200      163.34     69.82      0.4274     39.05      0.23       0.21       0.26       0          42.03      23         64         0          0          0.0827     2.1396     42         103        109        117        125        132        169       
687        58200      58200      163.35     70.46      0.4314     38.86      0.22       0.21       0.26       0          42.03      23         64         0          0          0.0827     2.1396     42         103        109        117        125        132        170       
688        58200      58200      163.35     71.64      0.4386     39.02      0.22       0.21       0.26       0          42.02      23         64         0          0          0.0827     2.1395     42         103        109        117        125        132        170       
689        58200      58200      163.35     70.74      0.4331     39.05      0.23       0.21       0.26       0          42.02      23         64         0          0          0.0827     2.1395     42         103        109        117        125        132        170       
690        58200      58200      163.35     71.30      0.4365     39.10      0.22       0.21       0.26       0          42.01      23         64         0          0          0.0826     2.1395     42         103        109        117        125        132        170       
691        58200      58200      163.35     71.83      0.4397     39.22      0.22       0.21       0.26       0          42.01      23         64         0          0          0.0826     2.1393     42         103        109        117        125        132        170       
692        58200      58200      163.34     71.03      0.4349     39.19      0.23       0.21       0.26       0          42.01      23         64         0          0          0.0826     2.1393     42         103        109        117        125        132        170       
693        58200      58200      163.35     70.38      0.4308     39.20      0.23       0.21       0.26       0          42.00      23         64         0          0          0.0826     2.1393     42         103        109        117        125        132        170       
694        58200      58200      163.35     71.66      0.4387     39.10      0.22       0.21       0.26       0          42.00      23         64         0          0          0.0826     2.1392     42         103        109        117        125        132        170       
695        58200      58200      163.35     72.69      0.4450     39.26      0.23       0.21       0.26       0          41.99      23         64         0          0          0.0826     2.1392     43         103        109        117        125        132        170       
696        58200      58200      163.35     72.01      0.4408     39.23      0.23       0.21       0.26       0          41.99      23         64         0          0          0.0826     2.1392     43         103        109        117        125        132        170       
697        58200      58200      163.35     71.29      0.4364     39.13      0.22       0.21       0.26       0          41.99      23         64         0          0          0.0826     2.1391     43         103        109        117        125        132        170       
698        58200      58200      163.35     70.53      0.4318     39.14      0.23       0.21       0.26       0          41.98      23         64         0          0          0.0825     2.1391     43         103        109        117        125        132        170       
699        58200      58200      163.35     71.00      0.4346     39.17      0.22       0.21       0.26       0          41.98      23         64         0          0          0.0825     2.1391     43         103        109        117        125        132        170       
700        58200      58200      163.35     71.32      0.4366     39.07      0.22       0.21       0.26       0          41.98      23         64         0          0          0.0825     2.1391     44         103        109        117        125        132        170       
701        58200      58200      163.35     70.57      0.4320     39.02      0.22       0.21       0.26       0          41.97      23         64         0          0          0.0825     2.1391     44         103        109        117        125        132        170       
702        58200      58200      163.35     70.83      0.4336     39.03      0.22       0.21       0.26       0          41.97      23         64         0          0          0.0825     2.1391     44         103        109        117        125        132        170       
703        58200      58200      163.35     71.49      0.4377     39.05      0.22       0.21       0.26       0          41.97      23         64         0          0          0.0825     2.1391     44         103        109        117        125        132        170       
704        58200      58200      163.34     71.66      0.4387     39.02      0.22       0.21       0.26       0          41.97      23         64         0          0          0.0825     2.1391     44         103        109        117        125        132        170       
705        58200      58200      163.34     71.16      0.4357     39.08      0.22       0.21       0.26       0          41.96      23         64         0          0          0.0825     2.1390     44         103        109        117        125        132        170       
706        58200      58200      163.35     70.97      0.4345     39.03      0.22       0.21       0.26       0          41.96      23         64         0          0          0.0825     2.1390     44         103        109        117        125        132        170       
707        58200      58200      163.35     71.74      0.4392     39.13      0.22       0.21       0.26       0          41.96      23         64         0          0          0.0825     2.1390     44         103        109        117        125        132        170       
708        58200      58200      163.35     71.05      0.4349     39.14      0.22       0.21       0.26       0          41.95      23         64         0          0          0.0824     2.1389     44         103        109        117        125        132        170       
709        58200      58200      163.35     71.80      0.4395     39.17      0.23       0.21       0.26       0          41.95      23         64         0          0          0.0824     2.1389     44         103        110        117        125        132        170       
710        58200      58200      163.34     71.53      0.4379     39.12      0.22       0.21       0.26       0          41.95      23         64         0          0          0.0824     2.1389     44         103        110        117        125        132        170       
711        58200      58200      163.35     72.41      0.4433     39.30      0.22       0.21       0.26       0          41.94      23         64         0          0          0.0824     2.1389     44         103        110        117        125        132        170       
712        58200      58200      163.35     71.61      0.4384     39.22      0.22       0.21       0.26       0          41.94      23         64         0          0          0.0824     2.1389     44         103        110        117        125        132        170       
713        58200      58200      163.35     71.43      0.4373     39.27      0.23       0.21       0.26       0          41.94      23         64         0          0          0.0824     2.1389     44         103        110        117        125        132        169       
714        58200      58200      163.35     70.86      0.4338     39.18      0.23       0.21       0.26       0          41.93      23         64         0          0          0.0824     2.1389     44         103        110        117        125        132        169       
715        58200      58200      163.35     71.07      0.4351     39.14      0.23       0.21       0.26       0          41.93      23         64         0          0          0.0824     2.1389     44         103        110        117        125        132        169       
716        58200      58200      163.37     70.39      0.4309     38.99      0.22       0.21       0.26       0          41.93      23         64         0          0          0.0824     2.1389     44         103        110        117        125        132        169       
717        58200      58200      163.36     70.54      0.4318     39.02      0.23       0.21       0.26       0          41.93      23         64         0          0          0.0824     2.1388     44         103        110        117        125        132        169       
718        58200      58200      163.36     72.06      0.4411     38.94      0.23       0.21       0.26       0          41.92      23         64         0          0          0.0823     2.1389     44         103        110        117        125        132        169       
719        58200      58200      163.34     72.14      0.4417     39.07      0.23       0.21       0.26       0          41.92      23         64         0          0          0.0823     2.1389     44         103        110        117        125        132        169       
720        58200      58200      163.35     70.84      0.4337     39.02      0.23       0.21       0.26       0          41.92      23         64         0          0          0.0823     2.1388     44         103        110        117        125        132        169       
721        58200      58200      163.35     71.08      0.4351     39.08      0.22       0.21       0.26       0          41.92      23         64         0          0          0.0823     2.1388     44         103        110        117        125        132        169       
722        58200      58200      163.36     71.43      0.4372     39.02      0.23       0.21       0.26       0          41.91      23         64         0          0          0.0823     2.1388     44         103        110        117        125        132        169       
723        58200      58200      163.35     71.38      0.4370     39.14      0.23       0.21       0.26       0          41.91      23         64         0          0          0.0823     2.1388     44         103        110        117        125        132        169       
724        58200      58200      163.35     71.68      0.4388     39.07      0.22       0.21       0.26       0          41.91      23         64         0          0          0.0823     2.1388     44         103        110        117        125        132        169       
725        58200      58200      163.35     71.05      0.4350     39.08      0.23       0.21       0.26       0          41.90      23         64         0          0          0.0823     2.1388     44         103        110        117        125        132        169       
726        58200      58200      163.35     71.30      0.4365     39.03      0.23       0.21       0.26       0          41.90      23         64         0          0          0.0823     2.1388     44         103        110        117        125        132        169       
727        58200      58200      163.35     70.22      0.4298     39.07      0.22       0.21       0.26       0          41.90      23         64         0          0          0.0823     2.1388     44         103        110        117        125        132        169       
728        58200      58200      163.35     70.25      0.4301     38.97      0.22       0.21       0.26       0          41.90      23         64         0          0          0.0823     2.1387     44         103        110        117        125        132        169       
729        58200      58200      163.35     70.17      0.4296     38.82      0.22       0.21       0.26       0          41.89      23         64         0          0          0.0822     2.1387     44         103        110        117        125        132        169       
730        58200      58200      163.35     71.01      0.4347     38.76      0.22       0.21       0.26       0          41.89      23         64         0          0          0.0822     2.1388     44         103        110        117        125        132        169       
731        58200      58200      163.35     69.93      0.4281     38.83      0.22       0.21       0.26       0          41.89      23         64         0          0          0.0822     2.1387     44         103        110        117        125        132        169       
732        58200      58200      163.35     71.41      0.4372     38.90      0.22       0.21       0.26       0          41.89      23         64         0          0          0.0822     2.1387     44         103        110        117        125        132        169       
733        58200      58200      163.34     70.74      0.4331     38.90      0.22       0.21       0.26       0          41.88      23         64         0          0          0.0822     2.1386     44         103        110        117        125        132        169       
734        58200      58200      163.34     70.27      0.4302     38.84      0.22       0.21       0.26       0          41.88      23         64         0          0          0.0822     2.1386     44         103        110        117        125        132        169       
735        58200      58200      163.35     71.27      0.4363     38.77      0.22       0.21       0.26       0          41.88      23         64         0          0          0.0822     2.1386     44         103        110        117        125        132        169       
736        58200      58200      163.35     70.88      0.4339     38.86      0.22       0.21       0.26       0          41.88      23         64         0          0          0.0822     2.1386     44         103        110        117        125        132        169       
737        58200      58200      163.35     69.98      0.4284     38.90      0.22       0.21       0.26       0          41.88      23         64         0          0          0.0822     2.1386     44         103        110        117        125        132        169       
738        58200      58200      163.36     70.17      0.4295     38.82      0.22       0.21       0.26       0          41.87      23         64         0          0          0.0822     2.1385     44         103        110        117        125        132        169       
739        58200      58200      163.36     70.36      0.4307     38.77      0.22       0.21       0.26       0          41.87      23         64         0          0          0.0822     2.1385     44         103        110        117        125        132        169       
740        58200      58200      163.35     71.16      0.4356     38.78      0.22       0.21       0.26       0          41.87      23         64         0          0          0.0822     2.1385     44         103        110        117        125        132        169       
741        58200      58200      163.35     71.38      0.4370     38.85      0.22       0.21       0.26       0          41.86      23         64         0          0          0.0821     2.1385     44         103        110        117        125        132        169       
742        58200      58200      163.35     70.07      0.4290     38.90      0.22       0.21       0.26       0          41.86      23         64         0          0          0.0821     2.1385     44         103        110        117        125        132        169       
743        58200      58200      163.35     70.13      0.4293     38.90      0.22       0.21       0.26       0          41.86      23         64         0          0          0.0821     2.1385     44         103        110        117        125        132        169       
744        58200      58200      163.35     71.16      0.4356     38.91      0.22       0.21       0.26       0          41.86      23         64         0          0          0.0821     2.1385     44         103        110        117        125        132        169       
745        58200      58200      163.35     69.89      0.4278     38.77      0.22       0.21       0.26       0          41.85      23         64         0          0          0.0821     2.1385     44         103        110        117        125        132        169       
746        58200      58200      163.35     70.47      0.4314     38.82      0.22       0.21       0.26       0          41.85      23         64         0          0          0.0821     2.1385     44         103        110        117        125        132        169       
747        58200      58200      163.35     70.98      0.4345     38.80      0.22       0.21       0.26       0          41.85      23         64         0          0          0.0821     2.1385     44         103        110        117        125        132        169       
748        58200      58200      163.36     69.81      0.4274     38.82      0.22       0.21       0.26       0          41.85      23         64         0          0          0.0821     2.1385     44         103        110        117        125        132        169       
749        58200      58200      163.36     70.24      0.4300     38.73      0.22       0.21       0.26       0          41.84      23         64         0          0          0.0821     2.1385     45         103        110        117        125        132        169       
750        58200      58200      163.34     70.65      0.4325     38.68      0.22       0.20       0.26       0          41.84      23         64         0          0          0.0821     2.1384     45         103        110        117        125        132        169       
751        58200      58200      163.36     71.36      0.4368     38.80      0.22       0.21       0.26       0          41.84      23         64         0          0          0.0821     2.1384     45         103        110        117        125        132        169       
752        58200      58200      163.36     70.51      0.4316     38.82      0.22       0.21       0.26       0          41.84      23         64         0          0          0.0821     2.1384     45         103        110        117        125        132        169       
753        58200      58200      163.36     71.33      0.4367     38.86      0.22       0.21       0.26       0          41.84      23         64         0          0          0.0820     2.1384     45         103        110        117        125        132        169       
754        58200      58200      163.34     71.23      0.4361     38.96      0.22       0.21       0.26       0          41.83      23         64         0          0          0.0820     2.1384     45         103        110        117        125        132        169       
755        58200      58200      163.35     70.95      0.4343     38.97      0.22       0.21       0.26       0          41.83      23         64         0          0          0.0820     2.1384     45         103        110        117        125        132        169       
756        58200      58200      163.35     71.66      0.4387     38.99      0.23       0.21       0.26       0          41.83      23         64         0          0          0.0820     2.1384     45         103        110        117        125        132        169       
757        58200      58200      163.36     71.08      0.4351     38.92      0.22       0.21       0.26       0          41.83      23         64         0          0          0.0820     2.1383     45         103        110        117        125        132        169       
758        58200      58200      163.35     70.66      0.4326     38.96      0.23       0.21       0.26       0          41.82      23         64         0          0          0.0820     2.1383     45         103        110        117        125        132        169       
759        58200      58200      163.36     71.02      0.4348     38.85      0.23       0.21       0.26       0          41.82      23         64         0          0          0.0820     2.1384     45         103        110        117        125        132        169       
760        58200      58200      163.35     71.92      0.4403     38.95      0.22       0.21       0.26       0          41.82      23         64         0          0          0.0820     2.1383     45         103        110        117        125        132        169       
761        58200      58200      163.36     71.84      0.4397     39.01      0.23       0.21       0.26       0          41.82      23         64         0          0          0.0820     2.1383     45         103        110        117        125        132        169       
762        58200      58200      163.35     72.61      0.4445     39.28      0.23       0.21       0.26       0          41.82      23         64         0          0          0.0820     2.1383     45         103        110        117        125        132        169       
763        58200      58200      163.35     70.84      0.4337     39.15      0.23       0.21       0.26       0          41.81      23         64         0          0          0.0820     2.1383     45         103        110        117        125        132        169       
764        58200      58200      163.35     70.63      0.4324     39.07      0.23       0.21       0.26       0          41.81      23         64         0          0          0.0820     2.1383     45         103        110        117        125        132        169       
765        58200      58200      163.35     70.54      0.4319     38.93      0.23       0.21       0.26       0          41.81      23         64         0          0          0.0820     2.1383     45         103        110        117        125        132        169       
766        58200      58200      163.35     71.51      0.4378     38.90      0.22       0.21       0.26       0          41.81      23         64         0          0          0.0819     2.1383     45         103        110        117        125        132        169       
767        58200      58200      163.35     70.12      0.4293     38.84      0.22       0.21       0.26       0          41.81      23         64         0          0          0.0819     2.1383     45         103        110        117        125        132        169       
768        58200      58200      163.35     71.12      0.4354     38.81      0.22       0.21       0.26       0          41.80      23         64         0          0          0.0819     2.1383     45         103        110        117        125        132        169       
769        58200      58200      163.36     71.61      0.4383     38.88      0.22       0.21       0.26       0          41.80      23         64         0          0          0.0819     2.1383     45         103        110        117        125        132        169       
770        58200      58200      163.35     69.67      0.4265     38.87      0.22       0.21       0.26       0          41.80      23         64         0          0          0.0819     2.1383     46         103        110        117        125        132        169       
771        58200      58200      163.36     71.42      0.4372     38.80      0.22       0.21       0.26       0          41.80      23         64         0          0          0.0819     2.1383     46         103        110        117        125        132        169       
772        58200      58200      163.35     70.55      0.4319     38.76      0.22       0.21       0.26       0          41.80      23         64         0          0          0.0819     2.1383     46         103        110        117        125        132        169       
773        58200      58200      163.36     69.99      0.4285     38.75      0.22       0.21       0.26       0          41.79      23         64         0          0          0.0819     2.1382     46         103        110        117        125        132        169       
774        58200      58200      163.36     70.39      0.4309     38.80      0.22       0.21       0.26       0          41.79      23         64         0          0          0.0819     2.1382     46         103        110        117        125        132        169       
775        58200      58200      163.35     71.16      0.4356     38.82      0.22       0.21       0.26       0          41.79      23         64         0          0          0.0819     2.1382     46         103        110        117        125        132        169       
776        58200      58200      163.35     70.58      0.4321     38.86      0.22       0.21       0.26       0          41.79      23         64         0          0          0.0819     2.1382     46         103        110        117        125        132        169       
777        58200      58200      163.35     70.28      0.4302     38.81      0.22       0.21       0.26       0          41.79      23         64         0          0          0.0819     2.1382     46         103        110        117        125        132        169       
778        58200      58200      163.35     69.65      0.4264     38.74      0.22       0.21       0.26       0          41.78      23         64         0          0          0.0819     2.1382     46         103        110        117        125        132        169       
779        58200      58200      163.35     70.59      0.4321     38.63      0.22       0.20       0.26       0          41.78      23         64         0          0          0.0819     2.1382     46         103        110        117        125        132        169       
780        58200      58200      163.35     70.15      0.4294     38.70      0.22       0.21       0.26       0          41.78      23         64         0          0          0.0819     2.1382     46         103        110        117        125        132        169       
781        58200      58200      163.35     70.68      0.4327     38.74      0.22       0.21       0.26       0          41.78      23         64         0          0          0.0818     2.1382     46         103        110        117        125        132        169       
782        58200      58200      163.35     70.01      0.4286     38.75      0.22       0.21       0.26       0          41.78      23         64         0          0          0.0818     2.1381     46         103        110        117        125        132        169       
783        58200      58200      163.35     69.76      0.4271     38.58      0.22       0.20       0.26       0          41.78      23         64         0          0          0.0818     2.1381     46         103        110        117        125        132        169       
784        58200      58200      163.36     70.00      0.4285     38.63      0.22       0.20       0.26       0          41.77      23         64         0          0          0.0818     2.1381     46         103        110        117        125        132        169       
785        58200      58200      163.36     70.27      0.4302     38.70      0.22       0.20       0.26       0          41.77      23         64         0          0          0.0818     2.1381     46         103        110        117        125        132        169       
786        58200      58200      163.36     70.91      0.4341     38.69      0.22       0.21       0.26       0          41.77      23         64         0          0          0.0818     2.1381     46         103        110        117        125        132        169       
787        58200      58200      163.35     70.43      0.4311     38.81      0.22       0.21       0.26       0          41.77      23         64         0          0          0.0818     2.1379     46         103        110        117        125        132        169       
788        58200      58200      163.35     70.75      0.4331     38.74      0.22       0.21       0.26       0          41.77      23         64         0          0          0.0818     2.1379     46         103        110        117        125        132        169       
789        58200      58200      163.35     71.32      0.4366     38.77      0.22       0.21       0.26       0          41.76      23         64         0          0          0.0818     2.1379     46         103        110        117        125        132        169       
790        58200      58200      163.36     71.24      0.4361     38.86      0.22       0.21       0.26       0          41.76      23         64         0          0          0.0818     2.1379     46         103        110        117        125        132        169       
791        58200      58200      163.36     70.18      0.4296     38.78      0.22       0.21       0.26       0          41.76      23         64         0          0          0.0818     2.1379     46         103        110        117        125        132        169       
792        58200      58200      163.35     70.78      0.4333     38.76      0.22       0.21       0.26       0          41.76      23         64         0          0          0.0818     2.1379     46         103        110        117        125        132        169       
793        58200      58200      163.34     71.23      0.4361     38.76      0.22       0.21       0.26       0          41.76      23         64         0          0          0.0818     2.1379     46         103        110        117        125        132        168       
794        58200      58200      163.35     71.31      0.4365     38.82      0.22       0.21       0.26       0          41.76      23         64         0          0          0.0818     2.1379     46         103        110        117        125        132        168       
795        58200      58200      163.36     70.30      0.4304     38.96      0.23       0.21       0.26       0          41.75      23         64         0          0          0.0818     2.1379     46         103        110        117        125        132        168       
796        58200      58200      163.35     71.25      0.4362     38.89      0.22       0.21       0.26       0          41.75      23         64         0          0          0.0818     2.1379     46         103        110        117        125        132        168       
797        58200      58200      163.34     71.27      0.4363     39.02      0.23       0.21       0.26       0          41.75      23         64         0          0          0.0818     2.1379     47         103        110        117        125        132        168       
798        58200      58200      163.35     71.57      0.4381     38.84      0.22       0.21       0.26       0          41.75      23         64         0          0          0.0817     2.1379     47         103        110        117        125        132        168       
799        58200      58200      163.35     70.95      0.4343     38.92      0.22       0.21       0.26       0          41.75      23         64         0          0          0.0817     2.1379     47         103        110        117        125        132        168       
800        58200      58200      163.35     71.35      0.4368     38.98      0.22       0.21       0.26       0          41.75      23         64         0          0          0.0817     2.1379     47         103        110        117        125        132        168       
801        58200      58200      163.34     71.16      0.4356     38.91      0.22       0.21       0.26       0          41.75      23         64         0          0          0.0817     2.1379     47         103        110        117        125        132        168       
802        58200      58200      163.35     71.03      0.4348     38.93      0.22       0.21       0.26       0          41.74      23         64         0          0          0.0817     2.1379     48         103        110        117        125        132        168       
803        58200      58200      163.35     71.33      0.4367     38.99      0.22       0.21       0.26       0          41.74      23         64         0          0          0.0817     2.1379     48         103        110        117        125        132        168       
804        58200      58200      163.35     71.39      0.4370     38.92      0.22       0.21       0.26       0          41.74      23         64         0          0          0.0817     2.1379     49         103        110        117        125        132        168       
805        58200      58200      163.36     70.95      0.4343     38.82      0.22       0.21       0.26       0          41.74      23         64         0          0          0.0817     2.1379     49         103        110        117        125        132        168       
806        58200      58200      163.36     70.19      0.4297     38.81      0.22       0.21       0.26       0          41.74      23         64         0          0          0.0817     2.1379     49         103        110        117        125        132        168       
807        58200      58200      163.35     70.73      0.4330     38.79      0.22       0.21       0.26       0          41.74      23         64         0          0          0.0817     2.1378     49         103        110        117        125        132        168       
808        58200      58200      163.35     70.76      0.4332     38.83      0.22       0.21       0.26       0          41.74      23         64         0          0          0.0817     2.1378     49         103        110        117        125        132        168       
809        58200      58200      163.35     70.10      0.4291     38.70      0.22       0.21       0.26       0          41.73      23         64         0          0          0.0817     2.1378     49         103        110        117        125        132        168       
810        58200      58200      163.35     71.28      0.4364     38.74      0.22       0.21       0.26       0          41.73      23         64         0          0          0.0817     2.1378     49         103        110        117        125        132        168       
811        58200      58200      163.35     71.96      0.4405     38.87      0.22       0.21       0.26       0          41.73      23         64         0          0          0.0817     2.1378     49         103        110        117        125        131        168       
812        58200      58200      163.35     70.71      0.4329     38.90      0.23       0.21       0.26       0          41.73      23         64         0          0          0.0817     2.1378     50         103        110        117        125        131        168       
813        58200      58200      163.34     71.56      0.4381     38.90      0.23       0.21       0.26       0          41.73      23         64         0          0          0.0817     2.1378     50         103        110        117        125        131        168       
814        58200      58200      163.34     70.13      0.4294     38.82      0.22       0.21       0.26       0          41.73      23         64         0          0          0.0817     2.1377     50         103        110        117        125        131        168       
815        58200      58200      163.35     70.15      0.4294     38.82      0.22       0.21       0.26       0          41.73      23         64         0          0          0.0817     2.1376     50         103        110        117        125        132        168       
816        58200      58200      163.34     70.18      0.4297     38.71      0.22       0.21       0.26       0          41.73      23         64         0          0          0.0817     2.1377     50         103        110        117        125        132        168       
817        58200      58200      163.35     70.57      0.4320     38.71      0.22       0.21       0.26       0          41.72      23         64         0          0          0.0817     2.1377     50         103        110        117        125        132        168       
818        58200      58200      163.34     70.81      0.4335     38.69      0.22       0.21       0.26       0          41.72      23         64         0          0          0.0817     2.1377     51         103        110        117        125        132        168       
819        58200      58200      163.35     71.69      0.4389     38.87      0.22       0.21       0.26       0          41.72      23         64         0          0          0.0816     2.1376     51         103        110        117        125        132        168       
820        58200      58200      163.35     71.72      0.4391     38.89      0.22       0.21       0.26       0          41.72      23         64         0          0          0.0816     2.1376     51         104        110        117        125        132        168       
821        58200      58200      163.35     70.78      0.4333     38.92      0.22       0.21       0.26       0          41.72      23         64         0          0          0.0816     2.1376     51         104        110        117        125        132        168       
822        58200      58200      163.34     71.09      0.4352     38.88      0.22       0.21       0.26       0          41.72      23         64         0          0          0.0816     2.1376     52         104        110        117        125        132        168       
823        58200      58200      163.35     70.48      0.4315     38.86      0.22       0.21       0.26       0          41.71      23         64         0          0          0.0816     2.1375     53         104        110        117        125        132        168       
824        58200      58200      163.36     70.65      0.4325     38.78      0.22       0.21       0.26       0          41.71      23         64         0          0          0.0816     2.1375     54         104        110        117        125        132        168       
825        58200      58200      163.35     72.23      0.4422     38.91      0.22       0.21       0.26       0          41.71      23         64         0          0          0.0816     2.1375     54         104        110        117        125        132        168       
826        58200      58200      163.35     69.81      0.4273     38.81      0.22       0.21       0.26       0          41.71      23         64         0          0          0.0816     2.1374     54         104        110        117        125        132        168       
827        58200      58200      163.36     70.16      0.4295     38.72      0.22       0.21       0.26       0          41.71      23         64         0          0          0.0816     2.1374     54         104        110        117        125        131        168       
828        58200      58200      163.35     70.50      0.4316     38.68      0.22       0.21       0.26       0          41.71      23         63         0          0          0.0816     2.1374     54         104        110        117        125        131        168       
829        58200      58200      163.35     70.34      0.4306     38.55      0.22       0.20       0.26       0          41.71      23         63         0          0          0.0816     2.1374     54         104        110        117        125        131        168       
830        58200      58200      163.36     70.33      0.4305     38.62      0.22       0.21       0.26       0          41.70      23         63         0          0          0.0816     2.1374     54         104        110        117        125        131        168       
831        58200      58200      163.36     71.06      0.4350     38.71      0.22       0.21       0.26       0          41.70      23         63         0          0          0.0816     2.1374     54         104        110        117        125        131        168       
832        58200      58200      163.36     69.52      0.4256     38.65      0.22       0.21       0.26       0          41.70      23         63         0          0          0.0816     2.1374     54         104        110        117        125        131        168       
833        58200      58200      163.35     72.00      0.4408     38.72      0.22       0.21       0.26       0          41.70      23         63         0          0          0.0816     2.1374     54         104        110        117        125        131        168       
834        58200      58200      163.36     70.00      0.4285     38.81      0.22       0.21       0.26       0          41.70      23         63         0          0          0.0816     2.1374     54         104        110        117        125        131        168       
835        58200      58200      163.35     70.63      0.4324     38.74      0.22       0.21       0.26       0          41.70      23         63         0          0          0.0816     2.1374     54         104        110        117        125        131        168       
836        58200      58200      163.36     69.79      0.4272     38.73      0.22       0.21       0.26       0          41.70      23         63         0          0          0.0816     2.1374     54         104        110        117        125        131        168       
837        58200      58200      163.35     71.12      0.4354     38.67      0.22       0.21       0.26       0          41.70      23         63         0          0          0.0816     2.1374     54         104        110        117        125        131        168       
838        58200      58200      163.35     71.12      0.4354     38.78      0.22       0.21       0.26       0          41.70      23         63         0          0          0.0816     2.1374     54         104        110        117        125        131        168       
839        58200      58200      163.35     70.24      0.4300     38.77      0.22       0.21       0.26       0          41.69      23         63         0          0          0.0816     2.1374     54         104        110        117        125        131        168       
840        58200      58200      163.37     69.69      0.4266     38.58      0.22       0.20       0.26       0          41.69      23         63         0          0          0.0816     2.1374     54         104        110        117        125        131        168       
841        58200      58200      163.35     70.85      0.4337     38.66      0.21       0.21       0.26       0          41.69      23         63         0          0          0.0816     2.1374     54         104        110        117        125        131        168       
842        58200      58200      163.34     70.28      0.4303     38.71      0.21       0.21       0.26       0          41.69      23         63         0          0          0.0815     2.1374     54         104        110        117        125        131        168       
843        58200      58200      163.36     70.62      0.4323     38.74      0.22       0.21       0.26       0          41.69      23         63         0          0          0.0815     2.1374     54         104        110        117        125        131        168       
844        58200      58200      163.35     70.47      0.4314     38.74      0.22       0.21       0.26       0          41.69      23         63         0          0          0.0815     2.1374     54         104        110        117        125        131        168       
845        58200      58200      163.35     70.61      0.4323     38.66      0.22       0.21       0.26       0          41.69      23         63         0          0          0.0815     2.1374     54         104        110        117        125        131        168       
846        58200      58200      163.35     70.22      0.4299     38.64      0.22       0.21       0.26       0          41.69      23         63         0          0          0.0815     2.1374     54         104        110        117        125        131        168       
847        58200      58200      163.36     70.18      0.4296     38.69      0.22       0.21       0.26       0          41.69      23         63         0          0          0.0815     2.1374     54         104        110        117        125        131        168       
848        58200      58200      163.36     71.36      0.4368     38.59      0.22       0.21       0.26       0          41.69      23         63         0          0          0.0815     2.1374     54         104        110        117        125        131        168       
849        58200      58200      163.36     70.37      0.4308     38.66      0.22       0.21       0.26       0          41.68      23         63         0          0          0.0815     2.1374     54         104        110        117        125        131        168       
850        58200      58200      163.35     70.60      0.4322     38.70      0.22       0.21       0.26       0          41.68      23         63         0          0          0.0815     2.1374     54         104        110        117        125        131        168       
851        58200      58200      163.35     70.17      0.4295     38.66      0.22       0.20       0.26       0          41.68      23         63         0          0          0.0815     2.1374     55         104        110        117        125        131        168       
852        58200      58200      163.35     71.09      0.4352     38.70      0.22       0.21       0.26       0          41.68      23         63         0          0          0.0815     2.1374     55         104        110        117        125        131        168       
853        58200      58200      163.35     71.39      0.4370     38.77      0.22       0.21       0.26       0          41.68      23         63         0          0          0.0815     2.1374     55         104        110        117        125        131        168       
854        58200      58200      163.35     69.98      0.4284     38.73      0.22       0.21       0.26       0          41.68      23         63         0          0          0.0815     2.1374     55         104        110        117        125        131        168       
855        58200      58200      163.36     70.53      0.4317     38.64      0.22       0.21       0.26       0          41.68      23         63         0          0          0.0815     2.1374     55         104        110        117        125        131        168       
856        58200      58200      163.36     70.48      0.4314     38.64      0.22       0.21       0.26       0          41.68      23         63         0          0          0.0815     2.1374     55         104        110        117        125        131        168       
857        58200      58200      163.35     69.48      0.4254     38.56      0.21       0.20       0.26       0          41.68      23         63         0          0          0.0815     2.1374     55         104        110        117        125        131        168       
858        58200      58200      163.35     70.55      0.4319     38.47      0.22       0.20       0.26       0          41.68      23         63         0          0          0.0815     2.1374     55         104        110        117        125        131        168       
859        58200      58200      163.35     70.76      0.4332     38.55      0.22       0.20       0.26       0          41.68      23         63         0          0          0.0815     2.1374     55         104        110        117        125        131        168       
860        58200      58200      163.35     70.72      0.4329     38.66      0.22       0.20       0.26       0          41.68      23         63         0          0          0.0815     2.1373     56         104        110        117        125        131        168       
861        58200      58200      163.35     70.77      0.4332     38.67      0.22       0.21       0.26       0          41.67      23         63         0          0          0.0815     2.1373     56         104        110        117        125        131        168       
862        58200      58200      163.35     70.57      0.4320     38.77      0.22       0.21       0.26       0          41.67      23         63         0          0          0.0815     2.1373     56         104        110        117        125        131        168       
863        58200      58200      163.35     71.29      0.4364     38.73      0.22       0.21       0.26       0          41.67      23         63         0          0          0.0815     2.1373     56         104        110        117        125        131        168       
864        58200      58200      163.35     70.69      0.4327     38.70      0.21       0.21       0.26       0          41.67      23         63         0          0          0.0815     2.1373     56         104        110        117        125        131        168       
865        58200      58200      163.36     70.24      0.4299     38.76      0.22       0.21       0.26       0          41.67      23         63         0          0          0.0815     2.1373     56         104        110        117        125        131        168       
866        58200      58200      163.35     70.08      0.4290     38.57      0.22       0.21       0.26       0          41.67      23         63         0          0          0.0815     2.1373     57         104        110        117        125        131        168       
867        58200      58200      163.35     71.55      0.4380     38.73      0.22       0.21       0.26       0          41.67      23         63         0          0          0.0815     2.1373     58         104        110        117        125        131        168       
868        58200      58200      163.35     70.17      0.4295     38.72      0.22       0.21       0.26       0          41.67      23         63         0          0          0.0815     2.1373     58         104        110        117        125        131        168       
869        58200      58200      163.35     71.30      0.4364     38.70      0.22       0.21       0.26       0          41.67      23         63         0          0          0.0815     2.1373     58         104        110        117        125        131        168       
870        58200      58200      163.35     70.05      0.4288     38.72      0.22       0.21       0.26       0          41.67      23         63         0          0          0.0815     2.1373     58         104        110        117        125        131        168       
871        58200      58200      163.34     71.21      0.4359     38.72      0.22       0.21       0.26       0          41.67      23         63         0          0          0.0815     2.1373     58         104        110        117        125        131        168       
872        58200      58200      163.35     70.49      0.4316     38.76      0.22       0.21       0.26       0          41.66      23         63         0          0          0.0815     2.1373     58         104        110        117        125        131        168       
873        58200      58200      163.35     69.01      0.4225     38.60      0.22       0.20       0.26       0          41.66      23         63         0          0          0.0815     2.1373     58         104        110        117        125        131        168       
874        58200      58200      163.36     70.79      0.4333     38.48      0.22       0.20       0.26       0          41.66      23         63         0          0          0.0815     2.1373     58         104        110        117        125        131        168       
875        58200      58200      163.35     70.87      0.4338     38.50      0.22       0.20       0.26       0          41.66      23         63         0          0          0.0815     2.1373     58         104        110        117        125        131        168       
876        58200      58200      163.35     70.84      0.4337     38.72      0.22       0.21       0.26       0          41.66      23         63         0          0          0.0814     2.1373     58         104        110        117        125        131        168       
877        58200      58200      163.34     70.77      0.4333     38.73      0.22       0.21       0.26       0          41.66      23         63         0          0          0.0814     2.1373     58         104        110        117        125        131        168       
878        58200      58200      163.35     69.77      0.4271     38.63      0.22       0.21       0.26       0          41.66      23         63         0          0          0.0814     2.1373     58         104        110        117        125        131        168       
879        58200      58200      163.35     69.86      0.4277     38.51      0.22       0.21       0.26       0          41.66      23         63         0          0          0.0814     2.1373     58         104        110        117        125        131        168       
880        58200      58200      163.36     71.26      0.4362     38.49      0.21       0.21       0.26       0          41.66      23         63         0          0          0.0814     2.1373     58         104        110        117        125        131        168       
881        58200      58200      163.35     69.00      0.4224     38.56      0.22       0.21       0.26       0          41.66      23         63         0          0          0.0814     2.1373     58         104        110        117        125        131        168       
882        58200      58200      163.36     70.64      0.4324     38.54      0.22       0.21       0.26       0          41.66      23         63         0          0          0.0814     2.1373     58         104        110        117        125        131        168       
883        58200      58200      163.35     71.03      0.4349     38.68      0.22       0.21       0.26       0          41.66      23         63         0          0          0.0814     2.1373     58         104        110        117        125        131        168       
884        58200      58200      163.36     71.01      0.4347     38.76      0.22       0.21       0.26       0          41.66      23         63         0          0          0.0814     2.1373     58         104        110        117        125        131        168       
885        58200      58200      163.36     70.31      0.4304     38.70      0.22       0.21       0.26       0          41.65      23         63         0          0          0.0814     2.1373     58         104        110        117        125        131        168       
886        58200      58200      163.35     71.36      0.4368     38.63      0.22       0.21       0.26       0          41.65      23         63         0          0          0.0814     2.1373     58         104        110        117        125        131        168       
887        58200      58200      163.34     70.36      0.4307     38.58      0.22       0.20       0.26       0          41.65      23         63         0          0          0.0814     2.1373     58         104        110        117        125        131        168       
888        58200      58200      163.35     69.82      0.4275     38.61      0.22       0.20       0.26       0          41.65      23         63         0          0          0.0814     2.1373     58         104        110        117        125        131        168       
889        58200      58200      163.34     69.64      0.4263     38.52      0.22       0.20       0.26       0          41.65      23         63         0          0          0.0814     2.1373     58         104        110        117        125        131        168       
890        58200      58200      163.35     70.94      0.4343     38.50      0.21       0.20       0.26       0          41.65      23         63         0          0          0.0814     2.1373     59         104        110        117        125        131        168       
891        58200      58200      163.36     69.60      0.4260     38.53      0.22       0.20       0.26       0          41.65      23         63         0          0          0.0814     2.1373     59         104        110        117        125        131        168       
892        58200      58200      163.35     69.81      0.4274     38.48      0.21       0.20       0.26       0          41.65      23         63         0          0          0.0814     2.1373     59         104        110        117        125        131        168       
893        58200      58200      163.36     70.89      0.4340     38.49      0.22       0.20       0.26       0          41.65      23         63         0          0          0.0814     2.1373     59         104        110        117        125        131        168       
894        58200      58200      163.35     70.35      0.4306     38.51      0.22       0.20       0.26       0          41.65      23         63         0          0          0.0814     2.1373     59         104        110        117        125        131        168       
895        58200      58200      163.35     69.97      0.4283     38.56      0.22       0.21       0.26       0          41.65      23         63         0          0          0.0814     2.1373     59         104        110        117        125        131        168       
896        58200      58200      163.36     70.59      0.4321     38.69      0.22       0.21       0.26       0          41.65      23         63         0          0          0.0814     2.1373     59         104        110        117        125        131        168       
897        58200      58200      163.35     70.32      0.4305     38.64      0.22       0.21       0.26       0          41.65      23         63         0          0          0.0814     2.1372     59         104        110        117        125        131        168       
898        58200      58200      163.35     70.55      0.4319     38.67      0.22       0.21       0.26       0          41.65      23         63         0          0          0.0814     2.1372     59         104        110        117        125        131        168       
899        58200      58200      163.35     70.67      0.4326     38.63      0.22       0.21       0.26       0          41.65      23         63         0          0          0.0814     2.1372     59         104        110        117        125        131        168       
900        58200      58200      163.35     72.10      0.4414     38.60      0.22       0.21       0.26       0          41.64      23         63         0          0          0.0814     2.1372     59         104        110        117        125        131        168       
901        58200      58200      163.35     70.47      0.4314     38.75      0.22       0.21       0.26       0          41.64      23         63         0          0          0.0814     2.1372     59         104        110        117        125        131        168       
902        58200      58200      163.35     70.32      0.4305     38.73      0.22       0.21       0.26       0          41.64      23         63         0          0          0.0814     2.1372     59         104        110        117        125        131        168       
903        58200      58200      163.35     71.03      0.4348     38.62      0.22       0.21       0.26       0          41.64      23         63         0          0          0.0814     2.1372     59         104        110        117        125        131        168       
904        58200      58200      163.36     70.20      0.4297     38.62      0.22       0.21       0.26       0          41.64      23         63         0          0          0.0814     2.1372     59         104        110        117        125        131        168       
905        58200      58200      163.36     70.43      0.4311     38.66      0.22       0.21       0.26       0          41.64      23         63         0          0          0.0814     2.1372     59         104        110        117        125        131        168       
906        58200      58200      163.36     70.03      0.4287     38.61      0.22       0.20       0.26       0          41.64      23         63         0          0          0.0814     2.1372     59         104        110        117        125        131        168       
907        58200      58200      163.35     69.64      0.4263     38.47      0.22       0.20       0.26       0          41.64      23         63         0          0          0.0814     2.1372     59         104        110        117        125        131        168       
908        58200      58200      163.36     70.06      0.4289     38.44      0.21       0.20       0.26       0          41.64      23         63         0          0          0.0814     2.1372     59         104        110        117        125        131        168       
909        58200      58200      163.35     70.70      0.4328     38.53      0.22       0.20       0.26       0          41.64      23         63         0          0          0.0814     2.1372     59         104        110        117        125        131        168       
910        58200      58200      163.35     70.06      0.4289     38.56      0.22       0.21       0.26       0          41.64      23         63         0          0          0.0814     2.1372     59         104        110        117        125        131        168       
911        58200      58200      163.35     70.19      0.4297     38.52      0.22       0.20       0.26       0          41.64      23         63         0          0          0.0814     2.1372     59         104        110        117        125        131        168       
912        58200      58200      163.34     70.92      0.4342     38.63      0.22       0.21       0.26       0          41.64      23         63         0          0          0.0814     2.1372     59         104        110        117        125        131        168       
913        58200      58200      163.35     70.51      0.4317     38.70      0.22       0.21       0.26       0          41.64      23         63         0          0          0.0814     2.1372     59         104        110        117        125        131        168       
914        58200      58200      163.35     70.35      0.4306     38.67      0.22       0.21       0.26       0          41.63      23         63         0          0          0.0814     2.1372     59         104        110        117        125        131        168       
915        58200      58200      163.35     69.51      0.4255     38.61      0.22       0.20       0.26       0          41.63      23         63         0          0          0.0814     2.1372     60         104        110        117        125        131        168       
916        58200      58200      163.34     70.44      0.4312     38.54      0.22       0.20       0.26       0          41.63      23         63         0          0          0.0814     2.1372     60         104        110        117        125        131        168       
917        58200      58200      163.35     69.78      0.4272     38.55      0.22       0.20       0.26       0          41.63      23         63         0          0          0.0814     2.1372     60         104        110        117        125        131        168       
918        58200      58200      163.36     70.23      0.4299     38.55      0.22       0.20       0.26       0          41.63      23         63         0          0          0.0813     2.1372     60         104        110        117        125        131        168       
919        58200      58200      163.35     70.24      0.4300     38.49      0.22       0.20       0.26       0          41.63      23         63         0          0          0.0813     2.1372     60         104        110        117        125        131        168       
920        58200      58200      163.35     70.58      0.4320     38.43      0.22       0.20       0.26       0          41.63      23         63         0          0          0.0813     2.1372     60         104        110        117        125        131        168       
921        58200      58200      163.35     70.61      0.4322     38.53      0.22       0.21       0.26       0          41.63      23         63         0          0          0.0813     2.1372     60         104        110        117        125        131        168       
922        58200      58200      163.35     70.59      0.4321     38.59      0.21       0.20       0.26       0          41.63      23         63         0          0          0.0813     2.1372     60         104        110        117        125        131        168       
923        58200      58200      163.35     70.60      0.4322     38.57      0.22       0.20       0.26       0          41.63      23         63         0          0          0.0813     2.1372     60         104        110        117        125        131        168       
924        58200      58200      163.34     70.83      0.4337     38.65      0.22       0.21       0.26       0          41.63      23         63         0          0          0.0813     2.1372     60         104        110        117        125        131        168       
925        58200      58200      163.34     69.39      0.4248     38.56      0.22       0.21       0.26       0          41.63      23         63         0          0          0.0813     2.1372     60         104        110        117        125        131        168       
926        58200      58200      163.35     71.18      0.4357     38.59      0.22       0.21       0.26       0          41.63      23         63         0          0          0.0813     2.1372     60         104        110        117        125        131        168       
927        58200      58200      163.35     71.01      0.4347     38.60      0.22       0.21       0.26       0          41.63      23         63         0          0          0.0813     2.1372     60         104        110        117        125        131        168       
928        58200      58200      163.35     70.93      0.4343     38.70      0.21       0.21       0.26       0          41.63      23         63         0          0          0.0813     2.1372     60         104        110        117        125        131        168       
929        58200      58200      163.36     70.22      0.4299     38.71      0.22       0.21       0.26       0          41.63      23         63         0          0          0.0813     2.1372     60         104        110        117        125        131        168       
930        58200      58200      163.36     69.70      0.4267     38.57      0.22       0.20       0.26       0          41.63      23         63         0          0          0.0813     2.1372     60         104        110        117        125        131        168       
931        58200      58200      163.35     72.10      0.4414     38.56      0.21       0.21       0.26       0          41.63      23         63         0          0          0.0813     2.1372     60         104        110        117        125        131        168       
932        58200      58200      163.35     70.70      0.4328     38.68      0.22       0.21       0.26       0          41.63      23         63         0          0          0.0813     2.1372     61         104        110        117        125        131        168       
933        58200      58200      163.34     70.79      0.4334     38.68      0.22       0.21       0.26       0          41.63      23         63         0          0          0.0813     2.1372     61         104        110        117        125        131        168       
934        58200      58200      163.35     70.61      0.4322     38.62      0.22       0.21       0.26       0          41.62      23         63         0          0          0.0813     2.1372     61         104        110        117        125        131        168       
935        58200      58200      163.35     70.25      0.4301     38.69      0.22       0.21       0.26       0          41.62      23         63         0          0          0.0813     2.1372     61         104        110        117        125        131        168       
936        58200      58200      163.35     69.76      0.4271     38.58      0.21       0.20       0.26       0          41.62      23         63         0          0          0.0813     2.1372     61         104        110        117        125        131        168       
937        58200      58200      163.35     70.26      0.4301     38.46      0.22       0.20       0.26       0          41.62      23         63         0          0          0.0813     2.1372     61         104        110        117        125        131        168       
938        58200      58200      163.35     70.02      0.4286     38.45      0.22       0.20       0.26       0          41.62      23         63         0          0          0.0813     2.1372     61         104        110        117        125        131        168       
939        58200      58200      163.36     70.66      0.4325     38.52      0.22       0.20       0.26       0          41.62      23         63         0          0          0.0813     2.1372     62         104        110        117        125        131        168       
940        58200      58200      163.36     71.08      0.4351     38.58      0.22       0.21       0.26       0          41.62      23         63         0          0          0.0813     2.1372     62         104        110        117        125        131        168       
941        58200      58200      163.36     70.77      0.4332     38.70      0.22       0.21       0.26       0          41.62      23         63         0          0          0.0813     2.1372     62         104        110        117        125        131        168       
942        58200      58200      163.35     71.03      0.4348     38.70      0.22       0.21       0.26       0          41.62      23         63         0          0          0.0813     2.1372     62         104        110        117        125        131        168       
943        58200      58200      163.35     70.54      0.4318     38.62      0.22       0.21       0.26       0          41.62      23         63         0          0          0.0813     2.1372     62         104        110        117        125        131        168       
944        58200      58200      163.34     70.38      0.4309     38.62      0.22       0.21       0.26       0          41.62      23         63         0          0          0.0813     2.1372     62         104        110        117        125        131        168       
945        58200      58200      163.35     71.11      0.4353     38.64      0.22       0.21       0.26       0          41.62      23         63         0          0          0.0813     2.1372     62         104        110        117        125        131        168       
946        58200      58200      163.35     70.79      0.4334     38.63      0.22       0.21       0.26       0          41.62      23         63         0          0          0.0813     2.1372     62         104        110        117        125        131        168       
947        58200      58200      163.34     70.69      0.4328     38.65      0.22       0.21       0.26       0          41.62      23         63         0          0          0.0813     2.1371     62         104        110        117        125        131        168       
948        58200      58200      163.35     71.36      0.4368     38.69      0.22       0.21       0.26       0          41.62      23         63         0          0          0.0813     2.1371     62         104        110        117        125        131        168       
949        58200      58200      163.35     71.18      0.4357     38.62      0.22       0.21       0.26       0          41.62      23         63         0          0          0.0813     2.1371     62         104        110        117        125        131        168       
950        58200      58200      163.35     71.58      0.4382     38.73      0.22       0.21       0.26       0          41.62      23         63         0          0          0.0813     2.1371     62         104        110        117        125        131        168       
951        58200      58200      163.36     70.31      0.4304     38.79      0.22       0.21       0.26       0          41.62      23         63         0          0          0.0813     2.1371     62         104        110        117        125        131        168       
952        58200      58200      163.35     71.11      0.4353     38.78      0.22       0.21       0.26       0          41.61      23         63         0          0          0.0813     2.1371     62         104        110        117        125        131        168       
953        58200      58200      163.35     71.85      0.4399     38.81      0.22       0.21       0.26       0          41.61      23         63         0          0          0.0813     2.1371     62         104        110        117        125        131        168       
954        58200      58200      163.35     70.75      0.4331     38.76      0.22       0.21       0.26       0          41.61      23         63         0          0          0.0813     2.1372     62         104        110        117        125        131        168       
955        58200      58200      163.34     70.54      0.4318     38.72      0.22       0.21       0.26       0          41.61      23         63         0          0          0.0813     2.1372     62         104        110        117        125        131        168       
956        58200      58200      163.35     70.25      0.4301     38.64      0.22       0.21       0.26       0          41.61      23         63         0          0          0.0813     2.1372     62         104        110        117        125        131        168       
957        58200      58200      163.34     70.16      0.4295     38.66      0.23       0.21       0.26       0          41.61      23         63         0          0          0.0813     2.1372     62         104        110        117        125        131        168       
958        58200      58200      163.36     69.59      0.4260     38.42      0.22       0.20       0.26       0          41.61      23         63         0          0          0.0813     2.1372     62         104        110        117        125        131        168       
959        58200      58200      163.35     71.43      0.4373     38.40      0.22       0.20       0.26       0          41.61      23         63         0          0          0.0813     2.1372     62         104        110        117        125        131        168       
960        58200      58200      163.35     69.74      0.4269     38.48      0.22       0.20       0.26       0          41.61      23         63         0          0          0.0813     2.1372     63         104        110        117        125        131        168       
961        58200      58200      163.35     70.03      0.4287     38.54      0.22       0.20       0.26       0          41.61      23         63         0          0          0.0813     2.1372     63         104        110        117        125        131        168       
962        58200      58200      163.35     71.01      0.4347     38.53      0.22       0.20       0.26       0          41.61      23         63         0          0          0.0813     2.1372     63         104        110        117        125        131        168       
963        58200      58200      163.36     70.54      0.4318     38.57      0.22       0.21       0.26       0          41.61      23         63         0          0          0.0813     2.1372     63         104        110        117        125        131        168       
964        58200      58200      163.35     71.25      0.4362     38.58      0.22       0.21       0.26       0          41.61      23         63         0          0          0.0813     2.1371     63         104        110        117        125        131        168       
965        58200      58200      163.35     71.36      0.4369     38.72      0.22       0.21       0.26       0          41.61      23         63         0          0          0.0813     2.1372     63         104        110        117        125        131        168       
966        58200      58200      163.36     70.66      0.4325     38.70      0.22       0.21       0.26       0          41.61      23         63         0          0          0.0813     2.1372     63         104        110        117        125        131        168       
967        58200      58200      163.35     70.01      0.4286     38.64      0.22       0.21       0.26       0          41.61      23         63         0          0          0.0813     2.1371     63         104        110        117        125        131        168       
968        58200      58200      163.35     70.48      0.4315     38.61      0.22       0.21       0.26       0          41.61      23         63         0          0          0.0813     2.1371     63         104        110        117        125        131        168       
969        58200      58200      163.36     70.31      0.4304     38.52      0.22       0.20       0.26       0          41.61      23         63         0          0          0.0813     2.1372     63         104        110        117        125        131        168       
970        58200      58200      163.35     70.49      0.4315     38.46      0.22       0.20       0.26       0          41.61      23         63         0          0          0.0813     2.1372     63         104        110        117        125        131        168       
971        58200      58200      163.36     70.06      0.4288     38.46      0.21       0.20       0.26       0          41.61      23         63         0          0          0.0813     2.1371     63         104        110        117        125        131        168       
972        58200      58200      163.36     68.71      0.4206     38.32      0.22       0.20       0.26       0          41.61      23         63         0          0          0.0813     2.1371     64         104        110        117        125        131        168       
973        58200      58200      163.36     71.07      0.4350     38.38      0.21       0.20       0.26       0          41.61      23         63         0          0          0.0813     2.1371     64         104        110        117        125        131        168       
974        58200      58200      163.36     70.13      0.4293     38.46      0.21       0.20       0.26       0          41.61      23         63         0          0          0.0813     2.1371     64         104        110        117        125        131        168       
975        58200      58200      163.36     70.08      0.4290     38.47      0.21       0.20       0.26       0          41.61      23         63         0          0          0.0813     2.1371     64         104        110        117        125        131        168       
976        58200      58200      163.35     70.00      0.4285     38.48      0.21       0.20       0.26       0          41.61      23         63         0          0          0.0813     2.1371     64         104        110        117        125        131        168       
977        58200      58200      163.35     70.32      0.4305     38.52      0.22       0.20       0.26       0          41.61      23         63         0          0          0.0813     2.1371     64         104        110        117        125        131        168       
978        58200      58200      163.36     70.56      0.4319     38.45      0.21       0.20       0.26       0          41.60      23         63         0          0          0.0813     2.1371     64         104        110        117        125        131        168       
979        58200      58200      163.35     70.65      0.4325     38.53      0.21       0.20       0.26       0          41.60      23         63         0          0          0.0813     2.1371     64         104        110        117        125        131        168       
980        58200      58200      163.35     69.79      0.4272     38.60      0.22       0.21       0.26       0          41.60      23         63         0          0          0.0812     2.1371     64         104        110        117        125        131        168       
981        58200      58200      163.36     71.14      0.4355     38.67      0.22       0.21       0.26       0          41.60      23         63         0          0          0.0812     2.1371     64         104        110        117        125        131        168       
982        58200      58200      163.35     70.55      0.4319     38.58      0.22       0.21       0.26       0          41.60      23         63         0          0          0.0812     2.1371     64         104        110        117        125        131        168       
983        58200      58200      163.36     69.43      0.4250     38.54      0.22       0.20       0.26       0          41.60      23         63         0          0          0.0812     2.1371     64         104        110        117        125        131        168       
984        58200      58200      163.35     70.69      0.4327     38.48      0.21       0.20       0.26       0          41.60      23         63         0          0          0.0812     2.1371     64         104        110        117        125        131        168       
985        58200      58200      163.35     69.50      0.4255     38.45      0.22       0.20       0.26       0          41.60      23         63         0          0          0.0812     2.1371     64         104        110        117        125        131        168       
986        58200      58200      163.35     69.59      0.4260     38.45      0.22       0.20       0.26       0          41.60      23         63         0          0          0.0812     2.1371     64         104        110        117        125        131        168       
987        58200      58200      163.35     69.91      0.4280     38.35      0.21       0.20       0.26       0          41.60      23         63         0          0          0.0812     2.1371     64         104        110        117        125        131        168       
988        58200      58200      163.35     69.72      0.4268     38.38      0.21       0.20       0.26       0          41.60      23         63         0          0          0.0812     2.1371     64         104        110        117        125        131        168       
989        58200      58200      163.35     69.64      0.4263     38.35      0.21       0.20       0.26       0          41.60      23         63         0          0          0.0812     2.1371     64         104        110        117        125        131        168       
990        58200      58200      163.35     69.57      0.4259     38.31      0.21       0.20       0.26       0          41.60      23         63         0          0          0.0812     2.1370     64         104        110        117        125        131        168       
991        58200      58200      163.35     70.16      0.4295     38.24      0.21       0.20       0.26       0          41.60      23         63         0          0          0.0812     2.1370     64         104        110        117        125        131        168       
992        58200      58200      163.36     70.28      0.4302     38.27      0.22       0.20       0.26       0          41.60      23         63         0          0          0.0812     2.1370     64         104        110        117        125        131        168       
993        58200      58200      163.34     69.65      0.4264     38.27      0.21       0.20       0.26       0          41.60      23         63         0          0          0.0812     2.1370     64         104        110        117        125        131        168       
994        58200      58200      163.37     70.75      0.4331     38.46      0.21       0.20       0.26       0          41.60      23         63         0          0          0.0812     2.1371     64         104        110        117        125        131        168       
995        58200      58200      163.36     70.44      0.4312     38.57      0.22       0.20       0.26       0          41.60      23         63         0          0          0.0812     2.1371     64         104        110        117        125        131        168       
996        58200      58200      163.35     70.94      0.4343     38.46      0.22       0.20       0.26       0          41.60      23         63         0          0          0.0812     2.1370     64         104        110        117        125        131        168       
997        58200      58200      163.36     70.84      0.4336     38.59      0.22       0.21       0.26       0          41.60      23         63         0          0          0.0812     2.1371     64         104        110        117        125        131        168       
998        58200      58200      163.36     70.57      0.4320     38.53      0.23       0.21       0.26       0          41.60      23         63         0          0          0.0812     2.1370     64         104        110        117        125        131        168       
999        58200      58200      163.35     69.11      0.4231     38.55      0.23       0.20       0.26       0          41.60      23         63         0          0          0.0812     2.1370     64         104        110        117        125        131        168       
1000       58200      58200      163.36     70.71      0.4329     38.53      0.22       0.20       0.26       0          41.60      23         63         0          0          0.0812     2.1370     64         104        110        117        125        131        168       
1001       58200      58200      163.35     70.47      0.4314     38.42      0.22       0.20       0.26       0          41.60      23         63         0          0          0.0812     2.1370     64         104        110        117        125        131        168       
1002       58200      58200      163.37     70.63      0.4324     38.47      0.22       0.20       0.26       0          41.60      23         63         0          0          0.0812     2.1370     64         104        110        117        125        131        168       
1003       58200      58200      163.35     70.43      0.4312     38.53      0.22       0.20       0.26       0          41.60      23         63         0          0          0.0812     2.1370     64         104        110        117        125        131        168       
1004       58200      58200      163.36     70.36      0.4307     38.53      0.22       0.21       0.26       0          41.60      23         63         0          0          0.0812     2.1370     64         104        110        117        125        131        168       
1005       58200      58200      163.36     70.46      0.4313     38.59      0.22       0.21       0.26       0          41.60      23         63         0          0          0.0812     2.1370     64         104        110        117        125        131        168       
1006       58200      58200      163.35     68.81      0.4212     38.48      0.22       0.20       0.26       0          41.60      23         63         0          0          0.0812     2.1371     64         104        110        117        125        131        168       
1007       58200      58200      163.36     70.76      0.4332     38.36      0.21       0.20       0.26       0          41.60      23         63         0          0          0.0812     2.1371     64         104        110        117        125        131        168       
1008       58200      58200      163.36     70.78      0.4333     38.34      0.21       0.20       0.26       0          41.59      23         63         0          0          0.0812     2.1371     64         104        110        117        125        131        168       
1009       58200      58200      163.35     70.07      0.4290     38.60      0.22       0.20       0.26       0          41.59      23         63         0          0          0.0812     2.1370     64         104        110        117        125        131        168       
1010       58200      58200      163.36     70.77      0.4332     38.47      0.22       0.20       0.26       0          41.59      23         63         0          0          0.0812     2.1371     64         104        110        117        125        131        168       
1011       58200      58200      163.35     69.67      0.4265     38.55      0.22       0.20       0.26       0          41.59      23         63         0          0          0.0812     2.1371     64         104        110        117        125        131        168       
1012       58200      58200      163.36     70.99      0.4346     38.61      0.21       0.21       0.26       0          41.59      23         63         0          0          0.0812     2.1370     64         104        110        117        125        131        168       
1013       58200      58200      163.36     70.58      0.4321     38.53      0.22       0.20       0.26       0          41.59      23         63         0          0          0.0812     2.1370     64         104        110        117        125        131        168       
1014       58200      58200      163.36     70.13      0.4293     38.49      0.22       0.20       0.26       0          41.59      23         63         0          0          0.0812     2.1370     64         104        110        117        125        131        168       
1015       58200      58200      163.35     70.84      0.4337     38.57      0.22       0.20       0.26       0          41.59      23         63         0          0          0.0812     2.1370     64         104        110        117        125        131        168       
1016       58200      58200      163.35     70.00      0.4285     38.58      0.22       0.21       0.26       0          41.59      23         63         0          0          0.0812     2.1370     64         104        110        117        125        131        168       
1017       58200      58200      163.36     71.21      0.4359     38.50      0.22       0.21       0.26       0          41.59      23         63         0          0          0.0812     2.1370     64         104        110        117        125        131        168       
1018       58200      58200      163.36     71.07      0.4351     38.58      0.23       0.21       0.26       0          41.59      23         63         0          0          0.0812     2.1370     64         104        110        117        125        131        168       
1019       58200      58200      163.36     69.02      0.4225     38.51      0.22       0.21       0.26       0          41.59      23         63         0          0          0.0812     2.1370     64         104        110        117        125        131        168       
1020       58200      58200      163.35     70.63      0.4324     38.41      0.22       0.20       0.26       0          41.59      23         63         0          0          0.0812     2.1369     64         104        110        117        125        131        168       
1021       58200      58200      163.36     69.50      0.4254     38.35      0.21       0.20       0.26       0          41.59      23         63         0          0          0.0812     2.1369     64         104        110        117        125        131        168       
1022       58200      58200      163.36     70.75      0.4331     38.41      0.21       0.20       0.26       0          41.59      23         63         0          0          0.0812     2.1369     64         104        110        117        125        131        168       
1023       58200      58200      163.36     70.38      0.4308     38.42      0.21       0.20       0.26       0          41.59      23         63         0          0          0.0812     2.1369     64         104        110        117        125        131        168       
1024       58200      58200      163.36     69.26      0.4240     38.36      0.22       0.20       0.26       0          41.59      23         63         0          0          0.0812     2.1369     64         104        110        117        125        131        168       
1025       58200      58200      163.36     71.11      0.4353     38.46      0.22       0.20       0.26       0          41.59      23         63         0          0          0.0812     2.1369     64         104        110        117        125        131        168       
1026       58200      58200      163.35     69.95      0.4282     38.43      0.22       0.20       0.26       0          41.59      23         63         0          0          0.0812     2.1369     64         104        110        117        125        131        168       
1027       58200      58200      163.36     71.70      0.4389     38.53      0.22       0.20       0.26       0          41.59      23         63         0          0          0.0812     2.1369     64         104        110        117        125        131        168       
1028       58200      58200      163.36     70.84      0.4337     38.48      0.21       0.21       0.26       0          41.59      23         63         0          0          0.0812     2.1369     64         104        110        117        125        131        168       
1029       58200      58200      163.35     70.86      0.4338     38.70      0.22       0.21       0.26       0          41.59      23         63         0          0          0.0812     2.1369     64         104        110        117        125        131        168       
1030       58200      58200      163.35     71.53      0.4379     38.74      0.22       0.21       0.26       0          41.59      23         63         0          0          0.0812     2.1369     64         104        110        117        125        131        168       
1031       58200      58200      163.35     71.19      0.4358     38.66      0.22       0.21       0.26       0          41.59      23         63         0          0          0.0812     2.1369     64         104        110        117        125        131        168       
1032       58200      58200      163.36     70.16      0.4295     38.61      0.22       0.21       0.26       0          41.59      23         63         0          0          0.0812     2.1369     64         104        110        117        125        131        168       
1033       58200      58200      163.35     70.18      0.4296     38.61      0.22       0.21       0.26       0          41.59      23         63         0          0          0.0812     2.1369     65         104        110        117        125        131        168       
1034       58200      58200      163.36     70.79      0.4333     38.48      0.22       0.20       0.26       0          41.59      23         63         0          0          0.0812     2.1369     65         104        110        117        125        131        168       
1035       58200      58200      163.36     70.97      0.4345     38.50      0.22       0.20       0.26       0          41.59      23         63         0          0          0.0812     2.1369     66         104        110        117        125        131        168       
1036       58200      58200      163.36     70.66      0.4326     38.62      0.22       0.21       0.26       0          41.59      23         63         0          0          0.0812     2.1369     66         104        110        117        125        131        168       
1037       58200      58200      163.35     70.73      0.4330     38.55      0.22       0.21       0.26       0          41.59      23         63         0          0          0.0812     2.1369     66         104        110        117        125        131        168       
1038       58200      58200      163.36     71.71      0.4390     38.60      0.22       0.21       0.26       0          41.59      23         63         0          0          0.0812     2.1369     66         104        110        117        125        131        168       
1039       58200      58200      163.36     71.34      0.4367     38.79      0.22       0.21       0.26       0          41.59      23         63         0          0          0.0812     2.1369     66         104        110        117        125        131        168       
1040       58200      58200      163.35     70.77      0.4333     38.79      0.22       0.21       0.26       0          41.59      23         63         0          0          0.0812     2.1369     66         104        110        117        125        131        168       
1041       58200      58200      163.35     69.60      0.4261     38.73      0.23       0.21       0.26       0          41.59      23         63         0          0          0.0812     2.1369     66         104        110        117        125        131        168       
1042       58200      58200      163.35     70.37      0.4308     38.46      0.22       0.20       0.26       0          41.59      23         63         0          0          0.0812     2.1369     66         104        110        117        125        131        168       
1043       58200      58200      163.36     70.10      0.4291     38.43      0.22       0.20       0.26       0          41.58      23         63         0          0          0.0812     2.1369     66         104        110        117        125        131        168       
1044       58200      58200      163.36     69.51      0.4255     38.43      0.22       0.20       0.26       0          41.58      23         63         0          0          0.0812     2.1369     66         104        110        117        125        131        168       
1045       58200      58200      163.36     70.13      0.4293     38.42      0.22       0.20       0.26       0          41.58      23         63         0          0          0.0812     2.1369     66         104        110        117        125        131        168       
1046       58200      58200      163.35     69.82      0.4274     38.32      0.22       0.20       0.26       0          41.58      23         63         0          0          0.0812     2.1369     66         104        110        117        125        131        168       
1047       58200      58200      163.36     70.44      0.4312     38.53      0.22       0.21       0.26       0          41.58      23         63         0          0          0.0812     2.1369     66         104        110        117        125        131        168       
1048       58200      58200      163.35     69.04      0.4226     38.43      0.22       0.20       0.26       0          41.58      23         63         0          0          0.0812     2.1369     66         104        110        117        125        131        168       
1049       58200      58200      163.36     69.81      0.4273     38.46      0.21       0.20       0.26       0          41.58      23         63         0          0          0.0812     2.1369     66         104        110        117        125        131        168       
1050       58200      58200      163.36     69.36      0.4246     38.32      0.22       0.20       0.26       0          41.58      23         63         0          0          0.0812     2.1369     66         104        110        117        125        131        168       
1051       58200      58200      163.36     70.02      0.4286     38.35      0.21       0.20       0.26       0          41.58      23         63         0          0          0.0812     2.1369     66         104        110        117        125        131        168       
1052       58200      58200      163.36     70.48      0.4314     38.26      0.21       0.20       0.26       0          41.58      23         63         0          0          0.0812     2.1369     66         104        110        117        125        131        168       
1053       58200      58200      163.36     70.74      0.4330     38.43      0.22       0.20       0.26       0          41.58      23         63         0          0          0.0812     2.1369     67         104        110        117        125        131        168       
1054       58200      58200      163.35     70.33      0.4306     38.52      0.22       0.20       0.26       0          41.58      23         63         0          0          0.0812     2.1369     67         104        110        117        125        131        168       
1055       58200      58200      163.36     71.38      0.4369     38.52      0.22       0.21       0.26       0          41.58      23         63         0          0          0.0812     2.1369     67         104        110        117        125        131        168       
1056       58200      58200      163.35     70.21      0.4298     38.55      0.22       0.20       0.26       0          41.58      23         63         0          0          0.0812     2.1369     67         104        110        117        125        131        168       
1057       58200      58200      163.37     70.06      0.4288     38.47      0.22       0.20       0.26       0          41.58      23         63         0          0          0.0812     2.1369     67         104        110        117        125        131        168       
1058       58200      58200      163.36     69.86      0.4277     38.34      0.21       0.20       0.26       0          41.58      23         63         0          0          0.0812     2.1369     67         104        110        117        125        131        168       
1059       58200      58200      163.35     71.27      0.4363     38.35      0.21       0.20       0.26       0          41.58      23         63         0          0          0.0812     2.1369     67         104        110        117        125        131        168       
1060       58200      58200      163.36     70.44      0.4312     38.43      0.21       0.20       0.26       0          41.58      23         63         0          0          0.0812     2.1369     67         104        110        117        125        131        168       
1061       58200      58200      163.36     70.63      0.4324     38.49      0.22       0.20       0.26       0          41.58      23         63         0          0          0.0812     2.1369     67         104        110        117        125        131        168       
1062       58200      58200      163.36     70.05      0.4288     38.47      0.22       0.20       0.26       0          41.58      23         63         0          0          0.0812     2.1369     67         104        110        117        125        131        168       
1063       58200      58200      163.36     70.14      0.4294     38.42      0.22       0.20       0.26       0          41.58      23         63         0          0          0.0812     2.1369     68         104        110        117        125        131        168       
1064       58200      58200      163.36     70.71      0.4328     38.44      0.22       0.20       0.26       0          41.58      23         63         0          0          0.0812     2.1369     68         104        110        117        125        131        168       
1065       58200      58200      163.35     70.39      0.4309     38.50      0.22       0.20       0.26       0          41.58      23         63         0          0          0.0812     2.1369     68         104        110        117        125        131        168       
1066       58200      58200      163.35     71.31      0.4365     38.53      0.22       0.21       0.26       0          41.58      23         63         0          0          0.0812     2.1369     68         104        110        117        125        131        168       
1067       58200      58200      163.35     70.33      0.4305     38.50      0.22       0.20       0.26       0          41.58      23         63         0          0          0.0812     2.1369     68         104        110        117        125        131        168       
1068       58200      58200      163.36     69.04      0.4226     38.38      0.22       0.20       0.26       0          41.58      23         63         0          0          0.0812     2.1369     68         104        110        117        125        131        168       
1069       58200      58200      163.35     70.36      0.4307     38.34      0.22       0.20       0.26       0          41.58      23         63         0          0          0.0812     2.1369     68         104        110        117        125        131        168       
1070       58200      58200      163.36     69.72      0.4268     38.30      0.22       0.20       0.26       0          41.58      23         63         0          0          0.0812     2.1369     68         104        110        117        125        131        168       
1071       58200      58200      163.36     69.44      0.4251     38.33      0.21       0.20       0.26       0          41.58      23         63         0          0          0.0812     2.1369     68         104        110        117        125        131        168       
1072       58200      58200      163.36     70.83      0.4336     38.44      0.22       0.20       0.26       0          41.58      23         63         0          0          0.0812     2.1369     68         104        110        117        125        131        168       
1073       58200      58200      163.36     70.82      0.4335     38.60      0.22       0.21       0.26       0          41.58      23         63         0          0          0.0812     2.1369     68         104        110        117        125        131        168       
1074       58200      58200      163.36     70.22      0.4299     38.56      0.22       0.21       0.26       0          41.58      23         63         0          0          0.0812     2.1369     68         104        110        117        125        131        168       
1075       58200      58200      163.36     69.73      0.4269     38.46      0.22       0.20       0.26       0          41.58      23         63         0          0          0.0812     2.1369     68         104        110        117        125        131        168       
1076       58200      58200      163.36     71.06      0.4350     38.43      0.21       0.20       0.26       0          41.58      23         63         0          0          0.0812     2.1369     68         104        110        117        125        131        168       
1077       58200      58200      163.36     70.91      0.4341     38.40      0.21       0.20       0.26       0          41.58      23         63         0          0          0.0812     2.1369     68         104        110        117        125        131        168       
1078       58200      58200      163.35     70.96      0.4344     38.49      0.22       0.20       0.26       0          41.58      23         63         0          0          0.0812     2.1369     68         104        110        117        125        131        168       
1079       58200      58200      163.36     70.18      0.4296     38.58      0.22       0.20       0.26       0          41.58      23         63         0          0          0.0812     2.1369     68         104        110        117        125        131        168       
1080       58200      58200      163.35     69.97      0.4283     38.53      0.22       0.20       0.26       0          41.58      23         63         0          0          0.0812     2.1369     68         104        110        117        125        131        168       
1081       58200      58200      163.36     69.91      0.4279     38.46      0.22       0.20       0.26       0          41.58      23         63         0          0          0.0812     2.1369     68         104        110        117        125        131        168       
1082       58200      58200      163.36     70.14      0.4293     38.41      0.21       0.20       0.26       0          41.58      23         63         0          0          0.0812     2.1369     68         104        110        117        125        131        168       
1083       58200      58200      163.36     69.48      0.4253     38.39      0.21       0.20       0.26       0          41.58      23         63         0          0          0.0812     2.1369     68         104        110        117        125        131        168       
1084       58200      58200      163.35     71.39      0.4370     38.34      0.21       0.20       0.26       0          41.58      23         63         0          0          0.0812     2.1369     68         104        110        117        125        131        168       
1085       58200      58200      163.36     71.11      0.4353     38.49      0.21       0.20       0.26       0          41.58      23         63         0          0          0.0812     2.1369     68         104        110        117        125        131        168       
1086       58200      58200      163.36     69.88      0.4278     38.60      0.22       0.21       0.26       0          41.58      23         63         0          0          0.0812     2.1369     68         104        110        117        125        131        168       
1087       58200      58200      163.36     70.97      0.4344     38.62      0.22       0.21       0.26       0          41.58      23         63         0          0          0.0812     2.1369     68         104        110        117        125        131        168       
1088       58200      58200      163.36     71.30      0.4365     38.53      0.22       0.20       0.26       0          41.58      23         63         0          0          0.0812     2.1369     68         104        110        117        125        131        168       
1089       58200      58200      163.35     70.47      0.4314     38.64      0.23       0.21       0.26       0          41.58      23         63         0          0          0.0812     2.1369     68         104        110        117        125        131        168       
1090       58200      58200      163.36     70.75      0.4331     38.60      0.22       0.21       0.26       0          41.58      23         63         0          0          0.0812     2.1369     68         104        110        117        125        131        168       
1091       58200      58200      163.36     71.37      0.4369     38.65      0.22       0.21       0.26       0          41.58      23         63         0          0          0.0812     2.1369     68         104        110        117        125        131        168       
1092       58200      58200      163.36     69.20      0.4236     38.51      0.22       0.20       0.26       0          41.58      23         63         0          0          0.0812     2.1369     68         104        110        117        125        131        168       
1093       58200      58200      163.35     71.17      0.4357     38.48      0.22       0.20       0.26       0          41.58      23         63         0          0          0.0812     2.1369     68         104        110        117        125        131        168       
1094       58200      58200      163.36     70.81      0.4335     38.59      0.21       0.20       0.26       0          41.58      23         63         0          0          0.0811     2.1369     68         104        110        117        125        131        168       
1095       58200      58200      163.35     69.47      0.4252     38.48      0.22       0.20       0.26       0          41.57      23         63         0          0          0.0811     2.1369     68         104        110        117        125        131        168       
1096       58200      58200      163.35     70.66      0.4326     38.55      0.22       0.20       0.26       0          41.57      23         63         0          0          0.0811     2.1369     68         104        110        117        125        131        168       
1097       58200      58200      163.36     70.82      0.4336     38.40      0.21       0.20       0.26       0          41.57      23         63         0          0          0.0811     2.1369     68         104        110        117        125        131        168       
1098       58200      58200      163.36     69.46      0.4252     38.34      0.22       0.20       0.26       0          41.57      23         63         0          0          0.0811     2.1369     68         104        110        117        125        131        168       
1099       58200      58200      163.35     69.33      0.4244     38.30      0.21       0.20       0.26       0          41.57      23         63         0          0          0.0811     2.1369     68         104        110        117        125        131        168       
1100       58200      58200      163.34     71.01      0.4347     38.34      0.21       0.20       0.26       0          41.57      23         63         0          0          0.0811     2.1369     68         104        110        117        125        131        168       
1101       58200      58200      163.35     69.39      0.4248     38.34      0.21       0.20       0.26       0          41.57      23         63         0          0          0.0811     2.1369     68         104        110        117        125        131        168       
1102       58200      58200      163.35     71.51      0.4377     38.41      0.22       0.20       0.26       0          41.57      23         63         0          0          0.0811     2.1369     68         104        110        117        125        131        168       
1103       58200      58200      163.35     70.13      0.4293     38.47      0.21       0.20       0.26       0          41.57      23         63         0          0          0.0811     2.1369     68         104        110        117        125        131        168       
1104       58200      58200      163.35     71.15      0.4356     38.50      0.22       0.20       0.26       0          41.57      23         63         0          0          0.0811     2.1369     68         104        110        117        125        131        168       
1105       58200      58200      163.36     70.03      0.4287     38.46      0.22       0.20       0.26       0          41.57      23         63         0          0          0.0811     2.1369     68         104        110        117        125        131        168       
1106       58200      58200      163.35     70.11      0.4292     38.51      0.22       0.20       0.26       0          41.57      23         63         0          0          0.0811     2.1369     68         104        110        117        125        131        168       
1107       58200      58200      163.36     69.71      0.4268     38.42      0.22       0.20       0.26       0          41.57      23         63         0          0          0.0811     2.1369     68         104        110        117        125        131        168       
1108       58200      58200      163.36     70.26      0.4301     38.38      0.22       0.20       0.26       0          41.57      23         63         0          0          0.0811     2.1369     68         104        110        117        125        131        168       
1109       58200      58200      163.37     69.71      0.4267     38.24      0.21       0.20       0.26       0          41.57      23         63         0          0          0.0811     2.1369     68         104        110        117        125        131        168       
1110       58200      58200      163.37     70.53      0.4317     38.40      0.22       0.20       0.26       0          41.57      23         63         0          0          0.0811     2.1369     68         104        110        117        125        131        168       
1111       58200      58200      163.35     70.12      0.4292     38.37      0.22       0.20       0.26       0          41.57      23         63         0          0          0.0811     2.1369     68         104        110        117        125        131        168       
1112       58200      58200      163.36     70.74      0.4330     38.52      0.22       0.20       0.26       0          41.57      23         63         0          0          0.0811     2.1369     68         104        110        117        125        131        168       
1113       58200      58200      163.35     69.96      0.4283     38.40      0.22       0.20       0.26       0          41.57      23         63         0          0          0.0811     2.1369     68         104        110        117        125        131        168       
1114       58200      58200      163.36     70.26      0.4301     38.34      0.22       0.20       0.26       0          41.57      23         63         0          0          0.0811     2.1369     68         104        110        117        125        131        168       
1115       58200      58200      163.35     70.34      0.4306     38.41      0.22       0.20       0.26       0          41.57      23         63         0          0          0.0811     2.1369     68         104        110        117        125        131        168       
1116       58200      58200      163.35     69.91      0.4279     38.41      0.22       0.20       0.26       0          41.57      23         63         0          0          0.0811     2.1369     68         104        110        117        125        131        168       
1117       58200      58200      163.36     69.09      0.4229     38.26      0.21       0.20       0.26       0          41.57      23         63         0          0          0.0811     2.1369     68         104        110        117        125        131        168       
1118       58200      58200      163.36     69.70      0.4267     38.22      0.21       0.20       0.26       0          41.57      23         63         0          0          0.0811     2.1369     68         104        110        117        125        131        168       
1119       58200      58200      163.35     69.43      0.4251     38.28      0.21       0.20       0.26       0          41.57      23         63         0          0          0.0811     2.1369     68         104        110        117        125        131        168       
1120       58200      58200      163.35     69.71      0.4268     38.27      0.21       0.20       0.26       0          41.57      23         63         0          0          0.0811     2.1368     69         104        110        117        125        131        168       
1121       58200      58200      163.35     69.42      0.4250     38.24      0.21       0.20       0.26       0          41.57      23         63         0          0          0.0811     2.1368     69         104        110        117        125        131        168       
1122       58200      58200      163.36     69.48      0.4253     38.35      0.21       0.20       0.26       0          41.57      23         63         0          0          0.0811     2.1368     69         104        110        117        125        131        168       
1123       58200      58200      163.35     69.66      0.4265     38.27      0.21       0.20       0.26       0          41.57      23         63         0          0          0.0811     2.1368     69         104        110        117        125        131        168       
1124       58200      58200      163.35     70.53      0.4318     38.29      0.21       0.20       0.26       0          41.57      23         63         0          0          0.0811     2.1368     69         104        110        117        125        131        168       
1125       58200      58200      163.36     69.71      0.4267     38.33      0.21       0.20       0.26       0          41.57      23         63         0          0          0.0811     2.1368     69         104        110        117        125        131        168       
1126       58200      58200      163.35     68.77      0.4210     38.21      0.22       0.20       0.26       0          41.57      23         63         0          0          0.0811     2.1368     69         104        110        117        125        131        168       
1127       58200      58200      163.35     69.27      0.4240     38.25      0.21       0.20       0.26       0          41.57      23         63         0          0          0.0811     2.1368     69         104        110        117        125        131        168       
1128       58200      58200      163.37     70.58      0.4320     38.23      0.21       0.20       0.26       0          41.57      23         63         0          0          0.0811     2.1368     69         104        110        117        125        131        168       
1129       58200      58200      163.35     69.75      0.4270     38.22      0.21       0.20       0.26       0          41.57      23         63         0          0          0.0811     2.1368     69         104        110        117        125        131        168       
1130       58200      58200      163.35     70.24      0.4300     38.26      0.22       0.20       0.26       0          41.57      23         63         0          0          0.0811     2.1368     69         104        110        117        125        131        168       
1131       58200      58200      163.36     70.64      0.4325     38.34      0.21       0.20       0.26       0          41.57      23         63         0          0          0.0811     2.1368     69         104        110        117        125        131        168       
1132       58200      58200      163.35     69.90      0.4279     38.48      0.22       0.20       0.26       0          41.57      23         63         0          0          0.0811     2.1368     69         104        110        117        125        131        168       
1133       58200      58200      163.35     69.77      0.4271     38.39      0.22       0.20       0.26       0          41.57      23         63         0          0          0.0811     2.1368     69         104        110        117        125        131        168       
1134       58200      58200      163.35     69.40      0.4248     38.24      0.22       0.20       0.26       0          41.57      23         63         0          0          0.0811     2.1368     69         104        110        117        125        131        168       
1135       58200      58200      163.35     68.96      0.4222     38.21      0.21       0.20       0.26       0          41.57      23         63         0          0          0.0811     2.1368     69         104        110        117        125        131        168       
1136       58200      58200      163.36     70.42      0.4310     38.13      0.21       0.20       0.26       0          41.57      23         63         0          0          0.0811     2.1368     69         104        110        117        125        131        168       
1137       58200      58200      163.36     70.15      0.4294     38.08      0.21       0.20       0.26       0          41.57      23         63         0          0          0.0811     2.1368     69         104        110        117        125        131        168       
1138       58200      58200      163.35     69.16      0.4234     38.30      0.21       0.20       0.26       0          41.57      23         63         0          0          0.0811     2.1368     69         104        110        117        125        131        168       
1139       58200      58200      163.36     70.28      0.4302     38.22      0.22       0.20       0.26       0          41.57      23         63         0          0          0.0811     2.1368     69         104        110        117        125        131        168       
1140       58200      58200      163.35     69.54      0.4257     38.36      0.21       0.20       0.26       0          41.57      23         63         0          0          0.0811     2.1367     69         104        110        117        125        131        168       
1141       58200      58200      163.35     69.38      0.4247     38.31      0.22       0.20       0.26       0          41.57      23         63         0          0          0.0811     2.1368     69         104        110        117        125        131        168       
1142       58200      58200      163.36     70.71      0.4329     38.30      0.21       0.20       0.26       0          41.57      23         63         0          0          0.0811     2.1368     69         104        110        117        125        131        168       
1143       58200      58200      163.35     69.83      0.4275     38.33      0.22       0.20       0.26       0          41.57      23         63         0          0          0.0811     2.1367     69         104        110        117        125        131        168       
1144       58200      58200      163.34     70.47      0.4314     38.34      0.22       0.20       0.26       0          41.57      23         63         0          0          0.0811     2.1367     69         104        110        117        125        131        168       
1145       58200      58200      163.35     69.93      0.4281     38.31      0.22       0.20       0.26       0          41.57      23         63         0          0          0.0811     2.1368     69         104        110        117        125        131        168       
1146       58200      58200      163.35     68.81      0.4212     38.31      0.22       0.20       0.26       0          41.57      23         63         0          0          0.0811     2.1368     69         104        110        117        125        131        168       
1147       58200      58200      163.35     70.84      0.4337     38.37      0.22       0.20       0.26       0          41.57      23         63         0          0          0.0811     2.1368     69         104        110        117        125        131        168       
1148       58200      58200      163.35     69.12      0.4231     38.29      0.22       0.20       0.26       0          41.57      23         63         0          0          0.0811     2.1368     69         104        110        117        125        131        168       
1149       58200      58200      163.36     70.19      0.4297     38.30      0.22       0.20       0.26       0          41.57      23         63         0          0          0.0811     2.1368     69         104        110        117        125        131        168       
1150       58200      58200      163.35     70.15      0.4294     38.40      0.21       0.20       0.26       0          41.57      23         63         0          0          0.0811     2.1368     69         104        110        117        125        131        168       
1151       58200      58200      163.35     70.59      0.4321     38.35      0.22       0.20       0.26       0          41.57      23         63         0          0          0.0811     2.1368     69         104        110        117        125        131        168       
1152       58200      58200      163.35     70.14      0.4294     38.47      0.22       0.20       0.26       0          41.57      23         63         0          0          0.0811     2.1368     69         104        110        117        125        131        168       
1153       58200      58200      163.35     70.21      0.4298     38.39      0.22       0.20       0.26       0          41.57      23         63         0          0          0.0811     2.1368     69         104        110        117        125        131        168       
1154       58200      58200      163.35     70.28      0.4303     38.39      0.22       0.20       0.26       0          41.57      23         63         0          0          0.0811     2.1368     69         104        110        117        125        131        168       
1155       58200      58200      163.35     70.93      0.4342     38.30      0.22       0.20       0.26       0          41.57      23         63         0          0          0.0811     2.1368     69         104        110        117        125        131        168       
1156       58200      58200      163.35     70.32      0.4305     38.38      0.21       0.20       0.26       0          41.57      23         63         0          0          0.0811     2.1368     69         104        110        117        125        131        168       
1157       58200      58200      163.36     69.81      0.4273     38.40      0.22       0.20       0.26       0          41.57      23         63         0          0          0.0811     2.1368     69         104        110        117        125        131        168       
1158       58200      58200      163.35     69.73      0.4269     38.29      0.21       0.20       0.26       0          41.57      23         63         0          0          0.0811     2.1368     69         104        110        117        125        131        168       
1159       58200      58200      163.35     70.07      0.4290     38.26      0.22       0.20       0.26       0          41.57      23         63         0          0          0.0811     2.1368     69         104        110        117        125        131        168       
1160       58200      58200      163.34     70.07      0.4290     38.39      0.22       0.20       0.26       0          41.57      23         63         0          0          0.0811     2.1368     69         104        110        117        125        131        168       
1161       58200      58200      163.35     70.65      0.4325     38.35      0.22       0.20       0.26       0          41.57      23         63         0          0          0.0811     2.1368     69         104        110        117        125        131        168       
1162       58200      58200      163.35     69.81      0.4274     38.45      0.22       0.20       0.26       0          41.57      23         63         0          0          0.0811     2.1368     69         104        110        117        125        131        168       
1163       58200      58200      163.35     69.65      0.4264     38.33      0.22       0.20       0.26       0          41.57      23         63         0          0          0.0811     2.1368     69         104        110        117        125        131        168       
1164       58200      58200      163.36     70.67      0.4326     38.32      0.21       0.20       0.26       0          41.57      23         63         0          0          0.0811     2.1368     69         104        110        117        125        131        168       
1165       58200      58200      163.35     69.38      0.4247     38.37      0.22       0.20       0.26       0          41.57      23         63         0          0          0.0811     2.1368     69         104        110        117        125        131        168       
1166       58200      58200      163.35     70.37      0.4308     38.26      0.21       0.20       0.26       0          41.57      23         63         0          0          0.0811     2.1368     69         104        110        117        125        131        168       
1167       58200      58200      163.35     70.99      0.4346     38.41      0.21       0.20       0.26       0          41.57      23         63         0          0          0.0811     2.1368     69         104        110        117        125        131        168       
1168       58200      58200      163.35     69.61      0.4262     38.41      0.22       0.20       0.26       0          41.57      23         63         0          0          0.0811     2.1368     69         104        110        117        125        131        168       
1169       58200      58200      163.35     69.28      0.4241     38.28      0.21       0.20       0.26       0          41.57      23         63         0          0          0.0811     2.1368     69         104        110        117        125        131        168       
1170       58200      58200      163.35     70.63      0.4324     38.24      0.21       0.20       0.26       0          41.57      23         63         0          0          0.0811     2.1368     69         104        110        117        125        131        168       
1171       58200      58200      163.34     69.42      0.4250     38.28      0.21       0.20       0.26       0          41.57      23         63         0          0          0.0811     2.1368     69         104        110        117        125        131        168       
1172       58200      58200      163.35     70.47      0.4314     38.32      0.21       0.20       0.26       0          41.57      23         63         0          0          0.0811     2.1368     69         104        110        117        125        131        168       
1173       58200      58200      163.35     69.33      0.4244     38.28      0.22       0.20       0.26       0          41.56      23         63         0          0          0.0811     2.1368     69         104        110        117        125        131        168       
1174       58200      58200      163.35     70.69      0.4328     38.23      0.21       0.20       0.26       0          41.56      23         63         0          0          0.0811     2.1368     69         104        110        117        125        131        168       
1175       58200      58200      163.36     69.41      0.4249     38.34      0.21       0.20       0.26       0          41.56      23         63         0          0          0.0811     2.1368     69         104        110        117        125        131        168       
1176       58200      58200      163.35     70.52      0.4317     38.33      0.22       0.20       0.26       0          41.56      23         63         0          0          0.0811     2.1368     69         104        110        117        125        131        168       
1177       58200      58200      163.35     69.34      0.4245     38.39      0.21       0.20       0.26       0          41.56      23         63         0          0          0.0811     2.1368     69         104        110        117        125        131        168       
1178       58200      58200      163.35     70.21      0.4298     38.40      0.22       0.20       0.26       0          41.56      23         63         0          0          0.0811     2.1368     69         104        110        117        125        131        168       
1179       58200      58200      163.35     70.88      0.4339     38.35      0.22       0.20       0.26       0          41.56      23         63         0          0          0.0811     2.1368     69         104        110        117        125        131        168       
1180       58200      58200      163.36     70.08      0.4290     38.39      0.22       0.20       0.26       0          41.56      23         63         0          0          0.0811     2.1368     69         104        110        117        125        131        168       
1181       58200      58200      163.35     70.51      0.4317     38.45      0.22       0.20       0.26       0          41.56      23         63         0          0          0.0811     2.1368     69         104        110        117        125        131        168       
1182       58200      58200      163.34     68.94      0.4221     38.37      0.22       0.20       0.26       0          41.56      23         63         0          0          0.0811     2.1368     69         104        110        117        125        131        168       
1183       58200      58200      163.35     69.81      0.4274     38.42      0.22       0.20       0.26       0          41.56      23         63         0          0          0.0811     2.1368     69         104        110        117        125        131        168       
1184       58200      58200      163.35     71.08      0.4351     38.27      0.21       0.20       0.26       0          41.56      23         63         0          0          0.0811     2.1368     69         104        110        117        125        131        168       
1185       58200      58200      163.36     70.29      0.4303     38.33      0.21       0.20       0.26       0          41.56      23         63         0          0          0.0811     2.1368     69         104        110        117        125        131        168       
1186       58200      58200      163.34     70.38      0.4308     38.27      0.21       0.20       0.26       0          41.56      23         63         0          0          0.0811     2.1368     69         104        110        117        125        131        168       
1187       58200      58200      163.35     69.50      0.4255     38.37      0.21       0.20       0.26       0          41.56      23         63         0          0          0.0811     2.1368     69         104        110        117        125        131        168       
1188       58200      58200      163.35     69.55      0.4258     38.26      0.22       0.20       0.26       0          41.56      23         63         0          0          0.0811     2.1368     69         104        110        117        125        131        168       
1189       58200      58200      163.36     70.55      0.4318     38.28      0.21       0.20       0.26       0          41.56      23         63         0          0          0.0811     2.1368     69         104        110        117        125        131        168       
1190       58200      58200      163.35     69.55      0.4258     38.12      0.21       0.20       0.26       0          41.56      23         63         0          0          0.0811     2.1368     69         104        110        117        125        131        168       
1191       58200      58200      163.35     68.94      0.4220     38.23      0.22       0.20       0.26       0          41.56      23         63         0          0          0.0811     2.1368     69         104        110        117        125        131        168       
1192       58200      58200      163.35     69.26      0.4240     38.06      0.22       0.20       0.26       0          41.56      23         63         0          0          0.0811     2.1368     69         104        110        117        125        131        168       
1193       58200      58200      163.35     69.91      0.4279     38.22      0.22       0.20       0.26       0          41.56      23         63         0          0          0.0811     2.1368     69         104        110        117        125        131        168       
1194       58200      58200      163.35     71.07      0.4351     38.29      0.21       0.20       0.26       0          41.56      23         63         0          0          0.0811     2.1368     69         104        110        117        125        131        168       
1195       58200      58200      163.35     69.03      0.4226     38.21      0.22       0.20       0.26       0          41.56      23         63         0          0          0.0811     2.1368     69         104        110        117        125        131        168       
1196       58200      58200      163.35     70.20      0.4297     38.23      0.22       0.20       0.26       0          41.56      23         63         0          0          0.0811     2.1368     69         104        110        117        125        131        168       
1197       58200      58200      163.35     69.85      0.4276     38.24      0.22       0.20       0.26       0          41.56      23         63         0          0          0.0811     2.1368     69         104        110        117        125        131        168       
1198       58200      58200      163.36     68.61      0.4200     38.17      0.21       0.20       0.26       0          41.56      23         63         0          0          0.0811     2.1368     69         104        110        117        125        131        168       
1199       58200      58200      163.35     70.44      0.4312     38.06      0.21       0.20       0.26       0          41.56      23         63         0          0          0.0811     2.1368     70         104        110        117        125        131        168       
1200       58200      58200      163.35     69.13      0.4232     38.17      0.21       0.20       0.26       0          41.56      23         63         0          0          0.0811     2.1368     70         104        110        117        125        131        168       
1201       58200      58200      163.35     69.15      0.4233     38.19      0.21       0.20       0.26       0          41.56      23         63         0          0          0.0811     2.1368     70         104        110        117        125        131        168       
1202       58200      58200      163.36     70.64      0.4324     38.25      0.21       0.20       0.26       0          41.56      23         63         0          0          0.0811     2.1368     70         104        110        117        125        131        168       
1203       58200      58200      163.35     70.00      0.4286     38.30      0.22       0.20       0.26       0          41.56      23         63         0          0          0.0811     2.1368     70         104        110        117        125        131        168       
1204       58200      58200      163.35     70.47      0.4314     38.37      0.21       0.20       0.26       0          41.56      23         63         0          0          0.0811     2.1368     70         104        110        117        125        131        168       
1205       58200      58200      163.35     69.54      0.4257     38.37      0.21       0.20       0.26       0          41.56      23         63         0          0          0.0811     2.1368     70         104        110        117        125        131        168       
1206       58200      58200      163.35     70.14      0.4294     38.31      0.21       0.20       0.26       0          41.56      23         63         0          0          0.0811     2.1367     70         104        110        117        125        131        168       
1207       58200      58200      163.35     69.01      0.4225     38.24      0.21       0.20       0.26       0          41.56      23         63         0          0          0.0811     2.1367     70         104        110        117        125        131        168       
1208       58200      58200      163.35     70.77      0.4332     38.27      0.21       0.20       0.26       0          41.56      23         63         0          0          0.0811     2.1367     70         104        110        117        125        131        168       
1209       58200      58200      163.35     69.78      0.4272     38.25      0.21       0.20       0.26       0          41.56      23         63         0          0          0.0811     2.1367     70         104        110        117        125        131        168       
1210       58200      58200      163.35     70.28      0.4303     38.36      0.22       0.20       0.26       0          41.56      23         63         0          0          0.0811     2.1367     70         104        110        117        125        131        168       
1211       58200      58200      163.36     69.38      0.4247     38.38      0.22       0.20       0.26       0          41.56      23         63         0          0          0.0811     2.1367     70         104        110        117        125        131        168       
1212       58200      58200      163.35     69.30      0.4242     38.35      0.21       0.20       0.26       0          41.56      23         63         0          0          0.0811     2.1367     70         104        110        117        125        131        168       
1213       58200      58200      163.36     69.69      0.4266     38.28      0.21       0.20       0.26       0          41.56      23         63         0          0          0.0811     2.1367     70         104        110        117        125        131        168       
1214       58200      58200      163.36     70.51      0.4316     38.35      0.21       0.20       0.26       0          41.56      23         63         0          0          0.0811     2.1367     70         104        110        117        125        131        168       
1215       58200      58200      163.35     69.30      0.4242     38.26      0.21       0.20       0.26       0          41.56      23         63         0          0          0.0811     2.1367     70         104        110        117        125        131        168       
1216       58200      58200      163.35     69.97      0.4283     38.33      0.21       0.20       0.26       0          41.56      23         63         0          0          0.0811     2.1367     70         104        110        117        125        131        168       
1217       58200      58200      163.35     70.14      0.4294     38.35      0.21       0.20       0.26       0          41.56      23         63         0          0          0.0811     2.1367     70         104        110        117        125        131        168       
1218       58200      58200      163.35     70.61      0.4322     38.40      0.21       0.20       0.26       0          41.56      23         63         0          0          0.0811     2.1367     70         104        110        117        125        131        168       
1219       58200      58200      163.35     69.17      0.4235     38.43      0.22       0.20       0.26       0          41.56      23         63         0          0          0.0811     2.1367     70         104        110        117        125        131        168       
1220       58200      58200      163.36     69.48      0.4253     38.19      0.21       0.20       0.26       0          41.56      23         63         0          0          0.0811     2.1367     70         104        110        117        125        131        168       
1221       58200      58200      163.35     70.38      0.4309     38.21      0.21       0.20       0.26       0          41.56      23         63         0          0          0.0811     2.1367     70         104        110        117        125        131        168       
1222       58200      58200      163.35     70.18      0.4296     38.36      0.21       0.20       0.26       0          41.56      23         63         0          0          0.0811     2.1367     70         104        110        117        125        131        168       
1223       58200      58200      163.36     69.63      0.4263     38.33      0.21       0.20       0.26       0          41.56      23         63         0          0          0.0811     2.1367     70         104        110        117        125        131        168       
1224       58200      58200      163.35     69.99      0.4285     38.30      0.21       0.20       0.26       0          41.56      23         63         0          0          0.0811     2.1368     70         104        110        117        125        131        168       
1225       58200      58200      163.35     70.32      0.4305     38.31      0.22       0.20       0.26       0          41.56      23         63         0          0          0.0811     2.1368     70         104        110        117        125        131        168       
1226       58200      58200      163.34     69.59      0.4261     38.22      0.22       0.20       0.26       0          41.56      23         63         0          0          0.0811     2.1368     70         104        110        117        125        131        168       
1227       58200      58200      163.36     70.94      0.4343     38.27      0.22       0.20       0.26       0          41.56      23         63         0          0          0.0811     2.1368     70         104        110        117        125        131        168       
1228       58200      58200      163.35     69.27      0.4241     38.20      0.21       0.20       0.26       0          41.56      23         63         0          0          0.0811     2.1368     70         104        110        117        125        131        168       
1229       58200      58200      163.35     69.33      0.4244     38.19      0.21       0.20       0.26       0          41.56      23         63         0          0          0.0811     2.1368     70         104        110        117        125        131        168       
1230       58200      58200      163.36     69.30      0.4242     38.19      0.21       0.20       0.26       0          41.56      23         63         0          0          0.0811     2.1368     70         104        110        117        125        131        168       
1231       58200      58200      163.34     69.67      0.4265     38.28      0.21       0.20       0.26       0          41.56      23         63         0          0          0.0811     2.1368     70         104        110        117        125        131        168       
1232       58200      58200      163.36     69.64      0.4263     38.28      0.21       0.20       0.26       0          41.56      23         63         0          0          0.0811     2.1368     70         104        110        117        125        131        168       
1233       58200      58200      163.35     69.96      0.4282     38.16      0.21       0.20       0.26       0          41.56      23         63         0          0          0.0811     2.1368     70         104        110        117        125        131        168       
1234       58200      58200      163.35     70.39      0.4309     38.33      0.21       0.20       0.26       0          41.56      23         63         0          0          0.0811     2.1368     70         104        110        117        125        131        168       
1235       58200      58200      163.35     71.05      0.4349     38.37      0.22       0.20       0.26       0          41.56      23         63         0          0          0.0811     2.1367     70         104        110        117        125        131        168       
1236       58200      58200      163.36     69.89      0.4278     38.46      0.22       0.20       0.26       0          41.56      23         63         0          0          0.0811     2.1367     70         104        110        117        125        131        168       
1237       58200      58200      163.35     70.45      0.4313     38.53      0.22       0.20       0.26       0          41.56      23         63         0          0          0.0811     2.1367     70         104        110        117        125        131        168       
1238       58200      58200      163.35     69.23      0.4238     38.38      0.21       0.20       0.26       0          41.56      23         63         0          0          0.0811     2.1367     70         104        110        117        125        131        168       
1239       58200      58200      163.34     68.97      0.4222     38.16      0.21       0.20       0.26       0          41.56      23         63         0          0          0.0811     2.1367     70         104        110        117        125        131        168       
1240       58200      58200      163.35     69.63      0.4262     38.10      0.21       0.20       0.26       0          41.56      23         63         0          0          0.0811     2.1367     70         104        110        117        125        131        168       
1241       58200      58200      163.34     70.45      0.4313     38.11      0.21       0.20       0.26       0          41.56      23         63         0          0          0.0811     2.1367     70         104        110        117        125        131        168       
1242       58200      58200      163.35     69.85      0.4276     38.15      0.21       0.20       0.26       0          41.56      23         63         0          0          0.0811     2.1367     70         104        110        117        125        131        168       
1243       58200      58200      163.35     69.33      0.4244     38.20      0.21       0.20       0.26       0          41.56      23         63         0          0          0.0811     2.1367     70         104        110        117        125        131        168       
1244       58200      58200      163.35     70.94      0.4343     38.28      0.22       0.20       0.26       0          41.56      23         63         0          0          0.0811     2.1367     70         104        110        117        125        131        168       
1245       58200      58200      163.35     70.38      0.4309     38.37      0.21       0.20       0.26       0          41.56      23         63         0          0          0.0811     2.1367     70         104        110        117        125        131        168       
1246       58200      58200      163.35     69.31      0.4243     38.40      0.22       0.20       0.26       0          41.56      23         63         0          0          0.0811     2.1367     71         104        110        117        125        131        168       
1247       58200      58200      163.36     71.01      0.4347     38.29      0.21       0.20       0.26       0          41.56      23         63         0          0          0.0811     2.1367     71         104        110        117        125        131        168       
1248       58200      58200      163.35     70.03      0.4287     38.29      0.21       0.20       0.26       0          41.56      23         63         0          0          0.0811     2.1367     71         104        110        117        125        131        168       
1249       58200      58200      163.35     69.34      0.4245     38.26      0.21       0.20       0.26       0          41.56      23         63         0          0          0.0811     2.1367     71         104        110        117        125        131        168       
1250       58200      58200      163.35     70.96      0.4344     38.26      0.22       0.20       0.26       0          41.56      23         63         0          0          0.0811     2.1367     71         104        110        117        125        131        168       
1251       58200      58200      163.35     70.10      0.4292     38.40      0.22       0.20       0.26       0          41.56      23         63         0          0          0.0811     2.1367     72         104        110        117        125        131        168       
1252       58200      58200      163.35     69.70      0.4267     38.32      0.21       0.20       0.26       0          41.56      23         63         0          0          0.0811     2.1367     72         104        110        117        125        131        168       
1253       58200      58200      163.34     70.03      0.4287     38.34      0.22       0.20       0.26       0          41.56      23         63         0          0          0.0811     2.1367     72         104        110        117        125        131        168       
1254       58200      58200      163.35     70.32      0.4305     38.34      0.22       0.20       0.26       0          41.56      23         63         0          0          0.0811     2.1367     72         104        110        117        125        131        168       
1255       58200      58200      163.35     69.65      0.4264     38.37      0.22       0.20       0.26       0          41.56      23         63         0          0          0.0811     2.1367     72         104        110        117        125        131        168       
1256       58200      58200      163.35     70.72      0.4329     38.27      0.21       0.20       0.26       0          41.56      23         63         0          0          0.0811     2.1367     72         104        110        117        125        131        168       
1257       58200      58200      163.35     69.85      0.4276     38.27      0.22       0.20       0.26       0          41.56      23         63         0          0          0.0811     2.1367     72         104        110        117        125        131        168       
1258       58200      58200      163.36     69.39      0.4247     38.17      0.22       0.20       0.26       0          41.56      23         63         0          0          0.0811     2.1367     72         104        110        117        125        131        168       
1259       58200      58200      163.36     70.35      0.4306     38.27      0.22       0.20       0.26       0          41.56      23         63         0          0          0.0811     2.1367     72         104        110        117        125        131        168       
1260       58200      58200      163.35     69.89      0.4279     38.30      0.22       0.20       0.26       0          41.56      23         63         0          0          0.0811     2.1367     72         104        110        117        125        131        168       
1261       58200      58200      163.35     69.77      0.4271     38.16      0.22       0.20       0.26       0          41.56      23         63         0          0          0.0811     2.1367     72         104        110        117        125        131        168       
1262       58200      58200      163.36     69.07      0.4228     38.16      0.22       0.20       0.26       0          41.56      23         63         0          0          0.0811     2.1367     72         104        110        117        125        131        168       
1263       58200      58200      163.35     69.71      0.4267     38.12      0.22       0.20       0.26       0          41.56      23         63         0          0          0.0811     2.1367     72         104        110        117        125        131        168       
1264       58200      58200      163.35     70.20      0.4297     38.23      0.22       0.20       0.26       0          41.56      23         63         0          0          0.0811     2.1367     72         104        110        117        125        131        168       
1265       58200      58200      163.35     68.13      0.4171     38.16      0.22       0.20       0.26       0          41.56      23         63         0          0          0.0811     2.1367     72         104        110        117        125        131        168       
1266       58200      58200      163.35     70.55      0.4319     38.12      0.21       0.20       0.26       0          41.56      23         63         0          0          0.0811     2.1367     72         104        110        117        125        131        168       
1267       58200      58200      163.35     69.01      0.4224     38.16      0.21       0.20       0.26       0          41.56      23         63         0          0          0.0811     2.1367     72         104        110        117        125        131        168       
1268       58200      58200      163.36     69.29      0.4241     38.15      0.21       0.20       0.26       0          41.56      23         63         0          0          0.0811     2.1367     72         104        110        117        125        131        168       
1269       58200      58200      163.35     69.76      0.4271     38.09      0.21       0.20       0.26       0          41.56      23         63         0          0          0.0811     2.1367     72         104        110        117        125        131        168       
1270       58200      58200      163.35     69.92      0.4280     38.20      0.21       0.20       0.26       0          41.56      23         63         0          0          0.0811     2.1367     72         104        110        117        125        131        168       
1271       58200      58200      163.36     70.13      0.4293     38.20      0.21       0.20       0.26       0          41.56      23         63         0          0          0.0811     2.1367     72         104        110        117        125        131        168       
1272       58200      58200      163.36     69.72      0.4268     38.29      0.21       0.20       0.26       0          41.56      23         63         0          0          0.0811     2.1367     72         104        110        117        125        131        168       
1273       58200      58200      163.35     69.59      0.4260     38.23      0.21       0.20       0.26       0          41.56      23         63         0          0          0.0811     2.1367     72         104        110        117        125        131        168       
1274       58200      58200      163.35     69.92      0.4280     38.13      0.21       0.20       0.26       0          41.56      23         63         0          0          0.0811     2.1367     72         104        110        117        125        131        168       
1275       58200      58200      163.34     69.23      0.4239     38.17      0.21       0.20       0.26       0          41.56      23         63         0          0          0.0811     2.1367     73         104        110        117        125        131        168       
1276       58200      58200      163.36     69.60      0.4261     38.13      0.21       0.20       0.26       0          41.56      23         63         0          0          0.0811     2.1367     73         104        110        117        125        131        168       
1277       58200      58200      163.35     70.07      0.4289     38.22      0.21       0.20       0.26       0          41.56      23         63         0          0          0.0811     2.1367     73         104        110        117        125        131        168       
1278       58200      58200      163.35     69.76      0.4270     38.34      0.21       0.20       0.26       0          41.56      23         63         0          0          0.0811     2.1367     73         104        110        117        125        131        168       
1279       58200      58200      163.35     70.04      0.4288     38.30      0.22       0.20       0.26       0          41.56      23         63         0          0          0.0811     2.1367     73         104        110        117        125        131        168       
1280       58200      58200      163.35     69.85      0.4276     38.18      0.21       0.20       0.26       0          41.56      23         63         0          0          0.0811     2.1367     73         104        110        117        125        131        168       
1281       58200      58200      163.34     70.47      0.4314     38.08      0.21       0.20       0.26       0          41.56      23         63         0          0          0.0811     2.1367     73         104        110        117        125        131        168       
1282       58200      58200      163.36     69.84      0.4275     38.19      0.22       0.20       0.26       0          41.56      23         63         0          0          0.0811     2.1367     73         104        110        117        125        131        168       
1283       58200      58200      163.35     69.15      0.4233     38.29      0.21       0.20       0.26       0          41.56      23         63         0          0          0.0811     2.1367     73         104        110        117        125        131        168       
1284       58200      58200      163.35     69.27      0.4241     38.22      0.21       0.20       0.26       0          41.56      23         63         0          0          0.0811     2.1367     73         104        110        117        125        131        168       
1285       58200      58200      163.35     69.97      0.4283     38.17      0.22       0.20       0.26       0          41.56      23         63         0          0          0.0811     2.1367     73         104        110        117        125        131        168       
1286       58200      58200      163.35     71.02      0.4348     38.21      0.21       0.20       0.26       0          41.56      23         63         0          0          0.0811     2.1367     73         104        110        117        125        131        168       
1287       58200      58200      163.35     69.72      0.4268     38.26      0.21       0.20       0.26       0          41.56      23         63         0          0          0.0811     2.1367     73         104        110        117        125        131        168       
1288       58200      58200      163.35     69.11      0.4231     38.20      0.22       0.20       0.26       0          41.56      23         63         0          0          0.0811     2.1367     73         104        110        117        125        131        168       
1289       58200      58200      163.36     70.35      0.4306     38.20      0.21       0.20       0.26       0          41.56      23         63         0          0          0.0811     2.1367     73         104        110        117        125        131        168       
1290       58200      58200      163.36     70.40      0.4310     38.29      0.21       0.20       0.26       0          41.56      23         63         0          0          0.0811     2.1367     73         104        110        117        125        131        168       
1291       58200      58200      163.35     69.88      0.4278     38.20      0.21       0.20       0.26       0          41.56      23         63         0          0          0.0811     2.1367     73         104        110        117        125        131        168       
1292       58200      58200      163.35     70.27      0.4302     38.15      0.21       0.20       0.26       0          41.56      23         63         0          0          0.0811     2.1367     73         104        110        117        125        131        168       
1293       58200      58200      163.35     70.55      0.4319     38.22      0.21       0.20       0.26       0          41.56      23         63         0          0          0.0811     2.1367     73         104        110        117        125        131        168       
1294       58200      58200      163.34     70.23      0.4300     38.27      0.21       0.20       0.26       0          41.56      23         63         0          0          0.0811     2.1367     73         104        110        117        125        131        168       
1295       58200      58200      163.35     70.29      0.4303     38.37      0.22       0.20       0.26       0          41.56      23         63         0          0          0.0811     2.1367     73         104        110        117        125        131        168       
1296       58200      58200      163.35     69.99      0.4284     38.29      0.21       0.20       0.26       0          41.56      23         63         0          0          0.0811     2.1367     73         104        110        117        125        131        168       
1297       58200      58200      163.35     70.48      0.4315     38.25      0.22       0.20       0.26       0          41.56      23         63         0          0          0.0811     2.1367     73         104        110        117        125        131        168       
1298       58200      58200      163.34     70.15      0.4294     38.29      0.22       0.20       0.26       0          41.56      23         63         0          0          0.0811     2.1367     73         104        110        117        125        131        168       
1299       58200      58200      163.35     69.06      0.4228     38.26      0.22       0.20       0.26       0          41.56      23         63         0          0          0.0811     2.1367     73         104        110        117        125        131        168       
1300       58200      58200      163.34     69.57      0.4259     38.20      0.22       0.20       0.26       0          41.56      23         63         0          0          0.0811     2.1367     73         104        110        117        125        131        168       
1301       58200      58200      163.36     71.31      0.4365     38.21      0.22       0.20       0.26       0          41.56      23         63         0          0          0.0811     2.1367     73         104        110        117        125        131        168       
1302       58200      58200      163.36     69.47      0.4253     38.31      0.22       0.20       0.26       0          41.56      23         63         0          0          0.0811     2.1367     73         104        110        117        125        131        168       
1303       58200      58200      163.36     70.94      0.4342     38.33      0.22       0.20       0.26       0          41.56      23         63         0          0          0.0811     2.1367     73         104        110        117        125        131        168       
1304       58200      58200      163.34     69.99      0.4285     38.31      0.22       0.20       0.26       0          41.55      23         63         0          0          0.0811     2.1367     73         104        110        117        125        131        168       
1305       58200      58200      163.34     69.66      0.4265     38.20      0.21       0.20       0.26       0          41.55      23         63         0          0          0.0811     2.1367     73         104        110        117        125        131        168       
1306       58200      58200      163.35     70.04      0.4288     38.20      0.21       0.20       0.26       0          41.55      23         63         0          0          0.0811     2.1367     73         104        110        117        125        131        168       
1307       58200      58200      163.36     69.19      0.4236     38.08      0.21       0.20       0.26       0          41.55      23         63         0          0          0.0811     2.1367     73         104        110        117        125        131        168       
1308       58200      58200      163.35     69.23      0.4238     38.14      0.21       0.20       0.26       0          41.55      23         63         0          0          0.0811     2.1367     73         104        110        117        125        131        168       
1309       58200      58200      163.36     69.18      0.4235     38.06      0.21       0.20       0.26       0          41.55      23         63         0          0          0.0811     2.1367     74         104        110        117        125        131        168       
1310       58200      58200      163.36     69.75      0.4270     38.16      0.21       0.20       0.26       0          41.55      23         63         0          0          0.0811     2.1367     74         104        110        117        125        131        168       
1311       58200      58200      163.35     70.01      0.4286     38.15      0.21       0.20       0.26       0          41.55      23         63         0          0          0.0811     2.1367     74         104        110        117        125        131        168       
1312       58200      58200      163.35     70.09      0.4291     38.22      0.21       0.20       0.26       0          41.55      23         63         0          0          0.0811     2.1367     74         104        110        117        125        131        168       
1313       58200      58200      163.35     70.96      0.4344     38.39      0.22       0.20       0.26       0          41.55      23         63         0          0          0.0811     2.1367     74         104        110        117        125        131        168       
1314       58200      58200      163.36     70.41      0.4310     38.44      0.21       0.20       0.26       0          41.55      23         63         0          0          0.0811     2.1367     74         104        110        117        125        131        168       
1315       58200      58200      163.35     69.40      0.4248     38.29      0.21       0.20       0.26       0          41.55      23         63         0          0          0.0811     2.1367     74         104        110        117        125        131        168       
1316       58200      58200      163.35     71.17      0.4357     38.44      0.22       0.20       0.26       0          41.55      23         63         0          0          0.0811     2.1367     74         104        110        117        125        131        168       
1317       58200      58200      163.35     70.80      0.4334     38.44      0.22       0.20       0.26       0          41.55      23         63         0          0          0.0811     2.1367     74         104        110        117        125        131        168       
1318       58200      58200      163.35     71.04      0.4349     38.41      0.22       0.20       0.26       0          41.55      23         63         0          0          0.0811     2.1367     74         104        110        117        125        131        168       
1319       58200      58200      163.35     69.35      0.4245     38.41      0.22       0.20       0.26       0          41.55      23         63         0          0          0.0811     2.1367     74         104        110        117        125        131        168       
1320       58200      58200      163.35     69.71      0.4267     38.22      0.21       0.20       0.26       0          41.55      23         63         0          0          0.0811     2.1367     74         104        110        117        125        131        168       
1321       58200      58200      163.36     68.69      0.4205     38.09      0.21       0.20       0.26       0          41.55      23         63         0          0          0.0811     2.1367     74         104        110        117        125        131        168       
1322       58200      58200      163.35     70.33      0.4305     38.17      0.21       0.20       0.26       0          41.55      23         63         0          0          0.0811     2.1367     74         104        110        117        125        131        168       
1323       58200      58200      163.36     69.14      0.4232     38.06      0.21       0.20       0.26       0          41.55      23         63         0          0          0.0811     2.1367     74         104        110        117        125        131        168       
1324       58200      58200      163.35     69.27      0.4240     38.11      0.21       0.20       0.26       0          41.55      23         63         0          0          0.0811     2.1367     74         104        110        117        125        131        168       
1325       58200      58200      163.36     69.99      0.4284     38.11      0.21       0.20       0.26       0          41.55      23         63         0          0          0.0811     2.1367     74         104        110        117        125        131        168       
1326       58200      58200      163.35     70.52      0.4317     38.29      0.22       0.20       0.26       0          41.55      23         63         0          0          0.0811     2.1367     74         104        110        117        125        131        168       
1327       58200      58200      163.34     69.49      0.4254     38.18      0.21       0.20       0.26       0          41.55      23         63         0          0          0.0811     2.1367     74         104        110        117        125        131        168       
1328       58200      58200      163.35     69.73      0.4269     38.17      0.21       0.20       0.26       0          41.55      23         63         0          0          0.0811     2.1367     74         104        110        117        125        131        168       
1329       58200      58200      163.34     70.64      0.4325     38.20      0.21       0.20       0.26       0          41.55      23         63         0          0          0.0811     2.1367     74         104        110        117        125        131        168       
1330       58200      58200      163.36     71.24      0.4361     38.31      0.21       0.20       0.26       0          41.55      23         63         0          0          0.0811     2.1367     74         104        110        117        125        131        168       
1331       58200      58200      163.35     69.93      0.4281     38.35      0.21       0.20       0.26       0          41.55      23         63         0          0          0.0811     2.1367     74         104        110        117        125        131        168       
1332       58200      58200      163.35     69.68      0.4266     38.24      0.22       0.20       0.26       0          41.55      23         63         0          0          0.0811     2.1367     74         104        110        117        125        131        168       
1333       58200      58200      163.35     68.40      0.4187     38.14      0.22       0.20       0.26       0          41.55      23         63         0          0          0.0811     2.1367     74         104        110        117        125        131        168       
1334       58200      58200      163.36     69.50      0.4254     38.15      0.21       0.20       0.26       0          41.55      23         63         0          0          0.0811     2.1367     74         104        110        117        125        131        168       
1335       58200      58200      163.35     69.26      0.4240     38.01      0.21       0.20       0.26       0          41.55      23         63         0          0          0.0811     2.1367     74         104        110        117        125        131        168       
1336       58200      58200      163.36     69.53      0.4256     38.12      0.21       0.20       0.26       0          41.55      23         63         0          0          0.0811     2.1367     74         104        110        117        125        131        168       
1337       58200      58200      163.35     70.35      0.4307     38.09      0.20       0.20       0.26       0          41.55      23         63         0          0          0.0811     2.1367     74         104        110        117        125        131        168       
1338       58200      58200      163.35     69.16      0.4234     38.06      0.20       0.20       0.26       0          41.55      23         63         0          0          0.0811     2.1367     74         104        110        117        125        131        168       
1339       58200      58200      163.34     69.34      0.4245     38.20      0.21       0.20       0.26       0          41.55      23         63         0          0          0.0811     2.1367     74         104        110        117        125        131        168       
1340       58200      58200      163.34     68.76      0.4209     38.13      0.21       0.20       0.26       0          41.55      23         63         0          0          0.0811     2.1367     74         104        110        117        125        131        168       
1341       58200      58200      163.35     69.65      0.4264     38.06      0.21       0.20       0.26       0          41.55      23         63         0          0          0.0811     2.1367     74         104        110        117        125        131        168       
1342       58200      58200      163.36     69.44      0.4251     38.10      0.21       0.20       0.26       0          41.55      23         63         0          0          0.0811     2.1367     74         104        110        117        125        131        168       
1343       58200      58200      163.36     70.13      0.4293     38.07      0.21       0.20       0.26       0          41.55      23         63         0          0          0.0811     2.1367     74         104        110        117        125        131        168       
1344       58200      58200      163.36     70.14      0.4294     38.11      0.21       0.20       0.26       0          41.55      23         63         0          0          0.0811     2.1367     74         104        110        117        125        131        168       
1345       58200      58200      163.36     69.95      0.4282     38.29      0.22       0.20       0.26       0          41.55      23         63         0          0          0.0811     2.1367     74         104        110        117        125        131        168       
1346       58200      58200      163.36     69.50      0.4255     38.23      0.21       0.20       0.26       0          41.55      23         63         0          0          0.0811     2.1367     74         104        110        117        125        131        168       
1347       58200      58200      163.35     70.24      0.4300     38.15      0.21       0.20       0.26       0          41.55      23         63         0          0          0.0811     2.1367     74         104        110        117        125        131        168       
1348       58200      58200      163.36     70.16      0.4295     38.18      0.21       0.20       0.26       0          41.55      23         63         0          0          0.0811     2.1367     74         104        110        117        125        131        168       
1349       58200      58200      163.35     70.70      0.4328     38.28      0.22       0.20       0.26       0          41.55      23         63         0          0          0.0811     2.1367     74         104        110        117        125        131        168       
1350       58200      58200      163.36     70.76      0.4331     38.30      0.22       0.20       0.26       0          41.55      23         63         0          0          0.0811     2.1367     74         104        110        117        125        131        168       
1351       58200      58200      163.36     70.64      0.4324     38.38      0.22       0.20       0.26       0          41.55      23         63         0          0          0.0811     2.1367     74         104        110        117        125        131        168       
1352       58200      58200      163.36     70.25      0.4300     38.50      0.22       0.20       0.26       0          41.55      23         63         0          0          0.0811     2.1367     74         104        110        117        125        131        168       
1353       58200      58200      163.36     71.36      0.4368     38.41      0.22       0.20       0.26       0          41.55      23         63         0          0          0.0811     2.1367     74         104        110        117        125        131        168       
1354       58200      58200      163.36     70.35      0.4307     38.41      0.22       0.20       0.26       0          41.55      23         63         0          0          0.0811     2.1367     74         104        110        117        125        131        168       
1355       58200      58200      163.34     70.09      0.4291     38.51      0.22       0.20       0.26       0          41.55      23         63         0          0          0.0811     2.1367     74         104        110        117        125        131        168       
1356       58200      58200      163.35     71.22      0.4360     38.40      0.22       0.20       0.26       0          41.55      23         63         0          0          0.0811     2.1367     74         104        110        117        125        131        168       
1357       58200      58200      163.35     70.37      0.4308     38.38      0.21       0.20       0.26       0          41.55      23         63         0          0          0.0811     2.1367     74         104        110        117        125        131        168       
1358       58200      58200      163.36     69.63      0.4263     38.29      0.22       0.20       0.26       0          41.55      23         63         0          0          0.0811     2.1367     74         104        110        117        125        131        168       
1359       58200      58200      163.35     70.77      0.4333     38.28      0.21       0.20       0.26       0          41.55      23         63         0          0          0.0811     2.1367     74         104        110        117        125        131        168       
1360       58200      58200      163.35     69.91      0.4279     38.32      0.21       0.20       0.26       0          41.55      23         63         0          0          0.0811     2.1367     74         104        110        117        125        131        168       
1361       58200      58200      163.35     69.09      0.4230     38.21      0.21       0.20       0.26       0          41.55      23         63         0          0          0.0811     2.1367     74         104        110        117        125        131        168       
1362       58200      58200      163.36     69.94      0.4281     38.07      0.21       0.20       0.26       0          41.55      23         63         0          0          0.0811     2.1367     74         104        110        117        125        131        168       
1363       58200      58200      163.35     69.96      0.4282     38.22      0.21       0.20       0.26       0          41.55      23         63         0          0          0.0811     2.1367     74         104        110        117        125        131        168       
1364       58200      58200      163.35     69.37      0.4247     38.24      0.21       0.20       0.26       0          41.55      23         63         0          0          0.0811     2.1367     74         104        110        117        125        131        168       
1365       58200      58200      163.35     69.45      0.4252     38.10      0.21       0.20       0.26       0          41.55      23         63         0          0          0.0811     2.1367     74         104        110        117        125        131        168       
1366       58200      58200      163.35     69.15      0.4233     38.03      0.21       0.20       0.26       0          41.55      23         63         0          0          0.0811     2.1367     74         104        110        117        125        131        168       
1367       58200      58200      163.36     69.60      0.4261     38.07      0.21       0.20       0.26       0          41.55      23         63         0          0          0.0811     2.1367     74         104        110        117        125        131        168       
1368       58200      58200      163.36     69.89      0.4278     38.19      0.21       0.20       0.26       0          41.55      23         63         0          0          0.0811     2.1367     74         104        110        117        125        131        168       
1369       58200      58200      163.36     69.62      0.4262     38.19      0.21       0.20       0.26       0          41.55      23         63         0          0          0.0811     2.1367     74         104        110        117        125        131        168       
1370       58200      58200      163.35     70.01      0.4286     38.12      0.21       0.20       0.26       0          41.55      23         63         0          0          0.0811     2.1367     74         104        110        117        125        131        168       
1371       58200      58200      163.35     70.15      0.4294     38.13      0.21       0.20       0.26       0          41.55      23         63         0          0          0.0811     2.1367     74         104        110        117        125        131        168       
1372       58200      58200      163.36     68.07      0.4167     38.23      0.22       0.20       0.26       0          41.55      23         63         0          0          0.0811     2.1367     74         104        110        117        125        131        168       
1373       58200      58200      163.36     69.47      0.4253     38.08      0.21       0.20       0.26       0          41.55      23         63         0          0          0.0811     2.1367     74         104        110        117        125        131        168       
1374       58200      58200      163.37     69.36      0.4246     38.05      0.21       0.20       0.26       0          41.55      23         63         0          0          0.0811     2.1367     74         104        110        117        125        131        168       
1375       58200      58200      163.37     69.08      0.4229     38.07      0.21       0.20       0.26       0          41.55      23         63         0          0          0.0811     2.1367     74         104        110        117        125        131        168       
1376       58200      58200      163.35     69.57      0.4259     37.99      0.21       0.20       0.26       0          41.55      23         63         0          0          0.0811     2.1367     74         104        110        117        125        131        168       
1377       58200      58200      163.36     70.43      0.4312     38.16      0.21       0.20       0.26       0          41.55      23         63         0          0          0.0811     2.1367     74         104        110        117        125        131        168       
1378       58200      58200      163.37     69.63      0.4262     38.13      0.21       0.20       0.26       0          41.55      23         63         0          0          0.0811     2.1367     74         104        110        117        125        131        168       
1379       58200      58200      163.35     69.22      0.4238     38.11      0.21       0.20       0.26       0          41.55      23         63         0          0          0.0811     2.1367     74         104        110        117        125        131        168       
1380       58200      58200      163.35     69.90      0.4279     38.11      0.21       0.20       0.26       0          41.55      23         63         0          0          0.0811     2.1367     74         104        110        117        125        131        168       
1381       58200      58200      163.35     69.03      0.4226     38.08      0.22       0.20       0.26       0          41.55      23         63         0          0          0.0811     2.1367     74         104        110        117        125        131        168       
1382       58200      58200      163.36     68.82      0.4213     38.08      0.21       0.20       0.26       0          41.55      23         63         0          0          0.0811     2.1367     74         104        110        117        125        131        168       
1383       58200      58200      163.35     70.51      0.4317     38.02      0.21       0.20       0.26       0          41.55      23         63         0          0          0.0811     2.1367     74         104        110        117        125        131        168       
1384       58200      58200      163.35     68.96      0.4221     38.10      0.21       0.20       0.26       0          41.55      23         63         0          0          0.0811     2.1367     74         104        110        117        125        131        168       
1385       58200      58200      163.35     70.54      0.4319     38.15      0.21       0.20       0.26       0          41.55      23         63         0          0          0.0811     2.1367     74         104        110        117        125        131        168       
1386       58200      58200      163.36     68.88      0.4217     38.18      0.21       0.20       0.26       0          41.55      23         63         0          0          0.0811     2.1367     74         104        110        117        125        131        168       
1387       58200      58200      163.35     68.70      0.4206     38.04      0.22       0.20       0.26       0          41.55      23         63         0          0          0.0811     2.1367     74         104        110        117        125        131        168       
1388       58200      58200      163.36     70.23      0.4299     37.97      0.21       0.20       0.26       0          41.55      23         63         0          0          0.0811     2.1367     74         104        110        117        125        131        168       
1389       58200      58200      163.35     70.41      0.4310     38.18      0.21       0.20       0.26       0          41.55      23         63         0          0          0.0811     2.1367     74         104        110        117        125        131        168       
1390       58200      58200      163.36     68.63      0.4201     38.17      0.21       0.20       0.26       0          41.55      23         63         0          0          0.0811     2.1367     74         104        110        117        125        131        168       
1391       58200      58200      163.35     69.68      0.4266     38.11      0.21       0.20       0.26       0          41.55      23         63         0          0          0.0811     2.1367     74         104        110        117        125        131        168       
1392       58200      58200      163.36     70.73      0.4329     38.22      0.21       0.20       0.26       0          41.55      23         63         0          0          0.0811     2.1367     74         104        110        117        125        131        168       
1393       58200      58200      163.36     69.76      0.4270     38.33      0.22       0.20       0.26       0          41.55      23         63         0          0          0.0811     2.1367     74         104        110        117        125        131        168       
1394       58200      58200      163.35     69.72      0.4268     38.24      0.21       0.20       0.26       0          41.55      23         63         0          0          0.0811     2.1367     74         104        110        117        125        131        168       
1395       58200      58200      163.36     70.87      0.4338     38.32      0.21       0.20       0.26       0          41.55      23         63         0          0          0.0811     2.1367     74         104        110        117        125        131        168       
1396       58200      58200      163.34     69.63      0.4263     38.36      0.22       0.20       0.26       0          41.55      23         63         0          0          0.0811     2.1367     74         104        110        117        125        131        168       
1397       58200      58200      163.36     69.79      0.4272     38.19      0.21       0.20       0.26       0          41.55      23         63         0          0          0.0811     2.1367     74         104        110        117        125        131        168       
1398       58200      58200      163.36     69.00      0.4224     38.11      0.21       0.20       0.26       0          41.55      23         63         0          0          0.0811     2.1367     74         104        110        117        125        131        168       
1399       58200      58200      163.36     70.23      0.4299     38.14      0.21       0.20       0.26       0          41.55      23         63         0          0          0.0811     2.1367     74         104        110        117        125        131        168       
1400       58200      58200      163.35     68.93      0.4219     38.21      0.21       0.20       0.26       0          41.55      23         63         0          0          0.0811     2.1367     74         104        110        117        125        131        168       
1401       58200      58200      163.36     69.39      0.4248     38.13      0.21       0.20       0.26       0          41.55      23         63         0          0          0.0811     2.1367     74         104        110        117        125        131        168       
1402       58200      58200      163.35     69.69      0.4266     38.22      0.21       0.20       0.26       0          41.55      23         63         0          0          0.0811     2.1367     74         104        110        117        125        131        168       
1403       58200      58200      163.35     70.46      0.4314     38.14      0.21       0.20       0.26       0          41.55      23         63         0          0          0.0811     2.1367     74         104        110        117        125        131        168       
1404       58200      58200      163.35     69.91      0.4280     38.16      0.21       0.20       0.26       0          41.55      23         63         0          0          0.0811     2.1367     74         104        110        117        125        131        168       
1405       58200      58200      163.36     69.97      0.4283     38.32      0.22       0.20       0.26       0          41.55      23         63         0          0          0.0811     2.1367     74         104        110        117        125        131        168       
1406       58200      58200      163.36     69.81      0.4273     38.25      0.21       0.20       0.26       0          41.55      23         63         0          0          0.0811     2.1367     74         104        110        117        125        131        168       
1407       58200      58200      163.35     70.58      0.4321     38.19      0.21       0.20       0.26       0          41.55      23         63         0          0          0.0811     2.1367     74         104        110        117        125        131        168       
1408       58200      58200      163.36     70.19      0.4297     38.32      0.22       0.20       0.26       0          41.55      23         63         0          0          0.0811     2.1367     74         104        110        117        125        131        168       
1409       58200      58200      163.36     69.53      0.4256     38.37      0.21       0.20       0.26       0          41.55      23         63         0          0          0.0811     2.1367     74         104        110        117        125        131        168       
1410       58200      58200      163.36     70.09      0.4291     38.33      0.21       0.20       0.26       0          41.55      23         63         0          0          0.0811     2.1367     74         104        110        117        125        131        168       
1411       58200      58200      163.36     69.34      0.4244     38.28      0.22       0.20       0.26       0          41.55      23         63         0          0          0.0811     2.1367     74         104        110        117        125        131        168       
1412       58200      58200      163.36     70.76      0.4332     38.15      0.21       0.20       0.26       0          41.55      23         63         0          0          0.0811     2.1367     74         104        110        117        125        131        168       
1413       58200      58200      163.35     69.96      0.4283     38.22      0.21       0.20       0.26       0          41.55      23         63         0          0          0.0811     2.1367     74         104        110        117        125        131        168       
1414       58200      58200      163.36     69.85      0.4276     38.19      0.22       0.20       0.26       0          41.55      23         63         0          0          0.0811     2.1367     74         104        110        117        125        131        168       
1415       58200      58200      163.35     69.82      0.4274     38.16      0.21       0.20       0.26       0          41.55      23         63         0          0          0.0811     2.1367     74         104        110        117        125        131        168       
1416       58200      58200      163.35     69.68      0.4265     38.20      0.21       0.20       0.26       0          41.55      23         63         0          0          0.0811     2.1367     74         104        110        117        125        131        168       
1417       58200      58200      163.36     68.69      0.4205     38.10      0.21       0.20       0.26       0          41.55      23         63         0          0          0.0811     2.1367     74         104        110        117        125        131        168       
1418       58200      58200      163.35     70.15      0.4295     37.89      0.21       0.19       0.26       0          41.55      23         63         0          0          0.0811     2.1367     75         104        110        117        125        131        168       
1419       58200      58200      163.35     69.85      0.4276     38.08      0.21       0.20       0.26       0          41.55      23         63         0          0          0.0811     2.1367     75         104        110        117        125        131        168       
1420       58200      58200      163.36     68.82      0.4212     38.05      0.21       0.20       0.26       0          41.55      23         63         0          0          0.0811     2.1367     75         104        110        117        125        131        168       
1421       58200      58200      163.36     69.05      0.4227     38.10      0.21       0.20       0.26       0          41.55      23         63         0          0          0.0811     2.1367     75         104        110        117        125        131        168       
1422       58200      58200      163.35     70.22      0.4298     37.98      0.21       0.20       0.26       0          41.55      23         63         0          0          0.0811     2.1367     75         104        110        117        125        131        168       
1423       58200      58200      163.36     69.75      0.4270     38.08      0.21       0.20       0.26       0          41.55      23         63         0          0          0.0811     2.1367     75         104        110        117        125        131        168       
1424       58200      58200      163.36     70.16      0.4295     38.19      0.21       0.20       0.26       0          41.55      23         63         0          0          0.0811     2.1367     75         104        110        117        125        131        168       
1425       58200      58200      163.36     69.57      0.4259     38.29      0.21       0.20       0.26       0          41.55      23         63         0          0          0.0811     2.1367     75         104        110        117        125        131        168       
1426       58200      58200      163.35     69.58      0.4260     38.21      0.21       0.20       0.26       0          41.55      23         63         0          0          0.0811     2.1367     75         104        110        117        125        131        168       
1427       58200      58200      163.37     69.91      0.4279     38.15      0.21       0.20       0.26       0          41.55      23         63         0          0          0.0811     2.1367     75         104        110        117        125        131        168       
1428       58200      58200      163.36     69.20      0.4236     38.03      0.21       0.20       0.26       0          41.55      23         63         0          0          0.0811     2.1367     75         104        110        117        125        131        168       
1429       58200      58200      163.37     69.26      0.4240     38.03      0.21       0.20       0.26       0          41.55      23         63         0          0          0.0811     2.1367     75         104        110        117        125        131        168       
1430       58200      58200      163.35     69.41      0.4249     38.12      0.21       0.20       0.26       0          41.55      23         63         0          0          0.0811     2.1367     75         104        110        117        125        131        168       
1431       58200      58200      163.36     70.17      0.4296     38.09      0.21       0.20       0.26       0          41.55      23         63         0          0          0.0811     2.1367     75         104        110        117        125        131        168       
1432       58200      58200      163.36     70.41      0.4310     38.07      0.21       0.20       0.26       0          41.55      23         63         0          0          0.0811     2.1367     75         104        110        117        125        131        168       
1433       58200      58200      163.36     70.72      0.4329     38.29      0.21       0.20       0.26       0          41.55      23         63         0          0          0.0811     2.1367     75         104        110        117        125        131        168       
1434       58200      58200      163.35     69.71      0.4268     38.28      0.21       0.20       0.26       0          41.55      23         63         0          0          0.0811     2.1367     75         104        110        117        125        131        168       
1435       58200      58200      163.36     70.19      0.4297     38.29      0.21       0.20       0.26       0          41.55      23         63         0          0          0.0811     2.1367     75         104        110        117        125        131        168       
1436       58200      58200      163.36     71.26      0.4362     38.42      0.22       0.20       0.26       0          41.55      23         63         0          0          0.0811     2.1367     75         104        110        117        125        131        168       
1437       58200      58200      163.35     70.00      0.4285     38.33      0.22       0.20       0.26       0          41.55      23         63         0          0          0.0811     2.1367     75         104        110        117        125        131        168       
1438       58200      58200      163.36     68.98      0.4223     38.29      0.22       0.20       0.26       0          41.55      23         63         0          0          0.0811     2.1367     75         104        110        117        125        131        168       
1439       58200      58200      163.36     69.00      0.4224     38.19      0.21       0.20       0.26       0          41.55      23         63         0          0          0.0811     2.1367     75         104        110        117        125        131        168       
1440       58200      58200      163.36     70.00      0.4285     38.12      0.21       0.20       0.26       0          41.55      23         63         0          0          0.0811     2.1367     75         104        110        117        125        131        168       
1441       58200      58200      163.35     68.99      0.4223     38.04      0.21       0.20       0.26       0          41.55      23         63         0          0          0.0811     2.1367     75         104        110        117        125        131        168       
1442       58200      58200      163.36     69.68      0.4265     37.98      0.21       0.20       0.26       0          41.55      23         63         0          0          0.0811     2.1367     76         104        110        117        125        131        168       
1443       58200      58200      163.35     68.33      0.4183     38.03      0.21       0.20       0.26       0          41.55      23         63         0          0          0.0811     2.1367     76         104        110        117        125        131        168       
1444       58200      58200      163.37     69.23      0.4237     37.90      0.21       0.19       0.26       0          41.55      23         63         0          0          0.0811     2.1367     76         104        110        117        125        131        168       
1445       58200      58200      163.36     69.88      0.4278     37.93      0.21       0.20       0.26       0          41.55      23         63         0          0          0.0811     2.1367     76         104        110        117        125        131        168       
1446       58200      58200      163.36     68.90      0.4218     38.10      0.21       0.20       0.26       0          41.55      23         63         0          0          0.0811     2.1367     76         104        110        117        125        131        168       
1447       58200      58200      163.36     69.52      0.4256     38.12      0.21       0.20       0.26       0          41.55      23         63         0          0          0.0811     2.1367     76         104        110        117        125        131        168       
1448       58200      58200      163.36     69.27      0.4241     38.10      0.21       0.20       0.26       0          41.55      23         63         0          0          0.0811     2.1367     76         104        110        117        125        131        168       
1449       58200      58200      163.36     69.15      0.4233     37.97      0.21       0.20       0.26       0          41.55      23         63         0          0          0.0811     2.1367     76         104        110        117        125        131        168       
1450       58200      58200      163.35     69.23      0.4238     37.99      0.21       0.20       0.26       0          41.55      23         63         0          0          0.0811     2.1367     77         104        110        117        125        131        168       
1451       58200      58200      163.36     69.10      0.4230     37.98      0.21       0.20       0.26       0          41.55      23         63         0          0          0.0811     2.1367     77         104        110        117        125        131        168       
1452       58200      58200      163.36     68.66      0.4203     38.00      0.21       0.20       0.26       0          41.55      23         63         0          0          0.0811     2.1367     77         104        110        117        125        131        168       
1453       58200      58200      163.36     69.35      0.4245     38.00      0.21       0.20       0.26       0          41.55      23         63         0          0          0.0811     2.1367     77         104        110        117        125        131        168       
1454       58200      58200      163.36     70.93      0.4342     38.11      0.21       0.20       0.26       0          41.55      23         63         0          0          0.0811     2.1367     77         104        110        117        125        131        168       
1455       58200      58200      163.36     70.04      0.4288     38.10      0.20       0.20       0.26       0          41.55      23         63         0          0          0.0811     2.1367     77         104        110        117        125        131        168       
1456       58200      58200      163.35     69.19      0.4236     38.16      0.21       0.20       0.26       0          41.55      23         63         0          0          0.0811     2.1367     77         104        110        117        125        131        168       
1457       58200      58200      163.36     69.97      0.4283     38.27      0.21       0.20       0.26       0          41.55      23         63         0          0          0.0811     2.1367     77         104        110        117        125        131        168       
1458       58200      58200      163.35     69.28      0.4241     38.07      0.21       0.20       0.26       0          41.55      23         63         0          0          0.0811     2.1367     77         104        110        117        125        131        168       
1459       58200      58200      163.37     69.59      0.4260     38.08      0.21       0.20       0.26       0          41.55      23         63         0          0          0.0811     2.1367     77         104        110        117        125        131        168       
1460       58200      58200      163.36     68.62      0.4200     38.18      0.21       0.20       0.26       0          41.55      23         63         0          0          0.0811     2.1367     77         104        110        117        125        131        168       
1461       58200      58200      163.36     68.53      0.4195     38.00      0.21       0.20       0.26       0          41.55      23         63         0          0          0.0811     2.1367     77         104        110        117        125        131        168       
1462       58200      58200      163.35     69.58      0.4259     37.97      0.21       0.20       0.26       0          41.55      23         63         0          0          0.0811     2.1367     77         104        110        117        125        131        168       
1463       58200      58200      163.36     70.83      0.4336     38.00      0.20       0.20       0.26       0          41.55      23         63         0          0          0.0811     2.1367     77         104        110        117        125        131        168       
1464       58200      58200      163.36     68.29      0.4180     38.04      0.21       0.20       0.26       0          41.55      23         63         0          0          0.0811     2.1367     77         104        110        117        125        131        168       
1465       58200      58200      163.36     70.03      0.4287     38.08      0.21       0.20       0.26       0          41.55      23         63         0          0          0.0811     2.1367     77         104        110        117        125        131        168       
1466       58200      58200      163.35     69.34      0.4245     38.02      0.21       0.20       0.26       0          41.55      23         63         0          0          0.0811     2.1367     77         104        110        117        125        131        168       
1467       58200      58200      163.35     68.87      0.4216     38.08      0.21       0.20       0.26       0          41.55      23         63         0          0          0.0811     2.1367     77         104        110        117        125        131        168       
1468       58200      58200      163.35     70.50      0.4316     38.01      0.21       0.20       0.26       0          41.55      23         63         0          0          0.0811     2.1367     77         104        110        117        125        131        168       
1469       58200      58200      163.35     69.24      0.4239     38.04      0.21       0.20       0.26       0          41.55      23         63         0          0          0.0811     2.1367     77         104        110        117        125        131        168       
1470       58200      58200      163.36     70.54      0.4318     38.06      0.21       0.20       0.26       0          41.55      23         63         0          0          0.0811     2.1367     77         104        110        117        125        131        168       
1471       58200      58200      163.36     69.61      0.4262     38.13      0.21       0.20       0.26       0          41.55      23         63         0          0          0.0811     2.1367     78         104        110        117        125        131        168       
1472       58200      58200      163.35     70.38      0.4309     38.14      0.21       0.20       0.26       0          41.55      23         63         0          0          0.0811     2.1367     78         104        110        117        125        131        168       
1473       58200      58200      163.36     69.51      0.4255     38.20      0.22       0.20       0.26       0          41.55      23         63         0          0          0.0811     2.1367     78         104        110        117        125        131        168       
1474       58200      58200      163.36     69.54      0.4257     38.13      0.22       0.20       0.26       0          41.55      23         63         0          0          0.0811     2.1367     78         104        110        117        125        131        168       
1475       58200      58200      163.36     71.20      0.4358     38.19      0.21       0.20       0.26       0          41.55      23         63         0          0          0.0811     2.1367     78         104        110        117        125        131        168       
1476       58200      58200      163.35     69.20      0.4236     38.29      0.21       0.20       0.26       0          41.55      23         63         0          0          0.0811     2.1367     78         104        110        117        125        131        168       
1477       58200      58200      163.35     70.24      0.4300     38.33      0.22       0.20       0.26       0          41.55      23         63         0          0          0.0811     2.1367     78         104        110        117        125        131        168       
1478       58200      58200      163.35     69.85      0.4276     38.26      0.22       0.20       0.26       0          41.55      23         63         0          0          0.0811     2.1367     78         104        110        117        125        131        168       
1479       58200      58200      163.37     70.75      0.4331     38.25      0.22       0.20       0.26       0          41.55      23         63         0          0          0.0811     2.1367     78         104        110        117        125        131        168       
1480       58200      58200      163.35     69.48      0.4253     38.15      0.21       0.20       0.26       0          41.55      23         63         0          0          0.0811     2.1367     78         104        110        117        125        131        168       
1481       58200      58200      163.36     70.38      0.4309     38.28      0.21       0.20       0.26       0          41.55      23         63         0          0          0.0811     2.1367     78         104        110        117        125        131        168       
1482       58200      58200      163.35     70.40      0.4310     38.20      0.22       0.20       0.26       0          41.55      23         63         0          0          0.0811     2.1367     78         104        110        117        125        131        168       
1483       58200      58200      163.36     69.56      0.4258     38.27      0.22       0.20       0.26       0          41.55      23         63         0          0          0.0811     2.1367     78         104        110        117        125        131        168       
1484       58200      58200      163.36     69.31      0.4243     38.14      0.21       0.20       0.26       0          41.55      23         63         0          0          0.0811     2.1367     78         104        110        117        125        131        168       
1485       58200      58200      163.35     69.04      0.4226     38.09      0.21       0.20       0.26       0          41.55      23         63         0          0          0.0811     2.1367     78         104        110        117        125        131        168       
1486       58200      58200      163.35     69.91      0.4280     38.06      0.20       0.20       0.26       0          41.55      23         63         0          0          0.0811     2.1367     79         104        110        117        125        131        168       
1487       58200      58200      163.36     69.86      0.4277     38.05      0.21       0.20       0.26       0          41.55      23         63         0          0          0.0811     2.1367     79         104        110        117        125        131        168       
1488       58200      58200      163.36     69.07      0.4228     38.13      0.21       0.20       0.26       0          41.55      23         63         0          0          0.0811     2.1367     79         104        110        117        125        131        168       
1489       58200      58200      163.37     68.93      0.4219     38.03      0.21       0.20       0.26       0          41.55      23         63         0          0          0.0811     2.1367     79         104        110        117        125        131        168       
1490       58200      58200      163.36     70.63      0.4324     37.99      0.21       0.20       0.26       0          41.55      23         63         0          0          0.0811     2.1367     79         104        110        117        125        131        168       
1491       58200      58200      163.37     70.24      0.4300     38.18      0.21       0.20       0.26       0          41.55      23         63         0          0          0.0811     2.1367     79         104        110        117        125        131        168       
1492       58200      58200      163.37     68.15      0.4172     38.10      0.21       0.20       0.26       0          41.55      23         63         0          0          0.0811     2.1367     79         104        110        117        125        131        168       
1493       58200      58200      163.36     69.55      0.4258     37.90      0.21       0.20       0.26       0          41.55      23         63         0          0          0.0811     2.1367     79         104        110        117        125        131        168       
1494       58200      58200      163.37     68.62      0.4200     37.97      0.21       0.19       0.26       0          41.55      23         63         0          0          0.0811     2.1367     79         104        110        117        125        131        168       
1495       58200      58200      163.36     68.84      0.4214     37.99      0.21       0.20       0.26       0          41.55      23         63         0          0          0.0811     2.1367     79         104        110        117        125        131        168       
1496       58200      58200      163.37     68.89      0.4217     38.02      0.21       0.20       0.26       0          41.55      23         63         0          0          0.0811     2.1367     79         104        110        117        125        131        168       
1497       58200      58200      163.36     69.79      0.4272     37.91      0.20       0.19       0.26       0          41.55      23         63         0          0          0.0811     2.1367     79         104        110        117        125        131        168       
1498       58200      58200      163.36     69.48      0.4253     38.00      0.21       0.20       0.26       0          41.55      23         63         0          0          0.0811     2.1367     79         104        110        117        125        131        168       
1499       58200      58200      163.36     70.36      0.4307     38.13      0.21       0.20       0.26       0          41.55      23         63         0          0          0.0811     2.1367     79         104        110        117        125        131        168       
1500       58200      58200      163.35     70.59      0.4322     38.31      0.21       0.20       0.26       0          41.55      23         63         0          0          0.0811     2.1367     79         104        110        117        125        131        168       
1501       58200      58200      163.35     69.20      0.4236     38.28      0.21       0.20       0.26       0          41.55      23         63         0          0          0.0811     2.1367     79         104        110        117        125        131        168       
1502       58200      58200      163.35     69.84      0.4275     38.15      0.21       0.20       0.26       0          41.55      23         63         0          0          0.0811     2.1367     79         104        110        117        125        131        168       
1503       58200      58200      163.34     70.92      0.4342     38.31      0.21       0.20       0.26       0          41.55      23         63         0          0          0.0811     2.1367     79         104        110        117        125        131        168       
1504       58200      58200      163.36     70.15      0.4294     38.40      0.21       0.20       0.26       0          41.55      23         63         0          0          0.0811     2.1367     79         104        110        117        125        131        168       
1505       58200      58200      163.36     69.37      0.4247     38.33      0.22       0.20       0.26       0          41.55      23         63         0          0          0.0811     2.1367     79         104        110        117        125        131        168       
1506       58200      58200      163.35     70.36      0.4308     38.18      0.21       0.20       0.26       0          41.55      23         63         0          0          0.0811     2.1367     79         104        110        117        125        131        168       
1507       58200      58200      163.35     70.23      0.4299     38.20      0.21       0.20       0.26       0          41.55      23         63         0          0          0.0811     2.1367     79         104        110        117        125        131        168       
1508       58200      58200      163.37     69.39      0.4247     38.22      0.22       0.20       0.26       0          41.55      23         63         0          0          0.0811     2.1367     79         104        110        117        125        131        168       
1509       58200      58200      163.36     69.99      0.4284     38.13      0.21       0.20       0.26       0          41.55      23         63         0          0          0.0811     2.1367     79         104        110        117        125        131        168       
1510       58200      58200      163.36     69.55      0.4258     38.12      0.21       0.20       0.26       0          41.55      23         63         0          0          0.0811     2.1367     79         104        110        117        125        131        168       
1511       58200      58200      163.36     68.84      0.4214     38.00      0.21       0.20       0.26       0          41.55      23         63         0          0          0.0811     2.1367     79         104        110        117        125        131        168       
1512       58200      58200      163.36     70.70      0.4328     38.10      0.21       0.20       0.26       0          41.55      23         63         0          0          0.0811     2.1367     79         104        110        117        125        131        168       
1513       58200      58200      163.36     69.69      0.4266     38.06      0.21       0.20       0.26       0          41.55      23         63         0          0          0.0811     2.1367     79         104        110        117        125        131        168       
1514       58200      58200      163.36     70.72      0.4329     38.22      0.21       0.20       0.26       0          41.55      23         63         0          0          0.0811     2.1367     79         104        110        117        125        131        168       
1515       58200      58200      163.35     69.55      0.4258     38.24      0.21       0.20       0.26       0          41.55      23         63         0          0          0.0811     2.1367     79         104        110        117        125        131        168       
1516       58200      58200      163.36     68.88      0.4216     38.07      0.21       0.20       0.26       0          41.55      23         63         0          0          0.0811     2.1367     79         104        110        117        125        131        168       
1517       58200      58200      163.36     69.55      0.4258     38.07      0.21       0.20       0.26       0          41.55      23         63         0          0          0.0811     2.1367     79         104        110        117        125        131        168       
1518       58200      58200      163.36     67.85      0.4153     38.00      0.21       0.19       0.26       0          41.55      23         63         0          0          0.0811     2.1367     79         104        110        117        125        131        168       
1519       58200      58200      163.36     70.63      0.4324     38.01      0.21       0.20       0.26       0          41.55      23         63         0          0          0.0811     2.1367     79         104        110        117        125        131        168       
1520       58200      58200      163.36     70.03      0.4287     38.03      0.21       0.20       0.26       0          41.55      23         63         0          0          0.0811     2.1367     79         104        110        117        125        131        168       
1521       58200      58200      163.35     69.07      0.4229     38.02      0.21       0.20       0.26       0          41.55      23         63         0          0          0.0811     2.1367     79         104        110        117        125        131        168       
1522       58200      58200      163.36     68.51      0.4194     38.07      0.21       0.20       0.26       0          41.55      23         63         0          0          0.0811     2.1367     79         104        110        117        125        131        168       
1523       58200      58200      163.37     69.87      0.4277     38.06      0.21       0.20       0.26       0          41.55      23         63         0          0          0.0811     2.1367     79         104        110        117        125        131        168       
1524       58200      58200      163.36     70.49      0.4315     38.16      0.21       0.20       0.26       0          41.55      23         63         0          0          0.0811     2.1367     79         104        110        117        125        131        168       
1525       58200      58200      163.36     69.88      0.4278     38.06      0.21       0.20       0.26       0          41.55      23         63         0          0          0.0811     2.1367     79         104        110        117        125        131        168       
1526       58200      58200      163.36     70.20      0.4297     38.19      0.22       0.20       0.26       0          41.55      23         63         0          0          0.0811     2.1367     79         104        110        117        125        131        168       
1527       58200      58200      163.36     69.12      0.4231     38.14      0.21       0.20       0.26       0          41.55      23         63         0          0          0.0811     2.1367     79         104        110        117        125        131        168       
1528       58200      58200      163.35     69.83      0.4275     38.08      0.21       0.20       0.26       0          41.55      23         63         0          0          0.0811     2.1367     79         104        110        117        125        131        168       
1529       58200      58200      163.35     69.83      0.4275     38.08      0.21       0.20       0.26       0          41.55      23         63         0          0          0.0811     2.1367     79         104        110        117        125        131        168       
1530       58200      58200      163.37     69.39      0.4247     38.06      0.21       0.20       0.26       0          41.55      23         63         0          0          0.0811     2.1367     79         104        110        117        125        131        168       
1531       58200      58200      163.36     68.59      0.4199     37.95      0.21       0.20       0.26       0          41.55      23         63         0          0          0.0811     2.1367     79         104        110        117        125        131        168       
1532       58200      58200      163.36     70.37      0.4308     38.07      0.21       0.20       0.26       0          41.55      23         63         0          0          0.0811     2.1367     79         104        110        117        125        131        168       
1533       58200      58200      163.36     70.39      0.4309     38.08      0.21       0.20       0.26       0          41.55      23         63         0          0          0.0811     2.1367     79         104        110        117        125        131        168       
1534       58200      58200      163.36     68.27      0.4179     37.93      0.21       0.20       0.26       0          41.55      23         63         0          0          0.0811     2.1367     79         104        110        117        125        131        168       
1535       58200      58200      163.36     70.69      0.4327     38.16      0.22       0.20       0.26       0          41.55      23         63         0          0          0.0811     2.1367     79         104        110        117        125        131        168       
1536       58200      58200      163.35     68.93      0.4220     38.15      0.21       0.20       0.26       0          41.55      23         63         0          0          0.0811     2.1367     79         104        110        117        125        131        168       
1537       58200      58200      163.37     69.36      0.4246     37.99      0.21       0.20       0.26       0          41.55      23         63         0          0          0.0811     2.1367     79         104        110        117        125        131        168       
1538       58200      58200      163.36     68.76      0.4209     37.95      0.21       0.20       0.26       0          41.55      23         63         0          0          0.0811     2.1367     79         104        110        117        125        131        168       
1539       58200      58200      163.37     69.68      0.4265     38.06      0.21       0.20       0.26       0          41.55      23         63         0          0          0.0811     2.1367     79         104        110        117        125        131        168       
1540       58200      58200      163.35     69.93      0.4281     38.02      0.21       0.20       0.26       0          41.55      23         63         0          0          0.0811     2.1367     79         104        110        117        125        131        168       
1541       58200      58200      163.37     68.99      0.4223     38.02      0.21       0.20       0.26       0          41.55      23         63         0          0          0.0811     2.1367     79         104        110        117        125        131        168       
1542       58200      58200      163.36     69.01      0.4224     37.94      0.21       0.19       0.26       0          41.55      23         63         0          0          0.0811     2.1367     79         104        110        117        125        131        168       
1543       58200      58200      163.36     70.21      0.4298     38.08      0.21       0.20       0.26       0          41.55      23         63         0          0          0.0811     2.1367     79         104        110        117        125        131        168       
1544       58200      58200      163.36     70.01      0.4286     38.06      0.21       0.20       0.26       0          41.55      23         63         0          0          0.0811     2.1367     79         104        110        117        125        131        168       
1545       58200      58200      163.36     68.84      0.4214     38.03      0.21       0.20       0.26       0          41.55      23         63         0          0          0.0811     2.1367     79         104        110        117        125        131        168       
1546       58200      58200      163.36     70.03      0.4287     38.01      0.21       0.20       0.26       0          41.55      23         63         0          0          0.0811     2.1367     79         104        110        117        125        131        168       
1547       58200      58200      163.35     68.72      0.4207     38.12      0.22       0.20       0.26       0          41.55      23         63         0          0          0.0811     2.1367     79         104        110        117        125        131        168       
1548       58200      58200      163.36     69.21      0.4236     38.01      0.21       0.20       0.26       0          41.55      23         63         0          0          0.0811     2.1367     79         104        110        117        125        131        168       
1549       58200      58200      163.35     70.15      0.4295     38.05      0.21       0.20       0.26       0          41.55      23         63         0          0          0.0811     2.1367     79         104        110        117        125        131        168       
1550       58200      58200      163.36     70.48      0.4314     38.10      0.21       0.20       0.26       0          41.55      23         63         0          0          0.0811     2.1367     79         104        110        117        125        131        168       
1551       58200      58200      163.37     69.96      0.4282     38.15      0.21       0.20       0.26       0          41.55      23         63         0          0          0.0811     2.1367     79         104        110        117        125        131        168       
1552       58200      58200      163.36     69.92      0.4280     38.14      0.21       0.20       0.26       0          41.55      23         63         0          0          0.0811     2.1367     79         104        110        117        125        131        168       
1553       58200      58200      163.36     69.69      0.4266     38.17      0.21       0.20       0.26       0          41.55      23         63         0          0          0.0811     2.1367     79         104        110        117        125        131        168       
1554       58200      58200      163.35     69.13      0.4232     38.12      0.21       0.20       0.26       0          41.55      23         63         0          0          0.0811     2.1367     79         104        110        117        125        131        168       
1555       58200      58200      163.36     69.21      0.4237     38.05      0.21       0.20       0.26       0          41.55      23         63         0          0          0.0811     2.1367     79         104        110        117        125        131        168       
1556       58200      58200      163.36     69.34      0.4245     38.08      0.21       0.20       0.26       0          41.55      23         63         0          0          0.0811     2.1367     79         104        110        117        125        131        168       
1557       58200      58200      163.35     68.53      0.4196     37.86      0.21       0.19       0.26       0          41.55      23         63         0          0          0.0811     2.1367     79         104        110        117        125        131        168       
1558       58200      58200      163.35     69.16      0.4234     37.82      0.21       0.19       0.26       0          41.55      23         63         0          0          0.0811     2.1367     79         104        110        117        125        131        168       
1559       58200      58200      163.35     68.97      0.4222     38.01      0.21       0.20       0.26       0          41.55      23         63         0          0          0.0811     2.1367     79         104        110        117        125        131        168       
1560       58200      58200      163.35     69.10      0.4230     37.98      0.21       0.20       0.26       0          41.55      23         63         0          0          0.0811     2.1367     79         104        110        117        125        131        168       
1561       58200      58200      163.36     69.13      0.4232     37.93      0.21       0.20       0.26       0          41.55      23         63         0          0          0.0811     2.1367     79         104        110        117        125        131        168       
1562       58200      58200      163.36     68.71      0.4206     37.90      0.21       0.19       0.26       0          41.55      23         63         0          0          0.0811     2.1367     79         104        110        117        125        131        168       
1563       58200      58200      163.36     68.86      0.4215     37.95      0.21       0.20       0.26       0          41.55      23         63         0          0          0.0811     2.1367     79         104        110        117        125        131        168       
1564       58200      58200      163.35     69.20      0.4236     37.85      0.20       0.19       0.26       0          41.55      23         63         0          0          0.0811     2.1367     79         104        110        117        125        131        168       
1565       58200      58200      163.36     70.25      0.4301     37.92      0.20       0.20       0.26       0          41.55      23         63         0          0          0.0811     2.1367     79         104        110        117        125        131        168       
1566       58200      58200      163.36     70.16      0.4295     38.09      0.21       0.20       0.26       0          41.55      23         63         0          0          0.0811     2.1367     79         104        110        117        125        131        168       
1567       58200      58200      163.36     68.91      0.4218     38.10      0.21       0.20       0.26       0          41.55      23         63         0          0          0.0811     2.1367     79         104        110        117        125        131        168       
1568       58200      58200      163.36     69.93      0.4281     38.03      0.21       0.20       0.26       0          41.55      23         63         0          0          0.0811     2.1367     79         104        110        117        125        131        168       
1569       58200      58200      163.35     69.47      0.4253     38.07      0.21       0.20       0.26       0          41.55      23         63         0          0          0.0811     2.1367     79         104        110        117        125        131        168       
1570       58200      58200      163.36     69.35      0.4245     38.20      0.21       0.20       0.26       0          41.55      23         63         0          0          0.0811     2.1367     79         104        110        117        125        131        168       
1571       58200      58200      163.35     69.64      0.4263     38.14      0.21       0.20       0.26       0          41.55      23         63         0          0          0.0811     2.1367     79         104        110        117        125        131        168       
1572       58200      58200      163.36     69.67      0.4265     38.16      0.21       0.20       0.26       0          41.55      23         63         0          0          0.0811     2.1367     79         104        110        117        125        131        168       
1573       58200      58200      163.36     69.49      0.4254     38.13      0.21       0.20       0.26       0          41.55      23         63         0          0          0.0811     2.1367     79         104        110        117        125        131        168       
1574       58200      58200      163.37     69.57      0.4259     38.05      0.21       0.20       0.26       0          41.55      23         63         0          0          0.0811     2.1367     79         104        110        117        125        131        168       
1575       58200      58200      163.35     69.83      0.4275     38.07      0.21       0.20       0.26       0          41.55      23         63         0          0          0.0811     2.1367     79         104        110        117        125        131        168       
1576       58200      58200      163.37     69.12      0.4231     37.93      0.21       0.19       0.26       0          41.55      23         63         0          0          0.0811     2.1367     79         104        110        117        125        131        168       
1577       58200      58200      163.36     69.71      0.4267     38.11      0.21       0.20       0.26       0          41.55      23         63         0          0          0.0811     2.1367     79         104        110        117        125        131        168       
1578       58200      58200      163.36     69.61      0.4261     38.07      0.21       0.20       0.26       0          41.55      23         63         0          0          0.0811     2.1367     79         104        110        117        125        131        168       
1579       58200      58200      163.36     69.64      0.4263     38.01      0.21       0.20       0.26       0          41.55      23         63         0          0          0.0811     2.1367     79         104        110        117        125        131        168       
1580       58200      58200      163.36     69.37      0.4246     38.06      0.21       0.20       0.26       0          41.55      23         63         0          0          0.0811     2.1367     79         104        110        117        125        131        168       
1581       58200      58200      163.35     69.48      0.4254     38.08      0.21       0.20       0.26       0          41.55      23         63         0          0          0.0811     2.1367     79         104        110        117        125        131        168       
1582       58200      58200      163.36     70.58      0.4321     38.18      0.21       0.20       0.26       0          41.55      23         63         0          0          0.0811     2.1367     79         104        110        117        125        131        168       
1583       58200      58200      163.35     69.41      0.4249     38.16      0.21       0.20       0.26       0          41.55      23         63         0          0          0.0811     2.1367     79         104        110        117        125        131        168       
1584       58200      58200      163.36     69.95      0.4282     38.08      0.21       0.20       0.26       0          41.55      23         63         0          0          0.0811     2.1367     79         104        110        117        125        131        168       
1585       58200      58200      163.36     69.84      0.4275     38.11      0.21       0.20       0.26       0          41.55      23         63         0          0          0.0811     2.1367     79         104        110        117        125        131        168       
1586       58200      58200      163.36     70.34      0.4306     38.15      0.21       0.20       0.26       0          41.55      23         63         0          0          0.0811     2.1367     79         104        110        117        125        131        168       
1587       58200      58200      163.36     69.90      0.4279     38.16      0.21       0.20       0.26       0          41.55      23         63         0          0          0.0811     2.1367     79         104        110        117        125        131        168       
1588       58200      58200      163.36     70.18      0.4296     38.06      0.21       0.20       0.26       0          41.55      23         63         0          0          0.0811     2.1367     79         104        110        117        125        131        168       
1589       58200      58200      163.36     70.08      0.4290     38.21      0.22       0.20       0.26       0          41.55      23         63         0          0          0.0811     2.1367     79         104        110        117        125        131        168       
1590       58200      58200      163.35     68.88      0.4217     38.18      0.21       0.20       0.26       0          41.55      23         63         0          0          0.0811     2.1367     79         104        110        117        125        131        168       
1591       58200      58200      163.36     69.38      0.4247     38.07      0.21       0.20       0.26       0          41.55      23         63         0          0          0.0811     2.1367     79         104        110        117        125        131        168       
1592       58200      58200      163.36     70.32      0.4305     38.04      0.21       0.20       0.26       0          41.55      23         63         0          0          0.0811     2.1367     79         104        110        117        125        131        168       
1593       58200      58200      163.37     70.31      0.4304     38.05      0.21       0.20       0.26       0          41.55      23         63         0          0          0.0811     2.1367     79         104        110        117        125        131        168       
1594       58200      58200      163.36     68.70      0.4206     38.16      0.21       0.20       0.26       0          41.55      23         63         0          0          0.0811     2.1367     79         104        110        117        125        131        168       
1595       58200      58200      163.36     69.58      0.4260     38.05      0.21       0.20       0.26       0          41.55      23         63         0          0          0.0811     2.1367     79         104        110        117        125        131        168       
1596       58200      58200      163.36     68.68      0.4204     38.10      0.21       0.20       0.26       0          41.55      23         63         0          0          0.0811     2.1367     79         104        110        117        125        131        168       
1597       58200      58200      163.37     68.83      0.4213     38.00      0.21       0.20       0.26       0          41.55      23         63         0          0          0.0811     2.1367     79         104        110        117        125        131        168       
1598       58200      58200      163.36     70.23      0.4299     38.00      0.21       0.20       0.26       0          41.55      23         63         0          0          0.0811     2.1367     79         104        110        117        125        131        168       
1599       58200      58200      163.35     70.53      0.4318     38.18      0.21       0.20       0.26       0          41.55      23         63         0          0          0.0811     2.1367     79         104        110        117        125        131        168       
1600       58200      58200      163.37     69.38      0.4247     38.17      0.21       0.20       0.26       0          41.55      23         63         0          0          0.0811     2.1367     79         104        110        117        125        131        168       
1601       58200      58200      163.36     69.75      0.4269     38.05      0.21       0.20       0.26       0          41.55      23         63         0          0          0.0811     2.1367     79         104        110        117        125        131        168       
1602       58200      58200      163.36     69.56      0.4258     38.18      0.21       0.20       0.26       0          41.55      23         63         0          0          0.0811     2.1367     79         104        110        117        125        131        168       
1603       58200      58200      163.36     69.22      0.4237     38.04      0.21       0.20       0.26       0          41.55      23         63         0          0          0.0811     2.1367     79         104        110        117        125        131        168       
1604       58200      58200      163.36     69.96      0.4283     37.95      0.21       0.19       0.26       0          41.55      23         63         0          0          0.0811     2.1367     79         104        110        117        125        131        168       
1605       58200      58200      163.36     69.74      0.4269     38.08      0.21       0.20       0.26       0          41.55      23         63         0          0          0.0811     2.1367     79         104        110        117        125        131        168       
1606       58200      58200      163.36     69.96      0.4283     38.12      0.21       0.20       0.26       0          41.55      23         63         0          0          0.0811     2.1367     79         104        110        117        125        131        168       
1607       58200      58200      163.36     70.05      0.4288     38.18      0.21       0.20       0.26       0          41.55      23         63         0          0          0.0811     2.1367     79         104        110        117        125        131        168       
1608       58200      58200      163.36     70.01      0.4286     38.17      0.22       0.20       0.26       0          41.55      23         63         0          0          0.0811     2.1367     79         104        110        117        125        131        168       
1609       58200      58200      163.36     69.98      0.4284     38.11      0.21       0.20       0.26       0          41.55      23         63         0          0          0.0811     2.1367     79         104        110        117        125        131        168       
1610       58200      58200      163.37     68.09      0.4168     38.08      0.21       0.20       0.26       0          41.55      23         63         0          0          0.0811     2.1367     79         104        110        117        125        131        168       
1611       58200      58200      163.36     70.24      0.4300     38.00      0.21       0.20       0.26       0          41.55      23         63         0          0          0.0811     2.1367     79         104        110        117        125        131        168       
1612       58200      58200      163.36     70.56      0.4320     38.08      0.21       0.20       0.26       0          41.55      23         63         0          0          0.0811     2.1367     79         104        110        117        125        131        168       
1613       58200      58200      163.37     70.04      0.4287     38.03      0.21       0.20       0.26       0          41.55      23         63         0          0          0.0811     2.1367     79         104        110        117        125        131        168       
1614       58200      58200      163.36     69.25      0.4239     38.25      0.21       0.20       0.26       0          41.55      23         63         0          0          0.0811     2.1367     79         104        110        117        125        131        168       
1615       58200      58200      163.36     67.90      0.4156     38.10      0.21       0.20       0.26       0          41.55      23         63         0          0          0.0811     2.1367     79         104        110        117        125        131        168       
1616       58200      58200      163.36     70.42      0.4311     37.95      0.21       0.20       0.26       0          41.55      23         63         0          0          0.0811     2.1367     79         104        110        117        125        131        168       
1617       58200      58200      163.36     69.38      0.4247     37.99      0.21       0.20       0.26       0          41.55      23         63         0          0          0.0811     2.1367     79         104        110        117        125        131        168       
1618       58200      58200      163.36     70.12      0.4292     38.10      0.21       0.20       0.26       0          41.55      23         63         0          0          0.0811     2.1367     79         104        110        117        125        131        168       
1619       58200      58200      163.36     69.56      0.4258     38.08      0.21       0.20       0.26       0          41.55      23         63         0          0          0.0811     2.1367     79         104        110        117        125        131        168       
1620       58200      58200      163.36     70.10      0.4291     38.17      0.21       0.20       0.26       0          41.55      23         63         0          0          0.0811     2.1367     79         104        110        117        125        131        168       
1621       58200      58200      163.36     69.46      0.4252     38.10      0.21       0.20       0.26       0          41.55      23         63         0          0          0.0811     2.1367     79         104        110        117        125        131        168       
1622       58200      58200      163.36     68.55      0.4196     38.13      0.21       0.20       0.26       0          41.55      23         63         0          0          0.0811     2.1367     79         104        110        117        125        131        168       
1623       58200      58200      163.36     69.63      0.4262     38.08      0.21       0.20       0.26       0          41.55      23         63         0          0          0.0811     2.1367     79         104        110        117        125        131        168       
1624       58200      58200      163.36     69.60      0.4260     38.00      0.21       0.20       0.26       0          41.55      23         63         0          0          0.0811     2.1367     79         104        110        117        125        131        168       
1625       58200      58200      163.36     70.03      0.4287     38.00      0.20       0.20       0.26       0          41.55      23         63         0          0          0.0811     2.1367     79         104        110        117        125        131        168       
1626       58200      58200      163.36     69.55      0.4257     38.00      0.21       0.20       0.26       0          41.55      23         63         0          0          0.0811     2.1367     79         104        110        117        125        131        168       
1627       58200      58200      163.36     69.75      0.4269     38.07      0.21       0.20       0.26       0          41.55      23         63         0          0          0.0811     2.1367     79         104        110        117        125        131        168       
1628       58200      58200      163.35     69.59      0.4260     38.03      0.21       0.20       0.26       0          41.55      23         63         0          0          0.0811     2.1367     79         104        110        117        125        131        168       
1629       58200      58200      163.37     69.11      0.4231     37.97      0.21       0.20       0.26       0          41.55      23         63         0          0          0.0811     2.1367     79         104        110        117        125        131        168       
1630       58200      58200      163.36     69.63      0.4262     37.97      0.22       0.19       0.26       0          41.55      23         63         0          0          0.0811     2.1367     79         104        110        117        125        131        168       
1631       58200      58200      163.36     69.46      0.4252     37.93      0.21       0.20       0.26       0          41.55      23         63         0          0          0.0811     2.1367     79         104        110        117        125        131        168       
1632       58200      58200      163.36     68.55      0.4196     38.03      0.21       0.20       0.26       0          41.55      23         63         0          0          0.0811     2.1367     79         104        110        117        125        131        168       
1633       58200      58200      163.36     69.11      0.4231     37.84      0.21       0.19       0.26       0          41.55      23         63         0          0          0.0811     2.1367     79         104        110        117        125        131        168       
1634       58200      58200      163.37     70.59      0.4321     37.99      0.21       0.20       0.26       0          41.55      23         63         0          0          0.0811     2.1367     79         104        110        117        125        131        168       
1635       58200      58200      163.36     69.55      0.4257     38.07      0.21       0.20       0.26       0          41.55      23         63         0          0          0.0811     2.1367     79         104        110        117        125        131        168       
1636       58200      58200      163.36     69.25      0.4239     38.08      0.21       0.20       0.26       0          41.55      23         63         0          0          0.0811     2.1367     79         104        110        117        125        131        168       
1637       58200      58200      163.37     69.54      0.4257     38.01      0.21       0.20       0.26       0          41.55      23         63         0          0          0.0811     2.1367     79         104        110        117        125        131        168       
1638       58200      58200      163.36     69.93      0.4281     38.15      0.21       0.20       0.26       0          41.55      23         63         0          0          0.0811     2.1367     79         104        110        117        125        131        168       
1639       58200      58200      163.36     69.90      0.4279     38.14      0.21       0.20       0.26       0          41.55      23         63         0          0          0.0811     2.1367     79         104        110        117        125        131        168       
1640       58200      58200      163.36     70.15      0.4294     38.05      0.22       0.20       0.26       0          41.55      23         63         0          0          0.0811     2.1367     79         104        110        117        125        131        168       
1641       58200      58200      163.36     69.56      0.4258     38.13      0.21       0.20       0.26       0          41.55      23         63         0          0          0.0811     2.1367     79         104        110        117        125        131        168       
1642       58200      58200      163.37     69.28      0.4241     38.09      0.21       0.20       0.26       0          41.55      23         63         0          0          0.0811     2.1367     79         104        110        117        125        131        168       
1643       58200      58200      163.36     70.22      0.4299     38.02      0.21       0.20       0.26       0          41.55      23         63         0          0          0.0811     2.1367     79         104        110        117        125        131        168       
1644       58200      58200      163.36     69.50      0.4254     37.99      0.21       0.20       0.26       0          41.55      23         63         0          0          0.0811     2.1367     79         104        110        117        125        131        168       
1645       58200      58200      163.36     69.64      0.4263     38.01      0.21       0.20       0.26       0          41.55      23         63         0          0          0.0811     2.1367     79         104        110        117        125        131        168       
1646       58200      58200      163.35     69.94      0.4281     38.06      0.21       0.20       0.26       0          41.55      23         63         0          0          0.0811     2.1367     79         104        110        117        125        131        168       
1647       58200      58200      163.35     70.43      0.4312     38.18      0.21       0.20       0.26       0          41.55      23         63         0          0          0.0811     2.1367     79         104        110        117        125        131        168       
1648       58200      58200      163.36     69.28      0.4241     38.16      0.21       0.20       0.26       0          41.55      23         63         0          0          0.0811     2.1367     79         104        110        117        125        131        168       
1649       58200      58200      163.36     70.41      0.4310     38.14      0.21       0.20       0.26       0          41.55      23         63         0          0          0.0811     2.1367     79         104        110        117        125        131        168       
1650       58200      58200      163.36     68.87      0.4216     38.07      0.21       0.20       0.26       0          41.55      23         63         0          0          0.0811     2.1367     79         104        110        117        125        131        168       
1651       58200      58200      163.35     69.92      0.4280     38.00      0.21       0.19       0.26       0          41.55      23         63         0          0          0.0811     2.1367     79         104        110        117        125        131        168       
1652       58200      58200      163.36     70.06      0.4289     38.08      0.21       0.20       0.26       0          41.55      23         63         0          0          0.0811     2.1367     79         104        110        117        125        131        168       
1653       58200      58200      163.35     68.99      0.4224     38.17      0.21       0.20       0.26       0          41.55      23         63         0          0          0.0811     2.1367     79         104        110        117        125        131        168       
1654       58200      58200      163.36     67.85      0.4153     37.95      0.21       0.19       0.26       0          41.55      23         63         0          0          0.0811     2.1367     79         104        110        117        125        131        168       
1655       58200      58200      163.34     70.38      0.4309     37.83      0.20       0.19       0.26       0          41.55      23         63         0          0          0.0811     2.1367     79         104        110        117        125        131        168       
1656       58200      58200      163.37     69.63      0.4262     37.92      0.21       0.19       0.26       0          41.55      23         63         0          0          0.0811     2.1367     79         104        110        117        125        131        168       
1657       58200      58200      163.35     69.15      0.4233     38.00      0.21       0.20       0.26       0          41.55      23         63         0          0          0.0811     2.1367     79         104        110        117        125        131        168       
1658       58200      58200      163.36     69.65      0.4264     38.07      0.21       0.20       0.26       0          41.55      23         63         0          0          0.0811     2.1367     79         104        110        117        125        131        168       
1659       58200      58200      163.36     70.35      0.4307     38.03      0.21       0.20       0.26       0          41.55      23         63         0          0          0.0811     2.1367     79         104        110        117        125        131        168       
1660       58200      58200      163.35     70.36      0.4307     38.22      0.21       0.20       0.26       0          41.55      23         63         0          0          0.0811     2.1367     79         104        110        117        125        131        168       
1661       58200      58200      163.36     70.15      0.4294     38.12      0.21       0.20       0.26       0          41.55      23         63         0          0          0.0811     2.1367     79         104        110        117        125        131        168       
1662       58200      58200      163.37     69.60      0.4260     38.09      0.21       0.20       0.26       0          41.55      23         63         0          0          0.0811     2.1367     79         104        110        117        125        131        168       
1663       58200      58200      163.35     69.33      0.4244     38.05      0.21       0.20       0.26       0          41.55      23         63         0          0          0.0811     2.1367     79         104        110        117        125        131        168       
1664       58200      58200      163.35     70.53      0.4317     38.04      0.21       0.20       0.26       0          41.55      23         63         0          0          0.0811     2.1367     79         104        110        117        125        131        168       
1665       58200      58200      163.37     69.46      0.4252     38.14      0.21       0.20       0.26       0          41.55      23         63         0          0          0.0811     2.1367     79         104        110        117        125        131        168       
1666       58200      58200      163.35     69.40      0.4249     38.14      0.21       0.20       0.26       0          41.55      23         63         0          0          0.0811     2.1367     79         104        110        117        125        131        168       
1667       58200      58200      163.36     69.09      0.4230     38.14      0.22       0.20       0.26       0          41.55      23         63         0          0          0.0811     2.1367     79         104        110        117        125        131        168       
1668       58200      58200      163.36     70.18      0.4296     38.08      0.21       0.20       0.26       0          41.55      23         63         0          0          0.0811     2.1367     79         104        110        117        125        131        168       
1669       58200      58200      163.36     68.88      0.4216     37.93      0.21       0.19       0.26       0          41.55      23         63         0          0          0.0811     2.1367     79         104        110        117        125        131        168       
1670       58200      58200      163.37     69.24      0.4238     37.97      0.21       0.19       0.26       0          41.55      23         63         0          0          0.0811     2.1367     79         104        110        117        125        131        168       
1671       58200      58200      163.36     69.45      0.4251     37.89      0.21       0.19       0.26       0          41.55      23         63         0          0          0.0811     2.1367     79         104        110        117        125        131        168       
1672       58200      58200      163.36     69.06      0.4228     37.88      0.21       0.19       0.26       0          41.55      23         63         0          0          0.0811     2.1367     79         104        110        117        125        131        168       
1673       58200      58200      163.37     69.04      0.4226     37.94      0.21       0.20       0.26       0          41.55      23         63         0          0          0.0811     2.1367     79         104        110        117        125        131        168       
1674       58200      58200      163.37     70.03      0.4286     37.99      0.21       0.20       0.26       0          41.55      23         63         0          0          0.0811     2.1367     79         104        110        117        125        131        168       
1675       58200      58200      163.36     67.91      0.4157     37.94      0.21       0.20       0.26       0          41.55      23         63         0          0          0.0811     2.1367     79         104        110        117        125        131        168       
1676       58200      58200      163.36     68.95      0.4221     37.94      0.21       0.19       0.26       0          41.55      23         63         0          0          0.0811     2.1367     79         104        110        117        125        131        168       
1677       58200      58200      163.36     69.84      0.4275     37.88      0.21       0.19       0.26       0          41.55      23         63         0          0          0.0811     2.1367     79         104        110        117        125        131        168       
1678       58200      58200      163.36     69.54      0.4257     37.98      0.21       0.20       0.26       0          41.55      23         63         0          0          0.0810     2.1367     79         104        110        117        125        131        168       
1679       58200      58200      163.36     68.52      0.4194     37.93      0.21       0.19       0.26       0          41.55      23         63         0          0          0.0810     2.1367     79         104        110        117        125        131        168       
1680       58200      58200      163.36     70.99      0.4345     37.99      0.21       0.20       0.26       0          41.55      23         63         0          0          0.0810     2.1367     79         104        110        117        125        131        168       
1681       58200      58200      163.36     69.89      0.4278     38.08      0.21       0.20       0.26       0          41.55      23         63         0          0          0.0810     2.1367     79         104        110        117        125        131        168       
1682       58200      58200      163.36     68.34      0.4183     38.02      0.21       0.20       0.26       0          41.55      23         63         0          0          0.0810     2.1367     79         104        110        117        125        131        168       
1683       58200      58200      163.36     70.69      0.4327     38.14      0.21       0.20       0.26       0          41.55      23         63         0          0          0.0810     2.1367     79         104        110        117        125        131        168       
1684       58200      58200      163.36     70.08      0.4290     38.20      0.21       0.20       0.26       0          41.55      23         63         0          0          0.0810     2.1367     79         104        110        117        125        131        168       
1685       58200      58200      163.37     70.90      0.4340     38.33      0.21       0.20       0.26       0          41.55      23         63         0          0          0.0810     2.1367     79         104        110        117        125        131        168       
1686       58200      58200      163.36     70.63      0.4324     38.33      0.22       0.20       0.26       0          41.55      23         63         0          0          0.0810     2.1367     79         104        110        117        125        131        168       
1687       58200      58200      163.36     69.33      0.4244     38.08      0.21       0.20       0.26       0          41.55      23         63         0          0          0.0810     2.1367     79         104        110        117        125        131        168       
1688       58200      58200      163.36     70.38      0.4308     38.14      0.21       0.20       0.26       0          41.55      23         63         0          0          0.0810     2.1367     79         104        110        117        125        131        168       
1689       58200      58200      163.35     69.12      0.4232     38.13      0.21       0.20       0.26       0          41.55      23         63         0          0          0.0810     2.1367     79         104        110        117        125        131        168       
1690       58200      58200      163.36     70.30      0.4303     38.17      0.22       0.20       0.26       0          41.55      23         63         0          0          0.0810     2.1367     79         104        110        117        125        131        168       
1691       58200      58200      163.37     69.97      0.4283     38.08      0.21       0.20       0.26       0          41.55      23         63         0          0          0.0810     2.1367     79         104        110        117        125        131        168       
1692       58200      58200      163.36     71.67      0.4387     38.35      0.21       0.20       0.26       0          41.55      23         63         0          0          0.0810     2.1367     79         104        110        117        125        131        168       
1693       58200      58200      163.36     70.28      0.4302     38.43      0.21       0.20       0.26       0          41.55      23         63         0          0          0.0810     2.1367     79         104        110        117        125        131        168       
1694       58200      58200      163.36     70.44      0.4312     38.43      0.22       0.20       0.26       0          41.55      23         63         0          0          0.0810     2.1367     79         104        110        117        125        131        168       
1695       58200      58200      163.35     69.85      0.4276     38.25      0.21       0.20       0.26       0          41.55      23         63         0          0          0.0810     2.1367     79         104        110        117        125        131        168       
1696       58200      58200      163.36     70.44      0.4312     38.21      0.21       0.20       0.26       0          41.55      23         63         0          0          0.0810     2.1367     79         104        110        117        125        131        168       
1697       58200      58200      163.35     68.98      0.4223     38.16      0.21       0.20       0.26       0          41.55      23         63         0          0          0.0810     2.1367     79         104        110        117        125        131        168       
1698       58200      58200      163.36     69.59      0.4260     37.99      0.21       0.20       0.26       0          41.55      23         63         0          0          0.0810     2.1367     79         104        110        117        125        131        168       
1699       58200      58200      163.36     70.05      0.4288     37.98      0.21       0.20       0.26       0          41.55      23         63         0          0          0.0810     2.1367     79         104        110        117        125        131        168       
1700       58200      58200      163.36     69.17      0.4234     38.05      0.21       0.20       0.26       0          41.55      23         63         0          0          0.0810     2.1367     79         104        110        117        125        131        168       
1701       58200      58200      163.36     69.48      0.4253     38.00      0.21       0.20       0.26       0          41.55      23         63         0          0          0.0810     2.1367     79         104        110        117        125        131        168       
1702       58200      58200      163.36     68.97      0.4222     37.90      0.21       0.19       0.26       0          41.55      23         63         0          0          0.0810     2.1367     79         104        110        117        125        131        168       
1703       58200      58200      163.35     70.45      0.4313     38.04      0.21       0.20       0.26       0          41.55      23         63         0          0          0.0810     2.1367     79         104        110        117        125        131        168       
1704       58200      58200      163.36     68.82      0.4212     38.13      0.21       0.20       0.26       0          41.55      23         63         0          0          0.0810     2.1367     79         104        110        117        125        131        168       
1705       58200      58200      163.35     69.68      0.4266     37.96      0.21       0.20       0.26       0          41.55      23         63         0          0          0.0810     2.1367     79         104        110        117        125        131        168       
1706       58200      58200      163.36     69.35      0.4245     38.01      0.21       0.20       0.26       0          41.55      23         63         0          0          0.0810     2.1367     79         104        110        117        125        131        168       
1707       58200      58200      163.36     69.14      0.4232     38.15      0.21       0.20       0.26       0          41.55      23         63         0          0          0.0810     2.1367     79         104        110        117        125        131        168       
1708       58200      58200      163.37     70.45      0.4313     38.03      0.21       0.20       0.26       0          41.55      23         63         0          0          0.0810     2.1367     79         104        110        117        125        131        168       
1709       58200      58200      163.36     70.85      0.4337     38.06      0.21       0.20       0.26       0          41.55      23         63         0          0          0.0810     2.1367     79         104        110        117        125        131        168       
1710       58200      58200      163.36     68.61      0.4200     38.14      0.21       0.20       0.26       0          41.55      23         63         0          0          0.0810     2.1367     79         104        110        117        125        131        168       
1711       58200      58200      163.36     69.23      0.4238     37.91      0.21       0.19       0.26       0          41.55      23         63         0          0          0.0810     2.1367     79         104        110        117        125        131        168       
1712       58200      58200      163.36     69.41      0.4249     37.85      0.21       0.19       0.26       0          41.55      23         63         0          0          0.0810     2.1367     79         104        110        117        125        131        168       
1713       58200      58200      163.36     70.92      0.4341     37.93      0.21       0.20       0.26       0          41.55      23         63         0          0          0.0810     2.1367     79         104        110        117        125        131        168       
1714       58200      58200      163.36     69.32      0.4244     38.06      0.21       0.20       0.26       0          41.55      23         63         0          0          0.0810     2.1367     79         104        110        117        125        131        168       
1715       58200      58200      163.37     69.61      0.4261     38.09      0.21       0.20       0.26       0          41.55      23         63         0          0          0.0810     2.1367     79         104        110        117        125        131        168       
1716       58200      58200      163.36     69.13      0.4232     38.05      0.21       0.20       0.26       0          41.55      23         63         0          0          0.0810     2.1367     79         104        110        117        125        131        168       
1717       58200      58200      163.37     68.86      0.4215     37.90      0.21       0.19       0.26       0          41.55      23         63         0          0          0.0810     2.1367     79         104        110        117        125        131        168       
1718       58200      58200      163.36     69.73      0.4268     37.91      0.21       0.19       0.26       0          41.55      23         63         0          0          0.0810     2.1367     79         104        110        117        125        131        168       
1719       58200      58200      163.36     69.50      0.4254     37.94      0.21       0.19       0.26       0          41.55      23         63         0          0          0.0810     2.1367     79         104        110        117        125        131        168       
1720       58200      58200      163.36     68.96      0.4221     38.06      0.21       0.20       0.26       0          41.55      23         63         0          0          0.0810     2.1367     79         104        110        117        125        131        168       
1721       58200      58200      163.37     68.42      0.4188     37.94      0.21       0.19       0.26       0          41.55      23         63         0          0          0.0810     2.1367     79         104        110        117        125        131        168       
1722       58200      58200      163.37     70.47      0.4313     37.99      0.21       0.19       0.26       0          41.55      23         63         0          0          0.0810     2.1367     79         104        110        117        125        131        168       
1723       58200      58200      163.36     69.77      0.4271     38.04      0.21       0.20       0.26       0          41.55      23         63         0          0          0.0810     2.1366     79         104        110        117        125        131        168       
1724       58200      58200      163.36     69.43      0.4250     38.06      0.21       0.20       0.26       0          41.55      23         63         0          0          0.0810     2.1366     79         104        110        117        125        131        168       
1725       58200      58200      163.37     70.26      0.4301     38.12      0.21       0.20       0.26       0          41.55      23         63         0          0          0.0810     2.1366     79         104        110        117        125        131        168       
1726       58200      58200      163.36     69.12      0.4231     38.13      0.21       0.20       0.26       0          41.55      23         63         0          0          0.0810     2.1366     79         104        110        117        125        131        168       
1727       58200      58200      163.37     70.36      0.4307     38.06      0.21       0.20       0.26       0          41.55      23         63         0          0          0.0810     2.1366     79         104        110        117        125        131        168       
1728       58200      58200      163.37     69.75      0.4269     38.10      0.21       0.20       0.26       0          41.55      23         63         0          0          0.0810     2.1366     79         104        110        117        125        131        168       
1729       58200      58200      163.36     69.24      0.4239     38.04      0.21       0.20       0.26       0          41.55      23         63         0          0          0.0810     2.1366     79         104        110        117        125        131        168       
1730       58200      58200      163.37     68.85      0.4215     37.99      0.21       0.20       0.26       0          41.55      23         63         0          0          0.0810     2.1366     79         104        110        117        125        131        168       
1731       58200      58200      163.36     69.60      0.4260     38.00      0.21       0.20       0.26       0          41.55      23         63         0          0          0.0810     2.1366     79         104        110        117        125        131        168       
1732       58200      58200      163.36     69.99      0.4285     38.01      0.21       0.20       0.26       0          41.55      23         63         0          0          0.0810     2.1366     79         104        110        117        125        131        168       
1733       58200      58200      163.37     69.28      0.4240     38.00      0.21       0.20       0.26       0          41.55      23         63         0          0          0.0810     2.1366     79         104        110        117        125        131        168       
1734       58200      58200      163.37     68.27      0.4179     37.92      0.21       0.19       0.26       0          41.55      23         63         0          0          0.0810     2.1366     79         104        110        117        125        131        168       
1735       58200      58200      163.36     69.70      0.4267     37.90      0.21       0.19       0.26       0          41.55      23         63         0          0          0.0810     2.1366     79         104        110        117        125        131        168       
1736       58200      58200      163.37     69.35      0.4245     37.87      0.21       0.19       0.26       0          41.55      23         63         0          0          0.0810     2.1366     79         104        110        117        125        131        168       
1737       58200      58200      163.37     68.89      0.4217     37.90      0.21       0.19       0.26       0          41.55      23         63         0          0          0.0810     2.1366     79         104        110        117        125        131        168       
1738       58200      58200      163.36     68.92      0.4219     37.85      0.21       0.19       0.26       0          41.55      23         63         0          0          0.0810     2.1366     79         104        110        117        125        131        168       
1739       58200      58200      163.37     69.33      0.4244     37.89      0.21       0.19       0.26       0          41.55      23         63         0          0          0.0810     2.1366     79         104        110        117        125        131        168       
1740       58200      58200      163.37     69.00      0.4223     37.91      0.21       0.19       0.26       0          41.55      23         63         0          0          0.0810     2.1366     79         104        110        117        125        131        168       
1741       58200      58200      163.36     70.06      0.4288     38.00      0.21       0.19       0.26       0          41.55      23         63         0          0          0.0810     2.1366     79         104        110        117        125        131        168       
1742       58200      58200      163.36     68.47      0.4191     37.97      0.20       0.19       0.26       0          41.55      23         63         0          0          0.0810     2.1366     79         104        110        117        125        131        168       
1743       58200      58200      163.36     69.90      0.4279     37.93      0.21       0.19       0.26       0          41.55      23         63         0          0          0.0810     2.1366     79         104        110        117        125        131        168       
1744       58200      58200      163.36     68.98      0.4223     37.81      0.21       0.19       0.26       0          41.55      23         63         0          0          0.0810     2.1366     79         104        110        117        125        131        168       
1745       58200      58200      163.37     69.46      0.4252     37.95      0.21       0.19       0.26       0          41.55      23         63         0          0          0.0810     2.1366     79         104        110        117        125        131        168       
1746       58200      58200      163.36     70.19      0.4297     37.99      0.21       0.20       0.26       0          41.55      23         63         0          0          0.0810     2.1366     79         104        110        117        125        131        168       
1747       58200      58200      163.36     69.08      0.4229     37.97      0.21       0.20       0.26       0          41.55      23         63         0          0          0.0810     2.1366     79         104        110        117        125        131        168       
1748       58200      58200      163.36     69.88      0.4277     38.09      0.21       0.20       0.26       0          41.55      23         63         0          0          0.0810     2.1366     79         104        110        117        125        131        168       
1749       58200      58200      163.36     70.01      0.4285     38.04      0.20       0.20       0.26       0          41.55      23         63         0          0          0.0810     2.1366     79         104        110        117        125        131        168       
1750       58200      58200      163.36     70.25      0.4300     38.04      0.21       0.20       0.26       0          41.55      23         63         0          0          0.0810     2.1366     79         104        110        117        125        131        168       
1751       58200      58200      163.35     69.99      0.4284     38.23      0.22       0.20       0.26       0          41.55      23         63         0          0          0.0810     2.1366     79         104        110        117        125        131        168       
1752       58200      58200      163.37     69.76      0.4270     38.05      0.21       0.20       0.26       0          41.55      23         63         0          0          0.0810     2.1366     79         104        110        117        125        131        168       
1753       58200      58200      163.37     70.21      0.4298     38.11      0.21       0.20       0.26       0          41.55      23         63         0          0          0.0810     2.1366     79         104        110        117        125        131        168       
1754       58200      58200      163.36     69.05      0.4227     38.04      0.21       0.20       0.26       0          41.55      23         63         0          0          0.0810     2.1366     79         104        110        117        125        131        168       
1755       58200      58200      163.36     69.10      0.4230     38.12      0.21       0.20       0.26       0          41.55      23         63         0          0          0.0810     2.1366     79         104        110        117        125        131        168       
1756       58200      58200      163.37     69.44      0.4251     37.92      0.21       0.19       0.26       0          41.55      23         63         0          0          0.0810     2.1366     79         104        110        117        125        131        168       
1757       58200      58200      163.37     69.96      0.4282     37.93      0.20       0.19       0.26       0          41.55      23         63         0          0          0.0810     2.1366     79         104        110        117        125        131        168       
1758       58200      58200      163.36     69.61      0.4261     37.96      0.20       0.20       0.26       0          41.55      23         63         0          0          0.0810     2.1366     79         104        110        117        125        131        168       
1759       58200      58200      163.37     69.32      0.4243     38.08      0.21       0.20       0.26       0          41.55      23         63         0          0          0.0810     2.1366     79         104        110        117        125        131        168       
1760       58200      58200      163.37     69.03      0.4226     38.11      0.21       0.20       0.26       0          41.55      23         63         0          0          0.0810     2.1366     79         104        110        117        125        131        168       
1761       58200      58200      163.37     69.61      0.4261     37.91      0.21       0.19       0.26       0          41.55      23         63         0          0          0.0810     2.1366     79         104        110        117        125        131        168       
1762       58200      58200      163.37     70.00      0.4285     37.94      0.21       0.20       0.26       0          41.55      23         63         0          0          0.0810     2.1366     79         104        110        117        125        131        168       
1763       58200      58200      163.38     68.38      0.4186     38.01      0.21       0.20       0.26       0          41.55      23         63         0          0          0.0810     2.1366     79         104        110        117        125        131        168       
1764       58200      58200      163.36     69.64      0.4263     37.90      0.21       0.19       0.26       0          41.55      23         63         0          0          0.0810     2.1366     79         104        110        117        125        131        168       
1765       58200      58200      163.37     69.48      0.4253     37.86      0.21       0.19       0.26       0          41.55      23         63         0          0          0.0810     2.1366     79         104        110        117        125        131        168       
1766       58200      58200      163.38     68.77      0.4210     37.95      0.21       0.19       0.26       0          41.55      23         63         0          0          0.0810     2.1366     79         104        110        117        125        131        168       
1767       58200      58200      163.36     69.47      0.4253     38.00      0.21       0.20       0.26       0          41.55      23         63         0          0          0.0810     2.1366     79         104        110        117        125        131        168       
1768       58200      58200      163.37     69.54      0.4257     37.95      0.21       0.20       0.26       0          41.55      23         63         0          0          0.0810     2.1366     79         104        110        117        125        131        168       
1769       58200      58200      163.36     69.73      0.4269     37.98      0.21       0.20       0.26       0          41.55      23         63         0          0          0.0810     2.1366     79         104        110        117        125        131        168       
1770       58200      58200      163.37     69.34      0.4244     37.99      0.21       0.20       0.26       0          41.55      23         63         0          0          0.0810     2.1366     79         104        110        117        125        131        168       
1771       58200      58200      163.37     68.88      0.4216     37.98      0.21       0.20       0.26       0          41.55      23         63         0          0          0.0810     2.1366     79         104        110        117        125        131        168       
1772       58200      58200      163.36     69.38      0.4247     37.85      0.20       0.19       0.26       0          41.55      23         63         0          0          0.0810     2.1366     79         104        110        117        125        131        168       
1773       58200      58200      163.36     68.97      0.4222     37.89      0.21       0.19       0.26       0          41.55      23         63         0          0          0.0810     2.1366     79         104        110        117        125        131        168       
1774       58200      58200      163.37     69.98      0.4283     37.97      0.21       0.20       0.26       0          41.55      23         63         0          0          0.0810     2.1366     79         104        110        117        125        131        168       
1775       58200      58200      163.37     69.25      0.4239     37.80      0.20       0.19       0.26       0          41.55      23         63         0          0          0.0810     2.1366     79         104        110        117        125        131        168       
1776       58200      58200      163.37     69.00      0.4224     37.87      0.21       0.19       0.26       0          41.55      23         63         0          0          0.0810     2.1366     79         104        110        117        125        131        168       
1777       58200      58200      163.37     69.52      0.4255     37.96      0.21       0.20       0.26       0          41.55      23         63         0          0          0.0810     2.1366     79         104        110        117        125        131        168       
1778       58200      58200      163.36     69.40      0.4248     37.97      0.21       0.20       0.26       0          41.55      23         63         0          0          0.0810     2.1366     79         104        110        117        125        131        168       
1779       58200      58200      163.37     69.54      0.4257     37.88      0.21       0.19       0.26       0          41.55      23         63         0          0          0.0810     2.1366     79         104        110        117        125        131        168       
1780       58200      58200      163.37     69.35      0.4245     37.80      0.21       0.19       0.26       0          41.55      23         63         0          0          0.0810     2.1366     79         104        110        117        125        131        168       
1781       58200      58200      163.38     69.63      0.4262     38.02      0.21       0.20       0.26       0          41.55      23         63         0          0          0.0810     2.1366     79         104        110        117        125        131        168       
1782       58200      58200      163.37     69.23      0.4238     37.99      0.21       0.20       0.26       0          41.55      23         63         0          0          0.0810     2.1366     79         104        110        117        125        131        168       
1783       58200      58200      163.37     70.03      0.4287     37.97      0.20       0.20       0.26       0          41.55      23         63         0          0          0.0810     2.1366     79         104        110        117        125        131        168       
1784       58200      58200      163.37     69.54      0.4257     37.99      0.21       0.20       0.26       0          41.55      23         63         0          0          0.0810     2.1366     79         104        110        117        125        131        168       
1785       58200      58200      163.37     68.53      0.4195     38.00      0.21       0.20       0.26       0          41.55      23         63         0          0          0.0810     2.1366     79         104        110        117        125        131        168       
1786       58200      58200      163.37     69.96      0.4282     37.94      0.20       0.20       0.26       0          41.55      23         63         0          0          0.0810     2.1366     79         104        110        117        125        131        168       
1787       58200      58200      163.37     70.47      0.4313     37.92      0.21       0.20       0.26       0          41.55      23         63         0          0          0.0810     2.1366     79         104        110        117        125        131        168       
1788       58200      58200      163.37     69.09      0.4229     38.04      0.21       0.20       0.26       0          41.55      23         63         0          0          0.0810     2.1366     79         104        110        117        125        131        168       
1789       58200      58200      163.37     69.72      0.4268     38.04      0.21       0.20       0.26       0          41.55      23         63         0          0          0.0810     2.1366     79         104        110        117        125        131        168       
1790       58200      58200      163.36     70.18      0.4296     38.02      0.21       0.20       0.26       0          41.55      23         63         0          0          0.0810     2.1366     79         104        110        117        125        131        168       
1791       58200      58200      163.37     69.36      0.4246     38.02      0.20       0.20       0.26       0          41.55      23         63         0          0          0.0810     2.1366     79         104        110        117        125        131        168       
1792       58200      58200      163.37     69.62      0.4262     38.07      0.21       0.20       0.26       0          41.55      23         63         0          0          0.0810     2.1366     79         104        110        117        125        131        168       
1793       58200      58200      163.37     70.19      0.4297     38.11      0.21       0.20       0.26       0          41.55      23         63         0          0          0.0810     2.1366     79         104        110        117        125        131        168       
1794       58200      58200      163.37     69.50      0.4254     38.03      0.22       0.20       0.26       0          41.55      23         63         0          0          0.0810     2.1366     79         104        110        117        125        131        168       
1795       58200      58200      163.37     70.72      0.4329     38.13      0.21       0.20       0.26       0          41.55      23         63         0          0          0.0810     2.1366     79         104        110        117        125        131        168       
1796       58200      58200      163.37     68.58      0.4198     38.00      0.21       0.20       0.26       0          41.55      23         63         0          0          0.0810     2.1366     79         104        110        117        125        131        168       
1797       58200      58200      163.37     70.38      0.4308     38.00      0.20       0.20       0.26       0          41.55      23         63         0          0          0.0810     2.1366     79         104        110        117        125        131        168       
1798       58200      58200      163.37     70.10      0.4291     38.05      0.21       0.20       0.26       0          41.55      23         63         0          0          0.0810     2.1366     79         104        110        117        125        131        168       
1799       58200      58200      163.36     68.80      0.4212     37.94      0.21       0.19       0.26       0          41.55      23         63         0          0          0.0810     2.1366     79         104        110        117        125        131        168       
1800       58200      58200      163.37     70.74      0.4330     37.94      0.21       0.19       0.26       0          41.55      23         63         0          0          0.0810     2.1366     79         104        110        117        125        131        168       
1801       58200      58200      163.38     68.75      0.4208     37.96      0.21       0.20       0.26       0          41.55      23         63         0          0          0.0810     2.1366     79         104        110        117        125        131        168       
1802       58200      58200      163.38     70.57      0.4320     38.04      0.20       0.20       0.26       0          41.55      23         63         0          0          0.0810     2.1366     79         104        110        117        125        131        168       
1803       58200      58200      163.37     69.16      0.4233     38.09      0.21       0.20       0.26       0          41.55      23         63         0          0          0.0810     2.1366     79         104        110        117        125        131        168       
1804       58200      58200      163.36     68.66      0.4203     37.93      0.21       0.20       0.26       0          41.55      23         63         0          0          0.0810     2.1366     79         104        110        117        125        131        168       
1805       58200      58200      163.38     68.69      0.4204     37.95      0.21       0.19       0.26       0          41.55      23         63         0          0          0.0810     2.1366     79         104        110        117        125        131        168       
1806       58200      58200      163.37     69.01      0.4224     37.88      0.21       0.19       0.26       0          41.55      23         63         0          0          0.0810     2.1366     79         104        110        117        125        131        168       
1807       58200      58200      163.36     69.25      0.4239     37.82      0.21       0.19       0.26       0          41.55      23         63         0          0          0.0810     2.1366     79         104        110        117        125        131        168       
1808       58200      58200      163.36     70.20      0.4297     37.84      0.20       0.19       0.26       0          41.55      23         63         0          0          0.0810     2.1366     79         104        110        117        125        131        168       
1809       58200      58200      163.37     69.51      0.4255     38.06      0.21       0.20       0.26       0          41.55      23         63         0          0          0.0810     2.1366     79         104        110        117        125        131        168       
1810       58200      58200      163.37     68.79      0.4211     37.97      0.21       0.20       0.26       0          41.55      23         63         0          0          0.0810     2.1366     79         104        110        117        125        131        168       
1811       58200      58200      163.36     69.58      0.4260     37.96      0.20       0.19       0.26       0          41.55      23         63         0          0          0.0810     2.1366     79         104        110        117        125        131        168       
1812       58200      58200      163.36     69.07      0.4228     38.02      0.21       0.20       0.26       0          41.55      23         63         0          0          0.0810     2.1366     79         104        110        117        125        131        168       
1813       58200      58200      163.36     69.88      0.4278     37.78      0.21       0.19       0.26       0          41.55      23         63         0          0          0.0810     2.1366     79         104        110        117        125        131        168       
1814       58200      58200      163.37     69.24      0.4238     37.90      0.20       0.20       0.26       0          41.55      23         63         0          0          0.0810     2.1366     79         104        110        117        125        131        168       
1815       58200      58200      163.37     68.73      0.4207     37.89      0.20       0.19       0.26       0          41.55      23         63         0          0          0.0810     2.1366     79         104        110        117        125        131        168       
1816       58200      58200      163.37     68.91      0.4218     37.86      0.21       0.19       0.26       0          41.55      23         63         0          0          0.0810     2.1366     79         104        110        117        125        131        168       
1817       58200      58200      163.37     69.88      0.4278     37.95      0.21       0.19       0.26       0          41.55      23         63         0          0          0.0810     2.1366     79         104        110        117        125        131        168       
1818       58200      58200      163.37     70.40      0.4309     37.99      0.21       0.20       0.26       0          41.55      23         63         0          0          0.0810     2.1366     79         104        110        117        125        131        168       
1819       58200      58200      163.38     69.17      0.4234     38.10      0.21       0.20       0.26       0          41.55      23         63         0          0          0.0810     2.1366     79         104        110        117        125        131        168       
1820       58200      58200      163.38     68.99      0.4223     37.98      0.21       0.20       0.26       0          41.55      23         63         0          0          0.0810     2.1366     79         104        110        117        125        131        168       
1821       58200      58200      163.36     67.79      0.4149     37.83      0.21       0.19       0.26       0          41.55      23         63         0          0          0.0810     2.1366     79         104        110        117        125        131        168       
1822       58200      58200      163.37     68.80      0.4211     37.81      0.20       0.19       0.26       0          41.55      23         63         0          0          0.0810     2.1366     79         104        110        117        125        131        168       
1823       58200      58200      163.36     69.78      0.4272     37.80      0.20       0.19       0.26       0          41.55      23         63         0          0          0.0810     2.1366     79         104        110        117        125        131        168       
1824       58200      58200      163.37     70.44      0.4312     37.96      0.21       0.20       0.26       0          41.55      23         63         0          0          0.0810     2.1366     79         104        110        117        125        131        168       
1825       58200      58200      163.37     69.97      0.4283     38.06      0.21       0.20       0.26       0          41.55      23         63         0          0          0.0810     2.1366     79         104        110        117        125        131        168       
1826       58200      58200      163.37     69.21      0.4236     37.99      0.21       0.20       0.26       0          41.55      23         63         0          0          0.0810     2.1366     79         104        110        117        125        131        168       
1827       58200      58200      163.37     69.65      0.4263     38.08      0.21       0.20       0.26       0          41.55      23         63         0          0          0.0810     2.1366     79         104        110        117        125        131        168       
1828       58200      58200      163.37     70.11      0.4291     38.08      0.21       0.20       0.26       0          41.55      23         63         0          0          0.0810     2.1366     79         104        110        117        125        131        168       
1829       58200      58200      163.37     70.06      0.4289     38.16      0.21       0.20       0.26       0          41.55      23         63         0          0          0.0810     2.1366     79         104        110        117        125        131        168       
1830       58200      58200      163.36     70.97      0.4344     38.13      0.21       0.20       0.26       0          41.55      23         63         0          0          0.0810     2.1366     79         104        110        117        125        131        168       
1831       58200      58200      163.36     70.33      0.4305     38.22      0.21       0.20       0.26       0          41.55      23         63         0          0          0.0810     2.1366     79         104        110        117        125        131        168       
1832       58200      58200      163.37     70.07      0.4289     38.27      0.22       0.20       0.26       0          41.55      23         63         0          0          0.0810     2.1366     79         104        110        117        125        131        168       
1833       58200      58200      163.36     69.94      0.4282     38.26      0.22       0.20       0.26       0          41.55      23         63         0          0          0.0810     2.1366     79         104        110        117        125        131        168       
1834       58200      58200      163.37     69.45      0.4251     38.11      0.21       0.20       0.26       0          41.55      23         63         0          0          0.0810     2.1366     79         104        110        117        125        131        168       
1835       58200      58200      163.37     70.08      0.4290     38.12      0.21       0.20       0.26       0          41.55      23         63         0          0          0.0810     2.1366     79         104        110        117        125        131        168       
1836       58200      58200      163.37     69.17      0.4234     37.96      0.21       0.20       0.26       0          41.55      23         63         0          0          0.0810     2.1366     79         104        110        117        125        131        168       
1837       58200      58200      163.36     68.38      0.4186     37.92      0.21       0.19       0.26       0          41.55      23         63         0          0          0.0810     2.1366     79         104        110        117        125        131        168       
1838       58200      58200      163.37     70.85      0.4337     37.86      0.21       0.19       0.26       0          41.55      23         63         0          0          0.0810     2.1366     79         104        110        117        125        131        168       
1839       58200      58200      163.37     69.69      0.4266     38.04      0.21       0.20       0.26       0          41.55      23         63         0          0          0.0810     2.1366     79         104        110        117        125        131        168       
1840       58200      58200      163.37     68.71      0.4206     38.01      0.21       0.20       0.26       0          41.55      23         63         0          0          0.0810     2.1366     79         104        110        117        125        131        168       
1841       58200      58200      163.37     69.77      0.4271     38.01      0.21       0.20       0.26       0          41.55      23         63         0          0          0.0810     2.1366     79         104        110        117        125        131        168       
1842       58200      58200      163.37     69.96      0.4283     37.96      0.21       0.20       0.26       0          41.55      23         63         0          0          0.0810     2.1366     79         104        110        117        125        131        168       
1843       58200      58200      163.38     69.72      0.4268     38.05      0.20       0.20       0.26       0          41.55      23         63         0          0          0.0810     2.1366     79         104        110        117        125        131        168       
1844       58200      58200      163.37     70.23      0.4299     38.09      0.20       0.20       0.26       0          41.55      23         63         0          0          0.0810     2.1366     79         104        110        117        125        131        168       
1845       58200      58200      163.36     69.48      0.4253     38.15      0.21       0.20       0.26       0          41.55      23         63         0          0          0.0810     2.1366     79         104        110        117        125        131        168       
1846       58200      58200      163.36     70.67      0.4326     38.10      0.21       0.20       0.26       0          41.55      23         63         0          0          0.0810     2.1366     79         104        110        117        125        131        168       
1847       58200      58200      163.36     69.93      0.4280     38.07      0.21       0.20       0.26       0          41.55      23         63         0          0          0.0810     2.1366     79         104        110        117        125        131        168       
1848       58200      58200      163.36     70.48      0.4314     38.06      0.21       0.20       0.26       0          41.55      23         63         0          0          0.0810     2.1366     79         104        110        117        125        131        168       
1849       58200      58200      163.36     70.41      0.4310     38.10      0.21       0.20       0.26       0          41.55      23         63         0          0          0.0810     2.1366     79         104        110        117        125        131        168       
1850       58200      58200      163.37     69.98      0.4284     38.07      0.21       0.20       0.26       0          41.55      23         63         0          0          0.0810     2.1366     79         104        110        117        125        131        168       
1851       58200      58200      163.37     68.94      0.4220     38.07      0.21       0.20       0.26       0          41.55      23         63         0          0          0.0810     2.1366     79         104        110        117        125        131        168       
1852       58200      58200      163.36     68.93      0.4219     38.02      0.21       0.20       0.26       0          41.55      23         63         0          0          0.0810     2.1366     79         104        110        117        125        131        168       
1853       58200      58200      163.37     68.98      0.4222     37.93      0.21       0.19       0.26       0          41.55      23         63         0          0          0.0810     2.1366     79         104        110        117        125        131        168       
1854       58200      58200      163.36     69.82      0.4274     37.87      0.21       0.19       0.26       0          41.55      23         63         0          0          0.0810     2.1366     79         104        110        117        125        131        168       
1855       58200      58200      163.37     70.16      0.4295     37.99      0.21       0.20       0.26       0          41.55      23         63         0          0          0.0810     2.1366     79         104        110        117        125        131        168       
1856       58200      58200      163.37     69.32      0.4243     38.09      0.21       0.20       0.26       0          41.55      23         63         0          0          0.0810     2.1366     79         104        110        117        125        131        168       
1857       58200      58200      163.37     69.83      0.4274     38.06      0.21       0.20       0.26       0          41.55      23         63         0          0          0.0810     2.1366     79         104        110        117        125        131        168       
1858       58200      58200      163.36     70.15      0.4294     38.04      0.21       0.20       0.26       0          41.55      23         63         0          0          0.0810     2.1366     79         104        110        117        125        131        168       
1859       58200      58200      163.37     68.74      0.4207     37.98      0.21       0.20       0.26       0          41.55      23         63         0          0          0.0810     2.1366     79         104        110        117        125        131        168       
1860       58200      58200      163.37     69.40      0.4248     37.97      0.20       0.19       0.26       0          41.55      23         63         0          0          0.0810     2.1366     79         104        110        117        125        131        168       
1861       58200      58200      163.37     69.78      0.4271     37.89      0.21       0.19       0.26       0          41.55      23         63         0          0          0.0810     2.1366     79         104        110        117        125        131        168       
1862       58200      58200      163.38     68.81      0.4212     37.84      0.20       0.19       0.26       0          41.55      23         63         0          0          0.0810     2.1366     79         104        110        117        125        131        168       
1863       58200      58200      163.36     69.34      0.4245     37.92      0.21       0.19       0.26       0          41.55      23         63         0          0          0.0810     2.1366     79         104        110        117        125        131        168       
1864       58200      58200      163.38     69.12      0.4230     37.87      0.21       0.19       0.26       0          41.55      23         63         0          0          0.0810     2.1366     79         104        110        117        125        131        168       
1865       58200      58200      163.37     69.68      0.4265     37.93      0.21       0.19       0.26       0          41.55      23         63         0          0          0.0810     2.1366     79         104        110        117        125        131        168       
1866       58200      58200      163.37     69.85      0.4276     38.05      0.21       0.20       0.26       0          41.55      23         63         0          0          0.0810     2.1366     79         104        110        117        125        131        168       
1867       58200      58200      163.37     68.81      0.4212     38.02      0.21       0.20       0.26       0          41.55      23         63         0          0          0.0810     2.1366     79         104        110        117        125        131        168       
1868       58200      58200      163.38     69.68      0.4265     37.88      0.21       0.19       0.26       0          41.55      23         63         0          0          0.0810     2.1366     79         104        110        117        125        131        168       
1869       58200      58200      163.36     69.01      0.4224     37.89      0.21       0.19       0.26       0          41.55      23         63         0          0          0.0810     2.1366     79         104        110        117        125        131        168       
1870       58200      58200      163.37     70.52      0.4317     37.94      0.21       0.19       0.26       0          41.55      23         63         0          0          0.0810     2.1366     79         104        110        117        125        131        168       
1871       58200      58200      163.37     68.76      0.4209     37.89      0.21       0.19       0.26       0          41.55      23         63         0          0          0.0810     2.1366     79         104        110        117        125        131        168       
1872       58200      58200      163.37     69.31      0.4242     37.87      0.21       0.19       0.26       0          41.55      23         63         0          0          0.0810     2.1366     79         104        110        117        125        131        168       
1873       58200      58200      163.37     69.30      0.4242     37.91      0.21       0.19       0.26       0          41.55      23         63         0          0          0.0810     2.1366     79         104        110        117        125        131        168       
1874       58200      58200      163.37     68.87      0.4215     37.82      0.21       0.19       0.26       0          41.55      23         63         0          0          0.0810     2.1366     79         104        110        117        125        131        168       
1875       58200      58200      163.37     69.56      0.4258     37.78      0.21       0.19       0.26       0          41.55      23         63         0          0          0.0810     2.1366     79         104        110        117        125        131        168       
1876       58200      58200      163.37     70.24      0.4299     37.93      0.21       0.19       0.26       0          41.55      23         63         0          0          0.0810     2.1366     79         104        110        117        125        131        168       
1877       58200      58200      163.36     69.30      0.4242     37.98      0.21       0.20       0.26       0          41.55      23         63         0          0          0.0810     2.1366     79         104        110        117        125        131        168       
1878       58200      58200      163.37     69.91      0.4279     38.05      0.21       0.20       0.26       0          41.55      23         63         0          0          0.0810     2.1366     79         104        110        117        125        131        168       
1879       58200      58200      163.37     68.24      0.4177     38.00      0.21       0.19       0.26       0          41.55      23         63         0          0          0.0810     2.1366     79         104        110        117        125        131        168       
1880       58200      58200      163.36     69.89      0.4278     37.92      0.20       0.19       0.26       0          41.55      23         63         0          0          0.0810     2.1366     79         104        110        117        125        131        168       
1881       58200      58200      163.36     70.31      0.4304     38.01      0.21       0.20       0.26       0          41.55      23         63         0          0          0.0810     2.1366     79         104        110        117        125        131        168       
1882       58200      58200      163.36     70.07      0.4289     38.14      0.21       0.20       0.26       0          41.55      23         63         0          0          0.0810     2.1366     79         104        110        117        125        131        168       
1883       58200      58200      163.36     69.75      0.4269     38.16      0.22       0.20       0.26       0          41.55      23         63         0          0          0.0810     2.1366     79         104        110        117        125        131        168       
1884       58200      58200      163.37     70.16      0.4295     38.13      0.21       0.20       0.26       0          41.55      23         63         0          0          0.0810     2.1366     79         104        110        117        125        131        168       
1885       58200      58200      163.36     69.73      0.4268     38.23      0.21       0.20       0.26       0          41.55      23         63         0          0          0.0810     2.1366     79         104        110        117        125        131        168       
1886       58200      58200      163.37     69.63      0.4262     38.09      0.21       0.20       0.26       0          41.55      23         63         0          0          0.0810     2.1366     79         104        110        117        125        131        168       
1887       58200      58200      163.37     69.83      0.4274     38.02      0.21       0.20       0.26       0          41.55      23         63         0          0          0.0810     2.1366     79         104        110        117        125        131        168       
1888       58200      58200      163.36     68.01      0.4163     37.87      0.21       0.19       0.26       0          41.55      23         63         0          0          0.0810     2.1366     79         104        110        117        125        131        168       
1889       58200      58200      163.36     69.67      0.4265     37.86      0.21       0.19       0.26       0          41.55      23         63         0          0          0.0810     2.1366     79         104        110        117        125        131        168       
1890       58200      58200      163.37     70.08      0.4289     37.87      0.21       0.20       0.26       0          41.55      23         63         0          0          0.0810     2.1366     79         104        110        117        125        131        168       
1891       58200      58200      163.37     68.69      0.4205     37.86      0.21       0.19       0.26       0          41.55      23         63         0          0          0.0810     2.1366     79         104        110        117        125        131        168       
1892       58200      58200      163.37     70.09      0.4290     37.92      0.21       0.19       0.26       0          41.55      23         63         0          0          0.0810     2.1366     79         104        110        117        125        131        168       
1893       58200      58200      163.37     69.88      0.4278     37.99      0.21       0.20       0.26       0          41.55      23         63         0          0          0.0810     2.1366     79         104        110        117        125        131        168       
1894       58200      58200      163.35     69.64      0.4263     38.03      0.21       0.20       0.26       0          41.55      23         63         0          0          0.0810     2.1366     79         104        110        117        125        131        168       
1895       58200      58200      163.37     70.76      0.4331     38.18      0.21       0.20       0.26       0          41.55      23         63         0          0          0.0810     2.1366     79         104        110        117        125        131        168       
1896       58200      58200      163.37     70.20      0.4297     38.17      0.21       0.20       0.26       0          41.55      23         63         0          0          0.0810     2.1366     79         104        110        117        125        131        168       
1897       58200      58200      163.37     69.81      0.4273     38.13      0.21       0.20       0.26       0          41.55      23         63         0          0          0.0810     2.1366     79         104        110        117        125        131        168       
1898       58200      58200      163.37     70.12      0.4292     38.05      0.21       0.20       0.26       0          41.55      23         63         0          0          0.0810     2.1366     79         104        110        117        125        131        168       
1899       58200      58200      163.37     70.15      0.4294     38.10      0.21       0.20       0.26       0          41.55      23         63         0          0          0.0810     2.1366     79         104        110        117        125        131        168       
1900       58200      58200      163.36     68.23      0.4176     37.99      0.21       0.20       0.26       0          41.55      23         63         0          0          0.0810     2.1366     79         104        110        117        125        131        168       
1901       58200      58200      163.37     70.70      0.4328     37.93      0.21       0.19       0.26       0          41.55      23         63         0          0          0.0810     2.1366     79         104        110        117        125        131        168       
1902       58200      58200      163.37     70.01      0.4285     37.93      0.21       0.19       0.26       0          41.55      23         63         0          0          0.0810     2.1366     79         104        110        117        125        131        168       
1903       58200      58200      163.37     69.43      0.4250     38.00      0.21       0.20       0.26       0          41.55      23         63         0          0          0.0810     2.1366     79         104        110        117        125        131        168       
1904       58200      58200      163.37     68.57      0.4198     37.96      0.21       0.19       0.26       0          41.55      23         63         0          0          0.0810     2.1366     79         104        110        117        125        131        168       
1905       58200      58200      163.36     69.23      0.4238     37.93      0.20       0.19       0.26       0          41.55      23         63         0          0          0.0810     2.1366     79         104        110        117        125        131        168       
1906       58200      58200      163.37     69.91      0.4279     37.89      0.21       0.19       0.26       0          41.55      23         63         0          0          0.0810     2.1366     79         104        110        117        125        131        168       
1907       58200      58200      163.37     70.79      0.4333     37.97      0.21       0.20       0.26       0          41.55      23         63         0          0          0.0810     2.1366     79         104        110        117        125        131        168       
1908       58200      58200      163.37     68.82      0.4212     37.92      0.20       0.20       0.26       0          41.55      23         63         0          0          0.0810     2.1366     79         104        110        117        125        131        168       
1909       58200      58200      163.37     70.53      0.4317     38.05      0.21       0.20       0.26       0          41.55      23         63         0          0          0.0810     2.1366     79         104        110        117        125        131        168       
1910       58200      58200      163.37     68.67      0.4203     37.95      0.21       0.20       0.26       0          41.55      23         63         0          0          0.0810     2.1366     79         104        110        117        125        131        168       
1911       58200      58200      163.38     69.45      0.4251     38.00      0.21       0.20       0.26       0          41.55      23         63         0          0          0.0810     2.1366     79         104        110        117        125        131        168       
1912       58200      58200      163.37     69.52      0.4256     37.88      0.21       0.19       0.26       0          41.55      23         63         0          0          0.0810     2.1366     79         104        110        117        125        131        168       
1913       58200      58200      163.37     69.24      0.4238     37.90      0.21       0.19       0.26       0          41.55      23         63         0          0          0.0810     2.1366     79         104        110        117        125        131        168       
1914       58200      58200      163.36     70.34      0.4306     38.01      0.20       0.20       0.26       0          41.55      23         63         0          0          0.0810     2.1366     79         104        110        117        125        131        168       
1915       58200      58200      163.36     68.99      0.4223     38.01      0.20       0.20       0.26       0          41.55      23         63         0          0          0.0810     2.1366     79         104        110        117        125        131        168       
1916       58200      58200      163.36     68.56      0.4197     37.99      0.21       0.19       0.26       0          41.55      23         63         0          0          0.0810     2.1366     79         104        110        117        125        131        168       
1917       58200      58200      163.37     69.88      0.4277     37.97      0.21       0.20       0.26       0          41.55      23         63         0          0          0.0810     2.1366     79         104        110        117        125        131        168       
1918       58200      58200      163.36     68.30      0.4181     37.85      0.20       0.19       0.26       0          41.55      23         63         0          0          0.0810     2.1366     79         104        110        117        125        131        168       
1919       58200      58200      163.37     69.75      0.4270     37.82      0.21       0.19       0.26       0          41.55      23         63         0          0          0.0810     2.1366     79         104        110        117        125        131        168       
1920       58200      58200      163.37     69.54      0.4257     37.77      0.20       0.19       0.26       0          41.55      23         63         0          0          0.0810     2.1366     79         104        110        117        125        131        168       
1921       58200      58200      163.37     69.18      0.4235     37.92      0.21       0.19       0.26       0          41.55      23         63         0          0          0.0810     2.1366     79         104        110        117        125        131        168       
1922       58200      58200      163.37     68.81      0.4212     37.86      0.21       0.19       0.26       0          41.55      23         63         0          0          0.0810     2.1366     79         104        110        117        125        131        168       
1923       58200      58200      163.37     68.58      0.4198     37.82      0.21       0.19       0.26       0          41.55      23         63         0          0          0.0810     2.1366     79         104        110        117        125        131        168       
1924       58200      58200      163.37     68.56      0.4196     37.81      0.20       0.19       0.26       0          41.55      23         63         0          0          0.0810     2.1366     79         104        110        117        125        131        168       
1925       58200      58200      163.37     68.65      0.4202     37.69      0.20       0.19       0.26       0          41.55      23         63         0          0          0.0810     2.1366     79         104        110        117        125        131        168       
1926       58200      58200      163.37     68.67      0.4203     37.72      0.21       0.19       0.26       0          41.55      23         63         0          0          0.0810     2.1366     79         104        110        117        125        131        168       
1927       58200      58200      163.37     68.97      0.4222     37.78      0.21       0.19       0.26       0          41.55      23         63         0          0          0.0810     2.1366     79         104        110        117        125        131        168       
1928       58200      58200      163.37     68.89      0.4217     37.91      0.21       0.19       0.26       0          41.55      23         63         0          0          0.0810     2.1366     79         104        110        117        125        131        168       
1929       58200      58200      163.37     69.23      0.4238     37.79      0.20       0.19       0.26       0          41.55      23         63         0          0          0.0810     2.1366     79         104        110        117        125        131        168       
1930       58200      58200      163.37     69.91      0.4279     37.90      0.20       0.19       0.26       0          41.55      23         63         0          0          0.0810     2.1366     79         104        110        117        125        131        168       
1931       58200      58200      163.37     71.10      0.4352     38.03      0.21       0.20       0.26       0          41.55      23         63         0          0          0.0810     2.1366     79         104        110        117        125        131        168       
1932       58200      58200      163.37     69.23      0.4238     38.03      0.21       0.20       0.26       0          41.55      23         63         0          0          0.0810     2.1366     79         104        110        117        125        131        168       
1933       58200      58200      163.37     68.22      0.4176     37.89      0.21       0.19       0.26       0          41.55      23         63         0          0          0.0810     2.1366     79         104        110        117        125        131        168       
1934       58200      58200      163.37     69.92      0.4280     37.90      0.21       0.19       0.26       0          41.55      23         63         0          0          0.0810     2.1366     79         104        110        117        125        131        168       
1935       58200      58200      163.37     69.75      0.4269     38.04      0.21       0.20       0.26       0          41.55      23         63         0          0          0.0810     2.1366     79         104        110        117        125        131        168       
1936       58200      58200      163.36     69.23      0.4238     38.00      0.20       0.20       0.26       0          41.55      23         63         0          0          0.0810     2.1366     79         104        110        117        125        131        168       
1937       58200      58200      163.37     70.02      0.4286     37.89      0.21       0.20       0.26       0          41.55      23         63         0          0          0.0810     2.1366     79         104        110        117        125        131        168       
1938       58200      58200      163.37     69.37      0.4246     38.03      0.20       0.20       0.26       0          41.55      23         63         0          0          0.0810     2.1366     79         104        110        117        125        131        168       
1939       58200      58200      163.36     68.05      0.4166     37.97      0.21       0.19       0.26       0          41.55      23         63         0          0          0.0810     2.1366     79         104        110        117        125        131        168       
1940       58200      58200      163.37     70.01      0.4285     37.92      0.21       0.19       0.26       0          41.55      23         63         0          0          0.0810     2.1366     79         104        110        117        125        131        168       
1941       58200      58200      163.36     69.50      0.4255     37.99      0.21       0.20       0.26       0          41.55      23         63         0          0          0.0810     2.1366     79         104        110        117        125        131        168       
1942       58200      58200      163.37     69.27      0.4240     37.99      0.21       0.20       0.26       0          41.55      23         63         0          0          0.0810     2.1366     79         104        110        117        125        131        168       
1943       58200      58200      163.36     69.25      0.4239     37.89      0.21       0.19       0.26       0          41.55      23         63         0          0          0.0810     2.1366     79         104        110        117        125        131        168       
1944       58200      58200      163.37     70.71      0.4328     37.93      0.21       0.19       0.26       0          41.55      23         63         0          0          0.0810     2.1366     79         104        110        117        125        131        168       
1945       58200      58200      163.37     68.73      0.4207     38.01      0.21       0.20       0.26       0          41.55      23         63         0          0          0.0810     2.1366     79         104        110        117        125        131        168       
1946       58200      58200      163.36     69.04      0.4226     37.92      0.20       0.19       0.26       0          41.55      23         63         0          0          0.0810     2.1366     79         104        110        117        125        131        168       
1947       58200      58200      163.37     69.48      0.4253     37.82      0.20       0.19       0.26       0          41.55      23         63         0          0          0.0810     2.1366     79         104        110        117        125        131        168       
1948       58200      58200      163.37     69.23      0.4237     37.82      0.20       0.19       0.26       0          41.55      23         63         0          0          0.0810     2.1366     79         104        110        117        125        131        168       
1949       58200      58200      163.36     68.90      0.4218     37.90      0.21       0.19       0.26       0          41.55      23         63         0          0          0.0810     2.1366     79         104        110        117        125        131        168       
1950       58200      58200      163.37     69.42      0.4249     37.92      0.21       0.19       0.26       0          41.55      23         63         0          0          0.0810     2.1366     79         104        110        117        125        131        168       
1951       58200      58200      163.36     68.56      0.4197     37.86      0.21       0.19       0.26       0          41.55      23         63         0          0          0.0810     2.1366     79         104        110        117        125        131        168       
1952       58200      58200      163.37     68.70      0.4205     37.80      0.21       0.19       0.26       0          41.55      23         63         0          0          0.0810     2.1366     79         104        110        117        125        131        168       
1953       58200      58200      163.36     69.54      0.4257     37.83      0.21       0.19       0.26       0          41.55      23         63         0          0          0.0810     2.1366     79         104        110        117        125        131        168       
1954       58200      58200      163.36     68.81      0.4212     37.84      0.20       0.19       0.26       0          41.55      23         63         0          0          0.0810     2.1366     79         104        110        117        125        131        168       
1955       58200      58200      163.36     69.03      0.4225     37.88      0.20       0.19       0.26       0          41.55      23         63         0          0          0.0810     2.1366     79         104        110        117        125        131        168       
1956       58200      58200      163.36     68.64      0.4201     37.80      0.21       0.19       0.26       0          41.55      23         63         0          0          0.0810     2.1366     79         104        110        117        125        131        168       
1957       58200      58200      163.37     69.91      0.4279     37.76      0.21       0.19       0.26       0          41.55      23         63         0          0          0.0810     2.1366     79         104        110        117        125        131        168       
1958       58200      58200      163.37     69.10      0.4230     37.88      0.21       0.19       0.26       0          41.55      23         63         0          0          0.0810     2.1366     79         104        110        117        125        131        168       
1959       58200      58200      163.36     69.72      0.4268     37.80      0.20       0.19       0.26       0          41.55      23         63         0          0          0.0810     2.1366     79         104        110        117        125        131        168       
1960       58200      58200      163.37     70.01      0.4286     37.94      0.21       0.19       0.26       0          41.55      23         63         0          0          0.0810     2.1366     79         104        110        117        125        131        168       
1961       58200      58200      163.37     69.35      0.4245     37.94      0.21       0.20       0.26       0          41.55      23         63         0          0          0.0810     2.1366     79         104        110        117        125        131        168       
1962       58200      58200      163.37     68.92      0.4219     37.97      0.21       0.19       0.26       0          41.55      23         63         0          0          0.0810     2.1366     79         104        110        117        125        131        168       
1963       58200      58200      163.36     69.84      0.4275     37.91      0.21       0.19       0.26       0          41.55      23         63         0          0          0.0810     2.1366     79         104        110        117        125        131        168       
1964       58200      58200      163.35     69.61      0.4261     37.98      0.21       0.20       0.26       0          41.55      23         63         0          0          0.0810     2.1366     79         104        110        117        125        131        168       
1965       58200      58200      163.37     68.78      0.4210     37.98      0.21       0.20       0.26       0          41.55      23         63         0          0          0.0810     2.1366     79         104        110        117        125        131        168       
1966       58200      58200      163.38     69.81      0.4273     38.00      0.20       0.20       0.26       0          41.55      23         63         0          0          0.0810     2.1366     79         104        110        117        125        131        168       
1967       58200      58200      163.37     70.50      0.4315     38.04      0.21       0.20       0.26       0          41.55      23         63         0          0          0.0810     2.1366     79         104        110        117        125        131        168       
1968       58200      58200      163.36     68.88      0.4216     37.98      0.20       0.20       0.26       0          41.55      23         63         0          0          0.0810     2.1366     79         104        110        117        125        131        168       
1969       58200      58200      163.36     68.87      0.4215     37.94      0.21       0.20       0.26       0          41.55      23         63         0          0          0.0810     2.1366     79         104        110        117        125        131        168       
1970       58200      58200      163.36     70.11      0.4292     37.89      0.21       0.19       0.26       0          41.55      23         63         0          0          0.0810     2.1366     79         104        110        117        125        131        168       
1971       58200      58200      163.36     70.14      0.4293     37.99      0.21       0.20       0.26       0          41.55      23         63         0          0          0.0810     2.1366     79         104        110        117        125        131        168       
1972       58200      58200      163.37     69.09      0.4229     38.14      0.22       0.20       0.26       0          41.55      23         63         0          0          0.0810     2.1366     79         104        110        117        125        131        168       
1973       58200      58200      163.37     69.64      0.4263     38.03      0.21       0.20       0.26       0          41.55      23         63         0          0          0.0810     2.1366     79         104        110        117        125        131        168       
1974       58200      58200      163.37     70.41      0.4310     37.96      0.21       0.20       0.26       0          41.55      23         63         0          0          0.0810     2.1366     79         104        110        117        125        131        168       
1975       58200      58200      163.37     69.90      0.4279     38.12      0.21       0.20       0.26       0          41.55      23         63         0          0          0.0810     2.1366     79         104        110        117        125        131        168       
1976       58200      58200      163.37     70.46      0.4313     38.16      0.21       0.20       0.26       0          41.55      23         63         0          0          0.0810     2.1366     79         104        110        117        125        131        168       
1977       58200      58200      163.37     68.49      0.4192     37.99      0.21       0.20       0.26       0          41.55      23         63         0          0          0.0810     2.1366     79         104        110        117        125        131        168       
1978       58200      58200      163.37     69.58      0.4259     37.90      0.21       0.20       0.26       0          41.55      23         63         0          0          0.0810     2.1366     79         104        110        117        125        131        168       
1979       58200      58200      163.37     68.53      0.4195     37.81      0.21       0.19       0.26       0          41.55      23         63         0          0          0.0810     2.1366     79         104        110        117        125        131        168       
1980       58200      58200      163.36     69.06      0.4227     37.81      0.21       0.19       0.26       0          41.55      23         63         0          0          0.0810     2.1366     79         104        110        117        125        131        168       
1981       58200      58200      163.36     69.69      0.4266     37.83      0.21       0.19       0.26       0          41.55      23         63         0          0          0.0810     2.1366     79         104        110        117        125        131        168       
1982       58200      58200      163.37     68.67      0.4203     37.81      0.21       0.19       0.26       0          41.55      23         63         0          0          0.0810     2.1366     79         104        110        117        125        131        168       
1983       58200      58200      163.37     69.05      0.4227     37.80      0.21       0.19       0.26       0          41.55      23         63         0          0          0.0810     2.1366     79         104        110        117        125        131        168       
1984       58200      58200      163.36     68.41      0.4188     37.79      0.21       0.19       0.26       0          41.55      23         63         0          0          0.0810     2.1366     79         104        110        117        125        131        168       
1985       58200      58200      163.36     68.82      0.4213     37.70      0.20       0.19       0.26       0          41.55      23         63         0          0          0.0810     2.1366     79         104        110        117        125        131        168       
1986       58200      58200      163.37     68.52      0.4194     37.66      0.20       0.19       0.26       0          41.55      23         63         0          0          0.0810     2.1366     79         104        110        117        125        131        168       
1987       58200      58200      163.36     69.36      0.4246     37.83      0.21       0.19       0.26       0          41.55      23         63         0          0          0.0810     2.1366     79         104        110        117        125        131        168       
1988       58200      58200      163.37     69.31      0.4243     37.87      0.20       0.19       0.26       0          41.55      23         63         0          0          0.0810     2.1366     79         104        110        117        125        131        168       
1989       58200      58200      163.37     70.03      0.4286     37.88      0.20       0.19       0.26       0          41.55      23         63         0          0          0.0810     2.1366     79         104        110        117        125        131        168       
1990       58200      58200      163.37     69.99      0.4284     38.05      0.21       0.20       0.26       0          41.55      23         63         0          0          0.0810     2.1366     79         104        110        117        125        131        168       
1991       58200      58200      163.37     70.56      0.4319     38.04      0.21       0.20       0.26       0          41.55      23         63         0          0          0.0810     2.1366     79         104        110        117        125        131        168       
1992       58200      58200      163.37     69.88      0.4277     38.12      0.21       0.20       0.26       0          41.55      23         63         0          0          0.0810     2.1366     79         104        110        117        125        131        168       
1993       58200      58200      163.37     69.19      0.4235     38.13      0.21       0.20       0.26       0          41.55      23         63         0          0          0.0810     2.1366     79         104        110        117        125        131        168       
1994       58200      58200      163.36     70.01      0.4286     38.02      0.21       0.20       0.26       0          41.55      23         63         0          0          0.0810     2.1366     79         104        110        117        125        131        168       
1995       58200      58200      163.37     69.64      0.4263     38.07      0.21       0.20       0.26       0          41.55      23         63         0          0          0.0810     2.1366     79         104        110        117        125        131        168       
1996       58200      58200      163.37     70.56      0.4319     38.06      0.21       0.20       0.26       0          41.55      23         63         0          0          0.0810     2.1366     79         104        110        117        125        131        168       
1997       58200      58200      163.36     70.59      0.4321     38.18      0.22       0.20       0.26       0          41.55      23         63         0          0          0.0810     2.1366     79         104        110        117        125        131        168       
1998       58200      58200      163.37     70.55      0.4318     38.20      0.21       0.20       0.26       0          41.55      23         63         0          0          0.0810     2.1366     79         104        110        117        125        131        168       
1999       58200      58200      163.36     70.61      0.4322     38.29      0.21       0.20       0.26       0          41.55      23         63         0          0          0.0810     2.1366     79         104        110        117        125        131        168       
2000       58200      58200      163.36     69.65      0.4263     38.22      0.21       0.20       0.26       0          41.55      23         63         0          0          0.0810     2.1366     79         104        110        117        125        131        168       
=0, fp2=0, fp3=0, fp4=111, fp5=11, count1=0, count2=0, count3=0, count4=5, count5=11
B 356: S=0, fp1=0, fp2=33, fp3=127, fp4=12, fp5=60, count1=0, count2=1, count3=8, count4=14, count5=17
B 357: S=0, fp1=0, fp2=0, fp3=24, fp4=2, fp5=66, count1=0, count2=0, count3=1, count4=10, count5=13
B 358: S=0, fp1=0, fp2=0, fp3=0, fp4=0, fp5=45, count1=0, count2=0, count3=0, count4=0, count5=15
B 359: S=0, fp1=49, fp2=77, fp3=6, fp4=122, fp5=101, count1=1, count2=2, count3=12, count4=11, count5=1
B 360: S=0, fp1=6, fp2=0, fp3=45, fp4=98, fp5=112, count1=1, count2=0, count3=13, count4=10, count5=17
B 361: S=0, fp1=0, fp2=0, fp3=0, fp4=0, fp5=0, count1=0, count2=0, count3=0, count4=0, count5=0
B 362: S=0, fp1=0, fp2=0, fp3=93, fp4=110, fp5=21, count1=0, count2=0, count3=1, count4=1, count5=9
B 363: S=0, fp1=81, fp2=0, fp3=46, fp4=4, fp5=74, count1=1, count2=0, count3=7, count4=9, count5=17
B 364: S=0, fp1=0, fp2=70, fp3=57, fp4=19, fp5=88, count1=0, count2=1, count3=1, count4=12, count5=14
B 365: S=0, fp1=0, fp2=0, fp3=40, fp4=9, fp5=12, count1=0, count2=0, count3=1, count4=9, count5=12
B 366: S=0, fp1=102, fp2=0, fp3=0, fp4=0, fp5=107, count1=1, count2=0, count3=0, count4=0, count5=1
B 367: S=0, fp1=4, fp2=0, fp3=0, fp4=0, fp5=125, count1=1, count2=0, count3=0, count4=0, count5=16
B 368: S=0, fp1=0, fp2=0, fp3=0, fp4=0, fp5=0, count1=0, count2=0, count3=0, count4=0, count5=0
B 369: S=0, fp1=0, fp2=0, fp3=47, fp4=71, fp5=10, count1=0, count2=0, count3=10, count4=12, count5=7
B 370: S=0, fp1=0, fp2=0, fp3=0, fp4=42, fp5=21, count1=0, count2=0, count3=0, count4=2, count5=12
B 371: S=0, fp1=0, fp2=0, fp3=0, fp4=73, fp5=113, count1=0, count2=0, count3=0, count4=12, count5=11
B 372: S=0, fp1=0, fp2=0, fp3=53, fp4=22, fp5=71, count1=0, count2=0, count3=1, count4=10, count5=10
B 373: S=0, fp1=0, fp2=0, fp3=0, fp4=21, fp5=27, count1=0, count2=0, count3=0, count4=1, count5=1
B 374: S=0, fp1=0, fp2=0, fp3=0, fp4=0, fp5=83, count1=0, count2=0, count3=0, count4=0, count5=1
B 375: S=0, fp1=0, fp2=0, fp3=20, fp4=40, fp5=120, count1=0, count2=0, count3=1, count4=1, count5=20
B 376: S=0, fp1=0, fp2=0, fp3=0, fp4=0, fp5=107, count1=0, count2=0, count3=0, count4=0, count5=9
B 377: S=0, fp1=46, fp2=0, fp3=0, fp4=103, fp5=76, count1=1, count2=0, count3=0, count4=13, count5=7
B 378: S=0, fp1=0, fp2=0, fp3=0, fp4=0, fp5=96, count1=0, count2=0, count3=0, count4=0, count5=10
B 379: S=0, fp1=0, fp2=82, fp3=98, fp4=67, fp5=26, count1=0, count2=1, count3=9, count4=14, count5=1
B 380: S=0, fp1=0, fp2=0, fp3=110, fp4=91, fp5=119, count1=0, count2=0, count3=7, count4=9, count5=1
B 381: S=0, fp1=0, fp2=0, fp3=0, fp4=126, fp5=22, count1=0, count2=0, count3=0, count4=1, count5=21
B 382: S=0, fp1=0, fp2=0, fp3=0, fp4=0, fp5=2, count1=0, count2=0, count3=0, count4=0, count5=1
B 383: S=0, fp1=42, fp2=127, fp3=54, fp4=65, fp5=13, count1=2, count2=2, count3=9, count4=10, count5=12
The bucket number is 768
type 0: 472 with ratio 61.46%
type 2: 295 with ratio 38.41%
type 3: 1 with ratio 0.13%
